version 1
nodes
0 "root" -1
1 "canopy" 0
end
skeleton
time 0
0 0 0 0 0 0 0
1 0 0 11.026117 0.000000 0.000000 0
end
triangles
oak_bark.bmp
0 -2.285663 0.000000 0.672545 -0.936705 0.009501 -0.349991 0.000000 0.000000
0 -0.735277 -2.376151 0.216352 -0.355572 -0.784753 -0.507672 0.200000 0.000000
0 4.731992 -1.362777 14.891121 -0.275703 -0.939561 0.203009 0.200000 0.140003
oak_bark.bmp
0 -2.285663 0.000000 0.672545 -0.936705 0.009501 -0.349991 0.000000 0.000000
0 4.731992 -1.362777 14.891121 -0.275703 -0.939561 0.203009 0.200000 0.140003
0 3.858587 0.000000 15.313900 -0.864139 0.010162 0.503151 0.000000 0.140003
oak_bark.bmp
0 -0.735277 -2.376151 0.216352 -0.355572 -0.784753 -0.507672 0.200000 0.000000
0 1.748079 -1.333586 0.000000 0.508152 -0.479691 -0.715316 0.400000 0.000000
0 6.072971 -0.779499 14.242009 0.719582 -0.613186 -0.325890 0.400000 0.140003
oak_bark.bmp
0 -0.735277 -2.376151 0.216352 -0.355572 -0.784753 -0.507672 0.200000 0.000000
0 6.072971 -0.779499 14.242009 0.719582 -0.613186 -0.325890 0.400000 0.140003
0 4.731992 -1.362777 14.891121 -0.275703 -0.939561 0.203009 0.200000 0.140003
oak_bark.bmp
0 1.748079 -1.333586 0.000000 0.508152 -0.479691 -0.715316 0.400000 0.000000
0 1.907969 1.455564 0.000000 0.524979 0.482404 -0.701201 0.600000 0.000000
0 6.172692 0.861390 14.193738 0.729565 0.601618 -0.325255 0.600000 0.140003
oak_bark.bmp
0 1.748079 -1.333586 0.000000 0.508152 -0.479691 -0.715316 0.400000 0.000000
0 6.172692 0.861390 14.193738 0.729565 0.601618 -0.325255 0.600000 0.140003
0 6.072971 -0.779499 14.242009 0.719582 -0.613186 -0.325890 0.400000 0.140003
oak_bark.bmp
0 1.907969 1.455564 0.000000 0.524979 0.482404 -0.701201 0.600000 0.000000
0 -0.714967 2.310517 0.210375 -0.377034 0.773176 -0.509946 0.800000 0.000000
0 4.744659 1.318713 14.884990 -0.301216 0.929115 0.214511 0.800000 0.140003
oak_bark.bmp
0 1.907969 1.455564 0.000000 0.524979 0.482404 -0.701201 0.600000 0.000000
0 4.744659 1.318713 14.884990 -0.301216 0.929115 0.214511 0.800000 0.140003
0 6.172692 0.861390 14.193738 0.729565 0.601618 -0.325255 0.600000 0.140003
oak_bark.bmp
0 -0.714967 2.310517 0.210375 -0.377034 0.773176 -0.509946 0.800000 0.000000
0 -2.285663 0.000000 0.672545 -0.936705 0.009501 -0.349991 1.000000 0.000000
0 3.858587 0.000000 15.313900 -0.864139 0.010162 0.503151 1.000000 0.140003
oak_bark.bmp
0 -0.714967 2.310517 0.210375 -0.377034 0.773176 -0.509946 0.800000 0.000000
0 3.858587 0.000000 15.313900 -0.864139 0.010162 0.503151 1.000000 0.140003
0 4.744659 1.318713 14.884990 -0.301216 0.929115 0.214511 0.800000 0.140003
oak_bark.bmp
0 3.858587 0.000000 15.313900 -0.864139 0.010162 0.503151 0.000000 0.140003
0 4.731992 -1.362777 14.891121 -0.275703 -0.939561 0.203009 0.200000 0.140003
0 20.366402 -0.476616 35.825733 0.153307 -0.758392 0.633513 0.200000 0.369867
oak_bark.bmp
0 3.858587 0.000000 15.313900 -0.864139 0.010162 0.503151 0.000000 0.140003
0 20.366402 -0.476616 35.825733 0.153307 -0.758392 0.633513 0.200000 0.369867
0 20.063440 0.000000 36.012558 -0.331448 0.009072 0.943430 0.000000 0.369867
oak_bark.bmp
0 4.731992 -1.362777 14.891121 -0.275703 -0.939561 0.203009 0.200000 0.140003
0 6.072971 -0.779499 14.242009 0.719582 -0.613186 -0.325890 0.400000 0.140003
0 20.816593 -0.281402 35.548119 0.869757 -0.468523 0.154949 0.400000 0.369867
oak_bark.bmp
0 4.731992 -1.362777 14.891121 -0.275703 -0.939561 0.203009 0.200000 0.140003
0 20.816593 -0.281402 35.548119 0.869757 -0.468523 0.154949 0.400000 0.369867
0 20.366402 -0.476616 35.825733 0.153307 -0.758392 0.633513 0.200000 0.369867
oak_bark.bmp
0 6.072971 -0.779499 14.242009 0.719582 -0.613186 -0.325890 0.400000 0.140003
0 6.172692 0.861390 14.193738 0.729565 0.601618 -0.325255 0.600000 0.140003
0 20.849123 0.309865 35.528061 0.878196 0.458950 0.134670 0.600000 0.369867
oak_bark.bmp
0 6.072971 -0.779499 14.242009 0.719582 -0.613186 -0.325890 0.400000 0.140003
0 20.849123 0.309865 35.528061 0.878196 0.458950 0.134670 0.600000 0.369867
0 20.816593 -0.281402 35.548119 0.869757 -0.468523 0.154949 0.400000 0.369867
oak_bark.bmp
0 6.172692 0.861390 14.193738 0.729565 0.601618 -0.325255 0.600000 0.140003
0 4.744659 1.318713 14.884990 -0.301216 0.929115 0.214511 0.800000 0.140003
0 20.370533 0.461300 35.823185 0.133867 0.744554 0.654003 0.800000 0.369867
oak_bark.bmp
0 6.172692 0.861390 14.193738 0.729565 0.601618 -0.325255 0.600000 0.140003
0 20.370533 0.461300 35.823185 0.133867 0.744554 0.654003 0.800000 0.369867
0 20.849123 0.309865 35.528061 0.878196 0.458950 0.134670 0.600000 0.369867
oak_bark.bmp
0 4.744659 1.318713 14.884990 -0.301216 0.929115 0.214511 0.800000 0.140003
0 3.858587 0.000000 15.313900 -0.864139 0.010162 0.503151 1.000000 0.140003
0 20.063440 0.000000 36.012558 -0.331448 0.009072 0.943430 1.000000 0.369867
oak_bark.bmp
0 4.744659 1.318713 14.884990 -0.301216 0.929115 0.214511 0.800000 0.140003
0 20.063440 0.000000 36.012558 -0.331448 0.009072 0.943430 1.000000 0.369867
0 20.370533 0.461300 35.823185 0.133867 0.744554 0.654003 0.800000 0.369867
oak_bark.bmp
0 -2.285663 0.000000 0.672545 -0.936705 0.009501 -0.349991 0.950000 0.500000
0 -0.714967 2.310517 0.210375 -0.377034 0.773176 -0.509946 0.639058 0.072025
0 1.907969 1.455564 0.000000 0.524979 0.482404 -0.701201 0.135942 0.235497
oak_bark.bmp
0 1.907969 1.455564 0.000000 0.524979 0.482404 -0.701201 0.135942 0.235497
0 1.748079 -1.333586 0.000000 0.508152 -0.479691 -0.715316 0.135942 0.764503
0 -0.735277 -2.376151 0.216352 -0.355572 -0.784753 -0.507672 0.639058 0.927975
oak_bark.bmp
0 1.907969 1.455564 0.000000 0.524979 0.482404 -0.701201 0.135942 0.235497
0 -0.735277 -2.376151 0.216352 -0.355572 -0.784753 -0.507672 0.639058 0.927975
0 -2.285663 0.000000 0.672545 -0.936705 0.009501 -0.349991 0.950000 0.500000
oak_bark.bmp
0 20.370533 0.461300 35.823185 0.133867 0.744554 0.654003 0.639058 0.072025
0 20.063440 0.000000 36.012558 -0.331448 0.009072 0.943430 0.950000 0.500000
0 20.366402 -0.476616 35.825733 0.153307 -0.758392 0.633513 0.639058 0.927975
oak_bark.bmp
0 20.366402 -0.476616 35.825733 0.153307 -0.758392 0.633513 0.639058 0.927975
0 20.816593 -0.281402 35.548119 0.869757 -0.468523 0.154949 0.135942 0.764503
0 20.849123 0.309865 35.528061 0.878196 0.458950 0.134670 0.135942 0.235497
oak_bark.bmp
0 20.366402 -0.476616 35.825733 0.153307 -0.758392 0.633513 0.639058 0.927975
0 20.849123 0.309865 35.528061 0.878196 0.458950 0.134670 0.135942 0.235497
0 20.370533 0.461300 35.823185 0.133867 0.744554 0.654003 0.639058 0.072025
bush_leaves.bmp
1 37.646881 -5.780130 26.771387 -0.647251 -0.677849 0.348694 0.007500 0.507500
1 44.912697 0.357069 52.188755 -0.647251 -0.677849 0.348694 0.492500 0.507500
1 19.263479 25.406057 53.272675 -0.647251 -0.677849 0.348694 0.492500 0.992500
bush_leaves.bmp
1 37.646881 -5.780130 26.771387 -0.647250 -0.677849 0.348695 0.007500 0.507500
1 19.263479 25.406057 53.272675 -0.647250 -0.677849 0.348695 0.492500 0.992500
1 11.997660 19.268858 27.855303 -0.647250 -0.677849 0.348695 0.007500 0.992500
bush_leaves.bmp
1 11.997660 19.268858 27.855303 0.647251 0.677849 -0.348695 0.007500 0.992500
1 19.263479 25.406057 53.272675 0.647251 0.677849 -0.348695 0.492500 0.992500
1 44.912697 0.357069 52.188755 0.647251 0.677849 -0.348695 0.492500 0.507500
bush_leaves.bmp
1 11.997660 19.268858 27.855303 0.647250 0.677849 -0.348694 0.007500 0.992500
1 44.912697 0.357069 52.188755 0.647250 0.677849 -0.348694 0.492500 0.507500
1 37.646881 -5.780130 26.771387 0.647250 0.677849 -0.348694 0.007500 0.507500
bush_leaves.bmp
1 35.228210 19.722952 21.841112 0.719137 -0.686675 -0.106387 0.007500 0.007500
1 44.088657 25.108488 46.973644 0.719137 -0.686675 -0.106387 0.492500 0.007500
1 21.682148 -0.097025 58.202942 0.719137 -0.686675 -0.106387 0.492500 0.492500
bush_leaves.bmp
1 35.228210 19.722952 21.841112 0.719137 -0.686675 -0.106387 0.007500 0.007500
1 21.682148 -0.097025 58.202942 0.719137 -0.686675 -0.106387 0.492500 0.492500
1 12.821701 -5.482561 33.070415 0.719137 -0.686675 -0.106387 0.007500 0.492500
bush_leaves.bmp
1 12.821701 -5.482561 33.070415 -0.719137 0.686675 0.106387 0.007500 0.492500
1 21.682148 -0.097025 58.202942 -0.719137 0.686675 0.106387 0.492500 0.492500
1 44.088657 25.108488 46.973644 -0.719137 0.686675 0.106387 0.492500 0.007500
bush_leaves.bmp
1 12.821701 -5.482561 33.070415 -0.719137 0.686675 0.106387 0.007500 0.492500
1 44.088657 25.108488 46.973644 -0.719137 0.686675 0.106387 0.492500 0.007500
1 35.228210 19.722952 21.841112 -0.719137 0.686675 0.106387 0.007500 0.007500
bush_leaves.bmp
1 15.561786 11.651052 28.462572 -0.884245 -0.032529 0.465889 0.507500 0.507500
1 21.995033 -10.281528 39.141365 -0.884245 -0.032529 0.465889 0.992500 0.507500
1 31.557003 3.546135 58.255211 -0.884245 -0.032529 0.465889 0.992500 0.992500
bush_leaves.bmp
1 15.561786 11.651052 28.462572 -0.884245 -0.032529 0.465889 0.507500 0.507500
1 31.557003 3.546135 58.255211 -0.884245 -0.032529 0.465889 0.992500 0.992500
1 25.123756 25.478716 47.576416 -0.884245 -0.032529 0.465889 0.507500 0.992500
bush_leaves.bmp
1 25.123756 25.478716 47.576416 0.884245 0.032529 -0.465889 0.507500 0.992500
1 31.557003 3.546135 58.255211 0.884245 0.032529 -0.465889 0.992500 0.992500
1 21.995033 -10.281528 39.141365 0.884245 0.032529 -0.465889 0.992500 0.507500
bush_leaves.bmp
1 25.123756 25.478716 47.576416 0.884245 0.032529 -0.465889 0.507500 0.992500
1 21.995033 -10.281528 39.141365 0.884245 0.032529 -0.465889 0.992500 0.507500
1 15.561786 11.651052 28.462572 0.884245 0.032529 -0.465889 0.507500 0.507500
bush_leaves.bmp
1 40.811302 8.467804 37.206718 0.036735 -0.998599 -0.038074 0.507500 0.507500
1 30.997952 7.277928 58.946201 0.036735 -0.998599 -0.038074 0.992500 0.507500
1 6.307487 6.729383 49.511063 0.036735 -0.998599 -0.038074 0.992500 0.992500
bush_leaves.bmp
1 40.811302 8.467804 37.206718 0.036735 -0.998600 -0.038074 0.507500 0.507500
1 6.307487 6.729383 49.511063 0.036735 -0.998600 -0.038074 0.992500 0.992500
1 16.120838 7.919260 27.771578 0.036735 -0.998600 -0.038074 0.507500 0.992500
bush_leaves.bmp
1 16.120838 7.919260 27.771578 -0.036735 0.998600 0.038074 0.507500 0.992500
1 6.307487 6.729383 49.511063 -0.036735 0.998600 0.038074 0.992500 0.992500
1 30.997952 7.277928 58.946201 -0.036735 0.998600 0.038074 0.992500 0.507500
bush_leaves.bmp
1 16.120838 7.919260 27.771578 -0.036735 0.998599 0.038074 0.507500 0.992500
1 30.997952 7.277928 58.946201 -0.036735 0.998599 0.038074 0.992500 0.507500
1 40.811302 8.467804 37.206718 -0.036735 0.998599 0.038074 0.507500 0.507500
bush_leaves.bmp
1 31.518234 -32.326721 40.228477 0.955328 0.251491 -0.155246 0.007500 0.007500
1 22.612904 -12.273958 17.912754 0.955328 0.251491 -0.155246 0.492500 0.007500
1 19.331474 12.454189 37.778519 0.955328 0.251491 -0.155246 0.492500 0.492500
bush_leaves.bmp
1 31.518234 -32.326721 40.228477 0.955328 0.251491 -0.155246 0.007500 0.007500
1 19.331474 12.454189 37.778519 0.955328 0.251491 -0.155246 0.492500 0.492500
1 28.236805 -7.598573 60.094238 0.955328 0.251491 -0.155246 0.007500 0.492500
bush_leaves.bmp
1 28.236805 -7.598573 60.094238 -0.955328 -0.251491 0.155246 0.007500 0.492500
1 19.331474 12.454189 37.778519 -0.955328 -0.251491 0.155246 0.492500 0.492500
1 22.612904 -12.273958 17.912754 -0.955328 -0.251491 0.155246 0.492500 0.007500
bush_leaves.bmp
1 28.236805 -7.598573 60.094238 -0.955328 -0.251491 0.155246 0.007500 0.492500
1 22.612904 -12.273958 17.912754 -0.955328 -0.251491 0.155246 0.492500 0.007500
1 31.518234 -32.326721 40.228477 -0.955328 -0.251491 0.155246 0.007500 0.007500
bush_leaves.bmp
1 23.265846 -14.089994 18.084440 -0.251151 0.954037 -0.163515 0.507500 0.507500
1 3.016220 -15.376266 41.682133 -0.251151 0.954037 -0.163515 0.992500 0.507500
1 27.583862 -5.782536 59.922558 -0.251151 0.954037 -0.163515 0.992500 0.992500
bush_leaves.bmp
1 23.265846 -14.089994 18.084440 -0.251151 0.954037 -0.163515 0.507500 0.507500
1 27.583862 -5.782536 59.922558 -0.251151 0.954037 -0.163515 0.992500 0.992500
1 47.833488 -4.496264 36.324863 -0.251151 0.954037 -0.163515 0.507500 0.992500
bush_leaves.bmp
1 47.833488 -4.496264 36.324863 0.251151 -0.954037 0.163515 0.507500 0.992500
1 27.583862 -5.782536 59.922558 0.251151 -0.954037 0.163515 0.992500 0.992500
1 3.016220 -15.376266 41.682133 0.251151 -0.954037 0.163515 0.992500 0.507500
bush_leaves.bmp
1 47.833488 -4.496264 36.324863 0.251151 -0.954037 0.163515 0.507500 0.992500
1 3.016220 -15.376266 41.682133 0.251151 -0.954037 0.163515 0.992500 0.507500
1 23.265846 -14.089994 18.084440 0.251151 -0.954037 0.163515 0.507500 0.507500
bush_leaves.bmp
1 14.405837 14.223425 59.249161 0.918640 -0.392942 -0.041195 0.507500 0.007500
1 2.379594 -12.407032 45.083187 0.918640 -0.392942 -0.041195 0.992500 0.007500
1 6.916243 0.724911 20.989347 0.918640 -0.392942 -0.041195 0.992500 0.492500
bush_leaves.bmp
1 14.405837 14.223425 59.249161 0.918640 -0.392942 -0.041195 0.507500 0.007500
1 6.916243 0.724911 20.989347 0.918640 -0.392942 -0.041195 0.992500 0.492500
1 18.942486 27.355368 35.155327 0.918640 -0.392942 -0.041195 0.507500 0.492500
bush_leaves.bmp
1 18.942486 27.355368 35.155327 -0.918640 0.392942 0.041195 0.507500 0.492500
1 6.916243 0.724911 20.989347 -0.918640 0.392942 0.041195 0.992500 0.492500
1 2.379594 -12.407032 45.083187 -0.918640 0.392942 0.041195 0.992500 0.007500
bush_leaves.bmp
1 18.942486 27.355368 35.155327 -0.918640 0.392942 0.041195 0.507500 0.492500
1 2.379594 -12.407032 45.083187 -0.918640 0.392942 0.041195 0.992500 0.007500
1 14.405837 14.223425 59.249161 -0.918640 0.392942 0.041195 0.507500 0.007500
bush_leaves.bmp
1 18.183393 12.986330 58.634804 0.360831 0.843570 -0.397731 0.007500 0.007500
1 28.998051 -3.202986 34.109257 0.360831 0.843570 -0.397731 0.492500 0.007500
1 3.138687 1.962006 21.603708 0.360831 0.843570 -0.397731 0.492500 0.492500
bush_leaves.bmp
1 18.183393 12.986330 58.634804 0.360831 0.843570 -0.397731 0.007500 0.007500
1 3.138687 1.962006 21.603708 0.360831 0.843570 -0.397731 0.492500 0.492500
1 -7.675970 18.151321 46.129257 0.360831 0.843570 -0.397731 0.007500 0.492500
bush_leaves.bmp
1 -7.675970 18.151321 46.129257 -0.360831 -0.843570 0.397731 0.007500 0.492500
1 3.138687 1.962006 21.603708 -0.360831 -0.843570 0.397731 0.492500 0.492500
1 28.998051 -3.202986 34.109257 -0.360831 -0.843570 0.397731 0.492500 0.007500
bush_leaves.bmp
1 -7.675970 18.151321 46.129257 -0.360831 -0.843570 0.397731 0.007500 0.492500
1 28.998051 -3.202986 34.109257 -0.360831 -0.843570 0.397731 0.492500 0.007500
1 18.183393 12.986330 58.634804 -0.360831 -0.843570 0.397731 0.007500 0.007500
bush_leaves.bmp
1 37.208256 8.976032 33.410965 -0.740499 0.671921 -0.013555 0.007500 0.007500
1 29.295242 -0.195064 11.081888 -0.740499 0.671921 -0.013555 0.492500 0.007500
1 11.893112 -19.135754 22.856455 -0.740499 0.671921 -0.013555 0.492500 0.492500
bush_leaves.bmp
1 37.208256 8.976032 33.410965 -0.740499 0.671921 -0.013555 0.007500 0.007500
1 11.893112 -19.135754 22.856455 -0.740499 0.671921 -0.013555 0.492500 0.492500
1 19.806126 -9.964659 45.185528 -0.740499 0.671921 -0.013555 0.007500 0.492500
bush_leaves.bmp
1 19.806126 -9.964659 45.185528 0.740499 -0.671921 0.013555 0.007500 0.492500
1 11.893112 -19.135754 22.856455 0.740499 -0.671921 0.013555 0.492500 0.492500
1 29.295242 -0.195064 11.081888 0.740499 -0.671921 0.013555 0.492500 0.007500
bush_leaves.bmp
1 19.806126 -9.964659 45.185528 0.740499 -0.671921 0.013555 0.007500 0.492500
1 29.295242 -0.195064 11.081888 0.740499 -0.671921 0.013555 0.492500 0.007500
1 37.208256 8.976032 33.410965 0.740499 -0.671921 0.013555 0.007500 0.007500
bush_leaves.bmp
1 9.945560 8.237200 28.445122 -0.664210 -0.732000 0.151661 0.007500 0.507500
1 21.619316 -6.136193 10.197199 -0.664210 -0.732000 0.151661 0.492500 0.507500
1 39.155807 -18.396923 27.822294 -0.664210 -0.732000 0.151661 0.492500 0.992500
bush_leaves.bmp
1 9.945560 8.237200 28.445122 -0.664210 -0.732000 0.151662 0.007500 0.507500
1 39.155807 -18.396923 27.822294 -0.664210 -0.732000 0.151662 0.492500 0.992500
1 27.482052 -4.023530 46.070217 -0.664210 -0.732000 0.151662 0.007500 0.992500
bush_leaves.bmp
1 27.482052 -4.023530 46.070217 0.664210 0.732000 -0.151661 0.007500 0.992500
1 39.155807 -18.396923 27.822294 0.664210 0.732000 -0.151661 0.492500 0.992500
1 21.619316 -6.136193 10.197199 0.664210 0.732000 -0.151661 0.492500 0.507500
bush_leaves.bmp
1 27.482052 -4.023530 46.070217 0.664210 0.732000 -0.151661 0.007500 0.992500
1 21.619316 -6.136193 10.197199 0.664210 0.732000 -0.151661 0.492500 0.507500
1 9.945560 8.237200 28.445122 0.664210 0.732000 -0.151661 0.007500 0.507500
oak_bark.bmp
0 -2.339876 0.000000 0.000000 -0.714293 -0.066166 -0.696712 0.000000 0.000000
0 -0.853850 -2.332246 0.249511 -0.180191 -0.852135 -0.491322 0.200000 0.000000
0 -4.193254 1.890196 14.895609 -0.329699 -0.917928 0.220698 0.200000 0.139334
oak_bark.bmp
0 -2.339876 0.000000 0.000000 -0.714293 -0.066166 -0.696712 0.000000 0.000000
0 -4.193254 1.890196 14.895609 -0.329699 -0.917928 0.220698 0.200000 0.139334
0 -5.000283 3.199342 14.267999 -0.959695 -0.005691 -0.280986 0.000000 0.139334
oak_bark.bmp
0 -0.853850 -2.332246 0.249511 -0.180191 -0.852135 -0.491322 0.200000 0.000000
0 1.732781 -1.308945 0.603740 0.730124 -0.574611 -0.369785 0.400000 0.000000
0 -2.708982 2.450519 15.214542 0.694693 -0.553590 0.459282 0.400000 0.139334
oak_bark.bmp
0 -0.853850 -2.332246 0.249511 -0.180191 -0.852135 -0.491322 0.200000 0.000000
0 -2.708982 2.450519 15.214542 0.694693 -0.553590 0.459282 0.400000 0.139334
0 -4.193254 1.890196 14.895609 -0.329699 -0.917928 0.220698 0.200000 0.139334
oak_bark.bmp
0 1.732781 -1.308945 0.603740 0.730124 -0.574611 -0.369785 0.400000 0.000000
0 2.015175 1.428669 0.159954 0.768973 0.367123 -0.523356 0.600000 0.000000
0 -2.452204 4.026833 14.853352 0.825894 0.533655 0.181966 0.600000 0.139334
oak_bark.bmp
0 1.732781 -1.308945 0.603740 0.730124 -0.574611 -0.369785 0.400000 0.000000
0 -2.452204 4.026833 14.853352 0.825894 0.533655 0.181966 0.600000 0.139334
0 -2.708982 2.450519 15.214542 0.694693 -0.553590 0.459282 0.400000 0.139334
oak_bark.bmp
0 2.015175 1.428669 0.159954 0.768973 0.367123 -0.523356 0.600000 0.000000
0 -0.633586 2.267824 0.000000 -0.130400 0.699731 -0.702405 0.800000 0.000000
0 -3.933997 4.466158 14.253866 -0.212418 0.927689 -0.307037 0.800000 0.139334
oak_bark.bmp
0 2.015175 1.428669 0.159954 0.768973 0.367123 -0.523356 0.600000 0.000000
0 -3.933997 4.466158 14.253866 -0.212418 0.927689 -0.307037 0.800000 0.139334
0 -2.452204 4.026833 14.853352 0.825894 0.533655 0.181966 0.600000 0.139334
oak_bark.bmp
0 -0.633586 2.267824 0.000000 -0.130400 0.699731 -0.702405 0.800000 0.000000
0 -2.339876 0.000000 0.000000 -0.714293 -0.066166 -0.696712 1.000000 0.000000
0 -5.000283 3.199342 14.267999 -0.959695 -0.005691 -0.280986 1.000000 0.139334
oak_bark.bmp
0 -0.633586 2.267824 0.000000 -0.130400 0.699731 -0.702405 0.800000 0.000000
0 -5.000283 3.199342 14.267999 -0.959695 -0.005691 -0.280986 1.000000 0.139334
0 -3.933997 4.466158 14.253866 -0.212418 0.927689 -0.307037 0.800000 0.139334
oak_bark.bmp
0 -5.000283 3.199342 14.267999 -0.959695 -0.005691 -0.280986 0.000000 0.139334
0 -4.193254 1.890196 14.895609 -0.329699 -0.917928 0.220698 0.200000 0.139334
0 -14.804396 12.346489 38.464088 -0.518095 -0.523454 0.676442 0.200000 0.386069
oak_bark.bmp
0 -5.000283 3.199342 14.267999 -0.959695 -0.005691 -0.280986 0.000000 0.139334
0 -14.804396 12.346489 38.464088 -0.518095 -0.523454 0.676442 0.200000 0.386069
0 -15.079809 12.797367 38.202347 -0.958442 0.194406 0.208792 0.000000 0.386069
oak_bark.bmp
0 -4.193254 1.890196 14.895609 -0.329699 -0.917928 0.220698 0.200000 0.139334
0 -2.708982 2.450519 15.214542 0.694693 -0.553590 0.459282 0.400000 0.139334
0 -14.280633 12.531161 38.605347 0.305431 -0.239829 0.921517 0.400000 0.386069
oak_bark.bmp
0 -4.193254 1.890196 14.895609 -0.329699 -0.917928 0.220698 0.200000 0.139334
0 -14.280633 12.531161 38.605347 0.305431 -0.239829 0.921517 0.400000 0.386069
0 -14.804396 12.346489 38.464088 -0.518095 -0.523454 0.676442 0.200000 0.386069
oak_bark.bmp
0 -2.708982 2.450519 15.214542 0.694693 -0.553590 0.459282 0.400000 0.139334
0 -2.452204 4.026833 14.853352 0.825894 0.533655 0.181966 0.600000 0.139334
0 -14.169636 13.090500 38.457329 0.435102 0.641147 0.632152 0.600000 0.386069
oak_bark.bmp
0 -2.708982 2.450519 15.214542 0.694693 -0.553590 0.459282 0.400000 0.139334
0 -14.169636 13.090500 38.457329 0.435102 0.641147 0.632152 0.600000 0.386069
0 -14.280633 12.531161 38.605347 0.305431 -0.239829 0.921517 0.400000 0.386069
oak_bark.bmp
0 -2.452204 4.026833 14.853352 0.825894 0.533655 0.181966 0.600000 0.139334
0 -3.933997 4.466158 14.253866 -0.212418 0.927689 -0.307037 0.800000 0.139334
0 -14.680941 13.233757 38.208748 -0.375451 0.901119 0.216845 0.800000 0.386069
oak_bark.bmp
0 -2.452204 4.026833 14.853352 0.825894 0.533655 0.181966 0.600000 0.139334
0 -14.680941 13.233757 38.208748 -0.375451 0.901119 0.216845 0.800000 0.386069
0 -14.169636 13.090500 38.457329 0.435102 0.641147 0.632152 0.600000 0.386069
oak_bark.bmp
0 -3.933997 4.466158 14.253866 -0.212418 0.927689 -0.307037 0.800000 0.139334
0 -5.000283 3.199342 14.267999 -0.959695 -0.005691 -0.280986 1.000000 0.139334
0 -15.079809 12.797367 38.202347 -0.958442 0.194406 0.208792 1.000000 0.386069
oak_bark.bmp
0 -3.933997 4.466158 14.253866 -0.212418 0.927689 -0.307037 0.800000 0.139334
0 -15.079809 12.797367 38.202347 -0.958442 0.194406 0.208792 1.000000 0.386069
0 -14.680941 13.233757 38.208748 -0.375451 0.901119 0.216845 0.800000 0.386069
oak_bark.bmp
0 -2.339876 0.000000 0.000000 -0.714293 -0.066166 -0.696712 0.950000 0.500000
0 -0.633586 2.267824 0.000000 -0.130400 0.699731 -0.702405 0.639058 0.072025
0 2.015175 1.428669 0.159954 0.768973 0.367123 -0.523356 0.135942 0.235497
oak_bark.bmp
0 2.015175 1.428669 0.159954 0.768973 0.367123 -0.523356 0.135942 0.235497
0 1.732781 -1.308945 0.603740 0.730124 -0.574611 -0.369785 0.135942 0.764503
0 -0.853850 -2.332246 0.249511 -0.180191 -0.852135 -0.491322 0.639058 0.927975
oak_bark.bmp
0 2.015175 1.428669 0.159954 0.768973 0.367123 -0.523356 0.135942 0.235497
0 -0.853850 -2.332246 0.249511 -0.180191 -0.852135 -0.491322 0.639058 0.927975
0 -2.339876 0.000000 0.000000 -0.714293 -0.066166 -0.696712 0.950000 0.500000
oak_bark.bmp
0 -14.680941 13.233757 38.208748 -0.375451 0.901119 0.216845 0.639058 0.072025
0 -15.079809 12.797367 38.202347 -0.958442 0.194406 0.208792 0.950000 0.500000
0 -14.804396 12.346489 38.464088 -0.518095 -0.523454 0.676442 0.639058 0.927975
oak_bark.bmp
0 -14.804396 12.346489 38.464088 -0.518095 -0.523454 0.676442 0.639058 0.927975
0 -14.280633 12.531161 38.605347 0.305431 -0.239829 0.921517 0.135942 0.764503
0 -14.169636 13.090500 38.457329 0.435102 0.641147 0.632152 0.135942 0.235497
oak_bark.bmp
0 -14.804396 12.346489 38.464088 -0.518095 -0.523454 0.676442 0.639058 0.927975
0 -14.169636 13.090500 38.457329 0.435102 0.641147 0.632152 0.135942 0.235497
0 -14.680941 13.233757 38.208748 -0.375451 0.901119 0.216845 0.639058 0.072025
bush_leaves.bmp
1 -25.848278 6.171246 50.301338 0.899708 -0.432629 0.057947 0.007500 0.007500
1 -31.444412 -8.092355 30.697758 0.899708 -0.432629 0.057947 0.492500 0.007500
1 -19.816544 13.904052 14.383054 0.899708 -0.432629 0.057947 0.492500 0.492500
bush_leaves.bmp
1 -25.848278 6.171246 50.301338 0.899708 -0.432629 0.057947 0.007500 0.007500
1 -19.816544 13.904052 14.383054 0.899708 -0.432629 0.057947 0.492500 0.492500
1 -14.220409 28.167652 33.986629 0.899708 -0.432629 0.057947 0.007500 0.492500
bush_leaves.bmp
1 -14.220409 28.167652 33.986629 -0.899708 0.432630 -0.057947 0.007500 0.492500
1 -19.816544 13.904052 14.383054 -0.899708 0.432630 -0.057947 0.492500 0.492500
1 -31.444412 -8.092355 30.697758 -0.899708 0.432630 -0.057947 0.492500 0.007500
bush_leaves.bmp
1 -14.220409 28.167652 33.986629 -0.899708 0.432629 -0.057947 0.007500 0.492500
1 -31.444412 -8.092355 30.697758 -0.899708 0.432629 -0.057947 0.492500 0.007500
1 -25.848278 6.171246 50.301338 -0.899708 0.432629 -0.057947 0.007500 0.007500
bush_leaves.bmp
1 -28.509510 16.376005 15.558214 0.425445 0.884767 0.190222 0.007500 0.507500
1 -40.807621 17.712122 36.849277 0.425445 0.884767 0.190222 0.492500 0.507500
1 -17.155312 3.699293 49.126171 0.425445 0.884767 0.190222 0.492500 0.992500
bush_leaves.bmp
1 -28.509510 16.376005 15.558214 0.425445 0.884767 0.190222 0.007500 0.507500
1 -17.155312 3.699293 49.126171 0.425445 0.884767 0.190222 0.492500 0.992500
1 -4.857200 2.363176 27.835104 0.425445 0.884767 0.190222 0.007500 0.992500
bush_leaves.bmp
1 -4.857200 2.363176 27.835104 -0.425445 -0.884767 -0.190221 0.007500 0.992500
1 -17.155312 3.699293 49.126171 -0.425445 -0.884767 -0.190221 0.492500 0.992500
1 -40.807621 17.712122 36.849277 -0.425445 -0.884767 -0.190221 0.492500 0.507500
bush_leaves.bmp
1 -4.857200 2.363176 27.835104 -0.425445 -0.884767 -0.190222 0.007500 0.992500
1 -40.807621 17.712122 36.849277 -0.425445 -0.884767 -0.190222 0.492500 0.507500
1 -28.509510 16.376005 15.558214 -0.425445 -0.884767 -0.190222 0.007500 0.507500
bush_leaves.bmp
1 -9.341709 -0.995888 64.000000 0.993365 -0.038250 0.108460 0.507500 0.507500
1 -7.355371 -12.681470 41.686409 0.993365 -0.038250 0.108460 0.992500 0.507500
1 -4.804762 16.951111 28.776239 0.993365 -0.038250 0.108460 0.992500 0.992500
bush_leaves.bmp
1 -9.341709 -0.995888 64.000000 0.993365 -0.038250 0.108460 0.507500 0.507500
1 -4.804762 16.951111 28.776239 0.993365 -0.038250 0.108460 0.992500 0.992500
1 -6.791101 28.636694 51.089836 0.993365 -0.038250 0.108460 0.507500 0.992500
bush_leaves.bmp
1 -6.791101 28.636694 51.089836 -0.993365 0.038250 -0.108460 0.507500 0.992500
1 -4.804762 16.951111 28.776239 -0.993365 0.038250 -0.108460 0.992500 0.992500
1 -7.355371 -12.681470 41.686409 -0.993365 0.038250 -0.108460 0.992500 0.507500
bush_leaves.bmp
1 -6.791101 28.636694 51.089836 -0.993365 0.038250 -0.108460 0.507500 0.992500
1 -7.355371 -12.681470 41.686409 -0.993365 0.038250 -0.108460 0.992500 0.507500
1 -9.341709 -0.995888 64.000000 -0.993365 0.038250 -0.108460 0.507500 0.507500
bush_leaves.bmp
1 6.307042 4.502575 31.516678 0.037738 0.980065 -0.195060 0.007500 0.007500
1 -20.695679 5.544495 31.527557 0.037738 0.980065 -0.195060 0.492500 0.007500
1 -20.453514 11.452650 61.259567 0.037738 0.980065 -0.195060 0.492500 0.492500
bush_leaves.bmp
1 6.307042 4.502575 31.516678 0.037738 0.980065 -0.195060 0.007500 0.007500
1 -20.453514 11.452650 61.259567 0.037738 0.980065 -0.195060 0.492500 0.492500
1 6.549206 10.410729 61.248688 0.037738 0.980065 -0.195060 0.007500 0.492500
bush_leaves.bmp
1 6.549206 10.410729 61.248688 -0.037738 -0.980065 0.195060 0.007500 0.492500
1 -20.453514 11.452650 61.259567 -0.037738 -0.980065 0.195060 0.492500 0.492500
1 -20.695679 5.544495 31.527557 -0.037738 -0.980065 0.195060 0.492500 0.007500
bush_leaves.bmp
1 6.549206 10.410729 61.248688 -0.037738 -0.980065 0.195060 0.007500 0.492500
1 -20.695679 5.544495 31.527557 -0.037738 -0.980065 0.195060 0.492500 0.007500
1 6.307042 4.502575 31.516678 -0.037738 -0.980065 0.195060 0.007500 0.007500
bush_leaves.bmp
1 -3.152231 -6.427208 47.766758 -0.734228 -0.658094 0.166798 0.507500 0.507500
1 -13.071609 8.513165 63.049210 -0.734228 -0.658094 0.166798 0.992500 0.507500
1 -28.233883 20.761353 44.631065 -0.734228 -0.658094 0.166798 0.992500 0.992500
bush_leaves.bmp
1 -3.152231 -6.427208 47.766758 -0.734228 -0.658094 0.166798 0.507500 0.507500
1 -28.233883 20.761353 44.631065 -0.734228 -0.658094 0.166798 0.992500 0.992500
1 -18.314505 5.820978 29.348616 -0.734228 -0.658094 0.166798 0.507500 0.992500
bush_leaves.bmp
1 -18.314505 5.820978 29.348616 0.734228 0.658094 -0.166798 0.507500 0.992500
1 -28.233883 20.761353 44.631065 0.734228 0.658094 -0.166798 0.992500 0.992500
1 -13.071609 8.513165 63.049210 0.734228 0.658094 -0.166798 0.992500 0.507500
bush_leaves.bmp
1 -18.314505 5.820978 29.348616 0.734228 0.658094 -0.166798 0.507500 0.992500
1 -13.071609 8.513165 63.049210 0.734228 0.658094 -0.166798 0.992500 0.507500
1 -3.152231 -6.427208 47.766758 0.734228 0.658094 -0.166798 0.507500 0.507500
bush_leaves.bmp
1 -9.369033 15.745893 60.176174 0.659562 -0.735866 0.153233 0.507500 0.007500
1 -27.166399 -0.770502 57.465355 0.659562 -0.735866 0.153233 0.992500 0.007500
1 -22.017080 -1.411750 32.221657 0.659562 -0.735866 0.153233 0.992500 0.492500
bush_leaves.bmp
1 -9.369033 15.745893 60.176174 0.659562 -0.735866 0.153233 0.507500 0.007500
1 -22.017080 -1.411750 32.221657 0.659562 -0.735866 0.153233 0.992500 0.492500
1 -4.219714 15.104647 34.932472 0.659562 -0.735866 0.153233 0.507500 0.492500
bush_leaves.bmp
1 -4.219714 15.104647 34.932472 -0.659562 0.735866 -0.153233 0.507500 0.492500
1 -22.017080 -1.411750 32.221657 -0.659562 0.735866 -0.153233 0.992500 0.492500
1 -27.166399 -0.770502 57.465355 -0.659562 0.735866 -0.153233 0.992500 0.007500
bush_leaves.bmp
1 -4.219714 15.104647 34.932472 -0.659562 0.735866 -0.153233 0.507500 0.492500
1 -27.166399 -0.770502 57.465355 -0.659562 0.735866 -0.153233 0.992500 0.007500
1 -9.369033 15.745893 60.176174 -0.659562 0.735866 -0.153233 0.507500 0.007500
bush_leaves.bmp
1 -2.718983 21.443867 33.966854 -0.344006 0.929396 -0.133725 0.007500 0.507500
1 -28.888161 11.323924 30.952671 -0.344006 0.929396 -0.133725 0.492500 0.507500
1 -33.340820 13.488904 57.453804 -0.344006 0.929396 -0.133725 0.492500 0.992500
bush_leaves.bmp
1 -2.718983 21.443867 33.966854 -0.344006 0.929396 -0.133725 0.007500 0.507500
1 -33.340820 13.488904 57.453804 -0.344006 0.929396 -0.133725 0.492500 0.992500
1 -7.171644 23.608845 60.467987 -0.344006 0.929396 -0.133725 0.007500 0.992500
bush_leaves.bmp
1 -7.171644 23.608845 60.467987 0.344006 -0.929396 0.133725 0.007500 0.992500
1 -33.340820 13.488904 57.453804 0.344006 -0.929396 0.133725 0.492500 0.992500
1 -28.888161 11.323924 30.952671 0.344006 -0.929396 0.133725 0.492500 0.507500
bush_leaves.bmp
1 -7.171644 23.608845 60.467987 0.344006 -0.929396 0.133725 0.007500 0.992500
1 -28.888161 11.323924 30.952671 0.344006 -0.929396 0.133725 0.492500 0.507500
1 -2.718983 21.443867 33.966854 0.344006 -0.929396 0.133725 0.007500 0.507500
bush_leaves.bmp
1 -14.781189 29.094543 30.673180 -0.848408 -0.314030 -0.426133 0.507500 0.507500
1 -8.089211 2.510749 36.940166 -0.848408 -0.314030 -0.426133 0.992500 0.507500
1 -21.278614 5.838227 60.747478 -0.848408 -0.314030 -0.426133 0.992500 0.992500
bush_leaves.bmp
1 -14.781189 29.094543 30.673180 -0.848408 -0.314030 -0.426133 0.507500 0.507500
1 -21.278614 5.838227 60.747478 -0.848408 -0.314030 -0.426133 0.992500 0.992500
1 -27.970592 32.422020 54.480492 -0.848408 -0.314030 -0.426133 0.507500 0.992500
bush_leaves.bmp
1 -27.970592 32.422020 54.480492 0.848408 0.314030 0.426133 0.507500 0.992500
1 -21.278614 5.838227 60.747478 0.848408 0.314030 0.426133 0.992500 0.992500
1 -8.089211 2.510749 36.940166 0.848408 0.314030 0.426133 0.992500 0.507500
bush_leaves.bmp
1 -27.970592 32.422020 54.480492 0.848408 0.314030 0.426133 0.507500 0.992500
1 -8.089211 2.510749 36.940166 0.848408 0.314030 0.426133 0.992500 0.507500
1 -14.781189 29.094543 30.673180 0.848408 0.314030 0.426133 0.507500 0.507500
bush_leaves.bmp
1 -17.058712 9.718791 24.796757 0.424097 -0.902987 0.068960 0.507500 0.507500
1 6.792935 20.884033 24.313389 0.424097 -0.902987 0.068960 0.992500 0.507500
1 6.562498 22.603516 48.246048 0.424097 -0.902987 0.068960 0.992500 0.992500
bush_leaves.bmp
1 -17.058712 9.718791 24.796757 0.424097 -0.902988 0.068960 0.507500 0.507500
1 6.562498 22.603516 48.246048 0.424097 -0.902988 0.068960 0.992500 0.992500
1 -17.289150 11.438275 48.729420 0.424097 -0.902988 0.068960 0.507500 0.992500
bush_leaves.bmp
1 -17.289150 11.438275 48.729420 -0.424097 0.902987 -0.068960 0.507500 0.992500
1 6.562498 22.603516 48.246048 -0.424097 0.902987 -0.068960 0.992500 0.992500
1 6.792935 20.884033 24.313389 -0.424097 0.902987 -0.068960 0.992500 0.507500
bush_leaves.bmp
1 -17.289150 11.438275 48.729420 -0.424097 0.902987 -0.068960 0.507500 0.992500
1 6.792935 20.884033 24.313389 -0.424097 0.902987 -0.068960 0.992500 0.507500
1 -17.058712 9.718791 24.796757 -0.424097 0.902987 -0.068960 0.507500 0.507500
bush_leaves.bmp
1 4.205428 0.852534 32.402504 0.810407 0.380616 0.445389 0.007500 0.007500
1 -0.702752 23.919210 21.621120 0.810407 0.380616 0.445389 0.492500 0.007500
1 -14.701643 31.469774 40.640305 0.810407 0.380616 0.445389 0.492500 0.492500
bush_leaves.bmp
1 4.205428 0.852534 32.402504 0.810407 0.380616 0.445389 0.007500 0.007500
1 -14.701643 31.469774 40.640305 0.810407 0.380616 0.445389 0.492500 0.492500
1 -9.793463 8.403097 51.421688 0.810407 0.380616 0.445389 0.007500 0.492500
bush_leaves.bmp
1 -9.793463 8.403097 51.421688 -0.810407 -0.380616 -0.445389 0.007500 0.492500
1 -14.701643 31.469774 40.640305 -0.810407 -0.380616 -0.445389 0.492500 0.492500
1 -0.702752 23.919210 21.621120 -0.810407 -0.380616 -0.445389 0.492500 0.007500
bush_leaves.bmp
1 -9.793463 8.403097 51.421688 -0.810407 -0.380616 -0.445389 0.007500 0.492500
1 -0.702752 23.919210 21.621120 -0.810407 -0.380616 -0.445389 0.492500 0.007500
1 4.205428 0.852534 32.402504 -0.810407 -0.380616 -0.445389 0.007500 0.007500
oak_bark.bmp
0 -2.398607 0.000000 0.075121 -0.808372 0.194606 -0.555575 0.000000 0.000000
0 -0.804442 -2.171910 0.000000 -0.269204 -0.583189 -0.766433 0.200000 0.000000
0 0.025685 -8.049317 13.834703 -0.385885 -0.701053 -0.599681 0.200000 0.145956
oak_bark.bmp
0 -2.398607 0.000000 0.075121 -0.808372 0.194606 -0.555575 0.000000 0.000000
0 0.025685 -8.049317 13.834703 -0.385885 -0.701053 -0.599681 0.200000 0.145956
0 -0.880073 -7.104189 14.806265 -0.976706 0.050224 0.208624 0.000000 0.145956
oak_bark.bmp
0 -0.804442 -2.171910 0.000000 -0.269204 -0.583189 -0.766433 0.200000 0.000000
0 1.816033 -1.218959 0.000000 0.632533 -0.284108 -0.720545 0.400000 0.000000
0 1.570049 -7.644796 14.108524 0.823994 -0.398988 -0.402296 0.400000 0.145956
oak_bark.bmp
0 -0.804442 -2.171910 0.000000 -0.269204 -0.583189 -0.766433 0.200000 0.000000
0 1.570049 -7.644796 14.108524 0.823994 -0.398988 -0.402296 0.400000 0.145956
0 0.025685 -8.049317 13.834703 -0.385885 -0.701053 -0.599681 0.200000 0.145956
oak_bark.bmp
0 1.816033 -1.218959 0.000000 0.632533 -0.284108 -0.720545 0.400000 0.000000
0 2.022362 1.330452 0.479456 0.677202 0.601515 -0.423766 0.600000 0.000000
0 1.776670 -6.506788 15.183006 0.787336 0.434284 0.437606 0.600000 0.145956
oak_bark.bmp
0 1.816033 -1.218959 0.000000 0.632533 -0.284108 -0.720545 0.400000 0.000000
0 1.776670 -6.506788 15.183006 0.787336 0.434284 0.437606 0.600000 0.145956
0 1.570049 -7.644796 14.108524 0.823994 -0.398988 -0.402296 0.400000 0.145956
oak_bark.bmp
0 2.022362 1.330452 0.479456 0.677202 0.601515 -0.423766 0.600000 0.000000
0 -0.718372 2.111918 0.884113 -0.266367 0.928804 -0.257626 0.800000 0.000000
0 0.194005 -6.189620 15.603038 -0.239473 0.644545 0.726096 0.800000 0.145956
oak_bark.bmp
0 2.022362 1.330452 0.479456 0.677202 0.601515 -0.423766 0.600000 0.000000
0 0.194005 -6.189620 15.603038 -0.239473 0.644545 0.726096 0.800000 0.145956
0 1.776670 -6.506788 15.183006 0.787336 0.434284 0.437606 0.600000 0.145956
oak_bark.bmp
0 -0.718372 2.111918 0.884113 -0.266367 0.928804 -0.257626 0.800000 0.000000
0 -2.398607 0.000000 0.075121 -0.808372 0.194606 -0.555575 1.000000 0.000000
0 -0.880073 -7.104189 14.806265 -0.976706 0.050224 0.208624 1.000000 0.145956
oak_bark.bmp
0 -0.718372 2.111918 0.884113 -0.266367 0.928804 -0.257626 0.800000 0.000000
0 -0.880073 -7.104189 14.806265 -0.976706 0.050224 0.208624 1.000000 0.145956
0 0.194005 -6.189620 15.603038 -0.239473 0.644545 0.726096 0.800000 0.145956
oak_bark.bmp
0 -0.880073 -7.104189 14.806265 -0.976706 0.050224 0.208624 0.000000 0.145956
0 0.025685 -8.049317 13.834703 -0.385885 -0.701053 -0.599681 0.200000 0.145956
0 1.967778 -28.641356 24.693928 -0.241109 -0.903724 -0.353765 0.200000 0.347321
oak_bark.bmp
0 -0.880073 -7.104189 14.806265 -0.976706 0.050224 0.208624 0.000000 0.145956
0 1.967778 -28.641356 24.693928 -0.241109 -0.903724 -0.353765 0.200000 0.347321
0 1.667098 -28.416756 25.124350 -0.753648 -0.535707 0.380831 0.000000 0.347321
oak_bark.bmp
0 0.025685 -8.049317 13.834703 -0.385885 -0.701053 -0.599681 0.200000 0.145956
0 1.570049 -7.644796 14.108524 0.823994 -0.398988 -0.402296 0.400000 0.145956
0 2.529069 -28.549364 24.778915 0.620961 -0.757436 -0.201738 0.400000 0.347321
oak_bark.bmp
0 0.025685 -8.049317 13.834703 -0.385885 -0.701053 -0.599681 0.200000 0.145956
0 2.529069 -28.549364 24.778915 0.620961 -0.757436 -0.201738 0.400000 0.347321
0 1.967778 -28.641356 24.693928 -0.241109 -0.903724 -0.353765 0.200000 0.347321
oak_bark.bmp
0 1.570049 -7.644796 14.108524 0.823994 -0.398988 -0.402296 0.400000 0.145956
0 1.776670 -6.506788 15.183006 0.787336 0.434284 0.437606 0.600000 0.145956
0 2.642769 -28.270735 25.247948 0.728311 -0.295232 0.618386 0.600000 0.347321
oak_bark.bmp
0 1.570049 -7.644796 14.108524 0.823994 -0.398988 -0.402296 0.400000 0.145956
0 2.642769 -28.270735 25.247948 0.728311 -0.295232 0.618386 0.600000 0.347321
0 2.529069 -28.549364 24.778915 0.620961 -0.757436 -0.201738 0.400000 0.347321
oak_bark.bmp
0 1.776670 -6.506788 15.183006 0.787336 0.434284 0.437606 0.600000 0.145956
0 0.194005 -6.189620 15.603038 -0.239473 0.644545 0.726096 0.800000 0.145956
0 2.091562 -28.199373 25.445494 -0.130606 -0.196300 0.971807 0.800000 0.347321
oak_bark.bmp
0 1.776670 -6.506788 15.183006 0.787336 0.434284 0.437606 0.600000 0.145956
0 2.091562 -28.199373 25.445494 -0.130606 -0.196300 0.971807 0.800000 0.347321
0 2.642769 -28.270735 25.247948 0.728311 -0.295232 0.618386 0.600000 0.347321
oak_bark.bmp
0 0.194005 -6.189620 15.603038 -0.239473 0.644545 0.726096 0.800000 0.145956
0 -0.880073 -7.104189 14.806265 -0.976706 0.050224 0.208624 1.000000 0.145956
0 1.667098 -28.416756 25.124350 -0.753648 -0.535707 0.380831 1.000000 0.347321
oak_bark.bmp
0 0.194005 -6.189620 15.603038 -0.239473 0.644545 0.726096 0.800000 0.145956
0 1.667098 -28.416756 25.124350 -0.753648 -0.535707 0.380831 1.000000 0.347321
0 2.091562 -28.199373 25.445494 -0.130606 -0.196300 0.971807 0.800000 0.347321
oak_bark.bmp
0 -2.398607 0.000000 0.075121 -0.808372 0.194606 -0.555575 0.950000 0.500000
0 -0.718372 2.111918 0.884113 -0.266367 0.928804 -0.257626 0.639058 0.072025
0 2.022362 1.330452 0.479456 0.677202 0.601515 -0.423766 0.135942 0.235497
oak_bark.bmp
0 2.022362 1.330452 0.479456 0.677202 0.601515 -0.423766 0.135942 0.235497
0 1.816033 -1.218959 0.000000 0.632533 -0.284108 -0.720545 0.135942 0.764503
0 -0.804442 -2.171910 0.000000 -0.269204 -0.583189 -0.766433 0.639058 0.927975
oak_bark.bmp
0 2.022362 1.330452 0.479456 0.677202 0.601515 -0.423766 0.135942 0.235497
0 -0.804442 -2.171910 0.000000 -0.269204 -0.583189 -0.766433 0.639058 0.927975
0 -2.398607 0.000000 0.075121 -0.808372 0.194606 -0.555575 0.950000 0.500000
oak_bark.bmp
0 2.091562 -28.199373 25.445494 -0.130606 -0.196300 0.971807 0.639058 0.072025
0 1.667098 -28.416756 25.124350 -0.753648 -0.535707 0.380831 0.950000 0.500000
0 1.967778 -28.641356 24.693928 -0.241109 -0.903724 -0.353765 0.639058 0.927975
oak_bark.bmp
0 1.967778 -28.641356 24.693928 -0.241109 -0.903724 -0.353765 0.639058 0.927975
0 2.529069 -28.549364 24.778915 0.620961 -0.757436 -0.201738 0.135942 0.764503
0 2.642769 -28.270735 25.247948 0.728311 -0.295232 0.618386 0.135942 0.235497
oak_bark.bmp
0 1.967778 -28.641356 24.693928 -0.241109 -0.903724 -0.353765 0.639058 0.927975
0 2.642769 -28.270735 25.247948 0.728311 -0.295232 0.618386 0.135942 0.235497
0 2.091562 -28.199373 25.445494 -0.130606 -0.196300 0.971807 0.639058 0.072025
bush_leaves.bmp
1 9.996794 -39.015312 40.027393 -0.800133 -0.426754 -0.421506 0.507500 0.007500
1 -0.898324 -16.366615 37.778614 -0.800133 -0.426754 -0.421506 0.992500 0.007500
1 12.646759 -13.246182 8.907066 -0.800133 -0.426754 -0.421506 0.992500 0.492500
bush_leaves.bmp
1 9.996794 -39.015312 40.027393 -0.800133 -0.426754 -0.421506 0.507500 0.007500
1 12.646759 -13.246182 8.907066 -0.800133 -0.426754 -0.421506 0.992500 0.492500
1 23.541876 -35.894882 11.155849 -0.800133 -0.426754 -0.421506 0.507500 0.492500
bush_leaves.bmp
1 23.541876 -35.894882 11.155849 0.800133 0.426754 0.421506 0.507500 0.492500
1 12.646759 -13.246182 8.907066 0.800133 0.426754 0.421506 0.992500 0.492500
1 -0.898324 -16.366615 37.778614 0.800133 0.426754 0.421506 0.992500 0.007500
bush_leaves.bmp
1 23.541876 -35.894882 11.155849 0.800134 0.426754 0.421506 0.507500 0.492500
1 -0.898324 -16.366615 37.778614 0.800134 0.426754 0.421506 0.992500 0.007500
1 9.996794 -39.015312 40.027393 0.800134 0.426754 0.421506 0.507500 0.007500
bush_leaves.bmp
1 27.338703 -16.706173 34.068195 0.469064 -0.879462 0.080782 0.507500 0.007500
1 6.661335 -26.861607 43.571472 0.469064 -0.879462 0.080782 0.992500 0.007500
1 -4.695150 -35.555325 14.866267 0.469064 -0.879462 0.080782 0.992500 0.492500
bush_leaves.bmp
1 27.338703 -16.706173 34.068195 0.469064 -0.879462 0.080782 0.507500 0.007500
1 -4.695150 -35.555325 14.866267 0.469064 -0.879462 0.080782 0.992500 0.492500
1 15.982219 -25.399891 5.362991 0.469064 -0.879462 0.080782 0.507500 0.492500
bush_leaves.bmp
1 15.982219 -25.399891 5.362991 -0.469064 0.879462 -0.080782 0.507500 0.492500
1 -4.695150 -35.555325 14.866267 -0.469064 0.879462 -0.080782 0.992500 0.492500
1 6.661335 -26.861607 43.571472 -0.469064 0.879462 -0.080782 0.992500 0.007500
bush_leaves.bmp
1 15.982219 -25.399891 5.362991 -0.469064 0.879462 -0.080782 0.507500 0.492500
1 6.661335 -26.861607 43.571472 -0.469064 0.879462 -0.080782 0.992500 0.007500
1 27.338703 -16.706173 34.068195 -0.469064 0.879462 -0.080782 0.507500 0.007500
bush_leaves.bmp
1 10.706848 -28.172987 19.272268 -0.414627 -0.835194 -0.361296 0.507500 0.007500
1 -0.986448 -32.597214 42.918919 -0.414627 -0.835194 -0.361296 0.992500 0.007500
1 -23.395432 -18.395700 35.806599 -0.414627 -0.835194 -0.361296 0.992500 0.492500
bush_leaves.bmp
1 10.706848 -28.172987 19.272268 -0.414627 -0.835194 -0.361296 0.507500 0.007500
1 -23.395432 -18.395700 35.806599 -0.414627 -0.835194 -0.361296 0.992500 0.492500
1 -11.702135 -13.971472 12.159949 -0.414627 -0.835194 -0.361296 0.507500 0.492500
bush_leaves.bmp
1 -11.702135 -13.971472 12.159949 0.414627 0.835194 0.361296 0.507500 0.492500
1 -23.395432 -18.395700 35.806599 0.414627 0.835194 0.361296 0.992500 0.492500
1 -0.986448 -32.597214 42.918919 0.414627 0.835194 0.361296 0.992500 0.007500
bush_leaves.bmp
1 -11.702135 -13.971472 12.159949 0.414627 0.835194 0.361296 0.507500 0.492500
1 -0.986448 -32.597214 42.918919 0.414627 0.835194 0.361296 0.992500 0.007500
1 10.706848 -28.172987 19.272268 0.414627 0.835194 0.361296 0.507500 0.007500
bush_leaves.bmp
1 -3.362820 -32.216911 11.442287 0.827974 -0.411042 0.381449 0.007500 0.507500
1 3.996981 -7.254748 22.365852 0.827974 -0.411042 0.381449 0.492500 0.507500
1 -9.325764 -14.351777 43.636581 0.827974 -0.411042 0.381449 0.492500 0.992500
bush_leaves.bmp
1 -3.362820 -32.216911 11.442287 0.827974 -0.411042 0.381449 0.007500 0.507500
1 -9.325764 -14.351777 43.636581 0.827974 -0.411042 0.381449 0.492500 0.992500
1 -16.685564 -39.313942 32.713017 0.827974 -0.411042 0.381449 0.007500 0.992500
bush_leaves.bmp
1 -16.685564 -39.313942 32.713017 -0.827974 0.411042 -0.381449 0.007500 0.992500
1 -9.325764 -14.351777 43.636581 -0.827974 0.411042 -0.381449 0.492500 0.992500
1 3.996981 -7.254748 22.365852 -0.827974 0.411042 -0.381449 0.492500 0.507500
bush_leaves.bmp
1 -16.685564 -39.313942 32.713017 -0.827974 0.411042 -0.381449 0.007500 0.992500
1 3.996981 -7.254748 22.365852 -0.827974 0.411042 -0.381449 0.492500 0.507500
1 -3.362820 -32.216911 11.442287 -0.827974 0.411042 -0.381449 0.007500 0.507500
bush_leaves.bmp
1 9.471205 -37.048401 50.293221 0.309300 0.950354 -0.034063 0.007500 0.007500
1 23.562050 -42.527481 25.375895 0.309300 0.950354 -0.034063 0.492500 0.007500
1 -3.039008 -34.379402 11.162828 0.309300 0.950354 -0.034063 0.492500 0.492500
bush_leaves.bmp
1 9.471205 -37.048401 50.293221 0.309300 0.950354 -0.034063 0.007500 0.007500
1 -3.039008 -34.379402 11.162828 0.309300 0.950354 -0.034063 0.492500 0.492500
1 -17.129854 -28.900322 36.080154 0.309300 0.950354 -0.034063 0.007500 0.492500
bush_leaves.bmp
1 -17.129854 -28.900322 36.080154 -0.309300 -0.950354 0.034063 0.007500 0.492500
1 -3.039008 -34.379402 11.162828 -0.309300 -0.950354 0.034063 0.492500 0.492500
1 23.562050 -42.527481 25.375895 -0.309300 -0.950354 0.034063 0.492500 0.007500
bush_leaves.bmp
1 -17.129854 -28.900322 36.080154 -0.309300 -0.950354 0.034063 0.007500 0.492500
1 23.562050 -42.527481 25.375895 -0.309300 -0.950354 0.034063 0.492500 0.007500
1 9.471205 -37.048401 50.293221 -0.309300 -0.950354 0.034063 0.007500 0.007500
bush_leaves.bmp
1 11.879692 -15.701659 34.708214 -0.845808 0.275274 0.456982 0.007500 0.007500
1 -3.896359 -27.793770 12.793015 -0.845808 0.275274 0.456982 0.492500 0.007500
1 -5.447495 -55.726143 26.747835 -0.845808 0.275274 0.456982 0.492500 0.492500
bush_leaves.bmp
1 11.879692 -15.701659 34.708214 -0.845808 0.275274 0.456982 0.007500 0.007500
1 -5.447495 -55.726143 26.747835 -0.845808 0.275274 0.456982 0.492500 0.492500
1 10.328556 -43.634033 48.663033 -0.845808 0.275274 0.456982 0.007500 0.492500
bush_leaves.bmp
1 10.328556 -43.634033 48.663033 0.845808 -0.275274 -0.456982 0.007500 0.492500
1 -5.447495 -55.726143 26.747835 0.845808 -0.275274 -0.456982 0.492500 0.492500
1 -3.896359 -27.793770 12.793015 0.845808 -0.275274 -0.456982 0.492500 0.007500
bush_leaves.bmp
1 10.328556 -43.634033 48.663033 0.845808 -0.275275 -0.456982 0.007500 0.492500
1 -3.896359 -27.793770 12.793015 0.845808 -0.275275 -0.456982 0.492500 0.007500
1 11.879692 -15.701659 34.708214 0.845808 -0.275275 -0.456982 0.007500 0.007500
bush_leaves.bmp
1 -14.928669 -12.500468 17.042168 -0.703521 -0.556558 0.441928 0.507500 0.007500
1 -5.004715 -36.323929 2.837530 -0.703521 -0.556558 0.441928 0.992500 0.007500
1 16.947334 -44.546341 27.428593 -0.703521 -0.556558 0.441928 0.992500 0.492500
bush_leaves.bmp
1 -14.928669 -12.500468 17.042168 -0.703521 -0.556558 0.441928 0.507500 0.007500
1 16.947334 -44.546341 27.428593 -0.703521 -0.556558 0.441928 0.992500 0.492500
1 7.023380 -20.722881 41.633232 -0.703521 -0.556558 0.441928 0.507500 0.492500
bush_leaves.bmp
1 7.023380 -20.722881 41.633232 0.703521 0.556558 -0.441928 0.507500 0.492500
1 16.947334 -44.546341 27.428593 0.703521 0.556558 -0.441928 0.992500 0.492500
1 -5.004715 -36.323929 2.837530 0.703521 0.556558 -0.441928 0.992500 0.007500
bush_leaves.bmp
1 7.023380 -20.722881 41.633232 0.703521 0.556558 -0.441928 0.507500 0.492500
1 -5.004715 -36.323929 2.837530 0.703521 0.556558 -0.441928 0.992500 0.007500
1 -14.928669 -12.500468 17.042168 0.703521 0.556558 -0.441928 0.507500 0.007500
bush_leaves.bmp
1 6.350075 -22.977730 2.032943 0.619618 -0.783232 -0.051198 0.507500 0.007500
1 19.138962 -14.412906 25.783197 0.619618 -0.783232 -0.051198 0.992500 0.007500
1 -4.331409 -34.069080 42.437817 0.619618 -0.783232 -0.051198 0.992500 0.492500
bush_leaves.bmp
1 6.350075 -22.977730 2.032943 0.619618 -0.783232 -0.051198 0.507500 0.007500
1 -4.331409 -34.069080 42.437817 0.619618 -0.783232 -0.051198 0.992500 0.492500
1 -17.120296 -42.633904 18.687565 0.619618 -0.783232 -0.051198 0.507500 0.492500
bush_leaves.bmp
1 -17.120296 -42.633904 18.687565 -0.619618 0.783232 0.051198 0.507500 0.492500
1 -4.331409 -34.069080 42.437817 -0.619618 0.783232 0.051198 0.992500 0.492500
1 19.138962 -14.412906 25.783197 -0.619618 0.783232 0.051198 0.992500 0.007500
bush_leaves.bmp
1 -17.120296 -42.633904 18.687565 -0.619618 0.783232 0.051198 0.507500 0.492500
1 19.138962 -14.412906 25.783197 -0.619618 0.783232 0.051198 0.992500 0.007500
1 6.350075 -22.977730 2.032943 -0.619618 0.783232 0.051198 0.507500 0.007500
bush_leaves.bmp
1 -24.440884 -28.122208 13.146143 0.390860 -0.780478 -0.487938 0.007500 0.007500
1 4.664590 -11.314981 9.577028 0.390860 -0.780478 -0.487938 0.492500 0.007500
1 15.841624 -23.511543 38.039253 0.390860 -0.780478 -0.487938 0.492500 0.492500
bush_leaves.bmp
1 -24.440884 -28.122208 13.146143 0.390860 -0.780478 -0.487938 0.007500 0.007500
1 15.841624 -23.511543 38.039253 0.390860 -0.780478 -0.487938 0.492500 0.492500
1 -13.263850 -40.318771 41.608368 0.390860 -0.780478 -0.487938 0.007500 0.492500
bush_leaves.bmp
1 -13.263850 -40.318771 41.608368 -0.390860 0.780478 0.487938 0.007500 0.492500
1 15.841624 -23.511543 38.039253 -0.390860 0.780478 0.487938 0.492500 0.492500
1 4.664590 -11.314981 9.577028 -0.390860 0.780478 0.487938 0.492500 0.007500
bush_leaves.bmp
1 -13.263850 -40.318771 41.608368 -0.390860 0.780478 0.487938 0.007500 0.492500
1 4.664590 -11.314981 9.577028 -0.390860 0.780478 0.487938 0.492500 0.007500
1 -24.440884 -28.122208 13.146143 -0.390860 0.780478 0.487938 0.007500 0.007500
bush_leaves.bmp
1 0.443000 -20.834564 4.099623 0.856173 0.428768 0.288315 0.507500 0.507500
1 -15.538771 -4.223634 26.855782 0.856173 0.428768 0.288315 0.992500 0.507500
1 -9.042261 -30.799187 47.085770 0.856173 0.428768 0.288315 0.992500 0.992500
bush_leaves.bmp
1 0.443000 -20.834564 4.099623 0.856173 0.428768 0.288315 0.507500 0.507500
1 -9.042261 -30.799187 47.085770 0.856173 0.428768 0.288315 0.992500 0.992500
1 6.939511 -47.410118 24.329615 0.856173 0.428768 0.288315 0.507500 0.992500
bush_leaves.bmp
1 6.939511 -47.410118 24.329615 -0.856173 -0.428768 -0.288315 0.507500 0.992500
1 -9.042261 -30.799187 47.085770 -0.856173 -0.428768 -0.288315 0.992500 0.992500
1 -15.538771 -4.223634 26.855782 -0.856173 -0.428768 -0.288315 0.992500 0.507500
bush_leaves.bmp
1 6.939511 -47.410118 24.329615 -0.856173 -0.428768 -0.288315 0.507500 0.992500
1 -15.538771 -4.223634 26.855782 -0.856173 -0.428768 -0.288315 0.992500 0.507500
1 0.443000 -20.834564 4.099623 -0.856173 -0.428768 -0.288315 0.507500 0.507500
oak_bark.bmp
0 -2.363531 0.000000 0.382973 -0.884004 -0.097940 -0.457104 0.000000 0.000000
0 -0.661334 -2.306767 0.638997 -0.270236 -0.894617 -0.355856 0.200000 0.000000
0 2.541099 2.750688 15.265534 -0.187209 -0.862677 0.469832 0.200000 0.139463
oak_bark.bmp
0 -2.363531 0.000000 0.382973 -0.884004 -0.097940 -0.457104 0.000000 0.000000
0 2.541099 2.750688 15.265534 -0.187209 -0.862677 0.469832 0.200000 0.139463
0 1.450085 4.014710 15.073574 -0.941134 -0.009809 0.337892 0.000000 0.139463
oak_bark.bmp
0 -0.661334 -2.306767 0.638997 -0.270236 -0.894617 -0.355856 0.200000 0.000000
0 1.863191 -1.294645 0.000000 0.584946 -0.547217 -0.598658 0.400000 0.000000
0 3.933004 3.291698 14.679049 0.818085 -0.572645 0.053058 0.400000 0.139463
oak_bark.bmp
0 -0.661334 -2.306767 0.638997 -0.270236 -0.894617 -0.355856 0.200000 0.000000
0 3.933004 3.291698 14.679049 0.818085 -0.572645 0.053058 0.400000 0.139463
0 2.541099 2.750688 15.265534 -0.187209 -0.862677 0.469832 0.200000 0.139463
oak_bark.bmp
0 1.863191 -1.294645 0.000000 0.584946 -0.547217 -0.598658 0.400000 0.000000
0 1.912330 1.413062 0.000000 0.585373 0.376989 -0.717786 0.600000 0.000000
0 3.867437 4.813678 14.109295 0.751187 0.533528 -0.388673 0.600000 0.139463
oak_bark.bmp
0 1.863191 -1.294645 0.000000 0.584946 -0.547217 -0.598658 0.400000 0.000000
0 3.867437 4.813678 14.109295 0.751187 0.533528 -0.388673 0.600000 0.139463
0 3.933004 3.291698 14.679049 0.818085 -0.572645 0.053058 0.400000 0.139463
oak_bark.bmp
0 1.912330 1.413062 0.000000 0.585373 0.376989 -0.717786 0.600000 0.000000
0 -0.835583 2.243050 0.000000 -0.377035 0.655289 -0.654554 0.800000 0.000000
0 2.271029 5.237861 14.378661 -0.425079 0.885385 -0.188153 0.800000 0.139463
oak_bark.bmp
0 1.912330 1.413062 0.000000 0.585373 0.376989 -0.717786 0.600000 0.000000
0 2.271029 5.237861 14.378661 -0.425079 0.885385 -0.188153 0.800000 0.139463
0 3.867437 4.813678 14.109295 0.751187 0.533528 -0.388673 0.600000 0.139463
oak_bark.bmp
0 -0.835583 2.243050 0.000000 -0.377035 0.655289 -0.654554 0.800000 0.000000
0 -2.363531 0.000000 0.382973 -0.884004 -0.097940 -0.457104 1.000000 0.000000
0 1.450085 4.014710 15.073574 -0.941134 -0.009809 0.337892 1.000000 0.139463
oak_bark.bmp
0 -0.835583 2.243050 0.000000 -0.377035 0.655289 -0.654554 0.800000 0.000000
0 1.450085 4.014710 15.073574 -0.941134 -0.009809 0.337892 1.000000 0.139463
0 2.271029 5.237861 14.378661 -0.425079 0.885385 -0.188153 0.800000 0.139463
oak_bark.bmp
0 1.450085 4.014710 15.073574 -0.941134 -0.009809 0.337892 0.000000 0.139463
0 2.541099 2.750688 15.265534 -0.187209 -0.862677 0.469832 0.200000 0.139463
0 11.218071 15.633648 35.356476 0.087883 -0.394742 0.914579 0.200000 0.361601
oak_bark.bmp
0 1.450085 4.014710 15.073574 -0.941134 -0.009809 0.337892 0.000000 0.139463
0 11.218071 15.633648 35.356476 0.087883 -0.394742 0.914579 0.200000 0.361601
0 10.800449 16.058840 35.290897 -0.562521 0.291125 0.773832 0.000000 0.361601
oak_bark.bmp
0 2.541099 2.750688 15.265534 -0.187209 -0.862677 0.469832 0.200000 0.139463
0 3.933004 3.291698 14.679049 0.818085 -0.572645 0.053058 0.400000 0.139463
0 11.693343 15.807799 35.103413 0.854618 -0.159258 0.494232 0.400000 0.361601
oak_bark.bmp
0 2.541099 2.750688 15.265534 -0.187209 -0.862677 0.469832 0.200000 0.139463
0 11.693343 15.807799 35.103413 0.854618 -0.159258 0.494232 0.400000 0.361601
0 11.218071 15.633648 35.356476 0.087883 -0.394742 0.914579 0.200000 0.361601
oak_bark.bmp
0 3.933004 3.291698 14.679049 0.818085 -0.572645 0.053058 0.400000 0.139463
0 3.867437 4.813678 14.109295 0.751187 0.533528 -0.388673 0.600000 0.139463
0 11.634863 16.335272 34.861206 0.737380 0.670890 0.078594 0.600000 0.361601
oak_bark.bmp
0 3.933004 3.291698 14.679049 0.818085 -0.572645 0.053058 0.400000 0.139463
0 11.634863 16.335272 34.861206 0.737380 0.670890 0.078594 0.600000 0.361601
0 11.693343 15.807799 35.103413 0.854618 -0.159258 0.494232 0.400000 0.361601
oak_bark.bmp
0 3.867437 4.813678 14.109295 0.751187 0.533528 -0.388673 0.600000 0.139463
0 2.271029 5.237861 14.378661 -0.425079 0.885385 -0.188153 0.800000 0.139463
0 11.071879 16.470367 34.990963 -0.137901 0.949666 0.281280 0.800000 0.361601
oak_bark.bmp
0 3.867437 4.813678 14.109295 0.751187 0.533528 -0.388673 0.600000 0.139463
0 11.071879 16.470367 34.990963 -0.137901 0.949666 0.281280 0.800000 0.361601
0 11.634863 16.335272 34.861206 0.737380 0.670890 0.078594 0.600000 0.361601
oak_bark.bmp
0 2.271029 5.237861 14.378661 -0.425079 0.885385 -0.188153 0.800000 0.139463
0 1.450085 4.014710 15.073574 -0.941134 -0.009809 0.337892 1.000000 0.139463
0 10.800449 16.058840 35.290897 -0.562521 0.291125 0.773832 1.000000 0.361601
oak_bark.bmp
0 2.271029 5.237861 14.378661 -0.425079 0.885385 -0.188153 0.800000 0.139463
0 10.800449 16.058840 35.290897 -0.562521 0.291125 0.773832 1.000000 0.361601
0 11.071879 16.470367 34.990963 -0.137901 0.949666 0.281280 0.800000 0.361601
oak_bark.bmp
0 -2.363531 0.000000 0.382973 -0.884004 -0.097940 -0.457104 0.950000 0.500000
0 -0.835583 2.243050 0.000000 -0.377035 0.655289 -0.654554 0.639058 0.072025
0 1.912330 1.413062 0.000000 0.585373 0.376989 -0.717786 0.135942 0.235497
oak_bark.bmp
0 1.912330 1.413062 0.000000 0.585373 0.376989 -0.717786 0.135942 0.235497
0 1.863191 -1.294645 0.000000 0.584946 -0.547217 -0.598658 0.135942 0.764503
0 -0.661334 -2.306767 0.638997 -0.270236 -0.894617 -0.355856 0.639058 0.927975
oak_bark.bmp
0 1.912330 1.413062 0.000000 0.585373 0.376989 -0.717786 0.135942 0.235497
0 -0.661334 -2.306767 0.638997 -0.270236 -0.894617 -0.355856 0.639058 0.927975
0 -2.363531 0.000000 0.382973 -0.884004 -0.097940 -0.457104 0.950000 0.500000
oak_bark.bmp
0 11.071879 16.470367 34.990963 -0.137901 0.949666 0.281280 0.639058 0.072025
0 10.800449 16.058840 35.290897 -0.562521 0.291125 0.773832 0.950000 0.500000
0 11.218071 15.633648 35.356476 0.087883 -0.394742 0.914579 0.639058 0.927975
oak_bark.bmp
0 11.218071 15.633648 35.356476 0.087883 -0.394742 0.914579 0.639058 0.927975
0 11.693343 15.807799 35.103413 0.854618 -0.159258 0.494232 0.135942 0.764503
0 11.634863 16.335272 34.861206 0.737380 0.670890 0.078594 0.135942 0.235497
oak_bark.bmp
0 11.218071 15.633648 35.356476 0.087883 -0.394742 0.914579 0.639058 0.927975
0 11.634863 16.335272 34.861206 0.737380 0.670890 0.078594 0.135942 0.235497
0 11.071879 16.470367 34.990963 -0.137901 0.949666 0.281280 0.639058 0.072025
bush_leaves.bmp
1 25.279356 2.805059 25.141104 0.588441 0.807999 -0.029589 0.507500 0.507500
1 3.030720 19.213196 30.742750 0.588441 0.807999 -0.029589 0.992500 0.507500
1 7.948343 16.482971 53.984821 0.588441 0.807999 -0.029589 0.992500 0.992500
bush_leaves.bmp
1 25.279356 2.805059 25.141104 0.588441 0.807999 -0.029589 0.507500 0.507500
1 7.948343 16.482971 53.984821 0.588441 0.807999 -0.029589 0.992500 0.992500
1 30.196978 0.074837 48.383175 0.588441 0.807999 -0.029589 0.507500 0.992500
bush_leaves.bmp
1 30.196978 0.074837 48.383175 -0.588441 -0.807999 0.029589 0.507500 0.992500
1 7.948343 16.482971 53.984821 -0.588441 -0.807999 0.029589 0.992500 0.992500
1 3.030720 19.213196 30.742750 -0.588441 -0.807999 0.029589 0.992500 0.507500
bush_leaves.bmp
1 30.196978 0.074837 48.383175 -0.588441 -0.807999 0.029589 0.507500 0.992500
1 3.030720 19.213196 30.742750 -0.588441 -0.807999 0.029589 0.992500 0.507500
1 25.279356 2.805059 25.141104 -0.588441 -0.807999 0.029589 0.507500 0.507500
bush_leaves.bmp
1 8.533512 -3.358648 50.193592 -0.803881 0.585442 0.105043 0.507500 0.507500
1 25.330524 19.285757 52.533722 -0.803881 0.585442 0.105043 0.992500 0.507500
1 24.694187 22.646681 28.932329 -0.803881 0.585442 0.105043 0.992500 0.992500
bush_leaves.bmp
1 8.533512 -3.358648 50.193592 -0.803881 0.585442 0.105043 0.507500 0.507500
1 24.694187 22.646681 28.932329 -0.803881 0.585442 0.105043 0.992500 0.992500
1 7.897175 0.002275 26.592199 -0.803881 0.585442 0.105043 0.507500 0.992500
bush_leaves.bmp
1 7.897175 0.002275 26.592199 0.803881 -0.585442 -0.105043 0.507500 0.992500
1 24.694187 22.646681 28.932329 0.803881 -0.585442 -0.105043 0.992500 0.992500
1 25.330524 19.285757 52.533722 0.803881 -0.585442 -0.105043 0.992500 0.507500
bush_leaves.bmp
1 7.897175 0.002275 26.592199 0.803881 -0.585442 -0.105043 0.507500 0.992500
1 25.330524 19.285757 52.533722 0.803881 -0.585442 -0.105043 0.992500 0.507500
1 8.533512 -3.358648 50.193592 0.803881 -0.585442 -0.105043 0.507500 0.507500
bush_leaves.bmp
1 1.134080 12.621072 52.062653 0.388451 0.849749 0.356416 0.507500 0.507500
1 25.357805 0.297693 55.042484 0.388451 0.849749 0.356416 0.992500 0.507500
1 31.694902 6.524440 33.290302 0.388451 0.849749 0.356416 0.992500 0.992500
bush_leaves.bmp
1 1.134080 12.621072 52.062653 0.388451 0.849749 0.356416 0.507500 0.507500
1 31.694902 6.524440 33.290302 0.388451 0.849749 0.356416 0.992500 0.992500
1 7.471179 18.847820 30.310471 0.388451 0.849749 0.356416 0.507500 0.992500
bush_leaves.bmp
1 7.471179 18.847820 30.310471 -0.388451 -0.849749 -0.356416 0.507500 0.992500
1 31.694902 6.524440 33.290302 -0.388451 -0.849749 -0.356416 0.992500 0.992500
1 25.357805 0.297693 55.042484 -0.388451 -0.849749 -0.356416 0.992500 0.507500
bush_leaves.bmp
1 7.471179 18.847820 30.310471 -0.388451 -0.849749 -0.356416 0.507500 0.992500
1 25.357805 0.297693 55.042484 -0.388451 -0.849749 -0.356416 0.992500 0.507500
1 1.134080 12.621072 52.062653 -0.388451 -0.849749 -0.356416 0.507500 0.507500
bush_leaves.bmp
1 16.554081 6.149293 25.848999 -0.905642 0.414001 -0.091739 0.007500 0.507500
1 8.552459 -6.712859 46.796017 -0.905642 0.414001 -0.091739 0.492500 0.507500
1 16.274902 12.996220 59.503956 -0.905642 0.414001 -0.091739 0.492500 0.992500
bush_leaves.bmp
1 16.554081 6.149293 25.848999 -0.905642 0.414001 -0.091739 0.007500 0.507500
1 16.274902 12.996220 59.503956 -0.905642 0.414001 -0.091739 0.492500 0.992500
1 24.276524 25.858372 38.556938 -0.905642 0.414001 -0.091739 0.007500 0.992500
bush_leaves.bmp
1 24.276524 25.858372 38.556938 0.905642 -0.414001 0.091739 0.007500 0.992500
1 16.274902 12.996220 59.503956 0.905642 -0.414001 0.091739 0.492500 0.992500
1 8.552459 -6.712859 46.796017 0.905642 -0.414001 0.091739 0.492500 0.507500
bush_leaves.bmp
1 24.276524 25.858372 38.556938 0.905642 -0.414001 0.091739 0.007500 0.992500
1 8.552459 -6.712859 46.796017 0.905642 -0.414001 0.091739 0.492500 0.507500
1 16.554081 6.149293 25.848999 0.905642 -0.414001 0.091739 0.007500 0.507500
bush_leaves.bmp
1 13.941662 11.573694 6.425904 -0.575647 -0.800834 0.165212 0.007500 0.007500
1 27.584505 7.593847 34.670025 -0.575647 -0.800834 0.165212 0.492500 0.007500
1 3.806707 27.166388 46.695343 -0.575647 -0.800834 0.165212 0.492500 0.492500
bush_leaves.bmp
1 13.941662 11.573694 6.425904 -0.575647 -0.800834 0.165212 0.007500 0.007500
1 3.806707 27.166388 46.695343 -0.575647 -0.800834 0.165212 0.492500 0.492500
1 -9.836136 31.146235 18.451220 -0.575647 -0.800834 0.165212 0.007500 0.492500
bush_leaves.bmp
1 -9.836136 31.146235 18.451220 0.575647 0.800834 -0.165212 0.007500 0.492500
1 3.806707 27.166388 46.695343 0.575647 0.800834 -0.165212 0.492500 0.492500
1 27.584505 7.593847 34.670025 0.575647 0.800834 -0.165212 0.492500 0.007500
bush_leaves.bmp
1 -9.836136 31.146235 18.451220 0.575647 0.800834 -0.165212 0.007500 0.492500
1 27.584505 7.593847 34.670025 0.575647 0.800834 -0.165212 0.492500 0.007500
1 13.941662 11.573694 6.425904 0.575647 0.800834 -0.165212 0.007500 0.007500
bush_leaves.bmp
1 22.298346 38.758598 29.541279 0.804192 -0.578061 0.138281 0.007500 0.507500
1 4.368910 18.233948 48.012394 0.804192 -0.578061 0.138281 0.492500 0.507500
1 -4.549977 -0.018516 23.579969 0.804192 -0.578061 0.138281 0.492500 0.992500
bush_leaves.bmp
1 22.298346 38.758598 29.541279 0.804192 -0.578061 0.138281 0.007500 0.507500
1 -4.549977 -0.018516 23.579969 0.804192 -0.578061 0.138281 0.492500 0.992500
1 13.379457 20.506134 5.108854 0.804192 -0.578061 0.138281 0.007500 0.992500
bush_leaves.bmp
1 13.379457 20.506134 5.108854 -0.804192 0.578061 -0.138281 0.007500 0.992500
1 -4.549977 -0.018516 23.579969 -0.804192 0.578061 -0.138281 0.492500 0.992500
1 4.368910 18.233948 48.012394 -0.804192 0.578061 -0.138281 0.492500 0.507500
bush_leaves.bmp
1 13.379457 20.506134 5.108854 -0.804192 0.578061 -0.138281 0.007500 0.992500
1 4.368910 18.233948 48.012394 -0.804192 0.578061 -0.138281 0.492500 0.507500
1 22.298346 38.758598 29.541279 -0.804192 0.578061 -0.138281 0.007500 0.507500
bush_leaves.bmp
1 24.348427 -9.047360 40.931797 -0.961736 -0.268829 -0.052864 0.007500 0.007500
1 17.148537 12.646323 61.598454 -0.961736 -0.268829 -0.052864 0.492500 0.007500
1 13.205812 30.004528 45.055450 -0.961736 -0.268829 -0.052864 0.492500 0.492500
bush_leaves.bmp
1 24.348427 -9.047360 40.931797 -0.961736 -0.268829 -0.052863 0.007500 0.007500
1 13.205812 30.004528 45.055450 -0.961736 -0.268829 -0.052863 0.492500 0.492500
1 20.405701 8.310845 24.388794 -0.961736 -0.268829 -0.052863 0.007500 0.492500
bush_leaves.bmp
1 20.405701 8.310845 24.388794 0.961736 0.268829 0.052863 0.007500 0.492500
1 13.205812 30.004528 45.055450 0.961736 0.268829 0.052863 0.492500 0.492500
1 17.148537 12.646323 61.598454 0.961736 0.268829 0.052863 0.492500 0.007500
bush_leaves.bmp
1 20.405701 8.310845 24.388794 0.961736 0.268829 0.052863 0.007500 0.492500
1 17.148537 12.646323 61.598454 0.961736 0.268829 0.052863 0.492500 0.007500
1 24.348427 -9.047360 40.931797 0.961736 0.268829 0.052863 0.007500 0.007500
bush_leaves.bmp
1 36.985237 15.268551 50.278481 0.268994 -0.962328 -0.039583 0.007500 0.007500
1 7.299420 6.648197 58.117676 0.268994 -0.962328 -0.039583 0.492500 0.007500
1 0.569000 5.688618 35.708771 0.268994 -0.962328 -0.039583 0.492500 0.492500
bush_leaves.bmp
1 36.985237 15.268551 50.278481 0.268994 -0.962328 -0.039583 0.007500 0.007500
1 0.569000 5.688618 35.708771 0.268994 -0.962328 -0.039583 0.492500 0.492500
1 30.254816 14.308971 27.869574 0.268994 -0.962328 -0.039583 0.007500 0.492500
bush_leaves.bmp
1 30.254816 14.308971 27.869574 -0.268994 0.962328 0.039583 0.007500 0.492500
1 0.569000 5.688618 35.708771 -0.268994 0.962328 0.039583 0.492500 0.492500
1 7.299420 6.648197 58.117676 -0.268994 0.962328 0.039583 0.492500 0.007500
bush_leaves.bmp
1 30.254816 14.308971 27.869574 -0.268994 0.962328 0.039583 0.007500 0.492500
1 7.299420 6.648197 58.117676 -0.268994 0.962328 0.039583 0.492500 0.007500
1 36.985237 15.268551 50.278481 -0.268994 0.962328 0.039583 0.007500 0.007500
bush_leaves.bmp
1 29.158928 9.294818 57.030087 -0.883573 -0.253770 0.393573 0.007500 0.007500
1 17.385857 33.847858 46.430920 -0.883573 -0.253770 0.393573 0.492500 0.007500
1 10.565744 17.290005 20.443445 -0.883573 -0.253770 0.393573 0.492500 0.492500
bush_leaves.bmp
1 29.158928 9.294818 57.030087 -0.883573 -0.253770 0.393573 0.007500 0.007500
1 10.565744 17.290005 20.443445 -0.883573 -0.253770 0.393573 0.492500 0.492500
1 22.338814 -7.263036 31.042612 -0.883573 -0.253770 0.393573 0.007500 0.492500
bush_leaves.bmp
1 22.338814 -7.263036 31.042612 0.883573 0.253770 -0.393572 0.007500 0.492500
1 10.565744 17.290005 20.443445 0.883573 0.253770 -0.393572 0.492500 0.492500
1 17.385857 33.847858 46.430920 0.883573 0.253770 -0.393572 0.492500 0.007500
bush_leaves.bmp
1 22.338814 -7.263036 31.042612 0.883573 0.253770 -0.393573 0.007500 0.492500
1 17.385857 33.847858 46.430920 0.883573 0.253770 -0.393573 0.492500 0.007500
1 29.158928 9.294818 57.030087 0.883573 0.253770 -0.393573 0.007500 0.007500
bush_leaves.bmp
1 4.382278 16.601852 24.261145 0.245421 -0.854505 -0.457809 0.007500 0.507500
1 32.940414 24.171827 25.441105 0.245421 -0.854505 -0.457809 0.492500 0.507500
1 35.342392 9.982969 53.212383 0.245421 -0.854505 -0.457809 0.492500 0.992500
bush_leaves.bmp
1 4.382278 16.601852 24.261145 0.245421 -0.854505 -0.457809 0.007500 0.507500
1 35.342392 9.982969 53.212383 0.245421 -0.854505 -0.457809 0.492500 0.992500
1 6.784255 2.412994 52.032425 0.245421 -0.854505 -0.457809 0.007500 0.992500
bush_leaves.bmp
1 6.784255 2.412994 52.032425 -0.245421 0.854505 0.457809 0.007500 0.992500
1 35.342392 9.982969 53.212383 -0.245421 0.854505 0.457809 0.492500 0.992500
1 32.940414 24.171827 25.441105 -0.245421 0.854505 0.457809 0.492500 0.507500
bush_leaves.bmp
1 6.784255 2.412994 52.032425 -0.245421 0.854505 0.457809 0.007500 0.992500
1 32.940414 24.171827 25.441105 -0.245421 0.854505 0.457809 0.492500 0.507500
1 4.382278 16.601852 24.261145 -0.245421 0.854505 0.457809 0.007500 0.507500
oak_bark.bmp
0 -2.280576 0.000000 0.000000 -0.668827 0.017813 -0.743205 0.000000 0.000000
0 -0.693210 -2.372604 0.000000 -0.068982 -0.771592 -0.632367 0.200000 0.000000
0 -5.492561 -2.275491 14.336701 -0.090332 -0.987350 -0.130311 0.200000 0.140525
oak_bark.bmp
0 -2.280576 0.000000 0.000000 -0.668827 0.017813 -0.743205 0.000000 0.000000
0 -5.492561 -2.275491 14.336701 -0.090332 -0.987350 -0.130311 0.200000 0.140525
0 -6.351924 -0.921064 13.869325 -0.801548 0.032018 -0.597073 0.000000 0.140525
oak_bark.bmp
0 -0.693210 -2.372604 0.000000 -0.068982 -0.771592 -0.632367 0.200000 0.000000
0 1.766880 -1.331596 0.461795 0.781377 -0.456179 -0.425853 0.400000 0.000000
0 -4.360446 -1.695787 15.264579 0.654768 -0.531971 0.536922 0.400000 0.140525
oak_bark.bmp
0 -0.693210 -2.372604 0.000000 -0.068982 -0.771592 -0.632367 0.200000 0.000000
0 -4.360446 -1.695787 15.264579 0.654768 -0.531971 0.536922 0.400000 0.140525
0 -5.492561 -2.275491 14.336701 -0.090332 -0.987350 -0.130311 0.200000 0.140525
oak_bark.bmp
0 1.766880 -1.331596 0.461795 0.781377 -0.456179 -0.425853 0.400000 0.000000
0 1.878956 1.453392 0.642866 0.781684 0.511754 -0.356480 0.600000 0.000000
0 -4.388089 -0.064953 15.459137 0.587973 0.513145 0.625276 0.600000 0.140525
oak_bark.bmp
0 1.766880 -1.331596 0.461795 0.781377 -0.456179 -0.425853 0.400000 0.000000
0 -4.388089 -0.064953 15.459137 0.587973 0.513145 0.625276 0.600000 0.140525
0 -4.360446 -1.695787 15.264579 0.654768 -0.531971 0.536922 0.400000 0.140525
oak_bark.bmp
0 1.878956 1.453392 0.642866 0.781684 0.511754 -0.356480 0.600000 0.000000
0 -0.752690 2.307068 0.000000 -0.133840 0.783168 -0.607235 0.800000 0.000000
0 -5.669197 0.389569 14.555788 -0.249963 0.968194 0.010886 0.800000 0.140525
oak_bark.bmp
0 1.878956 1.453392 0.642866 0.781684 0.511754 -0.356480 0.600000 0.000000
0 -5.669197 0.389569 14.555788 -0.249963 0.968194 0.010886 0.800000 0.140525
0 -4.388089 -0.064953 15.459137 0.587973 0.513145 0.625276 0.600000 0.140525
oak_bark.bmp
0 -0.752690 2.307068 0.000000 -0.133840 0.783168 -0.607235 0.800000 0.000000
0 -2.280576 0.000000 0.000000 -0.668827 0.017813 -0.743205 1.000000 0.000000
0 -6.351924 -0.921064 13.869325 -0.801548 0.032018 -0.597073 1.000000 0.140525
oak_bark.bmp
0 -0.752690 2.307068 0.000000 -0.133840 0.783168 -0.607235 0.800000 0.000000
0 -6.351924 -0.921064 13.869325 -0.801548 0.032018 -0.597073 1.000000 0.140525
0 -5.669197 0.389569 14.555788 -0.249963 0.968194 0.010886 0.800000 0.140525
oak_bark.bmp
0 -6.351924 -0.921064 13.869325 -0.801548 0.032018 -0.597073 0.000000 0.140525
0 -5.492561 -2.275491 14.336701 -0.090332 -0.987350 -0.130311 0.200000 0.140525
0 -21.001863 -4.155617 23.401003 -0.559374 -0.827350 0.050918 0.200000 0.296009
oak_bark.bmp
0 -6.351924 -0.921064 13.869325 -0.801548 0.032018 -0.597073 0.000000 0.140525
0 -21.001863 -4.155617 23.401003 -0.559374 -0.827350 0.050918 0.200000 0.296009
0 -21.252611 -3.684257 23.148973 -0.929998 -0.058370 -0.362902 0.000000 0.296009
oak_bark.bmp
0 -5.492561 -2.275491 14.336701 -0.090332 -0.987350 -0.130311 0.200000 0.140525
0 -4.360446 -1.695787 15.264579 0.654768 -0.531971 0.536922 0.400000 0.140525
0 -20.743362 -3.962555 23.839716 -0.127591 -0.555995 0.821334 0.400000 0.296009
oak_bark.bmp
0 -5.492561 -2.275491 14.336701 -0.090332 -0.987350 -0.130311 0.200000 0.140525
0 -20.743362 -3.962555 23.839716 -0.127591 -0.555995 0.821334 0.400000 0.296009
0 -21.001863 -4.155617 23.401003 -0.559374 -0.827350 0.050918 0.200000 0.296009
oak_bark.bmp
0 -4.360446 -1.695787 15.264579 0.654768 -0.531971 0.536922 0.400000 0.140525
0 -4.388089 -0.064953 15.459137 0.587973 0.513145 0.625276 0.600000 0.140525
0 -20.797575 -3.377808 23.912434 -0.207459 0.339770 0.917342 0.600000 0.296009
oak_bark.bmp
0 -4.360446 -1.695787 15.264579 0.654768 -0.531971 0.536922 0.400000 0.140525
0 -20.797575 -3.377808 23.912434 -0.207459 0.339770 0.917342 0.600000 0.296009
0 -20.743362 -3.962555 23.839716 -0.127591 -0.555995 0.821334 0.400000 0.296009
oak_bark.bmp
0 -4.388089 -0.064953 15.459137 0.587973 0.513145 0.625276 0.600000 0.140525
0 -5.669197 0.389569 14.555788 -0.249963 0.968194 0.010886 0.800000 0.140525
0 -21.117720 -3.228044 23.471558 -0.739170 0.645530 0.192143 0.800000 0.296009
oak_bark.bmp
0 -4.388089 -0.064953 15.459137 0.587973 0.513145 0.625276 0.600000 0.140525
0 -21.117720 -3.228044 23.471558 -0.739170 0.645530 0.192143 0.800000 0.296009
0 -20.797575 -3.377808 23.912434 -0.207459 0.339770 0.917342 0.600000 0.296009
oak_bark.bmp
0 -5.669197 0.389569 14.555788 -0.249963 0.968194 0.010886 0.800000 0.140525
0 -6.351924 -0.921064 13.869325 -0.801548 0.032018 -0.597073 1.000000 0.140525
0 -21.252611 -3.684257 23.148973 -0.929998 -0.058370 -0.362902 1.000000 0.296009
oak_bark.bmp
0 -5.669197 0.389569 14.555788 -0.249963 0.968194 0.010886 0.800000 0.140525
0 -21.252611 -3.684257 23.148973 -0.929998 -0.058370 -0.362902 1.000000 0.296009
0 -21.117720 -3.228044 23.471558 -0.739170 0.645530 0.192143 0.800000 0.296009
oak_bark.bmp
0 -2.280576 0.000000 0.000000 -0.668827 0.017813 -0.743205 0.950000 0.500000
0 -0.752690 2.307068 0.000000 -0.133840 0.783168 -0.607235 0.639058 0.072025
0 1.878956 1.453392 0.642866 0.781684 0.511754 -0.356480 0.135942 0.235497
oak_bark.bmp
0 1.878956 1.453392 0.642866 0.781684 0.511754 -0.356480 0.135942 0.235497
0 1.766880 -1.331596 0.461795 0.781377 -0.456179 -0.425853 0.135942 0.764503
0 -0.693210 -2.372604 0.000000 -0.068982 -0.771592 -0.632367 0.639058 0.927975
oak_bark.bmp
0 1.878956 1.453392 0.642866 0.781684 0.511754 -0.356480 0.135942 0.235497
0 -0.693210 -2.372604 0.000000 -0.068982 -0.771592 -0.632367 0.639058 0.927975
0 -2.280576 0.000000 0.000000 -0.668827 0.017813 -0.743205 0.950000 0.500000
oak_bark.bmp
0 -21.117720 -3.228044 23.471558 -0.739170 0.645530 0.192143 0.639058 0.072025
0 -21.252611 -3.684257 23.148973 -0.929998 -0.058370 -0.362902 0.950000 0.500000
0 -21.001863 -4.155617 23.401003 -0.559374 -0.827350 0.050918 0.639058 0.927975
oak_bark.bmp
0 -21.001863 -4.155617 23.401003 -0.559374 -0.827350 0.050918 0.639058 0.927975
0 -20.743362 -3.962555 23.839716 -0.127591 -0.555995 0.821334 0.135942 0.764503
0 -20.797575 -3.377808 23.912434 -0.207459 0.339770 0.917342 0.135942 0.235497
oak_bark.bmp
0 -21.001863 -4.155617 23.401003 -0.559374 -0.827350 0.050918 0.639058 0.927975
0 -20.797575 -3.377808 23.912434 -0.207459 0.339770 0.917342 0.135942 0.235497
0 -21.117720 -3.228044 23.471558 -0.739170 0.645530 0.192143 0.639058 0.072025
bush_leaves.bmp
1 -17.982529 -8.996273 9.577857 -0.845592 -0.528510 -0.075177 0.007500 0.007500
1 -15.103250 -17.464058 36.721844 -0.845592 -0.528510 -0.075177 0.492500 0.007500
1 -28.983521 3.771379 43.557842 -0.845592 -0.528510 -0.075177 0.492500 0.492500
bush_leaves.bmp
1 -17.982529 -8.996273 9.577857 -0.845592 -0.528510 -0.075177 0.007500 0.007500
1 -28.983521 3.771379 43.557842 -0.845592 -0.528510 -0.075177 0.492500 0.492500
1 -31.862801 12.239164 16.413853 -0.845592 -0.528510 -0.075177 0.007500 0.492500
bush_leaves.bmp
1 -31.862801 12.239164 16.413853 0.845592 0.528510 0.075177 0.007500 0.492500
1 -28.983521 3.771379 43.557842 0.845592 0.528510 0.075177 0.492500 0.492500
1 -15.103250 -17.464058 36.721844 0.845592 0.528510 0.075177 0.492500 0.007500
bush_leaves.bmp
1 -31.862801 12.239164 16.413853 0.845592 0.528510 0.075177 0.007500 0.492500
1 -15.103250 -17.464058 36.721844 0.845592 0.528510 0.075177 0.492500 0.007500
1 -17.982529 -8.996273 9.577857 0.845592 0.528510 0.075177 0.007500 0.007500
bush_leaves.bmp
1 -8.922424 8.719216 18.744476 0.515160 -0.824233 -0.235051 0.507500 0.007500
1 -16.326591 -3.121181 44.036476 0.515160 -0.824233 -0.235051 0.992500 0.007500
1 -38.043625 -13.944111 34.391224 0.515160 -0.824233 -0.235051 0.992500 0.492500
bush_leaves.bmp
1 -8.922424 8.719216 18.744476 0.515160 -0.824233 -0.235051 0.507500 0.007500
1 -38.043625 -13.944111 34.391224 0.515160 -0.824233 -0.235051 0.992500 0.492500
1 -30.639458 -2.103714 9.099221 0.515160 -0.824233 -0.235051 0.507500 0.492500
bush_leaves.bmp
1 -30.639458 -2.103714 9.099221 -0.515160 0.824233 0.235051 0.507500 0.492500
1 -38.043625 -13.944111 34.391224 -0.515160 0.824233 0.235051 0.992500 0.492500
1 -16.326591 -3.121181 44.036476 -0.515160 0.824233 0.235051 0.992500 0.007500
bush_leaves.bmp
1 -30.639458 -2.103714 9.099221 -0.515160 0.824233 0.235051 0.507500 0.492500
1 -16.326591 -3.121181 44.036476 -0.515160 0.824233 0.235051 0.992500 0.007500
1 -8.922424 8.719216 18.744476 -0.515160 0.824233 0.235051 0.507500 0.007500
bush_leaves.bmp
1 -8.727770 -16.216022 43.277653 -0.406129 -0.799653 -0.442283 0.007500 0.007500
1 -30.325895 -3.379441 39.901562 -0.406129 -0.799653 -0.442283 0.492500 0.007500
1 -20.876062 5.062471 15.961128 -0.406129 -0.799653 -0.442283 0.492500 0.492500
bush_leaves.bmp
1 -8.727770 -16.216022 43.277653 -0.406129 -0.799653 -0.442283 0.007500 0.007500
1 -20.876062 5.062471 15.961128 -0.406129 -0.799653 -0.442283 0.492500 0.492500
1 0.722063 -7.774109 19.337221 -0.406129 -0.799653 -0.442283 0.007500 0.492500
bush_leaves.bmp
1 0.722063 -7.774109 19.337221 0.406129 0.799653 0.442283 0.007500 0.492500
1 -20.876062 5.062471 15.961128 0.406129 0.799653 0.442283 0.492500 0.492500
1 -30.325895 -3.379441 39.901562 0.406129 0.799653 0.442283 0.492500 0.007500
bush_leaves.bmp
1 0.722063 -7.774109 19.337221 0.406129 0.799653 0.442283 0.007500 0.492500
1 -30.325895 -3.379441 39.901562 0.406129 0.799653 0.442283 0.492500 0.007500
1 -8.727770 -16.216022 43.277653 0.406129 0.799653 0.442283 0.007500 0.007500
bush_leaves.bmp
1 -8.793210 11.071540 36.603508 0.851051 -0.432233 0.298139 0.007500 0.007500
1 -21.846497 -8.207698 45.914238 0.851051 -0.432233 0.298139 0.492500 0.007500
1 -20.810623 -22.225090 22.635273 0.851051 -0.432233 0.298139 0.492500 0.492500
bush_leaves.bmp
1 -8.793210 11.071540 36.603508 0.851051 -0.432233 0.298139 0.007500 0.007500
1 -20.810623 -22.225090 22.635273 0.851051 -0.432233 0.298139 0.492500 0.492500
1 -7.757335 -2.945853 13.324540 0.851051 -0.432233 0.298139 0.007500 0.492500
bush_leaves.bmp
1 -7.757335 -2.945853 13.324540 -0.851051 0.432233 -0.298139 0.007500 0.492500
1 -20.810623 -22.225090 22.635273 -0.851051 0.432233 -0.298139 0.492500 0.492500
1 -21.846497 -8.207698 45.914238 -0.851051 0.432233 -0.298139 0.492500 0.007500
bush_leaves.bmp
1 -7.757335 -2.945853 13.324540 -0.851051 0.432233 -0.298139 0.007500 0.492500
1 -21.846497 -8.207698 45.914238 -0.851051 0.432233 -0.298139 0.492500 0.007500
1 -8.793210 11.071540 36.603508 -0.851051 0.432233 -0.298139 0.007500 0.007500
bush_leaves.bmp
1 -18.077091 8.844603 41.524441 0.675689 0.594571 -0.435810 0.007500 0.507500
1 -11.887147 -11.728785 23.053432 0.675689 0.594571 -0.435810 0.492500 0.507500
1 -34.396442 0.650627 5.043676 0.675689 0.594571 -0.435810 0.492500 0.992500
bush_leaves.bmp
1 -18.077091 8.844603 41.524441 0.675689 0.594571 -0.435810 0.007500 0.507500
1 -34.396442 0.650627 5.043676 0.675689 0.594571 -0.435810 0.492500 0.992500
1 -40.586388 21.224014 23.514683 0.675689 0.594571 -0.435810 0.007500 0.992500
bush_leaves.bmp
1 -40.586388 21.224014 23.514683 -0.675689 -0.594571 0.435810 0.007500 0.992500
1 -34.396442 0.650627 5.043676 -0.675689 -0.594571 0.435810 0.492500 0.992500
1 -11.887147 -11.728785 23.053432 -0.675689 -0.594571 0.435810 0.492500 0.507500
bush_leaves.bmp
1 -40.586388 21.224014 23.514683 -0.675689 -0.594571 0.435810 0.007500 0.992500
1 -11.887147 -11.728785 23.053432 -0.675689 -0.594571 0.435810 0.492500 0.507500
1 -18.077091 8.844603 41.524441 -0.675689 -0.594571 0.435810 0.007500 0.507500
bush_leaves.bmp
1 -41.026085 -7.462573 13.663211 -0.659311 0.749261 0.062587 0.507500 0.507500
1 -34.732330 -4.115364 39.892494 -0.659311 0.749261 0.062587 0.992500 0.507500
1 -11.447447 16.957802 32.904907 -0.659311 0.749261 0.062587 0.992500 0.992500
bush_leaves.bmp
1 -41.026085 -7.462573 13.663211 -0.659311 0.749261 0.062587 0.507500 0.507500
1 -11.447447 16.957802 32.904907 -0.659311 0.749261 0.062587 0.992500 0.992500
1 -17.741201 13.610594 6.675622 -0.659311 0.749261 0.062587 0.507500 0.992500
bush_leaves.bmp
1 -17.741201 13.610594 6.675622 0.659311 -0.749261 -0.062587 0.507500 0.992500
1 -11.447447 16.957802 32.904907 0.659311 -0.749261 -0.062587 0.992500 0.992500
1 -34.732330 -4.115364 39.892494 0.659311 -0.749261 -0.062587 0.992500 0.507500
bush_leaves.bmp
1 -17.741201 13.610594 6.675622 0.659311 -0.749261 -0.062587 0.507500 0.992500
1 -34.732330 -4.115364 39.892494 0.659311 -0.749261 -0.062587 0.992500 0.507500
1 -41.026085 -7.462573 13.663211 0.659311 -0.749261 -0.062587 0.507500 0.507500
bush_leaves.bmp
1 -25.488165 19.083004 29.031725 -0.985991 0.146019 0.080619 0.507500 0.507500
1 -28.420965 13.660133 2.984688 -0.985991 0.146019 0.080619 0.992500 0.507500
1 -31.852228 -12.199045 7.856233 -0.985991 0.146019 0.080619 0.992500 0.992500
bush_leaves.bmp
1 -25.488165 19.083004 29.031725 -0.985991 0.146019 0.080619 0.507500 0.507500
1 -31.852228 -12.199045 7.856233 -0.985991 0.146019 0.080619 0.992500 0.992500
1 -28.919428 -6.776174 33.903271 -0.985991 0.146019 0.080619 0.507500 0.992500
bush_leaves.bmp
1 -28.919428 -6.776174 33.903271 0.985991 -0.146019 -0.080619 0.507500 0.992500
1 -31.852228 -12.199045 7.856233 0.985991 -0.146019 -0.080619 0.992500 0.992500
1 -28.420965 13.660133 2.984688 0.985991 -0.146019 -0.080619 0.992500 0.507500
bush_leaves.bmp
1 -28.919428 -6.776174 33.903271 0.985991 -0.146019 -0.080619 0.507500 0.992500
1 -28.420965 13.660133 2.984688 0.985991 -0.146019 -0.080619 0.992500 0.507500
1 -25.488165 19.083004 29.031725 0.985991 -0.146019 -0.080619 0.507500 0.507500
bush_leaves.bmp
1 -47.090157 3.854692 12.072798 -0.137860 -0.930896 0.338270 0.007500 0.507500
1 -20.729549 -3.310050 3.099006 -0.137860 -0.930896 0.338270 0.492500 0.507500
1 -10.250237 3.029269 24.815159 -0.137860 -0.930896 0.338270 0.492500 0.992500
bush_leaves.bmp
1 -47.090157 3.854692 12.072798 -0.137860 -0.930896 0.338270 0.007500 0.507500
1 -10.250237 3.029269 24.815159 -0.137860 -0.930896 0.338270 0.492500 0.992500
1 -36.610840 10.194010 33.788952 -0.137860 -0.930896 0.338270 0.007500 0.992500
bush_leaves.bmp
1 -36.610840 10.194010 33.788952 0.137860 0.930896 -0.338270 0.007500 0.992500
1 -10.250237 3.029269 24.815159 0.137860 0.930896 -0.338270 0.492500 0.992500
1 -20.729549 -3.310050 3.099006 0.137860 0.930896 -0.338270 0.492500 0.507500
bush_leaves.bmp
1 -36.610840 10.194010 33.788952 0.137860 0.930896 -0.338270 0.007500 0.992500
1 -20.729549 -3.310050 3.099006 0.137860 0.930896 -0.338270 0.492500 0.507500
1 -47.090157 3.854692 12.072798 0.137860 0.930896 -0.338270 0.007500 0.507500
bush_leaves.bmp
1 -30.828465 -18.666027 15.516819 0.046388 -0.944750 0.324492 0.507500 0.007500
1 -8.996730 -14.586837 24.272352 0.046388 -0.944750 0.324492 0.992500 0.007500
1 -22.423035 -6.615041 49.401417 0.046388 -0.944750 0.324492 0.992500 0.492500
bush_leaves.bmp
1 -30.828465 -18.666027 15.516819 0.046387 -0.944750 0.324492 0.507500 0.007500
1 -22.423035 -6.615041 49.401417 0.046387 -0.944750 0.324492 0.992500 0.492500
1 -44.254772 -10.694230 40.645882 0.046387 -0.944750 0.324492 0.507500 0.492500
bush_leaves.bmp
1 -44.254772 -10.694230 40.645882 -0.046387 0.944750 -0.324492 0.507500 0.492500
1 -22.423035 -6.615041 49.401417 -0.046387 0.944750 -0.324492 0.992500 0.492500
1 -8.996730 -14.586837 24.272352 -0.046387 0.944750 -0.324492 0.992500 0.007500
bush_leaves.bmp
1 -44.254772 -10.694230 40.645882 -0.046387 0.944750 -0.324492 0.507500 0.492500
1 -8.996730 -14.586837 24.272352 -0.046387 0.944750 -0.324492 0.992500 0.007500
1 -30.828465 -18.666027 15.516819 -0.046387 0.944750 -0.324492 0.507500 0.007500
bush_leaves.bmp
1 -27.607903 7.183163 32.562298 0.995191 0.048864 0.084893 0.507500 0.507500
1 -28.369061 -7.693805 50.048347 0.995191 0.048864 0.084893 0.992500 0.507500
1 -25.643600 -32.464230 32.355938 0.995191 0.048864 0.084893 0.992500 0.992500
bush_leaves.bmp
1 -27.607903 7.183163 32.562298 0.995191 0.048864 0.084893 0.507500 0.507500
1 -25.643600 -32.464230 32.355938 0.995191 0.048864 0.084893 0.992500 0.992500
1 -24.882442 -17.587263 14.869884 0.995191 0.048864 0.084893 0.507500 0.992500
bush_leaves.bmp
1 -24.882442 -17.587263 14.869884 -0.995191 -0.048864 -0.084893 0.507500 0.992500
1 -25.643600 -32.464230 32.355938 -0.995191 -0.048864 -0.084893 0.992500 0.992500
1 -28.369061 -7.693805 50.048347 -0.995191 -0.048864 -0.084893 0.992500 0.507500
bush_leaves.bmp
1 -24.882442 -17.587263 14.869884 -0.995191 -0.048864 -0.084893 0.507500 0.992500
1 -28.369061 -7.693805 50.048347 -0.995191 -0.048864 -0.084893 0.992500 0.507500
1 -27.607903 7.183163 32.562298 -0.995191 -0.048864 -0.084893 0.507500 0.507500
oak_bark.bmp
0 -2.321430 0.000000 0.559636 -0.914164 0.112738 -0.389351 0.000000 0.000000
0 -0.863235 -2.331422 0.000000 -0.395169 -0.681228 -0.616255 0.200000 0.000000
0 3.583203 -4.533874 14.513716 -0.450645 -0.891255 -0.050830 0.200000 0.140491
oak_bark.bmp
0 -2.321430 0.000000 0.559636 -0.914164 0.112738 -0.389351 0.000000 0.000000
0 3.583203 -4.533874 14.513716 -0.450645 -0.891255 -0.050830 0.200000 0.140491
0 2.940984 -3.255729 15.328129 -0.845607 0.029944 0.532965 0.000000 0.140491
oak_bark.bmp
0 -0.863235 -2.331422 0.000000 -0.395169 -0.681228 -0.616255 0.200000 0.000000
0 1.710077 -1.308483 0.000000 0.510771 -0.412135 -0.754491 0.400000 0.000000
0 5.011909 -3.986819 14.012940 0.632298 -0.568881 -0.525903 0.400000 0.140491
oak_bark.bmp
0 -0.863235 -2.331422 0.000000 -0.395169 -0.681228 -0.616255 0.200000 0.000000
0 5.011909 -3.986819 14.012940 0.632298 -0.568881 -0.525903 0.400000 0.140491
0 3.583203 -4.533874 14.513716 -0.450645 -0.891255 -0.050830 0.200000 0.140491
oak_bark.bmp
0 1.710077 -1.308483 0.000000 0.510771 -0.412135 -0.754491 0.400000 0.000000
0 2.009161 1.428165 0.000000 0.568898 0.530833 -0.628149 0.600000 0.000000
0 5.382462 -2.447834 14.423279 0.792862 0.598931 -0.112480 0.600000 0.140491
oak_bark.bmp
0 1.710077 -1.308483 0.000000 0.510771 -0.412135 -0.754491 0.400000 0.000000
0 5.382462 -2.447834 14.423279 0.792862 0.598931 -0.112480 0.600000 0.140491
0 5.011909 -3.986819 14.012940 0.632298 -0.568881 -0.525903 0.400000 0.140491
oak_bark.bmp
0 2.009161 1.428165 0.000000 0.568898 0.530833 -0.628149 0.600000 0.000000
0 -0.612920 2.267024 0.571622 -0.310028 0.869492 -0.384532 0.800000 0.000000
0 4.039438 -2.018911 15.258718 -0.160749 0.850331 0.501096 0.800000 0.140491
oak_bark.bmp
0 2.009161 1.428165 0.000000 0.568898 0.530833 -0.628149 0.600000 0.000000
0 4.039438 -2.018911 15.258718 -0.160749 0.850331 0.501096 0.800000 0.140491
0 5.382462 -2.447834 14.423279 0.792862 0.598931 -0.112480 0.600000 0.140491
oak_bark.bmp
0 -0.612920 2.267024 0.571622 -0.310028 0.869492 -0.384532 0.800000 0.000000
0 -2.321430 0.000000 0.559636 -0.914164 0.112738 -0.389351 1.000000 0.000000
0 2.940984 -3.255729 15.328129 -0.845607 0.029944 0.532965 1.000000 0.140491
oak_bark.bmp
0 -0.612920 2.267024 0.571622 -0.310028 0.869492 -0.384532 0.800000 0.000000
0 2.940984 -3.255729 15.328129 -0.845607 0.029944 0.532965 1.000000 0.140491
0 4.039438 -2.018911 15.258718 -0.160749 0.850331 0.501096 0.800000 0.140491
oak_bark.bmp
0 2.940984 -3.255729 15.328129 -0.845607 0.029944 0.532965 0.000000 0.140491
0 3.583203 -4.533874 14.513716 -0.450645 -0.891255 -0.050830 0.200000 0.140491
0 16.535746 -13.449258 28.376585 -0.002037 -0.961976 0.273126 0.200000 0.322566
oak_bark.bmp
0 2.940984 -3.255729 15.328129 -0.845607 0.029944 0.532965 0.000000 0.140491
0 16.535746 -13.449258 28.376585 -0.002037 -0.961976 0.273126 0.200000 0.322566
0 16.394012 -13.022916 28.742319 -0.273124 -0.292600 0.916400 0.000000 0.322566
oak_bark.bmp
0 3.583203 -4.533874 14.513716 -0.450645 -0.891255 -0.050830 0.200000 0.140491
0 5.011909 -3.986819 14.012940 0.632298 -0.568881 -0.525903 0.400000 0.140491
0 17.006594 -13.274635 28.116901 0.736274 -0.660061 -0.149064 0.400000 0.322566
oak_bark.bmp
0 3.583203 -4.533874 14.513716 -0.450645 -0.891255 -0.050830 0.200000 0.140491
0 17.006594 -13.274635 28.116901 0.736274 -0.660061 -0.149064 0.400000 0.322566
0 16.535746 -13.449258 28.376585 -0.002037 -0.961976 0.273126 0.200000 0.322566
oak_bark.bmp
0 5.011909 -3.986819 14.012940 0.632298 -0.568881 -0.525903 0.400000 0.140491
0 5.382462 -2.447834 14.423279 0.792862 0.598931 -0.112480 0.600000 0.140491
0 17.206865 -12.745735 28.279428 0.968466 0.171527 0.180696 0.600000 0.322566
oak_bark.bmp
0 5.011909 -3.986819 14.012940 0.632298 -0.568881 -0.525903 0.400000 0.140491
0 17.206865 -12.745735 28.279428 0.968466 0.171527 0.180696 0.600000 0.322566
0 17.006594 -13.274635 28.116901 0.736274 -0.660061 -0.149064 0.400000 0.322566
oak_bark.bmp
0 5.382462 -2.447834 14.423279 0.792862 0.598931 -0.112480 0.600000 0.140491
0 4.039438 -2.018911 15.258718 -0.160749 0.850331 0.501096 0.800000 0.140491
0 16.809715 -12.610274 28.668247 0.334280 0.371698 0.866082 0.800000 0.322566
oak_bark.bmp
0 5.382462 -2.447834 14.423279 0.792862 0.598931 -0.112480 0.600000 0.140491
0 16.809715 -12.610274 28.668247 0.334280 0.371698 0.866082 0.800000 0.322566
0 17.206865 -12.745735 28.279428 0.968466 0.171527 0.180696 0.600000 0.322566
oak_bark.bmp
0 4.039438 -2.018911 15.258718 -0.160749 0.850331 0.501096 0.800000 0.140491
0 2.940984 -3.255729 15.328129 -0.845607 0.029944 0.532965 1.000000 0.140491
0 16.394012 -13.022916 28.742319 -0.273124 -0.292600 0.916400 1.000000 0.322566
oak_bark.bmp
0 4.039438 -2.018911 15.258718 -0.160749 0.850331 0.501096 0.800000 0.140491
0 16.394012 -13.022916 28.742319 -0.273124 -0.292600 0.916400 1.000000 0.322566
0 16.809715 -12.610274 28.668247 0.334280 0.371698 0.866082 0.800000 0.322566
oak_bark.bmp
0 -2.321430 0.000000 0.559636 -0.914164 0.112738 -0.389351 0.950000 0.500000
0 -0.612920 2.267024 0.571622 -0.310028 0.869492 -0.384532 0.639058 0.072025
0 2.009161 1.428165 0.000000 0.568898 0.530833 -0.628149 0.135942 0.235497
oak_bark.bmp
0 2.009161 1.428165 0.000000 0.568898 0.530833 -0.628149 0.135942 0.235497
0 1.710077 -1.308483 0.000000 0.510771 -0.412135 -0.754491 0.135942 0.764503
0 -0.863235 -2.331422 0.000000 -0.395169 -0.681228 -0.616255 0.639058 0.927975
oak_bark.bmp
0 2.009161 1.428165 0.000000 0.568898 0.530833 -0.628149 0.135942 0.235497
0 -0.863235 -2.331422 0.000000 -0.395169 -0.681228 -0.616255 0.639058 0.927975
0 -2.321430 0.000000 0.559636 -0.914164 0.112738 -0.389351 0.950000 0.500000
oak_bark.bmp
0 16.809715 -12.610274 28.668247 0.334280 0.371698 0.866082 0.639058 0.072025
0 16.394012 -13.022916 28.742319 -0.273124 -0.292600 0.916400 0.950000 0.500000
0 16.535746 -13.449258 28.376585 -0.002037 -0.961976 0.273126 0.639058 0.927975
oak_bark.bmp
0 16.535746 -13.449258 28.376585 -0.002037 -0.961976 0.273126 0.639058 0.927975
0 17.006594 -13.274635 28.116901 0.736274 -0.660061 -0.149064 0.135942 0.764503
0 17.206865 -12.745735 28.279428 0.968466 0.171527 0.180696 0.135942 0.235497
oak_bark.bmp
0 16.535746 -13.449258 28.376585 -0.002037 -0.961976 0.273126 0.639058 0.927975
0 17.206865 -12.745735 28.279428 0.968466 0.171527 0.180696 0.135942 0.235497
0 16.809715 -12.610274 28.668247 0.334280 0.371698 0.866082 0.639058 0.072025
bush_leaves.bmp
1 12.915213 -8.775655 45.551609 0.790537 0.607239 0.079448 0.507500 0.507500
1 26.144819 -24.025450 30.469849 0.790537 0.607239 0.079448 0.992500 0.507500
1 17.245195 -10.011908 11.915817 0.790537 0.607239 0.079448 0.992500 0.992500
bush_leaves.bmp
1 12.915213 -8.775655 45.551609 0.790537 0.607239 0.079448 0.507500 0.507500
1 17.245195 -10.011908 11.915817 0.790537 0.607239 0.079448 0.992500 0.992500
1 4.015589 5.237886 26.997580 0.790537 0.607239 0.079448 0.507500 0.992500
bush_leaves.bmp
1 4.015589 5.237886 26.997580 -0.790537 -0.607239 -0.079448 0.507500 0.992500
1 17.245195 -10.011908 11.915817 -0.790537 -0.607239 -0.079448 0.992500 0.992500
1 26.144819 -24.025450 30.469849 -0.790537 -0.607239 -0.079448 0.992500 0.507500
bush_leaves.bmp
1 4.015589 5.237886 26.997580 -0.790537 -0.607239 -0.079448 0.507500 0.992500
1 26.144819 -24.025450 30.469849 -0.790537 -0.607239 -0.079448 0.992500 0.507500
1 12.915213 -8.775655 45.551609 -0.790537 -0.607239 -0.079448 0.507500 0.507500
bush_leaves.bmp
1 11.172449 -3.339417 44.331207 -0.553326 0.720350 -0.418242 0.507500 0.007500
1 29.818953 1.680336 28.307905 -0.553326 0.720350 -0.418242 0.992500 0.007500
1 18.987959 -15.448147 13.136217 -0.553326 0.720350 -0.418242 0.992500 0.492500
bush_leaves.bmp
1 11.172449 -3.339417 44.331207 -0.553326 0.720350 -0.418242 0.507500 0.007500
1 18.987959 -15.448147 13.136217 -0.553326 0.720350 -0.418242 0.992500 0.492500
1 0.341455 -20.467899 29.159523 -0.553326 0.720350 -0.418242 0.507500 0.492500
bush_leaves.bmp
1 0.341455 -20.467899 29.159523 0.553326 -0.720350 0.418242 0.507500 0.492500
1 18.987959 -15.448147 13.136217 0.553326 -0.720350 0.418242 0.992500 0.492500
1 29.818953 1.680336 28.307905 0.553326 -0.720350 0.418242 0.992500 0.007500
bush_leaves.bmp
1 0.341455 -20.467899 29.159523 0.553326 -0.720350 0.418242 0.507500 0.492500
1 29.818953 1.680336 28.307905 0.553326 -0.720350 0.418242 0.992500 0.007500
1 11.172449 -3.339417 44.331207 0.553326 -0.720350 0.418242 0.507500 0.007500
bush_leaves.bmp
1 19.157553 11.184312 17.282040 -0.975881 0.032069 -0.215936 0.007500 0.007500
1 18.178701 -19.299404 17.178551 -0.975881 0.032069 -0.215936 0.492500 0.007500
1 13.148045 -19.229328 39.924065 -0.975881 0.032069 -0.215936 0.492500 0.492500
bush_leaves.bmp
1 19.157553 11.184312 17.282040 -0.975881 0.032069 -0.215936 0.007500 0.007500
1 13.148045 -19.229328 39.924065 -0.975881 0.032069 -0.215936 0.492500 0.492500
1 14.126897 11.254390 40.027550 -0.975881 0.032069 -0.215936 0.007500 0.492500
bush_leaves.bmp
1 14.126897 11.254390 40.027550 0.975881 -0.032069 0.215936 0.007500 0.492500
1 13.148045 -19.229328 39.924065 0.975881 -0.032069 0.215936 0.492500 0.492500
1 18.178701 -19.299404 17.178551 0.975881 -0.032069 0.215936 0.492500 0.007500
bush_leaves.bmp
1 14.126897 11.254390 40.027550 0.975881 -0.032069 0.215936 0.007500 0.492500
1 18.178701 -19.299404 17.178551 0.975881 -0.032069 0.215936 0.492500 0.007500
1 19.157553 11.184312 17.282040 0.975881 -0.032069 0.215936 0.007500 0.007500
bush_leaves.bmp
1 0.228046 1.733760 38.034035 -0.028723 -0.874052 0.484983 0.007500 0.007500
1 7.571140 -11.903171 13.892036 -0.028723 -0.874052 0.484983 0.492500 0.007500
1 32.077553 -9.778775 19.172068 -0.028723 -0.874052 0.484983 0.492500 0.492500
bush_leaves.bmp
1 0.228046 1.733760 38.034035 -0.028723 -0.874052 0.484983 0.007500 0.007500
1 32.077553 -9.778775 19.172068 -0.028723 -0.874052 0.484983 0.492500 0.492500
1 24.734459 3.858155 43.314064 -0.028723 -0.874052 0.484983 0.007500 0.492500
bush_leaves.bmp
1 24.734459 3.858155 43.314064 0.028723 0.874052 -0.484983 0.007500 0.492500
1 32.077553 -9.778775 19.172068 0.028723 0.874052 -0.484983 0.492500 0.492500
1 7.571140 -11.903171 13.892036 0.028723 0.874052 -0.484983 0.492500 0.007500
bush_leaves.bmp
1 24.734459 3.858155 43.314064 0.028723 0.874052 -0.484983 0.007500 0.492500
1 7.571140 -11.903171 13.892036 0.028723 0.874052 -0.484983 0.492500 0.007500
1 0.228046 1.733760 38.034035 0.028723 0.874052 -0.484983 0.007500 0.007500
bush_leaves.bmp
1 8.097591 -11.339553 5.647908 -0.082546 0.920339 -0.382312 0.507500 0.007500
1 -11.030532 -4.952020 25.154562 -0.082546 0.920339 -0.382312 0.992500 0.007500
1 13.404290 4.551484 42.756542 -0.082546 0.920339 -0.382312 0.992500 0.492500
bush_leaves.bmp
1 8.097591 -11.339553 5.647908 -0.082546 0.920339 -0.382312 0.507500 0.007500
1 13.404290 4.551484 42.756542 -0.082546 0.920339 -0.382312 0.992500 0.492500
1 32.532413 -1.836049 23.249887 -0.082546 0.920339 -0.382312 0.507500 0.492500
bush_leaves.bmp
1 32.532413 -1.836049 23.249887 0.082546 -0.920339 0.382312 0.507500 0.492500
1 13.404290 4.551484 42.756542 0.082546 -0.920339 0.382312 0.992500 0.492500
1 -11.030532 -4.952020 25.154562 0.082546 -0.920339 0.382312 0.992500 0.007500
bush_leaves.bmp
1 32.532413 -1.836049 23.249887 0.082546 -0.920339 0.382312 0.507500 0.492500
1 -11.030532 -4.952020 25.154562 0.082546 -0.920339 0.382312 0.992500 0.007500
1 8.097591 -11.339553 5.647908 0.082546 -0.920339 0.382312 0.507500 0.007500
bush_leaves.bmp
1 7.755686 17.407883 29.733831 -0.976021 -0.087540 -0.199297 0.507500 0.007500
1 13.717306 5.159270 5.918040 -0.976021 -0.087540 -0.199297 0.992500 0.007500
1 13.746195 -24.195953 18.670618 -0.976021 -0.087540 -0.199297 0.992500 0.492500
bush_leaves.bmp
1 7.755686 17.407883 29.733831 -0.976021 -0.087540 -0.199297 0.507500 0.007500
1 13.746195 -24.195953 18.670618 -0.976021 -0.087540 -0.199297 0.992500 0.492500
1 7.784575 -11.947339 42.486412 -0.976021 -0.087540 -0.199297 0.507500 0.492500
bush_leaves.bmp
1 7.784575 -11.947339 42.486412 0.976021 0.087540 0.199297 0.507500 0.492500
1 13.746195 -24.195953 18.670618 0.976021 0.087540 0.199297 0.992500 0.492500
1 13.717306 5.159270 5.918040 0.976021 0.087540 0.199297 0.992500 0.007500
bush_leaves.bmp
1 7.784575 -11.947339 42.486412 0.976021 0.087540 0.199297 0.507500 0.492500
1 13.717306 5.159270 5.918040 0.976021 0.087540 0.199297 0.992500 0.007500
1 7.755686 17.407883 29.733831 0.976021 0.087540 0.199297 0.507500 0.007500
bush_leaves.bmp
1 12.953758 -31.329023 34.269958 0.790444 0.472917 0.389291 0.007500 0.007500
1 16.456274 -20.608253 14.134425 0.790444 0.472917 0.389291 0.492500 0.007500
1 0.845395 -0.185628 21.022139 0.790444 0.472917 0.389291 0.492500 0.492500
bush_leaves.bmp
1 12.953758 -31.329023 34.269958 0.790444 0.472917 0.389291 0.007500 0.007500
1 0.845395 -0.185628 21.022139 0.790444 0.472917 0.389291 0.492500 0.492500
1 -2.657121 -10.906397 41.157669 0.790444 0.472917 0.389291 0.007500 0.492500
bush_leaves.bmp
1 -2.657121 -10.906397 41.157669 -0.790444 -0.472917 -0.389291 0.007500 0.492500
1 0.845395 -0.185628 21.022139 -0.790444 -0.472917 -0.389291 0.492500 0.492500
1 16.456274 -20.608253 14.134425 -0.790444 -0.472917 -0.389291 0.492500 0.007500
bush_leaves.bmp
1 -2.657121 -10.906397 41.157669 -0.790444 -0.472917 -0.389291 0.007500 0.492500
1 16.456274 -20.608253 14.134425 -0.790444 -0.472917 -0.389291 0.492500 0.007500
1 12.953758 -31.329023 34.269958 -0.790444 -0.472917 -0.389291 0.007500 0.007500
bush_leaves.bmp
1 15.287019 -14.576974 12.848464 -0.501156 0.837644 -0.217245 0.507500 0.007500
1 -5.664333 -25.407349 19.421232 -0.501156 0.837644 -0.217245 0.992500 0.007500
1 -1.487867 -16.937675 42.443630 -0.501156 0.837644 -0.217245 0.992500 0.492500
bush_leaves.bmp
1 15.287019 -14.576974 12.848464 -0.501156 0.837644 -0.217245 0.507500 0.007500
1 -1.487867 -16.937675 42.443630 -0.501156 0.837644 -0.217245 0.992500 0.492500
1 19.463486 -6.107303 35.870861 -0.501156 0.837644 -0.217245 0.507500 0.492500
bush_leaves.bmp
1 19.463486 -6.107303 35.870861 0.501156 -0.837644 0.217245 0.507500 0.492500
1 -1.487867 -16.937675 42.443630 0.501156 -0.837644 0.217245 0.992500 0.492500
1 -5.664333 -25.407349 19.421232 0.501156 -0.837644 0.217245 0.992500 0.007500
bush_leaves.bmp
1 19.463486 -6.107303 35.870861 0.501156 -0.837644 0.217245 0.507500 0.492500
1 -5.664333 -25.407349 19.421232 0.501156 -0.837644 0.217245 0.992500 0.007500
1 15.287019 -14.576974 12.848464 0.501156 -0.837644 0.217245 0.507500 0.007500
bush_leaves.bmp
1 33.027115 -7.718901 42.072971 0.565710 -0.824478 -0.014423 0.007500 0.507500
1 13.402283 -21.280352 47.561874 0.565710 -0.824478 -0.014423 0.492500 0.507500
1 7.755243 -24.730925 23.318106 0.565710 -0.824478 -0.014423 0.492500 0.992500
bush_leaves.bmp
1 33.027115 -7.718901 42.072971 0.565710 -0.824478 -0.014423 0.007500 0.507500
1 7.755243 -24.730925 23.318106 0.565710 -0.824478 -0.014423 0.492500 0.992500
1 27.380074 -11.169473 17.829205 0.565710 -0.824478 -0.014423 0.007500 0.992500
bush_leaves.bmp
1 27.380074 -11.169473 17.829205 -0.565710 0.824478 0.014423 0.007500 0.992500
1 7.755243 -24.730925 23.318106 -0.565710 0.824478 0.014423 0.492500 0.992500
1 13.402283 -21.280352 47.561874 -0.565710 0.824478 0.014423 0.492500 0.507500
bush_leaves.bmp
1 27.380074 -11.169473 17.829205 -0.565710 0.824478 0.014423 0.007500 0.992500
1 13.402283 -21.280352 47.561874 -0.565710 0.824478 0.014423 0.492500 0.507500
1 33.027115 -7.718901 42.072971 -0.565710 0.824478 0.014423 0.007500 0.507500
bush_leaves.bmp
1 30.852388 -29.033421 39.970108 0.810131 0.555865 -0.186285 0.507500 0.007500
1 23.646479 -25.698109 18.584888 0.810131 0.555865 -0.186285 0.992500 0.007500
1 9.929968 -3.416404 25.420969 0.810131 0.555865 -0.186285 0.992500 0.492500
bush_leaves.bmp
1 30.852388 -29.033421 39.970108 0.810131 0.555865 -0.186285 0.507500 0.007500
1 9.929968 -3.416404 25.420969 0.810131 0.555865 -0.186285 0.992500 0.492500
1 17.135878 -6.751716 46.806190 0.810131 0.555865 -0.186285 0.507500 0.492500
bush_leaves.bmp
1 17.135878 -6.751716 46.806190 -0.810131 -0.555865 0.186285 0.507500 0.492500
1 9.929968 -3.416404 25.420969 -0.810131 -0.555865 0.186285 0.992500 0.492500
1 23.646479 -25.698109 18.584888 -0.810131 -0.555865 0.186285 0.992500 0.007500
bush_leaves.bmp
1 17.135878 -6.751716 46.806190 -0.810131 -0.555865 0.186285 0.507500 0.492500
1 23.646479 -25.698109 18.584888 -0.810131 -0.555865 0.186285 0.992500 0.007500
1 30.852388 -29.033421 39.970108 -0.810131 -0.555865 0.186285 0.507500 0.007500
oak_bark.bmp
0 -2.385429 0.000000 0.000000 -0.758608 -0.121305 -0.640155 0.000000 0.000000
0 -0.851592 -2.249478 0.621023 -0.237215 -0.900905 -0.363455 0.200000 0.000000
0 -2.349195 4.320010 15.266789 -0.336006 -0.803677 0.491124 0.200000 0.141702
oak_bark.bmp
0 -2.385429 0.000000 0.000000 -0.758608 -0.121305 -0.640155 0.000000 0.000000
0 -2.349195 4.320010 15.266789 -0.336006 -0.803677 0.491124 0.200000 0.141702
0 -3.172044 5.477849 14.437773 -0.992209 -0.030683 -0.120746 0.000000 0.141702
oak_bark.bmp
0 -0.851592 -2.249478 0.621023 -0.237215 -0.900905 -0.363455 0.200000 0.000000
0 1.777112 -1.262493 0.577911 0.690726 -0.614566 -0.381061 0.400000 0.000000
0 -0.802614 4.815573 15.269407 0.695189 -0.505028 0.511526 0.400000 0.141702
oak_bark.bmp
0 -0.851592 -2.249478 0.621023 -0.237215 -0.900905 -0.363455 0.200000 0.000000
0 -0.802614 4.815573 15.269407 0.695189 -0.505028 0.511526 0.400000 0.141702
0 -2.349195 4.320010 15.266789 -0.336006 -0.803677 0.491124 0.200000 0.141702
oak_bark.bmp
0 1.777112 -1.262493 0.577911 0.690726 -0.614566 -0.381061 0.400000 0.000000
0 2.042841 1.377968 0.000000 0.735614 0.288400 -0.612942 0.600000 0.000000
0 -0.518501 6.209700 14.511203 0.885116 0.463519 -0.041471 0.600000 0.141702
oak_bark.bmp
0 1.777112 -1.262493 0.577911 0.690726 -0.614566 -0.381061 0.400000 0.000000
0 -0.518501 6.209700 14.511203 0.885116 0.463519 -0.041471 0.600000 0.141702
0 -0.802614 4.815573 15.269407 0.695189 -0.505028 0.511526 0.400000 0.141702
oak_bark.bmp
0 2.042841 1.377968 0.000000 0.735614 0.288400 -0.612942 0.600000 0.000000
0 -0.664280 2.187343 0.000000 -0.186871 0.627517 -0.755845 0.800000 0.000000
0 -2.051324 6.598249 13.996428 -0.220866 0.830883 -0.510737 0.800000 0.141702
oak_bark.bmp
0 2.042841 1.377968 0.000000 0.735614 0.288400 -0.612942 0.600000 0.000000
0 -2.051324 6.598249 13.996428 -0.220866 0.830883 -0.510737 0.800000 0.141702
0 -0.518501 6.209700 14.511203 0.885116 0.463519 -0.041471 0.600000 0.141702
oak_bark.bmp
0 -0.664280 2.187343 0.000000 -0.186871 0.627517 -0.755845 0.800000 0.000000
0 -2.385429 0.000000 0.000000 -0.758608 -0.121305 -0.640155 1.000000 0.000000
0 -3.172044 5.477849 14.437773 -0.992209 -0.030683 -0.120746 1.000000 0.141702
oak_bark.bmp
0 -0.664280 2.187343 0.000000 -0.186871 0.627517 -0.755845 0.800000 0.000000
0 -3.172044 5.477849 14.437773 -0.992209 -0.030683 -0.120746 1.000000 0.141702
0 -2.051324 6.598249 13.996428 -0.220866 0.830883 -0.510737 0.800000 0.141702
oak_bark.bmp
0 -3.172044 5.477849 14.437773 -0.992209 -0.030683 -0.120746 0.000000 0.141702
0 -2.349195 4.320010 15.266789 -0.336006 -0.803677 0.491124 0.200000 0.141702
0 -7.318419 21.548311 32.007191 -0.450996 -0.188417 0.872411 0.200000 0.353098
oak_bark.bmp
0 -3.172044 5.477849 14.437773 -0.992209 -0.030683 -0.120746 0.000000 0.141702
0 -7.318419 21.548311 32.007191 -0.450996 -0.188417 0.872411 0.200000 0.353098
0 -7.584326 21.911394 31.642244 -0.897042 0.378317 0.228455 0.000000 0.353098
oak_bark.bmp
0 -2.349195 4.320010 15.266789 -0.336006 -0.803677 0.491124 0.200000 0.141702
0 -0.802614 4.815573 15.269407 0.695189 -0.505028 0.511526 0.400000 0.141702
0 -6.762367 21.697023 32.032448 0.408602 0.046478 0.911529 0.400000 0.353098
oak_bark.bmp
0 -2.349195 4.320010 15.266789 -0.336006 -0.803677 0.491124 0.200000 0.141702
0 -6.762367 21.697023 32.032448 0.408602 0.046478 0.911529 0.400000 0.353098
0 -7.318419 21.548311 32.007191 -0.450996 -0.188417 0.872411 0.200000 0.353098
oak_bark.bmp
0 -0.802614 4.815573 15.269407 0.695189 -0.505028 0.511526 0.400000 0.141702
0 -0.518501 6.209700 14.511203 0.885116 0.463519 -0.041471 0.600000 0.141702
0 -6.619382 22.147448 31.703962 0.572598 0.758223 0.311816 0.600000 0.353098
oak_bark.bmp
0 -0.802614 4.815573 15.269407 0.695189 -0.505028 0.511526 0.400000 0.141702
0 -6.619382 22.147448 31.703962 0.572598 0.758223 0.311816 0.600000 0.353098
0 -6.762367 21.697023 32.032448 0.408602 0.046478 0.911529 0.400000 0.353098
oak_bark.bmp
0 -0.518501 6.209700 14.511203 0.885116 0.463519 -0.041471 0.600000 0.141702
0 -2.051324 6.598249 13.996428 -0.220866 0.830883 -0.510737 0.800000 0.141702
0 -7.146572 22.262810 31.471678 -0.261999 0.962152 -0.074972 0.800000 0.353098
oak_bark.bmp
0 -0.518501 6.209700 14.511203 0.885116 0.463519 -0.041471 0.600000 0.141702
0 -7.146572 22.262810 31.471678 -0.261999 0.962152 -0.074972 0.800000 0.353098
0 -6.619382 22.147448 31.703962 0.572598 0.758223 0.311816 0.600000 0.353098
oak_bark.bmp
0 -2.051324 6.598249 13.996428 -0.220866 0.830883 -0.510737 0.800000 0.141702
0 -3.172044 5.477849 14.437773 -0.992209 -0.030683 -0.120746 1.000000 0.141702
0 -7.584326 21.911394 31.642244 -0.897042 0.378317 0.228455 1.000000 0.353098
oak_bark.bmp
0 -2.051324 6.598249 13.996428 -0.220866 0.830883 -0.510737 0.800000 0.141702
0 -7.584326 21.911394 31.642244 -0.897042 0.378317 0.228455 1.000000 0.353098
0 -7.146572 22.262810 31.471678 -0.261999 0.962152 -0.074972 0.800000 0.353098
oak_bark.bmp
0 -2.385429 0.000000 0.000000 -0.758608 -0.121305 -0.640155 0.950000 0.500000
0 -0.664280 2.187343 0.000000 -0.186871 0.627517 -0.755845 0.639058 0.072025
0 2.042841 1.377968 0.000000 0.735614 0.288400 -0.612942 0.135942 0.235497
oak_bark.bmp
0 2.042841 1.377968 0.000000 0.735614 0.288400 -0.612942 0.135942 0.235497
0 1.777112 -1.262493 0.577911 0.690726 -0.614566 -0.381061 0.135942 0.764503
0 -0.851592 -2.249478 0.621023 -0.237215 -0.900905 -0.363455 0.639058 0.927975
oak_bark.bmp
0 2.042841 1.377968 0.000000 0.735614 0.288400 -0.612942 0.135942 0.235497
0 -0.851592 -2.249478 0.621023 -0.237215 -0.900905 -0.363455 0.639058 0.927975
0 -2.385429 0.000000 0.000000 -0.758608 -0.121305 -0.640155 0.950000 0.500000
oak_bark.bmp
0 -7.146572 22.262810 31.471678 -0.261999 0.962152 -0.074972 0.639058 0.072025
0 -7.584326 21.911394 31.642244 -0.897042 0.378317 0.228455 0.950000 0.500000
0 -7.318419 21.548311 32.007191 -0.450996 -0.188417 0.872411 0.639058 0.927975
oak_bark.bmp
0 -7.318419 21.548311 32.007191 -0.450996 -0.188417 0.872411 0.639058 0.927975
0 -6.762367 21.697023 32.032448 0.408602 0.046478 0.911529 0.135942 0.764503
0 -6.619382 22.147448 31.703962 0.572598 0.758223 0.311816 0.135942 0.235497
oak_bark.bmp
0 -7.318419 21.548311 32.007191 -0.450996 -0.188417 0.872411 0.639058 0.927975
0 -6.619382 22.147448 31.703962 0.572598 0.758223 0.311816 0.135942 0.235497
0 -7.146572 22.262810 31.471678 -0.261999 0.962152 -0.074972 0.639058 0.072025
bush_leaves.bmp
1 -9.824151 12.017204 31.375502 -0.958886 -0.199574 -0.201761 0.007500 0.007500
1 -17.740650 42.697517 38.651493 -0.958886 -0.199574 -0.201761 0.492500 0.007500
1 -14.310843 50.263527 14.867074 -0.958886 -0.199574 -0.201761 0.492500 0.492500
bush_leaves.bmp
1 -9.824151 12.017204 31.375502 -0.958886 -0.199574 -0.201761 0.007500 0.007500
1 -14.310843 50.263527 14.867074 -0.958886 -0.199574 -0.201761 0.492500 0.492500
1 -6.394344 19.583218 7.591082 -0.958886 -0.199574 -0.201761 0.007500 0.492500
bush_leaves.bmp
1 -6.394344 19.583218 7.591082 0.958886 0.199574 0.201761 0.007500 0.492500
1 -14.310843 50.263527 14.867074 0.958886 0.199574 0.201761 0.492500 0.492500
1 -17.740650 42.697517 38.651493 0.958886 0.199574 0.201761 0.492500 0.007500
bush_leaves.bmp
1 -6.394344 19.583218 7.591082 0.958886 0.199574 0.201761 0.007500 0.492500
1 -17.740650 42.697517 38.651493 0.958886 0.199574 0.201761 0.492500 0.007500
1 -9.824151 12.017204 31.375502 0.958886 0.199574 0.201761 0.007500 0.007500
bush_leaves.bmp
1 -2.612475 38.799976 7.117581 0.192434 -0.924577 -0.328826 0.007500 0.507500
1 4.483724 30.241562 35.334522 0.192434 -0.924577 -0.328826 0.492500 0.507500
1 -21.522518 23.480759 39.124996 0.192434 -0.924577 -0.328826 0.492500 0.992500
bush_leaves.bmp
1 -2.612475 38.799976 7.117581 0.192434 -0.924577 -0.328826 0.007500 0.507500
1 -21.522518 23.480759 39.124996 0.192434 -0.924577 -0.328826 0.492500 0.992500
1 -28.618717 32.039173 10.908056 0.192434 -0.924577 -0.328826 0.007500 0.992500
bush_leaves.bmp
1 -28.618717 32.039173 10.908056 -0.192434 0.924577 0.328826 0.007500 0.992500
1 -21.522518 23.480759 39.124996 -0.192434 0.924577 0.328826 0.492500 0.992500
1 4.483724 30.241562 35.334522 -0.192434 0.924577 0.328826 0.492500 0.507500
bush_leaves.bmp
1 -28.618717 32.039173 10.908056 -0.192434 0.924577 0.328826 0.007500 0.992500
1 4.483724 30.241562 35.334522 -0.192434 0.924577 0.328826 0.492500 0.507500
1 -2.612475 38.799976 7.117581 -0.192434 0.924577 0.328826 0.007500 0.507500
bush_leaves.bmp
1 -25.825169 13.042861 11.298912 -0.800597 0.373485 0.468564 0.007500 0.507500
1 -16.174057 0.687221 37.637455 -0.800597 0.373485 0.468564 0.492500 0.507500
1 -1.366835 25.730953 42.975361 -0.800597 0.373485 0.468564 0.492500 0.992500
bush_leaves.bmp
1 -25.825169 13.042861 11.298912 -0.800597 0.373485 0.468564 0.007500 0.507500
1 -1.366835 25.730953 42.975361 -0.800597 0.373485 0.468564 0.492500 0.992500
1 -11.017947 38.086594 16.636816 -0.800597 0.373485 0.468564 0.007500 0.992500
bush_leaves.bmp
1 -11.017947 38.086594 16.636816 0.800597 -0.373485 -0.468564 0.007500 0.992500
1 -1.366835 25.730953 42.975361 0.800597 -0.373485 -0.468564 0.492500 0.992500
1 -16.174057 0.687221 37.637455 0.800597 -0.373485 -0.468564 0.492500 0.507500
bush_leaves.bmp
1 -11.017947 38.086594 16.636816 0.800597 -0.373485 -0.468564 0.007500 0.992500
1 -16.174057 0.687221 37.637455 0.800597 -0.373485 -0.468564 0.492500 0.507500
1 -25.825169 13.042861 11.298912 0.800597 -0.373485 -0.468564 0.007500 0.507500
bush_leaves.bmp
1 -19.232552 28.896431 44.684795 -0.398368 -0.853936 0.334808 0.507500 0.507500
1 -32.367729 24.370800 17.513309 -0.398368 -0.853936 0.334808 0.992500 0.507500
1 -7.959455 9.877384 9.589478 -0.398368 -0.853936 0.334808 0.992500 0.992500
bush_leaves.bmp
1 -19.232552 28.896431 44.684795 -0.398368 -0.853936 0.334808 0.507500 0.507500
1 -7.959455 9.877384 9.589478 -0.398368 -0.853936 0.334808 0.992500 0.992500
1 5.175723 14.403015 36.760967 -0.398368 -0.853936 0.334808 0.507500 0.992500
bush_leaves.bmp
1 5.175723 14.403015 36.760967 0.398368 0.853936 -0.334808 0.507500 0.992500
1 -7.959455 9.877384 9.589478 0.398368 0.853936 -0.334808 0.992500 0.992500
1 -32.367729 24.370800 17.513309 0.398368 0.853936 -0.334808 0.992500 0.507500
bush_leaves.bmp
1 5.175723 14.403015 36.760967 0.398368 0.853936 -0.334808 0.507500 0.992500
1 -32.367729 24.370800 17.513309 0.398368 0.853936 -0.334808 0.992500 0.507500
1 -19.232552 28.896431 44.684795 0.398368 0.853936 -0.334808 0.507500 0.507500
bush_leaves.bmp
1 0.541419 11.121421 49.535732 0.362992 -0.827611 -0.428132 0.507500 0.007500
1 -20.550919 9.821109 34.166206 0.362992 -0.827611 -0.428132 0.992500 0.007500
1 -2.957595 28.783226 12.427531 0.362992 -0.827611 -0.428132 0.992500 0.492500
bush_leaves.bmp
1 0.541419 11.121421 49.535732 0.362992 -0.827611 -0.428132 0.507500 0.007500
1 -2.957595 28.783226 12.427531 0.362992 -0.827611 -0.428132 0.992500 0.492500
1 18.134743 30.083538 27.797060 0.362992 -0.827611 -0.428132 0.507500 0.492500
bush_leaves.bmp
1 18.134743 30.083538 27.797060 -0.362992 0.827611 0.428132 0.507500 0.492500
1 -2.957595 28.783226 12.427531 -0.362992 0.827611 0.428132 0.992500 0.492500
1 -20.550919 9.821109 34.166206 -0.362992 0.827611 0.428132 0.992500 0.007500
bush_leaves.bmp
1 18.134743 30.083538 27.797060 -0.362992 0.827611 0.428132 0.507500 0.492500
1 -20.550919 9.821109 34.166206 -0.362992 0.827611 0.428132 0.992500 0.007500
1 0.541419 11.121421 49.535732 -0.362992 0.827611 0.428132 0.507500 0.007500
bush_leaves.bmp
1 4.372102 4.478239 17.408457 0.912766 0.400341 -0.081153 0.007500 0.007500
1 -6.607913 28.610685 12.960279 0.912766 0.400341 -0.081153 0.492500 0.007500
1 -6.788278 35.426411 44.554810 0.912766 0.400341 -0.081153 0.492500 0.492500
bush_leaves.bmp
1 4.372102 4.478239 17.408457 0.912766 0.400341 -0.081153 0.007500 0.007500
1 -6.788278 35.426411 44.554810 0.912766 0.400341 -0.081153 0.492500 0.492500
1 4.191737 11.293964 49.002987 0.912766 0.400341 -0.081153 0.007500 0.492500
bush_leaves.bmp
1 4.191737 11.293964 49.002987 -0.912766 -0.400341 0.081153 0.007500 0.492500
1 -6.788278 35.426411 44.554810 -0.912766 -0.400341 0.081153 0.492500 0.492500
1 -6.607913 28.610685 12.960279 -0.912766 -0.400341 0.081153 0.492500 0.007500
bush_leaves.bmp
1 4.191737 11.293964 49.002987 -0.912766 -0.400341 0.081153 0.007500 0.492500
1 -6.607913 28.610685 12.960279 -0.912766 -0.400341 0.081153 0.492500 0.007500
1 4.372102 4.478239 17.408457 -0.912766 -0.400341 0.081153 0.007500 0.007500
bush_leaves.bmp
1 -5.599755 11.258741 42.512184 0.984542 0.040528 -0.170395 0.507500 0.007500
1 -11.128571 18.784136 12.356606 0.984542 0.040528 -0.170395 0.992500 0.007500
1 -11.255577 46.531860 18.222437 0.984542 0.040528 -0.170395 0.992500 0.492500
bush_leaves.bmp
1 -5.599755 11.258741 42.512184 0.984542 0.040528 -0.170395 0.507500 0.007500
1 -11.255577 46.531860 18.222437 0.984542 0.040528 -0.170395 0.992500 0.492500
1 -5.726760 39.006462 48.378017 0.984542 0.040528 -0.170395 0.507500 0.492500
bush_leaves.bmp
1 -5.726760 39.006462 48.378017 -0.984542 -0.040528 0.170395 0.507500 0.492500
1 -11.255577 46.531860 18.222437 -0.984542 -0.040528 0.170395 0.992500 0.492500
1 -11.128571 18.784136 12.356606 -0.984542 -0.040528 0.170395 0.992500 0.007500
bush_leaves.bmp
1 -5.726760 39.006462 48.378017 -0.984542 -0.040528 0.170395 0.507500 0.492500
1 -11.128571 18.784136 12.356606 -0.984542 -0.040528 0.170395 0.992500 0.007500
1 -5.599755 11.258741 42.512184 -0.984542 -0.040528 0.170395 0.507500 0.007500
bush_leaves.bmp
1 13.127929 31.207876 25.888691 -0.039195 0.952178 0.303018 0.507500 0.007500
1 -17.523941 34.239311 12.398142 -0.039195 0.952178 0.303018 0.992500 0.007500
1 -29.983261 26.582724 34.845932 -0.039195 0.952178 0.303018 0.992500 0.492500
bush_leaves.bmp
1 13.127929 31.207876 25.888691 -0.039195 0.952178 0.303018 0.507500 0.007500
1 -29.983261 26.582724 34.845932 -0.039195 0.952178 0.303018 0.992500 0.492500
1 0.668611 23.551291 48.336479 -0.039195 0.952178 0.303018 0.507500 0.492500
bush_leaves.bmp
1 0.668611 23.551291 48.336479 0.039196 -0.952178 -0.303018 0.507500 0.492500
1 -29.983261 26.582724 34.845932 0.039196 -0.952178 -0.303018 0.992500 0.492500
1 -17.523941 34.239311 12.398142 0.039196 -0.952178 -0.303018 0.992500 0.007500
bush_leaves.bmp
1 0.668611 23.551291 48.336479 0.039195 -0.952178 -0.303018 0.507500 0.492500
1 -17.523941 34.239311 12.398142 0.039195 -0.952178 -0.303018 0.992500 0.007500
1 13.127929 31.207876 25.888691 0.039195 -0.952178 -0.303018 0.507500 0.007500
bush_leaves.bmp
1 -15.164815 26.315216 3.402847 0.706494 -0.685047 -0.177698 0.507500 0.007500
1 -1.138761 34.486523 27.666409 0.706494 -0.685047 -0.177698 0.992500 0.007500
1 -18.421497 12.881295 42.244209 0.706494 -0.685047 -0.177698 0.992500 0.492500
bush_leaves.bmp
1 -15.164815 26.315216 3.402847 0.706494 -0.685047 -0.177698 0.507500 0.007500
1 -18.421497 12.881295 42.244209 0.706494 -0.685047 -0.177698 0.992500 0.492500
1 -32.447552 4.709989 17.980644 0.706494 -0.685047 -0.177698 0.507500 0.492500
bush_leaves.bmp
1 -32.447552 4.709989 17.980644 -0.706494 0.685047 0.177698 0.507500 0.492500
1 -18.421497 12.881295 42.244209 -0.706494 0.685047 0.177698 0.992500 0.492500
1 -1.138761 34.486523 27.666409 -0.706494 0.685047 0.177698 0.992500 0.007500
bush_leaves.bmp
1 -32.447552 4.709989 17.980644 -0.706494 0.685047 0.177698 0.507500 0.492500
1 -1.138761 34.486523 27.666409 -0.706494 0.685047 0.177698 0.992500 0.007500
1 -15.164815 26.315216 3.402847 -0.706494 0.685047 0.177698 0.507500 0.007500
bush_leaves.bmp
1 -18.291769 16.807079 43.047749 0.688357 0.709908 0.148983 0.507500 0.507500
1 -0.807115 4.142087 22.611059 0.688357 0.709908 0.148983 0.992500 0.507500
1 -15.294542 22.389431 2.599300 0.688357 0.709908 0.148983 0.992500 0.992500
bush_leaves.bmp
1 -18.291769 16.807079 43.047749 0.688357 0.709908 0.148983 0.507500 0.507500
1 -15.294542 22.389431 2.599300 0.688357 0.709908 0.148983 0.992500 0.992500
1 -32.779198 35.054424 23.035988 0.688357 0.709908 0.148983 0.507500 0.992500
bush_leaves.bmp
1 -32.779198 35.054424 23.035988 -0.688357 -0.709908 -0.148983 0.507500 0.992500
1 -15.294542 22.389431 2.599300 -0.688357 -0.709908 -0.148983 0.992500 0.992500
1 -0.807115 4.142087 22.611059 -0.688357 -0.709908 -0.148983 0.992500 0.507500
bush_leaves.bmp
1 -32.779198 35.054424 23.035988 -0.688357 -0.709908 -0.148983 0.507500 0.992500
1 -0.807115 4.142087 22.611059 -0.688357 -0.709908 -0.148983 0.992500 0.507500
1 -18.291769 16.807079 43.047749 -0.688357 -0.709908 -0.148983 0.507500 0.507500
oak_bark.bmp
0 -2.372043 0.000000 0.000000 -0.741540 0.128358 -0.658516 0.000000 0.000000
0 -0.642583 -2.240396 0.000000 -0.123850 -0.640237 -0.758128 0.200000 0.000000
0 -2.598907 -6.794646 13.839134 -0.061522 -0.797094 -0.600713 0.200000 0.143079
oak_bark.bmp
0 -2.372043 0.000000 0.000000 -0.741540 0.128358 -0.658516 0.000000 0.000000
0 -2.598907 -6.794646 13.839134 -0.061522 -0.797094 -0.600713 0.200000 0.143079
0 -3.810503 -5.720342 14.259813 -0.972377 0.074906 -0.221069 0.000000 0.143079
oak_bark.bmp
0 -0.642583 -2.240396 0.000000 -0.123850 -0.640237 -0.758128 0.200000 0.000000
0 1.881762 -1.257395 0.000000 0.733707 -0.282189 -0.618097 0.400000 0.000000
0 -1.292058 -6.334836 14.617837 0.896894 -0.439415 0.049948 0.400000 0.143079
oak_bark.bmp
0 -0.642583 -2.240396 0.000000 -0.123850 -0.640237 -0.758128 0.200000 0.000000
0 -1.292058 -6.334836 14.617837 0.896894 -0.439415 0.049948 0.400000 0.143079
0 -2.598907 -6.794646 13.839134 -0.061522 -0.797094 -0.600713 0.200000 0.143079
oak_bark.bmp
0 1.881762 -1.257395 0.000000 0.733707 -0.282189 -0.618097 0.400000 0.000000
0 1.906271 1.372404 0.720554 0.708207 0.625605 -0.327202 0.600000 0.000000
0 -1.525274 -5.041291 15.526317 0.610522 0.451551 0.650665 0.600000 0.143079
oak_bark.bmp
0 1.881762 -1.257395 0.000000 0.733707 -0.282189 -0.618097 0.400000 0.000000
0 -1.525274 -5.041291 15.526317 0.610522 0.451551 0.650665 0.600000 0.143079
0 -1.292058 -6.334836 14.617837 0.896894 -0.439415 0.049948 0.400000 0.143079
oak_bark.bmp
0 1.906271 1.372404 0.720554 0.708207 0.625605 -0.327202 0.600000 0.000000
0 -0.859142 2.178511 0.594097 -0.267425 0.883963 -0.383529 0.800000 0.000000
0 -3.140010 -4.680774 15.271276 -0.424587 0.746612 0.512149 0.800000 0.143079
oak_bark.bmp
0 1.906271 1.372404 0.720554 0.708207 0.625605 -0.327202 0.600000 0.000000
0 -3.140010 -4.680774 15.271276 -0.424587 0.746612 0.512149 0.800000 0.143079
0 -1.525274 -5.041291 15.526317 0.610522 0.451551 0.650665 0.600000 0.143079
oak_bark.bmp
0 -0.859142 2.178511 0.594097 -0.267425 0.883963 -0.383529 0.800000 0.000000
0 -2.372043 0.000000 0.000000 -0.741540 0.128358 -0.658516 1.000000 0.000000
0 -3.810503 -5.720342 14.259813 -0.972377 0.074906 -0.221069 1.000000 0.143079
oak_bark.bmp
0 -0.859142 2.178511 0.594097 -0.267425 0.883963 -0.383529 0.800000 0.000000
0 -3.810503 -5.720342 14.259813 -0.972377 0.074906 -0.221069 1.000000 0.143079
0 -3.140010 -4.680774 15.271276 -0.424587 0.746612 0.512149 0.800000 0.143079
oak_bark.bmp
0 -3.810503 -5.720342 14.259813 -0.972377 0.074906 -0.221069 0.000000 0.143079
0 -2.598907 -6.794646 13.839134 -0.061522 -0.797094 -0.600713 0.200000 0.143079
0 -9.785907 -23.179571 25.005739 -0.168353 -0.932713 -0.318911 0.200000 0.326403
oak_bark.bmp
0 -3.810503 -5.720342 14.259813 -0.972377 0.074906 -0.221069 0.000000 0.143079
0 -9.785907 -23.179571 25.005739 -0.168353 -0.932713 -0.318911 0.200000 0.326403
0 -10.293358 -22.881367 25.113903 -0.908976 -0.414785 -0.041412 0.000000 0.326403
oak_bark.bmp
0 -2.598907 -6.794646 13.839134 -0.061522 -0.797094 -0.600713 0.200000 0.143079
0 -1.292058 -6.334836 14.617837 0.896894 -0.439415 0.049948 0.400000 0.143079
0 -9.410308 -23.057432 25.391296 0.507637 -0.814263 0.281567 0.400000 0.326403
oak_bark.bmp
0 -2.598907 -6.794646 13.839134 -0.061522 -0.797094 -0.600713 0.200000 0.143079
0 -9.410308 -23.057432 25.391296 0.507637 -0.814263 0.281567 0.400000 0.326403
0 -9.785907 -23.179571 25.005739 -0.168353 -0.932713 -0.318911 0.200000 0.326403
oak_bark.bmp
0 -1.292058 -6.334836 14.617837 0.896894 -0.439415 0.049948 0.400000 0.143079
0 -1.525274 -5.041291 15.526317 0.610522 0.451551 0.650665 0.600000 0.143079
0 -9.624941 -22.687492 25.768145 0.220229 -0.220454 0.950210 0.600000 0.326403
oak_bark.bmp
0 -1.292058 -6.334836 14.617837 0.896894 -0.439415 0.049948 0.400000 0.143079
0 -9.624941 -22.687492 25.768145 0.220229 -0.220454 0.950210 0.600000 0.326403
0 -9.410308 -23.057432 25.391296 0.507637 -0.814263 0.281567 0.400000 0.326403
oak_bark.bmp
0 -1.525274 -5.041291 15.526317 0.610522 0.451551 0.650665 0.600000 0.143079
0 -3.140010 -4.680774 15.271276 -0.424587 0.746612 0.512149 0.800000 0.143079
0 -10.174603 -22.592745 25.575319 -0.654420 0.002123 0.756128 0.800000 0.326403
oak_bark.bmp
0 -1.525274 -5.041291 15.526317 0.610522 0.451551 0.650665 0.600000 0.143079
0 -10.174603 -22.592745 25.575319 -0.654420 0.002123 0.756128 0.800000 0.326403
0 -9.624941 -22.687492 25.768145 0.220229 -0.220454 0.950210 0.600000 0.326403
oak_bark.bmp
0 -3.140010 -4.680774 15.271276 -0.424587 0.746612 0.512149 0.800000 0.143079
0 -3.810503 -5.720342 14.259813 -0.972377 0.074906 -0.221069 1.000000 0.143079
0 -10.293358 -22.881367 25.113903 -0.908976 -0.414785 -0.041412 1.000000 0.326403
oak_bark.bmp
0 -3.140010 -4.680774 15.271276 -0.424587 0.746612 0.512149 0.800000 0.143079
0 -10.293358 -22.881367 25.113903 -0.908976 -0.414785 -0.041412 1.000000 0.326403
0 -10.174603 -22.592745 25.575319 -0.654420 0.002123 0.756128 0.800000 0.326403
oak_bark.bmp
0 -2.372043 0.000000 0.000000 -0.741540 0.128358 -0.658516 0.950000 0.500000
0 -0.859142 2.178511 0.594097 -0.267425 0.883963 -0.383529 0.639058 0.072025
0 1.906271 1.372404 0.720554 0.708207 0.625605 -0.327202 0.135942 0.235497
oak_bark.bmp
0 1.906271 1.372404 0.720554 0.708207 0.625605 -0.327202 0.135942 0.235497
0 1.881762 -1.257395 0.000000 0.733707 -0.282189 -0.618097 0.135942 0.764503
0 -0.642583 -2.240396 0.000000 -0.123850 -0.640237 -0.758128 0.639058 0.927975
oak_bark.bmp
0 1.906271 1.372404 0.720554 0.708207 0.625605 -0.327202 0.135942 0.235497
0 -0.642583 -2.240396 0.000000 -0.123850 -0.640237 -0.758128 0.639058 0.927975
0 -2.372043 0.000000 0.000000 -0.741540 0.128358 -0.658516 0.950000 0.500000
oak_bark.bmp
0 -10.174603 -22.592745 25.575319 -0.654420 0.002123 0.756128 0.639058 0.072025
0 -10.293358 -22.881367 25.113903 -0.908976 -0.414785 -0.041412 0.950000 0.500000
0 -9.785907 -23.179571 25.005739 -0.168353 -0.932713 -0.318911 0.639058 0.927975
oak_bark.bmp
0 -9.785907 -23.179571 25.005739 -0.168353 -0.932713 -0.318911 0.639058 0.927975
0 -9.410308 -23.057432 25.391296 0.507637 -0.814263 0.281567 0.135942 0.764503
0 -9.624941 -22.687492 25.768145 0.220229 -0.220454 0.950210 0.135942 0.235497
oak_bark.bmp
0 -9.785907 -23.179571 25.005739 -0.168353 -0.932713 -0.318911 0.639058 0.927975
0 -9.624941 -22.687492 25.768145 0.220229 -0.220454 0.950210 0.135942 0.235497
0 -10.174603 -22.592745 25.575319 -0.654420 0.002123 0.756128 0.639058 0.072025
bush_leaves.bmp
1 -13.967422 -11.084670 47.518497 -0.658685 -0.715363 0.233216 0.007500 0.007500
1 -32.615372 -0.176404 28.309875 -0.658685 -0.715363 0.233216 0.492500 0.007500
1 -18.852501 -19.555428 7.738174 -0.658685 -0.715363 0.233216 0.492500 0.492500
bush_leaves.bmp
1 -13.967422 -11.084670 47.518497 -0.658685 -0.715363 0.233216 0.007500 0.007500
1 -18.852501 -19.555428 7.738174 -0.658685 -0.715363 0.233216 0.492500 0.492500
1 -0.204552 -30.463692 26.946796 -0.658685 -0.715363 0.233216 0.007500 0.492500
bush_leaves.bmp
1 -0.204552 -30.463692 26.946796 0.658685 0.715363 -0.233216 0.007500 0.492500
1 -18.852501 -19.555428 7.738174 0.658685 0.715363 -0.233216 0.492500 0.492500
1 -32.615372 -0.176404 28.309875 0.658685 0.715363 -0.233216 0.492500 0.007500
bush_leaves.bmp
1 -0.204552 -30.463692 26.946796 0.658685 0.715363 -0.233216 0.007500 0.492500
1 -32.615372 -0.176404 28.309875 0.658685 0.715363 -0.233216 0.492500 0.007500
1 -13.967422 -11.084670 47.518497 0.658685 0.715363 -0.233216 0.007500 0.007500
bush_leaves.bmp
1 0.350380 -3.800783 35.789654 0.643309 -0.592340 -0.485064 0.507500 0.507500
1 -15.156944 -27.756783 44.477348 0.643309 -0.592340 -0.485064 0.992500 0.507500
1 -33.170303 -26.839314 19.467020 0.643309 -0.592340 -0.485064 0.992500 0.992500
bush_leaves.bmp
1 0.350380 -3.800783 35.789654 0.643309 -0.592340 -0.485064 0.507500 0.507500
1 -33.170303 -26.839314 19.467020 0.643309 -0.592340 -0.485064 0.992500 0.992500
1 -17.662979 -2.883315 10.779325 0.643309 -0.592340 -0.485064 0.507500 0.992500
bush_leaves.bmp
1 -17.662979 -2.883315 10.779325 -0.643309 0.592340 0.485064 0.507500 0.992500
1 -33.170303 -26.839314 19.467020 -0.643309 0.592340 0.485064 0.992500 0.992500
1 -15.156944 -27.756783 44.477348 -0.643309 0.592340 0.485064 0.992500 0.507500
bush_leaves.bmp
1 -17.662979 -2.883315 10.779325 -0.643309 0.592340 0.485064 0.507500 0.992500
1 -15.156944 -27.756783 44.477348 -0.643309 0.592340 0.485064 0.992500 0.507500
1 0.350380 -3.800783 35.789654 -0.643309 0.592340 0.485064 0.507500 0.507500
bush_leaves.bmp
1 6.606460 -36.485680 13.905201 0.916230 0.016176 0.400325 0.007500 0.507500
1 1.052306 -4.416017 25.321247 0.916230 0.016176 0.400325 0.492500 0.507500
1 -9.168176 -16.250566 49.191216 0.916230 0.016176 0.400325 0.492500 0.992500
bush_leaves.bmp
1 6.606460 -36.485680 13.905201 0.916230 0.016176 0.400325 0.007500 0.507500
1 -9.168176 -16.250566 49.191216 0.916230 0.016176 0.400325 0.492500 0.992500
1 -3.614022 -48.320229 37.775166 0.916230 0.016176 0.400325 0.007500 0.992500
bush_leaves.bmp
1 -3.614022 -48.320229 37.775166 -0.916230 -0.016176 -0.400325 0.007500 0.992500
1 -9.168176 -16.250566 49.191216 -0.916230 -0.016176 -0.400325 0.492500 0.992500
1 1.052306 -4.416017 25.321247 -0.916230 -0.016176 -0.400325 0.492500 0.507500
bush_leaves.bmp
1 -3.614022 -48.320229 37.775166 -0.916230 -0.016176 -0.400325 0.007500 0.992500
1 1.052306 -4.416017 25.321247 -0.916230 -0.016176 -0.400325 0.492500 0.507500
1 6.606460 -36.485680 13.905201 -0.916230 -0.016176 -0.400325 0.007500 0.507500
bush_leaves.bmp
1 -3.713499 -36.757523 12.730798 -0.015469 0.876172 -0.481749 0.007500 0.007500
1 -23.686834 -24.167997 36.269085 -0.015469 0.876172 -0.481749 0.492500 0.007500
1 1.151783 -15.978724 50.365620 -0.015469 0.876172 -0.481749 0.492500 0.492500
bush_leaves.bmp
1 -3.713499 -36.757523 12.730798 -0.015469 0.876172 -0.481749 0.007500 0.007500
1 1.151783 -15.978724 50.365620 -0.015469 0.876172 -0.481749 0.492500 0.492500
1 21.125118 -28.568251 26.827333 -0.015469 0.876172 -0.481749 0.007500 0.492500
bush_leaves.bmp
1 21.125118 -28.568251 26.827333 0.015469 -0.876172 0.481749 0.007500 0.492500
1 1.151783 -15.978724 50.365620 0.015469 -0.876172 0.481749 0.492500 0.492500
1 -23.686834 -24.167997 36.269085 0.015469 -0.876172 0.481749 0.492500 0.007500
bush_leaves.bmp
1 21.125118 -28.568251 26.827333 0.015469 -0.876173 0.481749 0.007500 0.492500
1 -23.686834 -24.167997 36.269085 0.015469 -0.876173 0.481749 0.492500 0.007500
1 -3.713499 -36.757523 12.730798 0.015469 -0.876173 0.481749 0.007500 0.007500
bush_leaves.bmp
1 4.907416 -41.685081 21.133156 0.939937 0.315439 0.130445 0.007500 0.507500
1 2.412173 -25.510536 0.000000 0.939937 0.315439 0.130445 0.492500 0.507500
1 -8.777431 2.615131 12.615288 0.939937 0.315439 0.130445 0.492500 0.992500
bush_leaves.bmp
1 4.907416 -41.685081 21.133156 0.943758 0.312374 0.108365 0.007500 0.507500
1 -8.777431 2.615131 12.615288 0.943758 0.312374 0.108365 0.492500 0.992500
1 -6.282188 -13.559414 37.508846 0.943758 0.312374 0.108365 0.007500 0.992500
bush_leaves.bmp
1 -6.282188 -13.559414 37.508846 -0.939648 -0.322183 -0.115151 0.007500 0.992500
1 -8.777431 2.615131 12.615288 -0.939648 -0.322183 -0.115151 0.492500 0.992500
1 2.412173 -25.510536 0.000000 -0.939648 -0.322183 -0.115151 0.492500 0.507500
bush_leaves.bmp
1 -6.282188 -13.559414 37.508846 -0.944572 -0.304870 -0.121809 0.007500 0.992500
1 2.412173 -25.510536 0.000000 -0.944572 -0.304870 -0.121809 0.492500 0.507500
1 4.907416 -41.685081 21.133156 -0.944572 -0.304870 -0.121809 0.007500 0.507500
bush_leaves.bmp
1 20.338243 -12.383217 20.015121 -0.315150 0.945496 0.081968 0.007500 0.007500
1 3.163748 -16.372593 0.000000 -0.315150 0.945496 0.081968 0.492500 0.007500
1 -24.208258 -26.686733 13.733320 -0.315150 0.945496 0.081968 0.492500 0.492500
bush_leaves.bmp
1 20.338243 -12.383217 20.015121 -0.313529 0.947248 0.066484 0.007500 0.007500
1 -24.208258 -26.686733 13.733320 -0.313529 0.947248 0.066484 0.492500 0.492500
1 -7.033762 -22.697357 37.886063 -0.313529 0.947248 0.066484 0.007500 0.492500
bush_leaves.bmp
1 -7.033762 -22.697357 37.886063 0.320069 -0.944688 -0.071557 0.007500 0.492500
1 -24.208258 -26.686733 13.733320 0.320069 -0.944688 -0.071557 0.492500 0.492500
1 3.163748 -16.372593 0.000000 0.320069 -0.944688 -0.071557 0.492500 0.007500
bush_leaves.bmp
1 -7.033762 -22.697357 37.886063 0.308136 -0.948351 -0.075381 0.007500 0.492500
1 3.163748 -16.372593 0.000000 0.308136 -0.948351 -0.075381 0.492500 0.007500
1 20.338243 -12.383217 20.015121 0.308136 -0.948351 -0.075381 0.007500 0.007500
bush_leaves.bmp
1 -20.978903 -28.506834 34.652348 -0.511760 -0.845220 -0.153966 0.007500 0.007500
1 -34.221489 -17.340002 17.366690 -0.511760 -0.845220 -0.153966 0.492500 0.007500
1 -13.926973 -26.464319 0.000000 -0.511760 -0.845220 -0.153966 0.492500 0.492500
bush_leaves.bmp
1 -20.978903 -28.506834 34.652348 -0.516661 -0.842084 -0.154778 0.007500 0.007500
1 -13.926973 -26.464319 0.000000 -0.516661 -0.842084 -0.154778 0.492500 0.492500
1 -0.684385 -37.631149 16.549334 -0.516661 -0.842084 -0.154778 0.007500 0.492500
bush_leaves.bmp
1 -0.684385 -37.631149 16.549334 0.513997 0.843181 0.157650 0.007500 0.492500
1 -13.926973 -26.464319 0.000000 0.513997 0.843181 0.157650 0.492500 0.492500
1 -34.221489 -17.340002 17.366690 0.513997 0.843181 0.157650 0.492500 0.007500
bush_leaves.bmp
1 -0.684385 -37.631149 16.549334 0.514402 0.844110 0.151225 0.007500 0.492500
1 -34.221489 -17.340002 17.366690 0.514402 0.844110 0.151225 0.492500 0.007500
1 -20.978903 -28.506834 34.652348 0.514402 0.844110 0.151225 0.007500 0.007500
bush_leaves.bmp
1 -7.164607 -13.868482 25.820906 0.838654 -0.511077 -0.188308 0.007500 0.007500
1 -18.470057 -35.240467 33.475269 0.838654 -0.511077 -0.188308 0.492500 0.007500
1 -27.741270 -41.102673 8.095116 0.838654 -0.511077 -0.188308 0.492500 0.492500
bush_leaves.bmp
1 -7.164607 -13.868482 25.820906 0.838654 -0.511077 -0.188308 0.007500 0.007500
1 -27.741270 -41.102673 8.095116 0.838654 -0.511077 -0.188308 0.492500 0.492500
1 -16.435820 -19.730684 0.440752 0.838654 -0.511077 -0.188308 0.007500 0.492500
bush_leaves.bmp
1 -16.435820 -19.730684 0.440752 -0.838654 0.511077 0.188308 0.007500 0.492500
1 -27.741270 -41.102673 8.095116 -0.838654 0.511077 0.188308 0.492500 0.492500
1 -18.470057 -35.240467 33.475269 -0.838654 0.511077 0.188308 0.492500 0.007500
bush_leaves.bmp
1 -16.435820 -19.730684 0.440752 -0.838654 0.511077 0.188308 0.007500 0.492500
1 -18.470057 -35.240467 33.475269 -0.838654 0.511077 0.188308 0.492500 0.007500
1 -7.164607 -13.868482 25.820906 -0.838654 0.511077 0.188308 0.007500 0.007500
bush_leaves.bmp
1 -21.257273 -0.837984 11.859415 0.867595 0.205133 -0.452989 0.007500 0.507500
1 -8.909895 2.162533 36.866722 0.867595 0.205133 -0.452989 0.492500 0.507500
1 -2.391573 -25.269976 36.928421 0.867595 0.205133 -0.452989 0.492500 0.992500
bush_leaves.bmp
1 -21.257273 -0.837984 11.859415 0.867595 0.205133 -0.452989 0.007500 0.507500
1 -2.391573 -25.269976 36.928421 0.867595 0.205133 -0.452989 0.492500 0.992500
1 -14.738951 -28.270493 11.921114 0.867595 0.205133 -0.452989 0.007500 0.992500
bush_leaves.bmp
1 -14.738951 -28.270493 11.921114 -0.867595 -0.205133 0.452989 0.007500 0.992500
1 -2.391573 -25.269976 36.928421 -0.867595 -0.205133 0.452989 0.492500 0.992500
1 -8.909895 2.162533 36.866722 -0.867595 -0.205133 0.452989 0.492500 0.507500
bush_leaves.bmp
1 -14.738951 -28.270493 11.921114 -0.867595 -0.205133 0.452989 0.007500 0.992500
1 -8.909895 2.162533 36.866722 -0.867595 -0.205133 0.452989 0.492500 0.507500
1 -21.257273 -0.837984 11.859415 -0.867595 -0.205133 0.452989 0.007500 0.507500
bush_leaves.bmp
1 -4.650533 -17.055000 7.037023 -0.219184 0.927022 -0.304284 0.507500 0.507500
1 -31.005676 -18.979969 20.156765 -0.219184 0.927022 -0.304284 0.992500 0.507500
1 -18.998314 -9.052959 41.750813 -0.219184 0.927022 -0.304284 0.992500 0.992500
bush_leaves.bmp
1 -4.650533 -17.055000 7.037023 -0.219184 0.927022 -0.304284 0.507500 0.507500
1 -18.998314 -9.052959 41.750813 -0.219184 0.927022 -0.304284 0.992500 0.992500
1 7.356832 -7.127990 28.631069 -0.219184 0.927022 -0.304284 0.507500 0.992500
bush_leaves.bmp
1 7.356832 -7.127990 28.631069 0.219184 -0.927022 0.304284 0.507500 0.992500
1 -18.998314 -9.052959 41.750813 0.219184 -0.927022 0.304284 0.992500 0.992500
1 -31.005676 -18.979969 20.156765 0.219184 -0.927022 0.304284 0.992500 0.507500
bush_leaves.bmp
1 7.356832 -7.127990 28.631069 0.219184 -0.927022 0.304285 0.507500 0.992500
1 -31.005676 -18.979969 20.156765 0.219184 -0.927022 0.304285 0.992500 0.507500
1 -4.650533 -17.055000 7.037023 0.219184 -0.927022 0.304285 0.507500 0.507500
oak_bark.bmp
0 -2.209806 0.000000 0.860362 -0.959883 -0.060793 -0.273730 0.000000 0.000000
0 -0.603224 -2.360076 0.510209 -0.336473 -0.847899 -0.409699 0.200000 0.000000
0 6.618418 0.694462 15.150973 -0.147164 -0.900725 0.408702 0.200000 0.145795
oak_bark.bmp
0 -2.209806 0.000000 0.860362 -0.959883 -0.060793 -0.273730 0.000000 0.000000
0 6.618418 0.694462 15.150973 -0.147164 -0.900725 0.408702 0.200000 0.145795
0 5.701099 2.031600 15.564247 -0.738358 0.003060 0.674402 0.000000 0.145795
oak_bark.bmp
0 -0.603224 -2.360076 0.510209 -0.336473 -0.847899 -0.409699 0.200000 0.000000
0 1.750481 -1.324565 0.000000 0.478811 -0.511332 -0.713639 0.400000 0.000000
0 7.687632 1.266767 14.158473 0.687264 -0.629102 -0.363178 0.400000 0.145795
oak_bark.bmp
0 -0.603224 -2.360076 0.510209 -0.336473 -0.847899 -0.409699 0.200000 0.000000
0 7.687632 1.266767 14.158473 0.687264 -0.629102 -0.363178 0.400000 0.145795
0 6.618418 0.694462 15.150973 -0.147164 -0.900725 0.408702 0.200000 0.145795
oak_bark.bmp
0 1.750481 -1.324565 0.000000 0.478811 -0.511332 -0.713639 0.400000 0.000000
0 1.778704 1.445718 0.000000 0.458931 0.439427 -0.772196 0.600000 0.000000
0 7.564628 2.876784 13.870927 0.568886 0.602457 -0.559834 0.600000 0.145795
oak_bark.bmp
0 1.750481 -1.324565 0.000000 0.478811 -0.511332 -0.713639 0.400000 0.000000
0 7.564628 2.876784 13.870927 0.568886 0.602457 -0.559834 0.600000 0.145795
0 7.687632 1.266767 14.158473 0.687264 -0.629102 -0.363178 0.400000 0.145795
oak_bark.bmp
0 1.778704 1.445718 0.000000 0.458931 0.439427 -0.772196 0.600000 0.000000
0 -0.795916 2.294887 0.042136 -0.450616 0.698847 -0.555480 0.800000 0.000000
0 6.289284 3.325503 14.783566 -0.381555 0.909150 0.166921 0.800000 0.145795
oak_bark.bmp
0 1.778704 1.445718 0.000000 0.458931 0.439427 -0.772196 0.600000 0.000000
0 6.289284 3.325503 14.783566 -0.381555 0.909150 0.166921 0.800000 0.145795
0 7.564628 2.876784 13.870927 0.568886 0.602457 -0.559834 0.600000 0.145795
oak_bark.bmp
0 -0.795916 2.294887 0.042136 -0.450616 0.698847 -0.555480 0.800000 0.000000
0 -2.209806 0.000000 0.860362 -0.959883 -0.060793 -0.273730 1.000000 0.000000
0 5.701099 2.031600 15.564247 -0.738358 0.003060 0.674402 1.000000 0.145795
oak_bark.bmp
0 -0.795916 2.294887 0.042136 -0.450616 0.698847 -0.555480 0.800000 0.000000
0 5.701099 2.031600 15.564247 -0.738358 0.003060 0.674402 1.000000 0.145795
0 6.289284 3.325503 14.783566 -0.381555 0.909150 0.166921 0.800000 0.145795
oak_bark.bmp
0 5.701099 2.031600 15.564247 -0.738358 0.003060 0.674402 0.000000 0.145795
0 6.618418 0.694462 15.150973 -0.147164 -0.900725 0.408702 0.200000 0.145795
0 27.115299 7.662980 28.796522 0.463230 -0.586061 0.664793 0.200000 0.363153
oak_bark.bmp
0 5.701099 2.031600 15.564247 -0.738358 0.003060 0.674402 0.000000 0.145795
0 27.115299 7.662980 28.796522 0.463230 -0.586061 0.664793 0.200000 0.363153
0 26.808029 8.126401 29.004261 -0.017995 0.168910 0.985467 0.000000 0.363153
oak_bark.bmp
0 6.618418 0.694462 15.150973 -0.147164 -0.900725 0.408702 0.200000 0.145795
0 7.687632 1.266767 14.158473 0.687264 -0.629102 -0.363178 0.400000 0.145795
0 27.402586 7.852790 28.371958 0.941727 -0.328003 -0.074596 0.400000 0.363153
oak_bark.bmp
0 6.618418 0.694462 15.150973 -0.147164 -0.900725 0.408702 0.200000 0.145795
0 27.402586 7.852790 28.371958 0.941727 -0.328003 -0.074596 0.400000 0.363153
0 27.115299 7.662980 28.796522 0.463230 -0.586061 0.664793 0.200000 0.363153
oak_bark.bmp
0 7.687632 1.266767 14.158473 0.687264 -0.629102 -0.363178 0.400000 0.145795
0 7.564628 2.876784 13.870927 0.568886 0.602457 -0.559834 0.600000 0.145795
0 27.315186 8.427688 28.267254 0.787748 0.563879 -0.247976 0.600000 0.363153
oak_bark.bmp
0 7.687632 1.266767 14.158473 0.687264 -0.629102 -0.363178 0.400000 0.145795
0 27.315186 8.427688 28.267254 0.787748 0.563879 -0.247976 0.600000 0.363153
0 27.402586 7.852790 28.371958 0.941727 -0.328003 -0.074596 0.400000 0.363153
oak_bark.bmp
0 7.564628 2.876784 13.870927 0.568886 0.602457 -0.559834 0.600000 0.145795
0 6.289284 3.325503 14.783566 -0.381555 0.909150 0.166921 0.800000 0.145795
0 26.942507 8.574930 28.672562 0.203340 0.875595 0.438162 0.800000 0.363153
oak_bark.bmp
0 7.564628 2.876784 13.870927 0.568886 0.602457 -0.559834 0.600000 0.145795
0 26.942507 8.574930 28.672562 0.203340 0.875595 0.438162 0.800000 0.363153
0 27.315186 8.427688 28.267254 0.787748 0.563879 -0.247976 0.600000 0.363153
oak_bark.bmp
0 6.289284 3.325503 14.783566 -0.381555 0.909150 0.166921 0.800000 0.145795
0 5.701099 2.031600 15.564247 -0.738358 0.003060 0.674402 1.000000 0.145795
0 26.808029 8.126401 29.004261 -0.017995 0.168910 0.985467 1.000000 0.363153
oak_bark.bmp
0 6.289284 3.325503 14.783566 -0.381555 0.909150 0.166921 0.800000 0.145795
0 26.808029 8.126401 29.004261 -0.017995 0.168910 0.985467 1.000000 0.363153
0 26.942507 8.574930 28.672562 0.203340 0.875595 0.438162 0.800000 0.363153
oak_bark.bmp
0 -2.209806 0.000000 0.860362 -0.959883 -0.060793 -0.273730 0.950000 0.500000
0 -0.795916 2.294887 0.042136 -0.450616 0.698847 -0.555480 0.639058 0.072025
0 1.778704 1.445718 0.000000 0.458931 0.439427 -0.772196 0.135942 0.235497
oak_bark.bmp
0 1.778704 1.445718 0.000000 0.458931 0.439427 -0.772196 0.135942 0.235497
0 1.750481 -1.324565 0.000000 0.478811 -0.511332 -0.713639 0.135942 0.764503
0 -0.603224 -2.360076 0.510209 -0.336473 -0.847899 -0.409699 0.639058 0.927975
oak_bark.bmp
0 1.778704 1.445718 0.000000 0.458931 0.439427 -0.772196 0.135942 0.235497
0 -0.603224 -2.360076 0.510209 -0.336473 -0.847899 -0.409699 0.639058 0.927975
0 -2.209806 0.000000 0.860362 -0.959883 -0.060793 -0.273730 0.950000 0.500000
oak_bark.bmp
0 26.942507 8.574930 28.672562 0.203340 0.875595 0.438162 0.639058 0.072025
0 26.808029 8.126401 29.004261 -0.017995 0.168910 0.985467 0.950000 0.500000
0 27.115299 7.662980 28.796522 0.463230 -0.586061 0.664793 0.639058 0.927975
oak_bark.bmp
0 27.115299 7.662980 28.796522 0.463230 -0.586061 0.664793 0.639058 0.927975
0 27.402586 7.852790 28.371958 0.941727 -0.328003 -0.074596 0.135942 0.764503
0 27.315186 8.427688 28.267254 0.787748 0.563879 -0.247976 0.135942 0.235497
oak_bark.bmp
0 27.115299 7.662980 28.796522 0.463230 -0.586061 0.664793 0.639058 0.927975
0 27.315186 8.427688 28.267254 0.787748 0.563879 -0.247976 0.135942 0.235497
0 26.942507 8.574930 28.672562 0.203340 0.875595 0.438162 0.639058 0.072025
bush_leaves.bmp
1 18.598862 3.102798 7.110906 -0.164148 0.985623 0.040033 0.507500 0.007500
1 -3.319001 -1.244453 24.271053 -0.164148 0.985623 0.040033 0.992500 0.007500
1 18.524857 1.413637 48.394909 -0.164148 0.985623 0.040033 0.992500 0.492500
bush_leaves.bmp
1 18.598862 3.102798 7.110906 -0.164148 0.985623 0.040033 0.507500 0.007500
1 18.524857 1.413637 48.394909 -0.164148 0.985623 0.040033 0.992500 0.492500
1 40.442719 5.760888 31.234762 -0.164148 0.985623 0.040033 0.507500 0.492500
bush_leaves.bmp
1 40.442719 5.760888 31.234762 0.164148 -0.985623 -0.040033 0.507500 0.492500
1 18.524857 1.413637 48.394909 0.164148 -0.985623 -0.040033 0.992500 0.492500
1 -3.319001 -1.244453 24.271053 0.164148 -0.985623 -0.040033 0.992500 0.007500
bush_leaves.bmp
1 40.442719 5.760888 31.234762 0.164148 -0.985623 -0.040033 0.507500 0.492500
1 -3.319001 -1.244453 24.271053 0.164148 -0.985623 -0.040033 0.992500 0.007500
1 18.598862 3.102798 7.110906 0.164148 -0.985623 -0.040033 0.507500 0.007500
bush_leaves.bmp
1 17.441822 -0.625937 7.292861 -0.983491 -0.163793 0.076928 0.507500 0.007500
1 22.184147 -19.908155 26.866240 -0.983491 -0.163793 0.076928 0.992500 0.007500
1 19.681896 5.142371 48.212952 -0.983491 -0.163793 0.076928 0.992500 0.492500
bush_leaves.bmp
1 17.441822 -0.625937 7.292861 -0.983491 -0.163793 0.076928 0.507500 0.007500
1 19.681896 5.142371 48.212952 -0.983491 -0.163793 0.076928 0.992500 0.492500
1 14.939570 24.424589 28.639572 -0.983491 -0.163793 0.076928 0.507500 0.492500
bush_leaves.bmp
1 14.939570 24.424589 28.639572 0.983491 0.163793 -0.076928 0.507500 0.492500
1 19.681896 5.142371 48.212952 0.983491 0.163793 -0.076928 0.992500 0.492500
1 22.184147 -19.908155 26.866240 0.983491 0.163793 -0.076928 0.992500 0.007500
bush_leaves.bmp
1 14.939570 24.424589 28.639572 0.983491 0.163793 -0.076928 0.507500 0.492500
1 22.184147 -19.908155 26.866240 0.983491 0.163793 -0.076928 0.992500 0.007500
1 17.441822 -0.625937 7.292861 0.983491 0.163793 -0.076928 0.507500 0.007500
bush_leaves.bmp
1 10.051840 -4.993979 31.121693 0.678314 -0.564306 0.470583 0.007500 0.507500
1 24.700838 -3.107115 12.268774 0.678314 -0.564306 0.470583 0.492500 0.507500
1 35.653915 17.503077 21.195642 0.678314 -0.564306 0.470583 0.492500 0.992500
bush_leaves.bmp
1 10.051840 -4.993979 31.121693 0.678314 -0.564306 0.470583 0.007500 0.507500
1 35.653915 17.503077 21.195642 0.678314 -0.564306 0.470583 0.492500 0.992500
1 21.004919 15.616212 40.048557 0.678314 -0.564306 0.470583 0.007500 0.992500
bush_leaves.bmp
1 21.004919 15.616212 40.048557 -0.678314 0.564306 -0.470583 0.007500 0.992500
1 35.653915 17.503077 21.195642 -0.678314 0.564306 -0.470583 0.492500 0.992500
1 24.700838 -3.107115 12.268774 -0.678314 0.564306 -0.470583 0.492500 0.507500
bush_leaves.bmp
1 21.004919 15.616212 40.048557 -0.678314 0.564306 -0.470583 0.007500 0.992500
1 24.700838 -3.107115 12.268774 -0.678314 0.564306 -0.470583 0.492500 0.507500
1 10.051840 -4.993979 31.121693 -0.678314 0.564306 -0.470583 0.007500 0.507500
bush_leaves.bmp
1 18.331625 8.848052 41.870693 0.638503 0.767502 0.057047 0.507500 0.507500
1 35.844379 -4.903563 30.869774 0.638503 0.767502 0.057047 0.992500 0.507500
1 27.374134 3.661045 10.446640 0.638503 0.767502 0.057047 0.992500 0.992500
bush_leaves.bmp
1 18.331625 8.848052 41.870693 0.638503 0.767502 0.057047 0.507500 0.507500
1 27.374134 3.661045 10.446640 0.638503 0.767502 0.057047 0.992500 0.992500
1 9.861378 17.412659 21.447557 0.638503 0.767502 0.057047 0.507500 0.992500
bush_leaves.bmp
1 9.861378 17.412659 21.447557 -0.638503 -0.767502 -0.057047 0.507500 0.992500
1 27.374134 3.661045 10.446640 -0.638503 -0.767502 -0.057047 0.992500 0.992500
1 35.844379 -4.903563 30.869774 -0.638503 -0.767502 -0.057047 0.992500 0.507500
bush_leaves.bmp
1 9.861378 17.412659 21.447557 -0.638503 -0.767502 -0.057047 0.507500 0.992500
1 35.844379 -4.903563 30.869774 -0.638503 -0.767502 -0.057047 0.992500 0.507500
1 18.331625 8.848052 41.870693 -0.638503 -0.767502 -0.057047 0.507500 0.507500
bush_leaves.bmp
1 30.698029 -23.219662 30.217943 -0.989567 -0.011392 0.143624 0.007500 0.507500
1 32.402607 5.435392 44.235229 -0.989567 -0.011392 0.143624 0.492500 0.507500
1 28.720089 19.699753 19.994183 -0.989567 -0.011392 0.143624 0.492500 0.992500
bush_leaves.bmp
1 30.698029 -23.219662 30.217943 -0.989567 -0.011392 0.143624 0.007500 0.507500
1 28.720089 19.699753 19.994183 -0.989567 -0.011392 0.143624 0.492500 0.992500
1 27.015511 -8.955302 5.976902 -0.989567 -0.011392 0.143624 0.007500 0.992500
bush_leaves.bmp
1 27.015511 -8.955302 5.976902 0.989567 0.011392 -0.143624 0.007500 0.992500
1 28.720089 19.699753 19.994183 0.989567 0.011392 -0.143624 0.492500 0.992500
1 32.402607 5.435392 44.235229 0.989567 0.011392 -0.143624 0.492500 0.507500
bush_leaves.bmp
1 27.015511 -8.955302 5.976902 0.989567 0.011392 -0.143624 0.007500 0.992500
1 32.402607 5.435392 44.235229 0.989567 0.011392 -0.143624 0.492500 0.507500
1 30.698029 -23.219662 30.217943 0.989567 0.011392 -0.143624 0.007500 0.507500
bush_leaves.bmp
1 26.090923 -8.622583 6.002482 0.010841 -0.941714 0.336241 0.007500 0.007500
1 51.807556 -2.157343 23.280619 0.010841 -0.941714 0.336241 0.492500 0.007500
1 33.327194 5.102672 44.209648 0.010841 -0.941714 0.336241 0.492500 0.492500
bush_leaves.bmp
1 26.090923 -8.622583 6.002482 0.010841 -0.941714 0.336241 0.007500 0.007500
1 33.327194 5.102672 44.209648 0.010841 -0.941714 0.336241 0.492500 0.492500
1 7.610562 -1.362567 26.931511 0.010841 -0.941714 0.336241 0.007500 0.492500
bush_leaves.bmp
1 7.610562 -1.362567 26.931511 -0.010841 0.941714 -0.336241 0.007500 0.492500
1 33.327194 5.102672 44.209648 -0.010841 0.941714 -0.336241 0.492500 0.492500
1 51.807556 -2.157343 23.280619 -0.010841 0.941714 -0.336241 0.492500 0.007500
bush_leaves.bmp
1 7.610562 -1.362567 26.931511 -0.010841 0.941714 -0.336241 0.007500 0.492500
1 51.807556 -2.157343 23.280619 -0.010841 0.941714 -0.336241 0.492500 0.007500
1 26.090923 -8.622583 6.002482 -0.010841 0.941714 -0.336241 0.007500 0.007500
bush_leaves.bmp
1 23.619740 3.235809 4.336509 -0.862374 0.461885 0.207299 0.507500 0.007500
1 26.027142 -5.747414 34.367062 -0.862374 0.461885 0.207299 0.992500 0.007500
1 39.851635 17.813343 39.381729 -0.862374 0.461885 0.207299 0.992500 0.492500
bush_leaves.bmp
1 23.619740 3.235809 4.336509 -0.862374 0.461885 0.207299 0.507500 0.007500
1 39.851635 17.813343 39.381729 -0.862374 0.461885 0.207299 0.992500 0.492500
1 37.444233 26.796566 9.351176 -0.862374 0.461885 0.207299 0.507500 0.492500
bush_leaves.bmp
1 37.444233 26.796566 9.351176 0.862374 -0.461885 -0.207299 0.507500 0.492500
1 39.851635 17.813343 39.381729 0.862374 -0.461885 -0.207299 0.992500 0.492500
1 26.027142 -5.747414 34.367062 0.862374 -0.461885 -0.207299 0.992500 0.007500
bush_leaves.bmp
1 37.444233 26.796566 9.351176 0.862374 -0.461885 -0.207299 0.507500 0.492500
1 26.027142 -5.747414 34.367062 0.862374 -0.461885 -0.207299 0.992500 0.007500
1 23.619740 3.235809 4.336509 0.862374 -0.461885 -0.207299 0.507500 0.007500
bush_leaves.bmp
1 13.127467 20.293343 15.977352 -0.471934 -0.881136 0.029622 0.507500 0.507500
1 40.655773 5.149470 4.084524 -0.471934 -0.881136 0.029622 0.992500 0.507500
1 50.343906 0.755809 27.740887 -0.471934 -0.881136 0.029622 0.992500 0.992500
bush_leaves.bmp
1 13.127467 20.293343 15.977352 -0.471934 -0.881136 0.029622 0.507500 0.507500
1 50.343906 0.755809 27.740887 -0.471934 -0.881136 0.029622 0.992500 0.992500
1 22.815598 15.899681 39.633717 -0.471934 -0.881136 0.029622 0.507500 0.992500
bush_leaves.bmp
1 22.815598 15.899681 39.633717 0.471933 0.881136 -0.029622 0.507500 0.992500
1 50.343906 0.755809 27.740887 0.471933 0.881136 -0.029622 0.992500 0.992500
1 40.655773 5.149470 4.084524 0.471933 0.881136 -0.029622 0.992500 0.507500
bush_leaves.bmp
1 22.815598 15.899681 39.633717 0.471934 0.881136 -0.029622 0.507500 0.992500
1 40.655773 5.149470 4.084524 0.471934 0.881136 -0.029622 0.992500 0.507500
1 13.127467 20.293343 15.977352 0.471934 0.881136 -0.029622 0.507500 0.507500
bush_leaves.bmp
1 28.004007 3.461268 12.067845 0.844133 -0.535107 0.033161 0.507500 0.007500
1 43.887226 28.703417 15.074219 0.844133 -0.535107 0.033161 0.992500 0.007500
1 41.365238 26.423605 42.484257 0.844133 -0.535107 0.033161 0.992500 0.492500
bush_leaves.bmp
1 28.004007 3.461268 12.067845 0.844133 -0.535107 0.033161 0.507500 0.007500
1 41.365238 26.423605 42.484257 0.844133 -0.535107 0.033161 0.992500 0.492500
1 25.482023 1.181457 39.477886 0.844133 -0.535107 0.033161 0.507500 0.492500
bush_leaves.bmp
1 25.482023 1.181457 39.477886 -0.844133 0.535107 -0.033161 0.507500 0.492500
1 41.365238 26.423605 42.484257 -0.844133 0.535107 -0.033161 0.992500 0.492500
1 43.887226 28.703417 15.074219 -0.844133 0.535107 -0.033161 0.992500 0.007500
bush_leaves.bmp
1 25.482023 1.181457 39.477886 -0.844133 0.535107 -0.033161 0.507500 0.492500
1 43.887226 28.703417 15.074219 -0.844133 0.535107 -0.033161 0.992500 0.007500
1 28.004007 3.461268 12.067845 -0.844133 0.535107 -0.033161 0.507500 0.007500
bush_leaves.bmp
1 16.999531 26.545210 25.681326 0.524225 0.826967 0.203261 0.507500 0.507500
1 31.057949 12.549953 46.363285 0.524225 0.826967 0.203261 0.992500 0.507500
1 52.369717 3.339662 28.870777 0.524225 0.826967 0.203261 0.992500 0.992500
bush_leaves.bmp
1 16.999531 26.545210 25.681326 0.524225 0.826967 0.203261 0.507500 0.507500
1 52.369717 3.339662 28.870777 0.524225 0.826967 0.203261 0.992500 0.992500
1 38.311295 17.334917 8.188818 0.524225 0.826967 0.203261 0.507500 0.992500
bush_leaves.bmp
1 38.311295 17.334917 8.188818 -0.524224 -0.826967 -0.203261 0.507500 0.992500
1 52.369717 3.339662 28.870777 -0.524224 -0.826967 -0.203261 0.992500 0.992500
1 31.057949 12.549953 46.363285 -0.524224 -0.826967 -0.203261 0.992500 0.507500
bush_leaves.bmp
1 38.311295 17.334917 8.188818 -0.524225 -0.826966 -0.203261 0.507500 0.992500
1 31.057949 12.549953 46.363285 -0.524225 -0.826966 -0.203261 0.992500 0.507500
1 16.999531 26.545210 25.681326 -0.524225 -0.826966 -0.203261 0.507500 0.507500
end
