version 1
nodes
0 "root" -1
1 "canopy" 0
end
skeleton
time 0
0 0 0 0 0 0 0
1 0 0 161.625935 0.000000 0.000000 0
end
triangles
birch_bark.bmp
0 -15.993473 0.000000 0.000000 -0.758078 -0.008417 -0.652110 0.000000 0.000000
0 -13.469669 -9.790281 0.000000 -0.611117 -0.502511 -0.611570 0.100000 0.000000
0 -11.934087 -7.218534 66.776787 -0.776119 -0.627303 0.064270 0.100000 0.583571
birch_bark.bmp
0 -15.993473 0.000000 0.000000 -0.758078 -0.008417 -0.652110 0.000000 0.000000
0 -11.934087 -7.218534 66.776787 -0.776119 -0.627303 0.064270 0.100000 0.583571
0 -14.255851 0.000000 66.712570 -0.998255 -0.015638 0.056935 0.000000 0.583571
birch_bark.bmp
0 -13.469669 -9.790281 0.000000 -0.611117 -0.502511 -0.611570 0.100000 0.000000
0 -4.672146 -14.385255 0.000000 -0.225671 -0.720363 -0.655858 0.200000 0.000000
0 -5.510240 -10.809737 66.739647 -0.325983 -0.943513 0.059321 0.200000 0.583571
birch_bark.bmp
0 -13.469669 -9.790281 0.000000 -0.611117 -0.502511 -0.611570 0.100000 0.000000
0 -5.510240 -10.809737 66.739647 -0.325983 -0.943513 0.059321 0.200000 0.583571
0 -11.934087 -7.218534 66.776787 -0.776119 -0.627303 0.064270 0.100000 0.583571
birch_bark.bmp
0 -4.672146 -14.385255 0.000000 -0.225671 -0.720363 -0.655858 0.200000 0.000000
0 5.099489 -15.701018 0.138523 0.222519 -0.764012 -0.605616 0.300000 0.000000
0 1.883555 -11.945359 66.657578 0.265199 -0.962604 0.055342 0.300000 0.583571
birch_bark.bmp
0 -4.672146 -14.385255 0.000000 -0.225671 -0.720363 -0.655858 0.200000 0.000000
0 1.883555 -11.945359 66.657578 0.265199 -0.962604 0.055342 0.300000 0.583571
0 -5.510240 -10.809737 66.739647 -0.325983 -0.943513 0.059321 0.200000 0.583571
birch_bark.bmp
0 5.099489 -15.701018 0.138523 0.222519 -0.764012 -0.605616 0.300000 0.000000
0 13.097610 -9.519854 0.355784 0.679689 -0.427036 -0.596375 0.400000 0.000000
0 7.615537 -6.985130 66.517365 0.838521 -0.543295 0.041392 0.400000 0.583571
birch_bark.bmp
0 5.099489 -15.701018 0.138523 0.222519 -0.764012 -0.605616 0.300000 0.000000
0 7.615537 -6.985130 66.517365 0.838521 -0.543295 0.041392 0.400000 0.583571
0 1.883555 -11.945359 66.657578 0.265199 -0.962604 0.055342 0.300000 0.583571
birch_bark.bmp
0 13.097610 -9.519854 0.355784 0.679689 -0.427036 -0.596375 0.400000 0.000000
0 15.223390 -0.000000 0.413529 0.776686 -0.027931 -0.629269 0.500000 0.000000
0 9.590927 -0.000000 66.399857 0.998409 -0.047410 0.030531 0.500000 0.583571
birch_bark.bmp
0 13.097610 -9.519854 0.355784 0.679689 -0.427036 -0.596375 0.400000 0.000000
0 9.590927 -0.000000 66.399857 0.998409 -0.047410 0.030531 0.500000 0.583571
0 7.615537 -6.985130 66.517365 0.838521 -0.543295 0.041392 0.400000 0.583571
birch_bark.bmp
0 15.223390 -0.000000 0.413529 0.776686 -0.027931 -0.629269 0.500000 0.000000
0 13.610567 9.892692 0.369718 0.664882 0.467089 -0.582889 0.600000 0.000000
0 8.238712 7.439888 66.320023 0.804740 0.592929 0.028784 0.600000 0.583571
birch_bark.bmp
0 15.223390 -0.000000 0.413529 0.776686 -0.027931 -0.629269 0.500000 0.000000
0 8.238712 7.439888 66.320023 0.804740 0.592929 0.028784 0.600000 0.583571
0 9.590927 -0.000000 66.399857 0.998409 -0.047410 0.030531 0.500000 0.583571
birch_bark.bmp
0 13.610567 9.892692 0.369718 0.664882 0.467089 -0.582889 0.600000 0.000000
0 4.838399 14.897138 0.131430 0.212444 0.750165 -0.626195 0.700000 0.000000
0 1.560610 10.964850 66.361374 0.263020 0.964444 0.025861 0.700000 0.583571
birch_bark.bmp
0 13.610567 9.892692 0.369718 0.664882 0.467089 -0.582889 0.600000 0.000000
0 1.560610 10.964850 66.361374 0.263020 0.964444 0.025861 0.700000 0.583571
0 8.238712 7.439888 66.320023 0.804740 0.592929 0.028784 0.600000 0.583571
birch_bark.bmp
0 4.838399 14.897138 0.131430 0.212444 0.750165 -0.626195 0.700000 0.000000
0 -4.824130 14.853204 0.000000 -0.182889 0.745709 -0.640679 0.800000 0.000000
0 -5.699914 11.380503 66.451134 -0.259196 0.965257 0.033127 0.800000 0.583571
birch_bark.bmp
0 4.838399 14.897138 0.131430 0.212444 0.750165 -0.626195 0.700000 0.000000
0 -5.699914 11.380503 66.451134 -0.259196 0.965257 0.033127 0.800000 0.583571
0 1.560610 10.964850 66.361374 0.263020 0.964444 0.025861 0.700000 0.583571
birch_bark.bmp
0 -4.824130 14.853204 0.000000 -0.182889 0.745709 -0.640679 0.800000 0.000000
0 -13.622990 9.901721 0.000000 -0.625281 0.482812 -0.613120 0.900000 0.000000
0 -12.123945 7.354459 66.588173 -0.802247 0.595125 0.047195 0.900000 0.583571
birch_bark.bmp
0 -4.824130 14.853204 0.000000 -0.182889 0.745709 -0.640679 0.800000 0.000000
0 -12.123945 7.354459 66.588173 -0.802247 0.595125 0.047195 0.900000 0.583571
0 -5.699914 11.380503 66.451134 -0.259196 0.965257 0.033127 0.800000 0.583571
birch_bark.bmp
0 -13.622990 9.901721 0.000000 -0.625281 0.482812 -0.613120 0.900000 0.000000
0 -15.993473 0.000000 0.000000 -0.758078 -0.008417 -0.652110 1.000000 0.000000
0 -14.255851 0.000000 66.712570 -0.998255 -0.015638 0.056935 1.000000 0.583571
birch_bark.bmp
0 -13.622990 9.901721 0.000000 -0.625281 0.482812 -0.613120 0.900000 0.000000
0 -14.255851 0.000000 66.712570 -0.998255 -0.015638 0.056935 1.000000 0.583571
0 -12.123945 7.354459 66.588173 -0.802247 0.595125 0.047195 0.900000 0.583571
birch_bark.bmp
0 -14.255851 0.000000 66.712570 -0.998255 -0.015638 0.056935 0.000000 0.583571
0 -11.934087 -7.218534 66.776787 -0.776119 -0.627303 0.064270 0.100000 0.583571
0 -6.101384 -3.891294 138.184174 -0.771618 -0.632989 0.062692 0.100000 1.209682
birch_bark.bmp
0 -14.255851 0.000000 66.712570 -0.998255 -0.015638 0.056935 0.000000 0.583571
0 -6.101384 -3.891294 138.184174 -0.771618 -0.632989 0.062692 0.100000 1.209682
0 -8.385204 2.000000 138.276291 -0.997307 -0.011338 0.072457 0.000000 1.209682
birch_bark.bmp
0 -11.934087 -7.218534 66.776787 -0.776119 -0.627303 0.064270 0.100000 0.583571
0 -5.510240 -10.809737 66.739647 -0.325983 -0.943513 0.059321 0.200000 0.583571
0 -0.956173 -7.106347 137.976654 -0.341950 -0.938768 0.042259 0.200000 1.209682
birch_bark.bmp
0 -11.934087 -7.218534 66.776787 -0.776119 -0.627303 0.064270 0.100000 0.583571
0 -0.956173 -7.106347 137.976654 -0.341950 -0.938768 0.042259 0.200000 1.209682
0 -6.101384 -3.891294 138.184174 -0.771618 -0.632989 0.062692 0.100000 1.209682
birch_bark.bmp
0 -5.510240 -10.809737 66.739647 -0.325983 -0.943513 0.059321 0.200000 0.583571
0 1.883555 -11.945359 66.657578 0.265199 -0.962604 0.055342 0.300000 0.583571
0 5.255190 -8.027457 137.726120 0.303906 -0.952571 0.015810 0.300000 1.209682
birch_bark.bmp
0 -5.510240 -10.809737 66.739647 -0.325983 -0.943513 0.059321 0.200000 0.583571
0 5.255190 -8.027457 137.726120 0.303906 -0.952571 0.015810 0.300000 1.209682
0 -0.956173 -7.106347 137.976654 -0.341950 -0.938768 0.042259 0.200000 1.209682
birch_bark.bmp
0 1.883555 -11.945359 66.657578 0.265199 -0.962604 0.055342 0.300000 0.583571
0 7.615537 -6.985130 66.517365 0.838521 -0.543295 0.041392 0.400000 0.583571
0 9.841049 -3.701980 137.541138 0.839917 -0.542585 -0.011830 0.400000 1.209682
birch_bark.bmp
0 1.883555 -11.945359 66.657578 0.265199 -0.962604 0.055342 0.300000 0.583571
0 9.841049 -3.701980 137.541138 0.839917 -0.542585 -0.011830 0.400000 1.209682
0 5.255190 -8.027457 137.726120 0.303906 -0.952571 0.015810 0.300000 1.209682
birch_bark.bmp
0 7.615537 -6.985130 66.517365 0.838521 -0.543295 0.041392 0.400000 0.583571
0 9.590927 -0.000000 66.399857 0.998409 -0.047410 0.030531 0.500000 0.583571
0 11.846366 2.000000 137.460266 0.998384 -0.052920 -0.020724 0.500000 1.209682
birch_bark.bmp
0 7.615537 -6.985130 66.517365 0.838521 -0.543295 0.041392 0.400000 0.583571
0 11.846366 2.000000 137.460266 0.998384 -0.052920 -0.020724 0.500000 1.209682
0 9.841049 -3.701980 137.541138 0.839917 -0.542585 -0.011830 0.400000 1.209682
birch_bark.bmp
0 9.590927 -0.000000 66.399857 0.998409 -0.047410 0.030531 0.500000 0.583571
0 8.238712 7.439888 66.320023 0.804740 0.592929 0.028784 0.600000 0.583571
0 10.480687 8.167122 137.515350 0.791133 0.611559 -0.010233 0.600000 1.209682
birch_bark.bmp
0 9.590927 -0.000000 66.399857 0.998409 -0.047410 0.030531 0.500000 0.583571
0 10.480687 8.167122 137.515350 0.791133 0.611559 -0.010233 0.600000 1.209682
0 11.846366 2.000000 137.460266 0.998384 -0.052920 -0.020724 0.500000 1.209682
birch_bark.bmp
0 8.238712 7.439888 66.320023 0.804740 0.592929 0.028784 0.600000 0.583571
0 1.560610 10.964850 66.361374 0.263020 0.964444 0.025861 0.700000 0.583571
0 4.929622 11.024559 137.739258 0.288593 0.957407 0.009291 0.700000 1.209682
birch_bark.bmp
0 8.238712 7.439888 66.320023 0.804740 0.592929 0.028784 0.600000 0.583571
0 4.929622 11.024559 137.739258 0.288593 0.957407 0.009291 0.700000 1.209682
0 10.480687 8.167122 137.515350 0.791133 0.611559 -0.010233 0.600000 1.209682
birch_bark.bmp
0 1.560610 10.964850 66.361374 0.263020 0.964444 0.025861 0.700000 0.583571
0 -5.699914 11.380503 66.451134 -0.259196 0.965257 0.033127 0.800000 0.583571
0 -1.145690 11.690146 137.984299 -0.248680 0.967978 0.034310 0.800000 1.209682
birch_bark.bmp
0 1.560610 10.964850 66.361374 0.263020 0.964444 0.025861 0.700000 0.583571
0 -1.145690 11.690146 137.984299 -0.248680 0.967978 0.034310 0.800000 1.209682
0 4.929622 11.024559 137.739258 0.288593 0.957407 0.009291 0.700000 1.209682
birch_bark.bmp
0 -5.699914 11.380503 66.451134 -0.259196 0.965257 0.033127 0.800000 0.583571
0 -12.123945 7.354459 66.588173 -0.802247 0.595125 0.047195 0.900000 0.583571
0 -6.292571 8.030325 138.191895 -0.794719 0.603901 0.061037 0.900000 1.209682
birch_bark.bmp
0 -5.699914 11.380503 66.451134 -0.259196 0.965257 0.033127 0.800000 0.583571
0 -6.292571 8.030325 138.191895 -0.794719 0.603901 0.061037 0.900000 1.209682
0 -1.145690 11.690146 137.984299 -0.248680 0.967978 0.034310 0.800000 1.209682
birch_bark.bmp
0 -12.123945 7.354459 66.588173 -0.802247 0.595125 0.047195 0.900000 0.583571
0 -14.255851 0.000000 66.712570 -0.998255 -0.015638 0.056935 1.000000 0.583571
0 -8.385204 2.000000 138.276291 -0.997307 -0.011338 0.072457 1.000000 1.209682
birch_bark.bmp
0 -12.123945 7.354459 66.588173 -0.802247 0.595125 0.047195 0.900000 0.583571
0 -8.385204 2.000000 138.276291 -0.997307 -0.011338 0.072457 1.000000 1.209682
0 -6.292571 8.030325 138.191895 -0.794719 0.603901 0.061037 0.900000 1.209682
birch_bark.bmp
0 -8.385204 2.000000 138.276291 -0.997307 -0.011338 0.072457 0.000000 1.209682
0 -6.101384 -3.891294 138.184174 -0.771618 -0.632989 0.062692 0.100000 1.209682
0 -1.337496 -4.611560 223.758820 -0.771020 -0.632505 0.073929 0.100000 1.960283
birch_bark.bmp
0 -8.385204 2.000000 138.276291 -0.997307 -0.011338 0.072457 0.000000 1.209682
0 -1.337496 -4.611560 223.758820 -0.771020 -0.632505 0.073929 0.100000 1.960283
0 -3.397148 0.000000 223.867615 -0.995773 -0.023235 0.088857 0.000000 1.960283
birch_bark.bmp
0 -6.101384 -3.891294 138.184174 -0.771618 -0.632989 0.062692 0.100000 1.209682
0 -0.956173 -7.106347 137.976654 -0.341950 -0.938768 0.042259 0.200000 1.209682
0 2.594743 -7.414033 223.551132 -0.357761 -0.932542 0.048701 0.200000 1.960283
birch_bark.bmp
0 -6.101384 -3.891294 138.184174 -0.771618 -0.632989 0.062692 0.100000 1.209682
0 2.594743 -7.414033 223.551132 -0.357761 -0.932542 0.048701 0.200000 1.960283
0 -1.337496 -4.611560 223.758820 -0.771020 -0.632505 0.073929 0.100000 1.960283
birch_bark.bmp
0 -0.956173 -7.106347 137.976654 -0.341950 -0.938768 0.042259 0.200000 1.209682
0 5.255190 -8.027457 137.726120 0.303906 -0.952571 0.015810 0.300000 1.209682
0 7.600000 -8.014317 223.286758 0.314409 -0.949213 0.011912 0.300000 1.960283
birch_bark.bmp
0 -0.956173 -7.106347 137.976654 -0.341950 -0.938768 0.042259 0.200000 1.209682
0 7.600000 -8.014317 223.286758 0.314409 -0.949213 0.011912 0.300000 1.960283
0 2.594743 -7.414033 223.551132 -0.357761 -0.932542 0.048701 0.200000 1.960283
birch_bark.bmp
0 5.255190 -8.027457 137.726120 0.303906 -0.952571 0.015810 0.300000 1.209682
0 9.841049 -3.701980 137.541138 0.839917 -0.542585 -0.011830 0.400000 1.209682
0 11.167946 -4.488185 223.098297 0.826274 -0.562918 -0.019849 0.400000 1.960283
birch_bark.bmp
0 5.255190 -8.027457 137.726120 0.303906 -0.952571 0.015810 0.300000 1.209682
0 11.167946 -4.488185 223.098297 0.826274 -0.562918 -0.019849 0.400000 1.960283
0 7.600000 -8.014317 223.286758 0.314409 -0.949213 0.011912 0.300000 1.960283
birch_bark.bmp
0 9.841049 -3.701980 137.541138 0.839917 -0.542585 -0.011830 0.400000 1.209682
0 11.846366 2.000000 137.460266 0.998384 -0.052920 -0.020724 0.500000 1.209682
0 13.046215 -0.000000 222.999100 0.997424 -0.065601 -0.029008 0.500000 1.960283
birch_bark.bmp
0 9.841049 -3.701980 137.541138 0.839917 -0.542585 -0.011830 0.400000 1.209682
0 13.046215 -0.000000 222.999100 0.997424 -0.065601 -0.029008 0.500000 1.960283
0 11.167946 -4.488185 223.098297 0.826274 -0.562918 -0.019849 0.400000 1.960283
birch_bark.bmp
0 11.846366 2.000000 137.460266 0.998384 -0.052920 -0.020724 0.500000 1.209682
0 10.480687 8.167122 137.515350 0.791133 0.611559 -0.010233 0.600000 1.209682
0 11.693296 4.870463 223.070541 0.782156 0.622894 -0.015336 0.600000 1.960283
birch_bark.bmp
0 11.846366 2.000000 137.460266 0.998384 -0.052920 -0.020724 0.500000 1.209682
0 11.693296 4.870463 223.070541 0.782156 0.622894 -0.015336 0.600000 1.960283
0 13.046215 -0.000000 222.999100 0.997424 -0.065601 -0.029008 0.500000 1.960283
birch_bark.bmp
0 10.480687 8.167122 137.515350 0.791133 0.611559 -0.010233 0.600000 1.209682
0 4.929622 11.024559 137.739258 0.288593 0.957407 0.009291 0.700000 1.209682
0 7.332603 7.190082 223.300873 0.307390 0.951535 0.009632 0.700000 1.960283
birch_bark.bmp
0 10.480687 8.167122 137.515350 0.791133 0.611559 -0.010233 0.600000 1.209682
0 7.332603 7.190082 223.300873 0.307390 0.951535 0.009632 0.700000 1.960283
0 11.693296 4.870463 223.070541 0.782156 0.622894 -0.015336 0.600000 1.960283
birch_bark.bmp
0 4.929622 11.024559 137.739258 0.288593 0.957407 0.009291 0.700000 1.209682
0 -1.145690 11.690146 137.984299 -0.248680 0.967978 0.034310 0.800000 1.209682
0 2.439088 7.893830 223.559357 -0.269331 0.961937 0.046228 0.800000 1.960283
birch_bark.bmp
0 4.929622 11.024559 137.739258 0.288593 0.957407 0.009291 0.700000 1.209682
0 2.439088 7.893830 223.559357 -0.269331 0.961937 0.046228 0.800000 1.960283
0 7.332603 7.190082 223.300873 0.307390 0.951535 0.009632 0.700000 1.960283
birch_bark.bmp
0 -1.145690 11.690146 137.984299 -0.248680 0.967978 0.034310 0.800000 1.209682
0 -6.292571 8.030325 138.191895 -0.794719 0.603901 0.061037 0.900000 1.209682
0 -1.494522 4.725822 223.767120 -0.802750 0.591353 0.076770 0.900000 1.960283
birch_bark.bmp
0 -1.145690 11.690146 137.984299 -0.248680 0.967978 0.034310 0.800000 1.209682
0 -1.494522 4.725822 223.767120 -0.802750 0.591353 0.076770 0.900000 1.960283
0 2.439088 7.893830 223.559357 -0.269331 0.961937 0.046228 0.800000 1.960283
birch_bark.bmp
0 -6.292571 8.030325 138.191895 -0.794719 0.603901 0.061037 0.900000 1.209682
0 -8.385204 2.000000 138.276291 -0.997307 -0.011338 0.072457 1.000000 1.209682
0 -3.397148 0.000000 223.867615 -0.995773 -0.023235 0.088857 1.000000 1.960283
birch_bark.bmp
0 -6.292571 8.030325 138.191895 -0.794719 0.603901 0.061037 0.900000 1.209682
0 -3.397148 0.000000 223.867615 -0.995773 -0.023235 0.088857 1.000000 1.960283
0 -1.494522 4.725822 223.767120 -0.802750 0.591353 0.076770 0.900000 1.960283
birch_bark.bmp
0 -3.397148 0.000000 223.867615 -0.995773 -0.023235 0.088857 0.000000 1.960283
0 -1.337496 -4.611560 223.758820 -0.771020 -0.632505 0.073929 0.100000 1.960283
0 8.110126 -0.827325 309.123657 -0.775633 -0.627602 0.067148 0.100000 2.712733
birch_bark.bmp
0 -3.397148 0.000000 223.867615 -0.995773 -0.023235 0.088857 0.000000 1.960283
0 8.110126 -0.827325 309.123657 -0.775633 -0.627602 0.067148 0.100000 2.712733
0 6.726543 2.000000 309.107361 -0.997708 -0.015089 0.065969 0.000000 2.712733
birch_bark.bmp
0 -1.337496 -4.611560 223.758820 -0.771020 -0.632505 0.073929 0.100000 1.960283
0 2.594743 -7.414033 223.551132 -0.357761 -0.932542 0.048701 0.200000 1.960283
0 10.464311 -2.732832 309.103180 -0.354033 -0.932990 0.064740 0.200000 2.712733
birch_bark.bmp
0 -1.337496 -4.611560 223.758820 -0.771020 -0.632505 0.073929 0.100000 1.960283
0 10.464311 -2.732832 309.103180 -0.354033 -0.932990 0.064740 0.200000 2.712733
0 8.110126 -0.827325 309.123657 -0.775633 -0.627602 0.067148 0.100000 2.712733
birch_bark.bmp
0 2.594743 -7.414033 223.551132 -0.357761 -0.932542 0.048701 0.200000 1.960283
0 7.600000 -8.014317 223.286758 0.314409 -0.949213 0.011912 0.300000 1.960283
0 13.614516 -2.963365 309.037354 0.355663 -0.933176 0.051841 0.300000 2.712733
birch_bark.bmp
0 2.594743 -7.414033 223.551132 -0.357761 -0.932542 0.048701 0.200000 1.960283
0 13.614516 -2.963365 309.037354 0.355663 -0.933176 0.051841 0.300000 2.712733
0 10.464311 -2.732832 309.103180 -0.354033 -0.932990 0.064740 0.200000 2.712733
birch_bark.bmp
0 7.600000 -8.014317 223.286758 0.314409 -0.949213 0.011912 0.300000 1.960283
0 11.167946 -4.488185 223.098297 0.826274 -0.562918 -0.019849 0.400000 1.960283
0 15.826940 -0.779944 308.952271 0.820910 -0.570246 0.030443 0.400000 2.712733
birch_bark.bmp
0 7.600000 -8.014317 223.286758 0.314409 -0.949213 0.011912 0.300000 1.960283
0 15.826940 -0.779944 308.952271 0.820910 -0.570246 0.030443 0.400000 2.712733
0 13.614516 -2.963365 309.037354 0.355663 -0.933176 0.051841 0.300000 2.712733
birch_bark.bmp
0 11.167946 -4.488185 223.098297 0.826274 -0.562918 -0.019849 0.400000 1.960283
0 13.046215 -0.000000 222.999100 0.997424 -0.065601 -0.029008 0.500000 1.960283
0 17.138493 2.000000 308.877136 0.998410 -0.052912 0.019453 0.500000 2.712733
birch_bark.bmp
0 11.167946 -4.488185 223.098297 0.826274 -0.562918 -0.019849 0.400000 1.960283
0 17.138493 2.000000 308.877136 0.998410 -0.052912 0.019453 0.500000 2.712733
0 15.826940 -0.779944 308.952271 0.820910 -0.570246 0.030443 0.400000 2.712733
birch_bark.bmp
0 13.046215 -0.000000 222.999100 0.997424 -0.065601 -0.029008 0.500000 1.960283
0 11.693296 4.870463 223.070541 0.782156 0.622894 -0.015336 0.600000 1.960283
0 16.110199 4.987468 308.850342 0.778603 0.627382 0.012978 0.600000 2.712733
birch_bark.bmp
0 13.046215 -0.000000 222.999100 0.997424 -0.065601 -0.029008 0.500000 1.960283
0 16.110199 4.987468 308.850342 0.778603 0.627382 0.012978 0.600000 2.712733
0 17.138493 2.000000 308.877136 0.998410 -0.052912 0.019453 0.500000 2.712733
birch_bark.bmp
0 11.693296 4.870463 223.070541 0.782156 0.622894 -0.015336 0.600000 1.960283
0 7.332603 7.190082 223.300873 0.307390 0.951535 0.009632 0.700000 1.960283
0 13.465306 6.515919 308.883453 0.333415 0.942668 0.014552 0.700000 2.712733
birch_bark.bmp
0 11.693296 4.870463 223.070541 0.782156 0.622894 -0.015336 0.600000 1.960283
0 13.465306 6.515919 308.883453 0.333415 0.942668 0.014552 0.700000 2.712733
0 16.110199 4.987468 308.850342 0.778603 0.627382 0.012978 0.600000 2.712733
birch_bark.bmp
0 7.332603 7.190082 223.300873 0.307390 0.951535 0.009632 0.700000 1.960283
0 2.439088 7.893830 223.559357 -0.269331 0.961937 0.046228 0.800000 1.960283
0 10.375748 6.993296 308.943878 -0.264528 0.963904 0.030218 0.800000 2.712733
birch_bark.bmp
0 7.332603 7.190082 223.300873 0.307390 0.951535 0.009632 0.700000 1.960283
0 10.375748 6.993296 308.943878 -0.264528 0.963904 0.030218 0.800000 2.712733
0 13.465306 6.515919 308.883453 0.333415 0.942668 0.014552 0.700000 2.712733
birch_bark.bmp
0 2.439088 7.893830 223.559357 -0.269331 0.961937 0.046228 0.800000 1.960283
0 -1.494522 4.725822 223.767120 -0.802750 0.591353 0.076770 0.900000 1.960283
0 8.022445 4.889354 309.030792 -0.801483 0.596176 0.046896 0.900000 2.712733
birch_bark.bmp
0 2.439088 7.893830 223.559357 -0.269331 0.961937 0.046228 0.800000 1.960283
0 8.022445 4.889354 309.030792 -0.801483 0.596176 0.046896 0.900000 2.712733
0 10.375748 6.993296 308.943878 -0.264528 0.963904 0.030218 0.800000 2.712733
birch_bark.bmp
0 -1.494522 4.725822 223.767120 -0.802750 0.591353 0.076770 0.900000 1.960283
0 -3.397148 0.000000 223.867615 -0.995773 -0.023235 0.088857 1.000000 1.960283
0 6.726543 2.000000 309.107361 -0.997708 -0.015089 0.065969 1.000000 2.712733
birch_bark.bmp
0 -1.494522 4.725822 223.767120 -0.802750 0.591353 0.076770 0.900000 1.960283
0 6.726543 2.000000 309.107361 -0.997708 -0.015089 0.065969 1.000000 2.712733
0 8.022445 4.889354 309.030792 -0.801483 0.596176 0.046896 0.900000 2.712733
birch_bark.bmp
0 6.726543 2.000000 309.107361 -0.997708 -0.015089 0.065969 0.000000 2.712733
0 8.110126 -0.827325 309.123657 -0.775633 -0.627602 0.067148 0.100000 2.712733
0 7.924819 2.218624 386.923157 -0.595062 -0.443659 0.670126 0.100000 3.396574
birch_bark.bmp
0 6.726543 2.000000 309.107361 -0.997708 -0.015089 0.065969 0.000000 2.712733
0 7.924819 2.218624 386.923157 -0.595062 -0.443659 0.670126 0.100000 3.396574
0 7.530967 3.000000 386.900421 -0.794194 -0.004786 0.607646 0.000000 3.396574
birch_bark.bmp
0 8.110126 -0.827325 309.123657 -0.775633 -0.627602 0.067148 0.100000 2.712733
0 10.464311 -2.732832 309.103180 -0.354033 -0.932990 0.064740 0.200000 2.712733
0 8.559654 1.645807 386.951874 -0.302264 -0.701150 0.645775 0.200000 3.396574
birch_bark.bmp
0 8.110126 -0.827325 309.123657 -0.775633 -0.627602 0.067148 0.100000 2.712733
0 8.559654 1.645807 386.951874 -0.302264 -0.701150 0.645775 0.200000 3.396574
0 7.924819 2.218624 386.923157 -0.595062 -0.443659 0.670126 0.100000 3.396574
birch_bark.bmp
0 10.464311 -2.732832 309.103180 -0.354033 -0.932990 0.064740 0.200000 2.712733
0 13.614516 -2.963365 309.037354 0.355663 -0.933176 0.051841 0.300000 2.712733
0 9.443639 1.631932 386.982819 0.242238 -0.699760 0.672054 0.300000 3.396574
birch_bark.bmp
0 10.464311 -2.732832 309.103180 -0.354033 -0.932990 0.064740 0.200000 2.712733
0 9.443639 1.631932 386.982819 0.242238 -0.699760 0.672054 0.300000 3.396574
0 8.559654 1.645807 386.951874 -0.302264 -0.701150 0.645775 0.200000 3.396574
birch_bark.bmp
0 13.614516 -2.963365 309.037354 0.355663 -0.933176 0.051841 0.300000 2.712733
0 15.826940 -0.779944 308.952271 0.820910 -0.570246 0.030443 0.400000 2.712733
0 10.070563 2.221476 386.997772 0.567209 -0.413962 0.711975 0.400000 3.396574
birch_bark.bmp
0 13.614516 -2.963365 309.037354 0.355663 -0.933176 0.051841 0.300000 2.712733
0 10.070563 2.221476 386.997772 0.567209 -0.413962 0.711975 0.400000 3.396574
0 9.443639 1.631932 386.982819 0.242238 -0.699760 0.672054 0.300000 3.396574
birch_bark.bmp
0 15.826940 -0.779944 308.952271 0.820910 -0.570246 0.030443 0.400000 2.712733
0 17.138493 2.000000 308.877136 0.998410 -0.052912 0.019453 0.500000 2.712733
0 10.460915 3.000000 387.002319 0.745694 -0.031434 0.665546 0.500000 3.396574
birch_bark.bmp
0 15.826940 -0.779944 308.952271 0.820910 -0.570246 0.030443 0.400000 2.712733
0 10.460915 3.000000 387.002319 0.745694 -0.031434 0.665546 0.500000 3.396574
0 10.070563 2.221476 386.997772 0.567209 -0.413962 0.711975 0.400000 3.396574
birch_bark.bmp
0 17.138493 2.000000 308.877136 0.998410 -0.052912 0.019453 0.500000 2.712733
0 16.110199 4.987468 308.850342 0.778603 0.627382 0.012978 0.600000 2.712733
0 10.126510 3.818679 386.981171 0.550052 0.480911 0.682765 0.600000 3.396574
birch_bark.bmp
0 17.138493 2.000000 308.877136 0.998410 -0.052912 0.019453 0.500000 2.712733
0 10.126510 3.818679 386.981171 0.550052 0.480911 0.682765 0.600000 3.396574
0 10.460915 3.000000 387.002319 0.745694 -0.031434 0.665546 0.500000 3.396574
birch_bark.bmp
0 16.110199 4.987468 308.850342 0.778603 0.627382 0.012978 0.600000 2.712733
0 13.465306 6.515919 308.883453 0.333415 0.942668 0.014552 0.700000 2.712733
0 9.416705 4.281490 386.951111 0.225509 0.701736 0.675806 0.700000 3.396574
birch_bark.bmp
0 16.110199 4.987468 308.850342 0.778603 0.627382 0.012978 0.600000 2.712733
0 9.416705 4.281490 386.951111 0.225509 0.701736 0.675806 0.700000 3.396574
0 10.126510 3.818679 386.981171 0.550052 0.480911 0.682765 0.600000 3.396574
birch_bark.bmp
0 13.465306 6.515919 308.883453 0.333415 0.942668 0.014552 0.700000 2.712733
0 10.375748 6.993296 308.943878 -0.264528 0.963904 0.030218 0.800000 2.712733
0 8.544518 4.404591 386.919373 -0.244766 0.745676 0.619723 0.800000 3.396574
birch_bark.bmp
0 13.465306 6.515919 308.883453 0.333415 0.942668 0.014552 0.700000 2.712733
0 8.544518 4.404591 386.919373 -0.244766 0.745676 0.619723 0.800000 3.396574
0 9.416705 4.281490 386.951111 0.225509 0.701736 0.675806 0.700000 3.396574
birch_bark.bmp
0 10.375748 6.993296 308.943878 -0.264528 0.963904 0.030218 0.800000 2.712733
0 8.022445 4.889354 309.030792 -0.801483 0.596176 0.046896 0.900000 2.712733
0 7.909011 3.793378 386.904358 -0.611418 0.436715 0.659885 0.900000 3.396574
birch_bark.bmp
0 10.375748 6.993296 308.943878 -0.264528 0.963904 0.030218 0.800000 2.712733
0 7.909011 3.793378 386.904358 -0.611418 0.436715 0.659885 0.900000 3.396574
0 8.544518 4.404591 386.919373 -0.244766 0.745676 0.619723 0.800000 3.396574
birch_bark.bmp
0 8.022445 4.889354 309.030792 -0.801483 0.596176 0.046896 0.900000 2.712733
0 6.726543 2.000000 309.107361 -0.997708 -0.015089 0.065969 1.000000 2.712733
0 7.530967 3.000000 386.900421 -0.794194 -0.004786 0.607646 1.000000 3.396574
birch_bark.bmp
0 8.022445 4.889354 309.030792 -0.801483 0.596176 0.046896 0.900000 2.712733
0 7.530967 3.000000 386.900421 -0.794194 -0.004786 0.607646 1.000000 3.396574
0 7.909011 3.793378 386.904358 -0.611418 0.436715 0.659885 0.900000 3.396574
birch_bark.bmp
0 -15.993473 0.000000 0.000000 -0.758078 -0.008417 -0.652110 0.950000 0.500000
0 -13.622990 9.901721 0.000000 -0.625281 0.482812 -0.613120 0.864058 0.235497
0 -4.824130 14.853204 0.000000 -0.182889 0.745709 -0.640679 0.639058 0.072025
birch_bark.bmp
0 -4.824130 14.853204 0.000000 -0.182889 0.745709 -0.640679 0.639058 0.072025
0 4.838399 14.897138 0.131430 0.212444 0.750165 -0.626195 0.360942 0.072025
0 13.610567 9.892692 0.369718 0.664882 0.467089 -0.582889 0.135942 0.235497
birch_bark.bmp
0 13.610567 9.892692 0.369718 0.664882 0.467089 -0.582889 0.135942 0.235497
0 15.223390 -0.000000 0.413529 0.776686 -0.027931 -0.629269 0.050000 0.500000
0 13.097610 -9.519854 0.355784 0.679689 -0.427036 -0.596375 0.135942 0.764503
birch_bark.bmp
0 13.097610 -9.519854 0.355784 0.679689 -0.427036 -0.596375 0.135942 0.764503
0 5.099489 -15.701018 0.138523 0.222519 -0.764012 -0.605616 0.360942 0.927975
0 -4.672146 -14.385255 0.000000 -0.225671 -0.720363 -0.655858 0.639058 0.927975
birch_bark.bmp
0 -4.672146 -14.385255 0.000000 -0.225671 -0.720363 -0.655858 0.639058 0.927975
0 -13.469669 -9.790281 0.000000 -0.611117 -0.502511 -0.611570 0.864058 0.764503
0 -15.993473 0.000000 0.000000 -0.758078 -0.008417 -0.652110 0.950000 0.500000
birch_bark.bmp
0 -15.993473 0.000000 0.000000 -0.758078 -0.008417 -0.652110 0.950000 0.500000
0 -4.824130 14.853204 0.000000 -0.182889 0.745709 -0.640679 0.639058 0.072025
0 13.610567 9.892692 0.369718 0.664882 0.467089 -0.582889 0.135942 0.235497
birch_bark.bmp
0 13.610567 9.892692 0.369718 0.664882 0.467089 -0.582889 0.135942 0.235497
0 13.097610 -9.519854 0.355784 0.679689 -0.427036 -0.596375 0.135942 0.764503
0 -4.672146 -14.385255 0.000000 -0.225671 -0.720363 -0.655858 0.639058 0.927975
birch_bark.bmp
0 13.610567 9.892692 0.369718 0.664882 0.467089 -0.582889 0.135942 0.235497
0 -4.672146 -14.385255 0.000000 -0.225671 -0.720363 -0.655858 0.639058 0.927975
0 -15.993473 0.000000 0.000000 -0.758078 -0.008417 -0.652110 0.950000 0.500000
birch_bark.bmp
0 7.909011 3.793378 386.904358 -0.611418 0.436715 0.659885 0.864058 0.235497
0 7.530967 3.000000 386.900421 -0.794194 -0.004786 0.607646 0.950000 0.500000
0 7.924819 2.218624 386.923157 -0.595062 -0.443659 0.670126 0.864058 0.764503
birch_bark.bmp
0 7.924819 2.218624 386.923157 -0.595062 -0.443659 0.670126 0.864058 0.764503
0 8.559654 1.645807 386.951874 -0.302264 -0.701150 0.645775 0.639058 0.927975
0 9.443639 1.631932 386.982819 0.242238 -0.699760 0.672054 0.360942 0.927975
birch_bark.bmp
0 9.443639 1.631932 386.982819 0.242238 -0.699760 0.672054 0.360942 0.927975
0 10.070563 2.221476 386.997772 0.567209 -0.413962 0.711975 0.135942 0.764503
0 10.460915 3.000000 387.002319 0.745694 -0.031434 0.665546 0.050000 0.500000
birch_bark.bmp
0 10.460915 3.000000 387.002319 0.745694 -0.031434 0.665546 0.050000 0.500000
0 10.126510 3.818679 386.981171 0.550052 0.480911 0.682765 0.135942 0.235497
0 9.416705 4.281490 386.951111 0.225509 0.701736 0.675806 0.360942 0.072025
birch_bark.bmp
0 9.416705 4.281490 386.951111 0.225509 0.701736 0.675806 0.360942 0.072025
0 8.544518 4.404591 386.919373 -0.244766 0.745676 0.619723 0.639058 0.072025
0 7.909011 3.793378 386.904358 -0.611418 0.436715 0.659885 0.864058 0.235497
birch_bark.bmp
0 7.909011 3.793378 386.904358 -0.611418 0.436715 0.659885 0.864058 0.235497
0 7.924819 2.218624 386.923157 -0.595062 -0.443659 0.670126 0.864058 0.764503
0 9.443639 1.631932 386.982819 0.242238 -0.699760 0.672054 0.360942 0.927975
birch_bark.bmp
0 9.443639 1.631932 386.982819 0.242238 -0.699760 0.672054 0.360942 0.927975
0 10.460915 3.000000 387.002319 0.745694 -0.031434 0.665546 0.050000 0.500000
0 9.416705 4.281490 386.951111 0.225509 0.701736 0.675806 0.360942 0.072025
birch_bark.bmp
0 9.443639 1.631932 386.982819 0.242238 -0.699760 0.672054 0.360942 0.927975
0 9.416705 4.281490 386.951111 0.225509 0.701736 0.675806 0.360942 0.072025
0 7.909011 3.793378 386.904358 -0.611418 0.436715 0.659885 0.864058 0.235497
birch_bark.bmp
0 2.264302 1.000000 182.716324 -0.998639 0.037296 0.036457 0.000000 0.000000
0 3.542802 -2.154955 181.681473 -0.674002 -0.705306 -0.219691 0.166667 0.000000
0 23.473263 -1.292501 204.201492 -0.306072 -0.853338 0.422060 0.166667 0.256552
birch_bark.bmp
0 2.264302 1.000000 182.716324 -0.998639 0.037296 0.036457 0.000000 0.000000
0 23.473263 -1.292501 204.201492 -0.306072 -0.853338 0.422060 0.166667 0.256552
0 22.800343 0.479918 204.930191 -0.611762 0.024898 0.790650 0.000000 0.256552
birch_bark.bmp
0 3.542802 -2.154955 181.681473 -0.674002 -0.705306 -0.219691 0.166667 0.000000
0 6.262898 -1.865022 179.623718 -0.065977 -0.676314 -0.733653 0.333333 0.000000
0 24.825430 -1.160464 202.838409 0.328083 -0.886735 -0.325672 0.333333 0.256552
birch_bark.bmp
0 3.542802 -2.154955 181.681473 -0.674002 -0.705306 -0.219691 0.166667 0.000000
0 24.825430 -1.160464 202.838409 0.328083 -0.886735 -0.325672 0.333333 0.256552
0 23.473263 -1.292501 204.201492 -0.306072 -0.853338 0.422060 0.166667 0.256552
birch_bark.bmp
0 6.262898 -1.865022 179.623718 -0.065977 -0.676314 -0.733653 0.333333 0.000000
0 7.822731 1.000000 178.499146 0.268492 -0.011339 -0.963215 0.500000 0.000000
0 25.634386 0.479918 202.065659 0.690065 -0.020700 -0.723452 0.500000 0.256552
birch_bark.bmp
0 6.262898 -1.865022 179.623718 -0.065977 -0.676314 -0.733653 0.333333 0.000000
0 25.634386 0.479918 202.065659 0.690065 -0.020700 -0.723452 0.500000 0.256552
0 24.825430 -1.160464 202.838409 0.328083 -0.886735 -0.325672 0.333333 0.256552
birch_bark.bmp
0 7.822731 1.000000 178.499146 0.268492 -0.011339 -0.963215 0.500000 0.000000
0 6.416948 4.067809 179.628754 -0.053807 0.722612 -0.689157 0.666667 0.000000
0 24.903221 2.195028 202.851654 0.334706 0.901469 -0.274456 0.666667 0.256552
birch_bark.bmp
0 7.822731 1.000000 178.499146 0.268492 -0.011339 -0.963215 0.500000 0.000000
0 24.903221 2.195028 202.851654 0.334706 0.901469 -0.274456 0.666667 0.256552
0 25.634386 0.479918 202.065659 0.690065 -0.020700 -0.723452 0.500000 0.256552
birch_bark.bmp
0 6.416948 4.067809 179.628754 -0.053807 0.722612 -0.689157 0.666667 0.000000
0 3.728414 3.884731 181.664780 -0.678684 0.703320 -0.211492 0.833333 0.000000
0 23.562176 2.152758 204.205963 -0.294518 0.841689 0.452570 0.833333 0.256552
birch_bark.bmp
0 6.416948 4.067809 179.628754 -0.053807 0.722612 -0.689157 0.666667 0.000000
0 23.562176 2.152758 204.205963 -0.294518 0.841689 0.452570 0.833333 0.256552
0 24.903221 2.195028 202.851654 0.334706 0.901469 -0.274456 0.666667 0.256552
birch_bark.bmp
0 3.728414 3.884731 181.664780 -0.678684 0.703320 -0.211492 0.833333 0.000000
0 2.264302 1.000000 182.716324 -0.998639 0.037296 0.036457 1.000000 0.000000
0 22.800343 0.479918 204.930191 -0.611762 0.024898 0.790650 1.000000 0.256552
birch_bark.bmp
0 3.728414 3.884731 181.664780 -0.678684 0.703320 -0.211492 0.833333 0.000000
0 22.800343 0.479918 204.930191 -0.611762 0.024898 0.790650 1.000000 0.256552
0 23.562176 2.152758 204.205963 -0.294518 0.841689 0.452570 0.833333 0.256552
birch_bark.bmp
0 22.800343 0.479918 204.930191 -0.611762 0.024898 0.790650 0.000000 0.256552
0 23.473263 -1.292501 204.201492 -0.306072 -0.853338 0.422060 0.166667 0.256552
0 43.229935 -0.560831 215.217392 0.326909 -0.689744 0.646052 0.166667 0.445546
birch_bark.bmp
0 22.800343 0.479918 204.930191 -0.611762 0.024898 0.790650 0.000000 0.256552
0 43.229935 -0.560831 215.217392 0.326909 -0.689744 0.646052 0.166667 0.445546
0 43.068253 -0.040164 215.483459 0.112566 -0.000363 0.993644 0.000000 0.445546
birch_bark.bmp
0 23.473263 -1.292501 204.201492 -0.306072 -0.853338 0.422060 0.166667 0.256552
0 24.825430 -1.160464 202.838409 0.328083 -0.886735 -0.325672 0.333333 0.256552
0 43.543110 -0.537564 214.744308 0.730116 -0.683254 0.009694 0.333333 0.445546
birch_bark.bmp
0 23.473263 -1.292501 204.201492 -0.306072 -0.853338 0.422060 0.166667 0.256552
0 43.543110 -0.537564 214.744308 0.730116 -0.683254 0.009694 0.333333 0.445546
0 43.229935 -0.560831 215.217392 0.326909 -0.689744 0.646052 0.166667 0.445546
birch_bark.bmp
0 24.825430 -1.160464 202.838409 0.328083 -0.886735 -0.325672 0.333333 0.256552
0 25.634386 0.479918 202.065659 0.690065 -0.020700 -0.723452 0.500000 0.256552
0 43.736465 -0.040164 214.472031 0.943510 -0.024618 -0.330428 0.500000 0.445546
birch_bark.bmp
0 24.825430 -1.160464 202.838409 0.328083 -0.886735 -0.325672 0.333333 0.256552
0 43.736465 -0.040164 214.472031 0.943510 -0.024618 -0.330428 0.500000 0.445546
0 43.543110 -0.537564 214.744308 0.730116 -0.683254 0.009694 0.333333 0.445546
birch_bark.bmp
0 25.634386 0.479918 202.065659 0.690065 -0.020700 -0.723452 0.500000 0.256552
0 24.903221 2.195028 202.851654 0.334706 0.901469 -0.274456 0.666667 0.256552
0 43.564568 0.463771 214.752884 0.748930 0.660981 0.046985 0.666667 0.445546
birch_bark.bmp
0 25.634386 0.479918 202.065659 0.690065 -0.020700 -0.723452 0.500000 0.256552
0 43.564568 0.463771 214.752884 0.748930 0.660981 0.046985 0.666667 0.445546
0 43.736465 -0.040164 214.472031 0.943510 -0.024618 -0.330428 0.500000 0.445546
birch_bark.bmp
0 24.903221 2.195028 202.851654 0.334706 0.901469 -0.274456 0.666667 0.256552
0 23.562176 2.152758 204.205963 -0.294518 0.841689 0.452570 0.833333 0.256552
0 43.252666 0.471794 215.225311 0.337137 0.654803 0.676440 0.833333 0.445546
birch_bark.bmp
0 24.903221 2.195028 202.851654 0.334706 0.901469 -0.274456 0.666667 0.256552
0 43.252666 0.471794 215.225311 0.337137 0.654803 0.676440 0.833333 0.445546
0 43.564568 0.463771 214.752884 0.748930 0.660981 0.046985 0.666667 0.445546
birch_bark.bmp
0 23.562176 2.152758 204.205963 -0.294518 0.841689 0.452570 0.833333 0.256552
0 22.800343 0.479918 204.930191 -0.611762 0.024898 0.790650 1.000000 0.256552
0 43.068253 -0.040164 215.483459 0.112566 -0.000363 0.993644 1.000000 0.445546
birch_bark.bmp
0 23.562176 2.152758 204.205963 -0.294518 0.841689 0.452570 0.833333 0.256552
0 43.068253 -0.040164 215.483459 0.112566 -0.000363 0.993644 1.000000 0.445546
0 43.252666 0.471794 215.225311 0.337137 0.654803 0.676440 0.833333 0.445546
birch_bark.bmp
0 2.264302 1.000000 182.716324 -0.998639 0.037296 0.036457 0.950000 0.500000
0 3.728414 3.884731 181.664780 -0.678684 0.703320 -0.211492 0.725000 0.110289
0 6.416948 4.067809 179.628754 -0.053807 0.722612 -0.689157 0.275000 0.110289
birch_bark.bmp
0 6.416948 4.067809 179.628754 -0.053807 0.722612 -0.689157 0.275000 0.110289
0 7.822731 1.000000 178.499146 0.268492 -0.011339 -0.963215 0.050000 0.500000
0 6.262898 -1.865022 179.623718 -0.065977 -0.676314 -0.733653 0.275000 0.889711
birch_bark.bmp
0 6.262898 -1.865022 179.623718 -0.065977 -0.676314 -0.733653 0.275000 0.889711
0 3.542802 -2.154955 181.681473 -0.674002 -0.705306 -0.219691 0.725000 0.889711
0 2.264302 1.000000 182.716324 -0.998639 0.037296 0.036457 0.950000 0.500000
birch_bark.bmp
0 6.416948 4.067809 179.628754 -0.053807 0.722612 -0.689157 0.275000 0.110289
0 6.262898 -1.865022 179.623718 -0.065977 -0.676314 -0.733653 0.275000 0.889711
0 2.264302 1.000000 182.716324 -0.998639 0.037296 0.036457 0.950000 0.500000
birch_bark.bmp
0 43.252666 0.471794 215.225311 0.337137 0.654803 0.676440 0.725000 0.110289
0 43.068253 -0.040164 215.483459 0.112566 -0.000363 0.993644 0.950000 0.500000
0 43.229935 -0.560831 215.217392 0.326909 -0.689744 0.646052 0.725000 0.889711
birch_bark.bmp
0 43.229935 -0.560831 215.217392 0.326909 -0.689744 0.646052 0.725000 0.889711
0 43.543110 -0.537564 214.744308 0.730116 -0.683254 0.009694 0.275000 0.889711
0 43.736465 -0.040164 214.472031 0.943510 -0.024618 -0.330428 0.050000 0.500000
birch_bark.bmp
0 43.736465 -0.040164 214.472031 0.943510 -0.024618 -0.330428 0.050000 0.500000
0 43.564568 0.463771 214.752884 0.748930 0.660981 0.046985 0.275000 0.110289
0 43.252666 0.471794 215.225311 0.337137 0.654803 0.676440 0.725000 0.110289
birch_bark.bmp
0 43.229935 -0.560831 215.217392 0.326909 -0.689744 0.646052 0.725000 0.889711
0 43.736465 -0.040164 214.472031 0.943510 -0.024618 -0.330428 0.050000 0.500000
0 43.252666 0.471794 215.225311 0.337137 0.654803 0.676440 0.725000 0.110289
birch_leaves.bmp
1 58.308491 -6.333378 207.466141 0.883966 -0.367432 0.289131 0.507500 0.507500
1 71.766495 26.043819 207.466141 0.883966 -0.367432 0.289131 0.992500 0.507500
1 56.989208 32.186192 260.450836 0.883966 -0.367432 0.289131 0.992500 0.992500
birch_leaves.bmp
1 58.308491 -6.333378 207.466141 0.883966 -0.367432 0.289131 0.507500 0.507500
1 56.989208 32.186192 260.450836 0.883966 -0.367432 0.289131 0.992500 0.992500
1 43.531200 -0.191004 260.450836 0.883966 -0.367432 0.289131 0.507500 0.992500
birch_leaves.bmp
1 43.531200 -0.191004 260.450836 -0.883966 0.367432 -0.289131 0.507500 0.992500
1 56.989208 32.186192 260.450836 -0.883966 0.367432 -0.289131 0.992500 0.992500
1 71.766495 26.043819 207.466141 -0.883966 0.367432 -0.289131 0.992500 0.507500
birch_leaves.bmp
1 43.531200 -0.191004 260.450836 -0.883966 0.367432 -0.289131 0.507500 0.992500
1 71.766495 26.043819 207.466141 -0.883966 0.367432 -0.289131 0.992500 0.507500
1 58.308491 -6.333378 207.466141 -0.883966 0.367432 -0.289131 0.507500 0.507500
birch_leaves.bmp
1 70.548584 -1.714934 207.626938 0.364987 0.878083 -0.309442 0.007500 0.007500
1 38.171383 11.743073 207.626938 0.364987 0.878083 -0.309442 0.492500 0.007500
1 44.749119 27.567749 260.290009 0.364987 0.878083 -0.309442 0.492500 0.492500
birch_leaves.bmp
1 70.548584 -1.714934 207.626938 0.364987 0.878083 -0.309442 0.007500 0.007500
1 44.749119 27.567749 260.290009 0.364987 0.878083 -0.309442 0.492500 0.492500
1 77.126312 14.109743 260.290009 0.364987 0.878083 -0.309442 0.007500 0.492500
birch_leaves.bmp
1 77.126312 14.109743 260.290009 -0.364987 -0.878083 0.309442 0.007500 0.492500
1 44.749119 27.567749 260.290009 -0.364987 -0.878083 0.309442 0.492500 0.492500
1 38.171383 11.743073 207.626938 -0.364987 -0.878083 0.309442 0.492500 0.007500
birch_leaves.bmp
1 77.126312 14.109743 260.290009 -0.364987 -0.878083 0.309442 0.007500 0.492500
1 38.171383 11.743073 207.626938 -0.364987 -0.878083 0.309442 0.492500 0.007500
1 70.548584 -1.714934 207.626938 -0.364987 -0.878083 0.309442 0.007500 0.007500
birch_leaves.bmp
1 84.753632 -4.873065 182.943115 0.039036 0.968329 0.246608 0.007500 0.007500
1 44.061123 -3.232623 182.943115 0.039036 0.968329 0.246608 0.492500 0.007500
1 43.538074 -16.207321 233.972137 0.039036 0.968329 0.246608 0.492500 0.492500
birch_leaves.bmp
1 84.753632 -4.873065 182.943115 0.039036 0.968329 0.246608 0.007500 0.007500
1 43.538074 -16.207321 233.972137 0.039036 0.968329 0.246608 0.492500 0.492500
1 84.230576 -17.847763 233.972137 0.039036 0.968329 0.246608 0.007500 0.492500
birch_leaves.bmp
1 84.230576 -17.847763 233.972137 -0.039036 -0.968329 -0.246608 0.007500 0.492500
1 43.538074 -16.207321 233.972137 -0.039036 -0.968329 -0.246608 0.492500 0.492500
1 44.061123 -3.232623 182.943115 -0.039036 -0.968329 -0.246608 0.492500 0.007500
birch_leaves.bmp
1 84.230576 -17.847763 233.972137 -0.039036 -0.968329 -0.246608 0.007500 0.492500
1 44.061123 -3.232623 182.943115 -0.039036 -0.968329 -0.246608 0.492500 0.007500
1 84.753632 -4.873065 182.943115 -0.039036 -0.968329 -0.246608 0.007500 0.007500
birch_leaves.bmp
1 70.303070 9.590908 182.702896 -0.978369 0.039441 -0.203071 0.007500 0.007500
1 68.662628 -31.101597 182.702896 -0.978369 0.039441 -0.203071 0.492500 0.007500
1 57.988632 -30.671295 234.212341 -0.978369 0.039441 -0.203071 0.492500 0.492500
birch_leaves.bmp
1 70.303070 9.590908 182.702896 -0.978369 0.039441 -0.203071 0.007500 0.007500
1 57.988632 -30.671295 234.212341 -0.978369 0.039441 -0.203071 0.492500 0.492500
1 59.629074 10.021210 234.212341 -0.978369 0.039441 -0.203071 0.007500 0.492500
birch_leaves.bmp
1 59.629074 10.021210 234.212341 0.978369 -0.039441 0.203071 0.007500 0.492500
1 57.988632 -30.671295 234.212341 0.978369 -0.039441 0.203071 0.492500 0.492500
1 68.662628 -31.101597 182.702896 0.978369 -0.039441 0.203071 0.492500 0.007500
birch_leaves.bmp
1 59.629074 10.021210 234.212341 0.978369 -0.039441 0.203071 0.007500 0.492500
1 68.662628 -31.101597 182.702896 0.978369 -0.039441 0.203071 0.492500 0.007500
1 70.303070 9.590908 182.702896 0.978369 -0.039441 0.203071 0.007500 0.007500
birch_leaves.bmp
1 46.224777 -4.973119 193.871719 0.203385 0.972659 -0.112116 0.007500 0.507500
1 9.573134 2.690808 193.871719 0.203385 0.972659 -0.112116 0.492500 0.507500
1 10.460279 6.933445 232.287994 0.203385 0.972659 -0.112116 0.492500 0.992500
birch_leaves.bmp
1 46.224777 -4.973119 193.871719 0.203385 0.972659 -0.112116 0.007500 0.507500
1 10.460279 6.933445 232.287994 0.203385 0.972659 -0.112116 0.492500 0.992500
1 47.111923 -0.730482 232.287994 0.203385 0.972659 -0.112116 0.007500 0.992500
birch_leaves.bmp
1 47.111923 -0.730482 232.287994 -0.203385 -0.972659 0.112116 0.007500 0.992500
1 10.460279 6.933445 232.287994 -0.203385 -0.972659 0.112116 0.492500 0.992500
1 9.573134 2.690808 193.871719 -0.203385 -0.972659 0.112116 0.492500 0.507500
birch_leaves.bmp
1 47.111923 -0.730482 232.287994 -0.203385 -0.972659 0.112116 0.007500 0.992500
1 9.573134 2.690808 193.871719 -0.203385 -0.972659 0.112116 0.492500 0.507500
1 46.224777 -4.973119 193.871719 -0.203385 -0.972659 0.112116 0.007500 0.507500
birch_leaves.bmp
1 41.056999 17.448637 195.795105 -0.866651 0.181218 -0.464839 0.507500 0.507500
1 33.393074 -19.203009 195.795105 -0.866651 0.181218 -0.464839 0.992500 0.507500
1 15.628057 -15.488310 230.364609 -0.866651 0.181218 -0.464839 0.992500 0.992500
birch_leaves.bmp
1 41.056999 17.448637 195.795105 -0.866651 0.181218 -0.464839 0.507500 0.507500
1 15.628057 -15.488310 230.364609 -0.866651 0.181218 -0.464839 0.992500 0.992500
1 23.291983 21.163336 230.364609 -0.866651 0.181218 -0.464839 0.507500 0.992500
birch_leaves.bmp
1 23.291983 21.163336 230.364609 0.866651 -0.181218 0.464839 0.507500 0.992500
1 15.628057 -15.488310 230.364609 0.866651 -0.181218 0.464839 0.992500 0.992500
1 33.393074 -19.203009 195.795105 0.866651 -0.181218 0.464839 0.992500 0.507500
birch_leaves.bmp
1 23.291983 21.163336 230.364609 0.866651 -0.181218 0.464839 0.507500 0.992500
1 33.393074 -19.203009 195.795105 0.866651 -0.181218 0.464839 0.992500 0.507500
1 41.056999 17.448637 195.795105 0.866651 -0.181218 0.464839 0.507500 0.507500
birch_leaves.bmp
1 56.191902 -15.328811 208.920654 0.973608 -0.014952 -0.227736 0.007500 0.507500
1 56.792801 23.798107 208.920654 0.973608 -0.014952 -0.227736 0.492500 0.507500
1 68.434647 23.619316 258.703094 0.973608 -0.014952 -0.227736 0.492500 0.992500
birch_leaves.bmp
1 56.191902 -15.328811 208.920654 0.973608 -0.014952 -0.227736 0.007500 0.507500
1 68.434647 23.619316 258.703094 0.973608 -0.014952 -0.227736 0.492500 0.992500
1 67.833748 -15.507604 258.703094 0.973608 -0.014952 -0.227736 0.007500 0.992500
birch_leaves.bmp
1 67.833748 -15.507604 258.703094 -0.973608 0.014952 0.227736 0.007500 0.992500
1 68.434647 23.619316 258.703094 -0.973608 0.014952 0.227736 0.492500 0.992500
1 56.792801 23.798107 208.920654 -0.973608 0.014952 0.227736 0.492500 0.507500
birch_leaves.bmp
1 67.833748 -15.507604 258.703094 -0.973608 0.014952 0.227736 0.007500 0.992500
1 56.792801 23.798107 208.920654 -0.973608 0.014952 0.227736 0.492500 0.507500
1 56.191902 -15.328811 208.920654 -0.973608 0.014952 0.227736 0.007500 0.507500
birch_leaves.bmp
1 81.797470 -1.316430 208.789429 0.015039 0.979263 -0.202034 0.507500 0.507500
1 42.670551 -0.715528 208.789429 0.015039 0.979263 -0.202034 0.992500 0.507500
1 42.829082 9.606936 258.834351 0.015039 0.979263 -0.202034 0.992500 0.992500
birch_leaves.bmp
1 81.797470 -1.316430 208.789429 0.015039 0.979263 -0.202034 0.507500 0.507500
1 42.829082 9.606936 258.834351 0.015039 0.979263 -0.202034 0.992500 0.992500
1 81.955994 9.006034 258.834351 0.015039 0.979263 -0.202034 0.507500 0.992500
birch_leaves.bmp
1 81.955994 9.006034 258.834351 -0.015039 -0.979263 0.202034 0.507500 0.992500
1 42.829082 9.606936 258.834351 -0.015039 -0.979263 0.202034 0.992500 0.992500
1 42.670551 -0.715528 208.789429 -0.015039 -0.979263 0.202034 0.992500 0.507500
birch_leaves.bmp
1 81.955994 9.006034 258.834351 -0.015039 -0.979263 0.202034 0.507500 0.992500
1 42.670551 -0.715528 208.789429 -0.015039 -0.979263 0.202034 0.992500 0.507500
1 81.797470 -1.316430 208.789429 -0.015039 -0.979263 0.202034 0.507500 0.507500
birch_leaves.bmp
1 37.035061 -11.910290 193.159531 0.318695 -0.944724 -0.077012 0.007500 0.007500
1 75.539337 1.078804 193.159531 0.318695 -0.944724 -0.077012 0.492500 0.007500
1 76.785767 -2.616054 243.643204 0.318695 -0.944724 -0.077012 0.492500 0.492500
birch_leaves.bmp
1 37.035061 -11.910290 193.159531 0.318695 -0.944724 -0.077012 0.007500 0.007500
1 76.785767 -2.616054 243.643204 0.318695 -0.944724 -0.077012 0.492500 0.492500
1 38.281490 -15.605148 243.643204 0.318695 -0.944724 -0.077012 0.007500 0.492500
birch_leaves.bmp
1 38.281490 -15.605148 243.643204 -0.318695 0.944724 0.077012 0.007500 0.492500
1 76.785767 -2.616054 243.643204 -0.318695 0.944724 0.077012 0.492500 0.492500
1 75.539337 1.078804 193.159531 -0.318695 0.944724 0.077012 0.492500 0.007500
birch_leaves.bmp
1 38.281490 -15.605148 243.643204 -0.318695 0.944724 0.077012 0.007500 0.492500
1 75.539337 1.078804 193.159531 -0.318695 0.944724 0.077012 0.492500 0.007500
1 37.035061 -11.910290 193.159531 -0.318695 0.944724 0.077012 0.007500 0.007500
birch_leaves.bmp
1 67.391144 -25.170609 193.409592 0.934392 0.315209 0.165995 0.507500 0.507500
1 54.402046 13.333672 193.409592 0.934392 0.315209 0.165995 0.992500 0.507500
1 46.429688 10.644264 243.393158 0.934392 0.315209 0.165995 0.992500 0.992500
birch_leaves.bmp
1 67.391144 -25.170609 193.409592 0.934392 0.315209 0.165995 0.507500 0.507500
1 46.429688 10.644264 243.393158 0.934392 0.315209 0.165995 0.992500 0.992500
1 59.418785 -27.860016 243.393158 0.934392 0.315209 0.165995 0.507500 0.992500
birch_leaves.bmp
1 59.418785 -27.860016 243.393158 -0.934392 -0.315209 -0.165995 0.507500 0.992500
1 46.429688 10.644264 243.393158 -0.934392 -0.315209 -0.165995 0.992500 0.992500
1 54.402046 13.333672 193.409592 -0.934392 -0.315209 -0.165995 0.992500 0.507500
birch_leaves.bmp
1 59.418785 -27.860016 243.393158 -0.934392 -0.315209 -0.165995 0.507500 0.992500
1 54.402046 13.333672 193.409592 -0.934392 -0.315209 -0.165995 0.992500 0.507500
1 67.391144 -25.170609 193.409592 -0.934392 -0.315209 -0.165995 0.507500 0.507500
birch_leaves.bmp
1 43.618408 -22.736643 205.043610 0.306904 -0.948084 0.083344 0.007500 0.507500
1 86.358528 -8.901250 205.043610 0.306904 -0.948084 0.083344 0.492500 0.507500
1 85.289452 -5.598692 246.548660 0.306904 -0.948084 0.083344 0.492500 0.992500
birch_leaves.bmp
1 43.618408 -22.736643 205.043610 0.306904 -0.948084 0.083344 0.007500 0.507500
1 85.289452 -5.598692 246.548660 0.306904 -0.948084 0.083344 0.492500 0.992500
1 42.549339 -19.434084 246.548660 0.306904 -0.948084 0.083344 0.007500 0.992500
birch_leaves.bmp
1 42.549339 -19.434084 246.548660 -0.306904 0.948084 -0.083344 0.007500 0.992500
1 85.289452 -5.598692 246.548660 -0.306904 0.948084 -0.083344 0.492500 0.992500
1 86.358528 -8.901250 205.043610 -0.306904 0.948084 -0.083344 0.492500 0.507500
birch_leaves.bmp
1 42.549339 -19.434084 246.548660 -0.306904 0.948084 -0.083344 0.007500 0.992500
1 86.358528 -8.901250 205.043610 -0.306904 0.948084 -0.083344 0.492500 0.507500
1 43.618408 -22.736643 205.043610 -0.306904 0.948084 -0.083344 0.007500 0.507500
birch_leaves.bmp
1 68.993576 -36.307526 205.114197 0.944521 0.305751 -0.119983 0.507500 0.007500
1 55.158188 6.432595 205.114197 0.944521 0.305751 -0.119983 0.992500 0.007500
1 59.914284 7.972190 246.478073 0.944521 0.305751 -0.119983 0.992500 0.492500
birch_leaves.bmp
1 68.993576 -36.307526 205.114197 0.944521 0.305751 -0.119983 0.507500 0.007500
1 59.914284 7.972190 246.478073 0.944521 0.305751 -0.119983 0.992500 0.492500
1 73.749680 -34.767929 246.478073 0.944521 0.305751 -0.119983 0.507500 0.492500
birch_leaves.bmp
1 73.749680 -34.767929 246.478073 -0.944521 -0.305751 0.119983 0.507500 0.492500
1 59.914284 7.972190 246.478073 -0.944521 -0.305751 0.119983 0.992500 0.492500
1 55.158188 6.432595 205.114197 -0.944521 -0.305751 0.119983 0.992500 0.007500
birch_leaves.bmp
1 73.749680 -34.767929 246.478073 -0.944521 -0.305751 0.119983 0.507500 0.492500
1 55.158188 6.432595 205.114197 -0.944521 -0.305751 0.119983 0.992500 0.007500
1 68.993576 -36.307526 205.114197 -0.944521 -0.305751 0.119983 0.507500 0.007500
birch_leaves.bmp
1 47.650730 0.363810 188.622223 -0.841822 -0.384039 0.379275 0.007500 0.507500
1 63.619621 -34.640354 188.622223 -0.841822 -0.384039 0.379275 0.492500 0.507500
1 77.029778 -28.522642 224.581329 -0.841822 -0.384039 0.379275 0.492500 0.992500
birch_leaves.bmp
1 47.650730 0.363810 188.622223 -0.841822 -0.384039 0.379275 0.007500 0.507500
1 77.029778 -28.522642 224.581329 -0.841822 -0.384039 0.379275 0.492500 0.992500
1 61.060886 6.481521 224.581329 -0.841822 -0.384039 0.379275 0.007500 0.992500
birch_leaves.bmp
1 61.060886 6.481521 224.581329 0.841822 0.384039 -0.379275 0.007500 0.992500
1 77.029778 -28.522642 224.581329 0.841822 0.384039 -0.379275 0.492500 0.992500
1 63.619621 -34.640354 188.622223 0.841822 0.384039 -0.379275 0.492500 0.507500
birch_leaves.bmp
1 61.060886 6.481521 224.581329 0.841822 0.384039 -0.379275 0.007500 0.992500
1 63.619621 -34.640354 188.622223 0.841822 0.384039 -0.379275 0.492500 0.507500
1 47.650730 0.363810 188.622223 0.841822 0.384039 -0.379275 0.007500 0.507500
birch_leaves.bmp
1 46.146366 -24.931446 187.539246 0.409490 -0.897612 0.163130 0.507500 0.507500
1 81.150520 -8.962558 187.539246 0.409490 -0.897612 0.163130 0.992500 0.507500
1 78.534142 -3.227384 225.664307 0.409490 -0.897612 0.163130 0.992500 0.992500
birch_leaves.bmp
1 46.146366 -24.931446 187.539246 0.409490 -0.897611 0.163130 0.507500 0.507500
1 78.534142 -3.227384 225.664307 0.409490 -0.897611 0.163130 0.992500 0.992500
1 43.529980 -19.196274 225.664307 0.409490 -0.897611 0.163130 0.507500 0.992500
birch_leaves.bmp
1 43.529980 -19.196274 225.664307 -0.409490 0.897611 -0.163130 0.507500 0.992500
1 78.534142 -3.227384 225.664307 -0.409490 0.897611 -0.163130 0.992500 0.992500
1 81.150520 -8.962558 187.539246 -0.409490 0.897611 -0.163130 0.992500 0.507500
birch_leaves.bmp
1 43.529980 -19.196274 225.664307 -0.409490 0.897612 -0.163130 0.507500 0.992500
1 81.150520 -8.962558 187.539246 -0.409490 0.897612 -0.163130 0.992500 0.507500
1 46.146366 -24.931446 187.539246 -0.409490 0.897612 -0.163130 0.507500 0.507500
birch_leaves.bmp
1 18.555721 -42.602730 181.342560 0.931135 0.214186 -0.295148 0.507500 0.507500
1 9.410423 -2.845245 181.342560 0.931135 0.214186 -0.295148 0.992500 0.507500
1 24.823765 0.700241 232.541534 0.931135 0.214186 -0.295148 0.992500 0.992500
birch_leaves.bmp
1 18.555721 -42.602730 181.342560 0.931135 0.214186 -0.295148 0.507500 0.507500
1 24.823765 0.700241 232.541534 0.931135 0.214186 -0.295148 0.992500 0.992500
1 33.969063 -39.057243 232.541534 0.931135 0.214186 -0.295148 0.507500 0.992500
birch_leaves.bmp
1 33.969063 -39.057243 232.541534 -0.931135 -0.214186 0.295148 0.507500 0.992500
1 24.823765 0.700241 232.541534 -0.931135 -0.214186 0.295148 0.992500 0.992500
1 9.410423 -2.845245 181.342560 -0.931135 -0.214186 0.295148 0.992500 0.507500
birch_leaves.bmp
1 33.969063 -39.057243 232.541534 -0.931135 -0.214186 0.295148 0.507500 0.992500
1 9.410423 -2.845245 181.342560 -0.931135 -0.214186 0.295148 0.992500 0.507500
1 18.555721 -42.602730 181.342560 -0.931135 -0.214186 0.295148 0.507500 0.507500
birch_leaves.bmp
1 41.698750 -16.944889 180.267059 -0.224120 0.974318 -0.021779 0.007500 0.007500
1 1.941264 -26.090187 180.267059 -0.224120 0.974318 -0.021779 0.492500 0.007500
1 1.680738 -24.957600 233.617035 -0.224120 0.974318 -0.021779 0.492500 0.492500
birch_leaves.bmp
1 41.698750 -16.944889 180.267059 -0.224120 0.974318 -0.021779 0.007500 0.007500
1 1.680738 -24.957600 233.617035 -0.224120 0.974318 -0.021779 0.492500 0.492500
1 41.438221 -15.812301 233.617035 -0.224120 0.974318 -0.021779 0.007500 0.492500
birch_leaves.bmp
1 41.438221 -15.812301 233.617035 0.224120 -0.974318 0.021779 0.007500 0.492500
1 1.680738 -24.957600 233.617035 0.224120 -0.974318 0.021779 0.492500 0.492500
1 1.941264 -26.090187 180.267059 0.224120 -0.974318 0.021779 0.492500 0.007500
birch_leaves.bmp
1 41.438221 -15.812301 233.617035 0.224120 -0.974318 0.021779 0.007500 0.492500
1 1.941264 -26.090187 180.267059 0.224120 -0.974318 0.021779 0.492500 0.007500
1 41.698750 -16.944889 180.267059 0.224120 -0.974318 0.021779 0.007500 0.007500
birch_leaves.bmp
1 51.780296 -8.333177 198.495895 0.250482 0.930371 -0.267711 0.507500 0.007500
1 16.740274 1.100591 198.495895 0.250482 0.930371 -0.267711 0.992500 0.007500
1 19.366362 10.854720 234.851318 0.250482 0.930371 -0.267711 0.992500 0.492500
birch_leaves.bmp
1 51.780296 -8.333177 198.495895 0.250482 0.930371 -0.267711 0.507500 0.007500
1 19.366362 10.854720 234.851318 0.250482 0.930371 -0.267711 0.992500 0.492500
1 54.406387 1.420953 234.851318 0.250482 0.930371 -0.267711 0.507500 0.492500
birch_leaves.bmp
1 54.406387 1.420953 234.851318 -0.250482 -0.930371 0.267711 0.507500 0.492500
1 19.366362 10.854720 234.851318 -0.250482 -0.930371 0.267711 0.992500 0.492500
1 16.740274 1.100591 198.495895 -0.250482 -0.930371 0.267711 0.992500 0.007500
birch_leaves.bmp
1 54.406387 1.420953 234.851318 -0.250482 -0.930371 0.267711 0.507500 0.492500
1 16.740274 1.100591 198.495895 -0.250482 -0.930371 0.267711 0.992500 0.007500
1 51.780296 -8.333177 198.495895 -0.250482 -0.930371 0.267711 0.507500 0.007500
birch_leaves.bmp
1 35.606102 20.041882 198.446777 -0.933134 0.251226 0.257188 0.007500 0.007500
1 26.172333 -14.998143 198.446777 -0.933134 0.251226 0.257188 0.492500 0.007500
1 35.540558 -17.520336 234.900436 -0.933134 0.251226 0.257188 0.492500 0.492500
birch_leaves.bmp
1 35.606102 20.041882 198.446777 -0.933134 0.251226 0.257188 0.007500 0.007500
1 35.540558 -17.520336 234.900436 -0.933134 0.251226 0.257188 0.492500 0.492500
1 44.974327 17.519688 234.900436 -0.933134 0.251226 0.257188 0.007500 0.492500
birch_leaves.bmp
1 44.974327 17.519688 234.900436 0.933134 -0.251226 -0.257188 0.007500 0.492500
1 35.540558 -17.520336 234.900436 0.933134 -0.251226 -0.257188 0.492500 0.492500
1 26.172333 -14.998143 198.446777 0.933134 -0.251226 -0.257188 0.492500 0.007500
birch_leaves.bmp
1 44.974327 17.519688 234.900436 0.933134 -0.251226 -0.257188 0.007500 0.492500
1 26.172333 -14.998143 198.446777 0.933134 -0.251226 -0.257188 0.492500 0.007500
1 35.606102 20.041882 198.446777 0.933134 -0.251226 -0.257188 0.007500 0.007500
birch_bark.bmp
0 2.462100 1.000000 189.758163 -0.220010 -0.278744 -0.934825 0.000000 0.000000
0 2.457225 -1.609352 192.080048 -0.244986 -0.904260 -0.349708 0.166667 0.000000
0 -14.083303 16.981548 209.473587 -0.730030 -0.682837 0.028095 0.166667 0.257328
birch_bark.bmp
0 2.462100 1.000000 189.758163 -0.220010 -0.278744 -0.934825 0.000000 0.000000
0 -14.083303 16.981548 209.473587 -0.730030 -0.682837 0.028095 0.166667 0.257328
0 -13.769128 18.362854 208.071426 -0.593253 0.002929 -0.805010 0.000000 0.257328
birch_bark.bmp
0 2.457225 -1.609352 192.080048 -0.244986 -0.904260 -0.349708 0.166667 0.000000
0 5.090096 -1.369558 194.243500 0.344462 -0.921615 0.178808 0.333333 0.000000
0 -12.873054 17.084450 210.954437 -0.158535 -0.610100 0.776302 0.333333 0.257328
birch_bark.bmp
0 2.457225 -1.609352 192.080048 -0.244986 -0.904260 -0.349708 0.166667 0.000000
0 -12.873054 17.084450 210.954437 -0.158535 -0.610100 0.776302 0.333333 0.257328
0 -14.083303 16.981548 209.473587 -0.730030 -0.682837 0.028095 0.166667 0.257328
birch_bark.bmp
0 5.090096 -1.369558 194.243500 0.344462 -0.921615 0.178808 0.333333 0.000000
0 7.618641 1.000000 194.414017 0.898360 -0.377304 0.224924 0.500000 0.000000
0 -11.370513 18.362854 211.275345 0.509265 0.027180 0.860180 0.500000 0.257328
birch_bark.bmp
0 5.090096 -1.369558 194.243500 0.344462 -0.921615 0.178808 0.333333 0.000000
0 -11.370513 18.362854 211.275345 0.509265 0.027180 0.860180 0.500000 0.257328
0 -12.873054 17.084450 210.954437 -0.158535 -0.610100 0.776302 0.333333 0.257328
birch_bark.bmp
0 7.618641 1.000000 194.414017 0.898360 -0.377304 0.224924 0.500000 0.000000
0 7.472538 3.537276 192.020081 0.899217 0.253059 -0.356890 0.666667 0.000000
0 -11.134207 19.699497 209.828094 0.688563 0.712629 0.134318 0.666667 0.257328
birch_bark.bmp
0 7.618641 1.000000 194.414017 0.898360 -0.377304 0.224924 0.500000 0.000000
0 -11.134207 19.699497 209.828094 0.688563 0.712629 0.134318 0.666667 0.257328
0 -11.370513 18.362854 211.275345 0.509265 0.027180 0.860180 0.500000 0.257328
birch_bark.bmp
0 7.472538 3.537276 192.020081 0.899217 0.253059 -0.356890 0.666667 0.000000
0 4.909284 3.385859 189.840698 0.337918 0.244158 -0.908954 0.833333 0.000000
0 -12.290286 19.666553 208.327332 0.149916 0.700216 -0.698013 0.833333 0.257328
birch_bark.bmp
0 7.472538 3.537276 192.020081 0.899217 0.253059 -0.356890 0.666667 0.000000
0 -12.290286 19.666553 208.327332 0.149916 0.700216 -0.698013 0.833333 0.257328
0 -11.134207 19.699497 209.828094 0.688563 0.712629 0.134318 0.666667 0.257328
birch_bark.bmp
0 4.909284 3.385859 189.840698 0.337918 0.244158 -0.908954 0.833333 0.000000
0 2.462100 1.000000 189.758163 -0.220010 -0.278744 -0.934825 1.000000 0.000000
0 -13.769128 18.362854 208.071426 -0.593253 0.002929 -0.805010 1.000000 0.257328
birch_bark.bmp
0 4.909284 3.385859 189.840698 0.337918 0.244158 -0.908954 0.833333 0.000000
0 -13.769128 18.362854 208.071426 -0.593253 0.002929 -0.805010 1.000000 0.257328
0 -12.290286 19.666553 208.327332 0.149916 0.700216 -0.698013 0.833333 0.257328
birch_bark.bmp
0 -13.769128 18.362854 208.071426 -0.593253 0.002929 -0.805010 0.000000 0.257328
0 -14.083303 16.981548 209.473587 -0.730030 -0.682837 0.028095 0.166667 0.257328
0 -30.605309 35.343552 215.697784 -0.991854 -0.098752 0.080461 0.166667 0.470300
birch_bark.bmp
0 -13.769128 18.362854 208.071426 -0.593253 0.002929 -0.805010 0.000000 0.257328
0 -30.605309 35.343552 215.697784 -0.991854 -0.098752 0.080461 0.166667 0.470300
0 -30.385757 35.725708 215.292953 -0.750222 0.367392 -0.549718 0.000000 0.470300
birch_bark.bmp
0 -14.083303 16.981548 209.473587 -0.730030 -0.682837 0.028095 0.166667 0.257328
0 -12.873054 17.084450 210.954437 -0.158535 -0.610100 0.776302 0.333333 0.257328
0 -30.386190 35.360630 216.216705 -0.657187 -0.015721 0.753563 0.333333 0.470300
birch_bark.bmp
0 -14.083303 16.981548 209.473587 -0.730030 -0.682837 0.028095 0.166667 0.257328
0 -30.386190 35.360630 216.216705 -0.657187 -0.015721 0.753563 0.333333 0.470300
0 -30.605309 35.343552 215.697784 -0.991854 -0.098752 0.080461 0.166667 0.470300
birch_bark.bmp
0 -12.873054 17.084450 210.954437 -0.158535 -0.610100 0.776302 0.333333 0.257328
0 -11.370513 18.362854 211.275345 0.509265 0.027180 0.860180 0.500000 0.257328
0 -29.949232 35.725708 216.412918 -0.103778 0.476891 0.872814 0.500000 0.470300
birch_bark.bmp
0 -12.873054 17.084450 210.954437 -0.158535 -0.610100 0.776302 0.333333 0.257328
0 -29.949232 35.725708 216.412918 -0.103778 0.476891 0.872814 0.500000 0.470300
0 -30.386190 35.360630 216.216705 -0.657187 -0.015721 0.753563 0.333333 0.470300
birch_bark.bmp
0 -11.370513 18.362854 211.275345 0.509265 0.027180 0.860180 0.500000 0.257328
0 -11.134207 19.699497 209.828094 0.688563 0.712629 0.134318 0.666667 0.257328
0 -29.746807 36.095585 215.995285 0.112686 0.959663 0.257583 0.666667 0.470300
birch_bark.bmp
0 -11.370513 18.362854 211.275345 0.509265 0.027180 0.860180 0.500000 0.257328
0 -29.746807 36.095585 215.995285 0.112686 0.959663 0.257583 0.666667 0.470300
0 -29.949232 35.725708 216.412918 -0.103778 0.476891 0.872814 0.500000 0.470300
birch_bark.bmp
0 -11.134207 19.699497 209.828094 0.688563 0.712629 0.134318 0.666667 0.257328
0 -12.290286 19.666553 208.327332 0.149916 0.700216 -0.698013 0.833333 0.257328
0 -29.945551 36.101471 215.470459 -0.199913 0.881872 -0.427008 0.833333 0.470300
birch_bark.bmp
0 -11.134207 19.699497 209.828094 0.688563 0.712629 0.134318 0.666667 0.257328
0 -29.945551 36.101471 215.470459 -0.199913 0.881872 -0.427008 0.833333 0.470300
0 -29.746807 36.095585 215.995285 0.112686 0.959663 0.257583 0.666667 0.470300
birch_bark.bmp
0 -12.290286 19.666553 208.327332 0.149916 0.700216 -0.698013 0.833333 0.257328
0 -13.769128 18.362854 208.071426 -0.593253 0.002929 -0.805010 1.000000 0.257328
0 -30.385757 35.725708 215.292953 -0.750222 0.367392 -0.549718 1.000000 0.470300
birch_bark.bmp
0 -12.290286 19.666553 208.327332 0.149916 0.700216 -0.698013 0.833333 0.257328
0 -30.385757 35.725708 215.292953 -0.750222 0.367392 -0.549718 1.000000 0.470300
0 -29.945551 36.101471 215.470459 -0.199913 0.881872 -0.427008 0.833333 0.470300
birch_bark.bmp
0 2.462100 1.000000 189.758163 -0.220010 -0.278744 -0.934825 0.950000 0.500000
0 4.909284 3.385859 189.840698 0.337918 0.244158 -0.908954 0.725000 0.110289
0 7.472538 3.537276 192.020081 0.899217 0.253059 -0.356890 0.275000 0.110289
birch_bark.bmp
0 7.472538 3.537276 192.020081 0.899217 0.253059 -0.356890 0.275000 0.110289
0 7.618641 1.000000 194.414017 0.898360 -0.377304 0.224924 0.050000 0.500000
0 5.090096 -1.369558 194.243500 0.344462 -0.921615 0.178808 0.275000 0.889711
birch_bark.bmp
0 5.090096 -1.369558 194.243500 0.344462 -0.921615 0.178808 0.275000 0.889711
0 2.457225 -1.609352 192.080048 -0.244986 -0.904260 -0.349708 0.725000 0.889711
0 2.462100 1.000000 189.758163 -0.220010 -0.278744 -0.934825 0.950000 0.500000
birch_bark.bmp
0 7.472538 3.537276 192.020081 0.899217 0.253059 -0.356890 0.275000 0.110289
0 5.090096 -1.369558 194.243500 0.344462 -0.921615 0.178808 0.275000 0.889711
0 2.462100 1.000000 189.758163 -0.220010 -0.278744 -0.934825 0.950000 0.500000
birch_bark.bmp
0 -29.945551 36.101471 215.470459 -0.199913 0.881872 -0.427008 0.725000 0.110289
0 -30.385757 35.725708 215.292953 -0.750222 0.367392 -0.549718 0.950000 0.500000
0 -30.605309 35.343552 215.697784 -0.991854 -0.098752 0.080461 0.725000 0.889711
birch_bark.bmp
0 -30.605309 35.343552 215.697784 -0.991854 -0.098752 0.080461 0.725000 0.889711
0 -30.386190 35.360630 216.216705 -0.657187 -0.015721 0.753563 0.275000 0.889711
0 -29.949232 35.725708 216.412918 -0.103778 0.476891 0.872814 0.050000 0.500000
birch_bark.bmp
0 -29.949232 35.725708 216.412918 -0.103778 0.476891 0.872814 0.050000 0.500000
0 -29.746807 36.095585 215.995285 0.112686 0.959663 0.257583 0.275000 0.110289
0 -29.945551 36.101471 215.470459 -0.199913 0.881872 -0.427008 0.725000 0.110289
birch_bark.bmp
0 -30.605309 35.343552 215.697784 -0.991854 -0.098752 0.080461 0.725000 0.889711
0 -29.949232 35.725708 216.412918 -0.103778 0.476891 0.872814 0.050000 0.500000
0 -29.945551 36.101471 215.470459 -0.199913 0.881872 -0.427008 0.725000 0.110289
birch_leaves.bmp
1 -38.224247 0.751511 215.542587 0.858870 0.508123 0.064442 0.007500 0.507500
1 -56.846127 32.227715 215.542587 0.858870 0.508123 0.064442 0.492500 0.507500
1 -59.667599 30.558483 266.308319 0.858870 0.508123 0.064442 0.492500 0.992500
birch_leaves.bmp
1 -38.224247 0.751511 215.542587 0.858870 0.508123 0.064442 0.007500 0.507500
1 -59.667599 30.558483 266.308319 0.858870 0.508123 0.064442 0.492500 0.992500
1 -41.045719 -0.917721 266.308319 0.858870 0.508123 0.064442 0.007500 0.992500
birch_leaves.bmp
1 -41.045719 -0.917721 266.308319 -0.858870 -0.508123 -0.064442 0.007500 0.992500
1 -59.667599 30.558483 266.308319 -0.858870 -0.508123 -0.064442 0.492500 0.992500
1 -56.846127 32.227715 215.542587 -0.858870 -0.508123 -0.064442 0.492500 0.507500
birch_leaves.bmp
1 -41.045719 -0.917721 266.308319 -0.858870 -0.508123 -0.064442 0.007500 0.992500
1 -56.846127 32.227715 215.542587 -0.858870 -0.508123 -0.064442 0.492500 0.507500
1 -38.224247 0.751511 215.542587 -0.858870 -0.508123 -0.064442 0.007500 0.507500
birch_leaves.bmp
1 -30.113411 19.735514 216.159851 -0.494510 0.835861 -0.238319 0.507500 0.507500
1 -61.589611 1.113635 216.159851 -0.494510 0.835861 -0.238319 0.992500 0.507500
1 -67.778435 11.574480 265.691071 -0.494510 0.835861 -0.238319 0.992500 0.992500
birch_leaves.bmp
1 -30.113411 19.735514 216.159851 -0.494510 0.835861 -0.238319 0.507500 0.507500
1 -67.778435 11.574480 265.691071 -0.494510 0.835861 -0.238319 0.992500 0.992500
1 -36.302231 30.196360 265.691071 -0.494510 0.835861 -0.238319 0.507500 0.992500
birch_leaves.bmp
1 -36.302231 30.196360 265.691071 0.494510 -0.835861 0.238319 0.507500 0.992500
1 -67.778435 11.574480 265.691071 0.494510 -0.835861 0.238319 0.992500 0.992500
1 -61.589611 1.113635 216.159851 0.494510 -0.835861 0.238319 0.992500 0.507500
birch_leaves.bmp
1 -36.302231 30.196360 265.691071 0.494510 -0.835861 0.238319 0.507500 0.992500
1 -61.589611 1.113635 216.159851 0.494510 -0.835861 0.238319 0.992500 0.507500
1 -30.113411 19.735514 216.159851 0.494510 -0.835861 0.238319 0.507500 0.507500
birch_leaves.bmp
1 -53.198997 69.464455 190.324631 -0.881214 -0.352566 -0.314896 0.507500 0.507500
1 -38.914642 33.761688 190.324631 -0.881214 -0.352566 -0.314896 0.992500 0.507500
1 -50.975037 28.936432 229.477264 -0.881214 -0.352566 -0.314896 0.992500 0.992500
birch_leaves.bmp
1 -53.198997 69.464455 190.324631 -0.881214 -0.352566 -0.314896 0.507500 0.507500
1 -50.975037 28.936432 229.477264 -0.881214 -0.352566 -0.314896 0.992500 0.992500
1 -65.259392 64.639198 229.477264 -0.881214 -0.352566 -0.314896 0.507500 0.992500
birch_leaves.bmp
1 -65.259392 64.639198 229.477264 0.881214 0.352566 0.314896 0.507500 0.992500
1 -50.975037 28.936432 229.477264 0.881214 0.352566 0.314896 0.992500 0.992500
1 -38.914642 33.761688 190.324631 0.881214 0.352566 0.314896 0.992500 0.507500
birch_leaves.bmp
1 -65.259392 64.639198 229.477264 0.881214 0.352566 0.314896 0.507500 0.992500
1 -38.914642 33.761688 190.324631 0.881214 0.352566 0.314896 0.992500 0.507500
1 -53.198997 69.464455 190.324631 0.881214 0.352566 0.314896 0.507500 0.507500
birch_leaves.bmp
1 -70.449043 43.334576 189.415497 0.370630 -0.926364 -0.066954 0.007500 0.507500
1 -34.746273 57.618931 189.415497 0.370630 -0.926364 -0.066954 0.492500 0.507500
1 -33.724995 55.066311 230.386414 0.370630 -0.926364 -0.066954 0.492500 0.992500
birch_leaves.bmp
1 -70.449043 43.334576 189.415497 0.370630 -0.926364 -0.066954 0.007500 0.507500
1 -33.724995 55.066311 230.386414 0.370630 -0.926364 -0.066954 0.492500 0.992500
1 -69.427757 40.781956 230.386414 0.370630 -0.926364 -0.066954 0.007500 0.992500
birch_leaves.bmp
1 -69.427757 40.781956 230.386414 -0.370630 0.926364 0.066954 0.007500 0.992500
1 -33.724995 55.066311 230.386414 -0.370630 0.926364 0.066954 0.492500 0.992500
1 -34.746273 57.618931 189.415497 -0.370630 0.926364 0.066954 0.492500 0.507500
birch_leaves.bmp
1 -69.427757 40.781956 230.386414 -0.370630 0.926364 0.066954 0.007500 0.992500
1 -34.746273 57.618931 189.415497 -0.370630 0.926364 0.066954 0.492500 0.507500
1 -70.449043 43.334576 189.415497 -0.370630 0.926364 0.066954 0.007500 0.507500
birch_leaves.bmp
1 -46.649311 30.130234 188.189835 0.093088 -0.982532 -0.161138 0.007500 0.507500
1 -2.935540 34.271790 188.189835 0.093088 -0.982532 -0.161138 0.492500 0.507500
1 -2.188266 26.384365 236.714844 0.093088 -0.982532 -0.161138 0.492500 0.992500
birch_leaves.bmp
1 -46.649311 30.130234 188.189835 0.093088 -0.982532 -0.161138 0.007500 0.507500
1 -2.188266 26.384365 236.714844 0.093088 -0.982532 -0.161138 0.492500 0.992500
1 -45.902035 22.242809 236.714844 0.093088 -0.982532 -0.161138 0.007500 0.992500
birch_leaves.bmp
1 -45.902035 22.242809 236.714844 -0.093088 0.982532 0.161138 0.007500 0.992500
1 -2.188266 26.384365 236.714844 -0.093088 0.982532 0.161138 0.492500 0.992500
1 -2.935540 34.271790 188.189835 -0.093088 0.982532 0.161138 0.492500 0.507500
birch_leaves.bmp
1 -45.902035 22.242809 236.714844 -0.093088 0.982532 0.161138 0.007500 0.992500
1 -2.935540 34.271790 188.189835 -0.093088 0.982532 0.161138 0.492500 0.507500
1 -46.649311 30.130234 188.189835 -0.093088 0.982532 0.161138 0.007500 0.507500
birch_leaves.bmp
1 -31.329084 5.549523 189.446045 0.926834 0.087811 -0.365060 0.507500 0.507500
1 -35.470642 49.263294 189.446045 0.926834 0.087811 -0.365060 0.992500 0.507500
1 -17.508493 50.965076 235.458633 0.926834 0.087811 -0.365060 0.992500 0.992500
birch_leaves.bmp
1 -31.329084 5.549523 189.446045 0.926834 0.087811 -0.365060 0.507500 0.507500
1 -17.508493 50.965076 235.458633 0.926834 0.087811 -0.365060 0.992500 0.992500
1 -13.366938 7.251304 235.458633 0.926834 0.087811 -0.365060 0.507500 0.992500
birch_leaves.bmp
1 -13.366938 7.251304 235.458633 -0.926834 -0.087811 0.365060 0.507500 0.992500
1 -17.508493 50.965076 235.458633 -0.926834 -0.087811 0.365060 0.992500 0.992500
1 -35.470642 49.263294 189.446045 -0.926834 -0.087811 0.365060 0.992500 0.507500
birch_leaves.bmp
1 -13.366938 7.251304 235.458633 -0.926834 -0.087811 0.365060 0.507500 0.992500
1 -35.470642 49.263294 189.446045 -0.926834 -0.087811 0.365060 0.992500 0.507500
1 -31.329084 5.549523 189.446045 -0.926834 -0.087811 0.365060 0.507500 0.507500
birch_leaves.bmp
1 -66.913513 52.151527 196.354294 -0.518966 -0.746445 0.416526 0.507500 0.507500
1 -38.477726 32.381561 196.354294 -0.518966 -0.746445 0.416526 0.992500 0.507500
1 -29.068544 45.915092 232.330643 -0.518966 -0.746445 0.416526 0.992500 0.992500
birch_leaves.bmp
1 -66.913513 52.151527 196.354294 -0.518966 -0.746445 0.416526 0.507500 0.507500
1 -29.068544 45.915092 232.330643 -0.518966 -0.746445 0.416526 0.992500 0.992500
1 -57.504330 65.685059 232.330643 -0.518966 -0.746445 0.416526 0.507500 0.992500
birch_leaves.bmp
1 -57.504330 65.685059 232.330643 0.518966 0.746445 -0.416526 0.507500 0.992500
1 -29.068544 45.915092 232.330643 0.518966 0.746445 -0.416526 0.992500 0.992500
1 -38.477726 32.381561 196.354294 0.518966 0.746445 -0.416526 0.992500 0.507500
birch_leaves.bmp
1 -57.504330 65.685059 232.330643 0.518966 0.746445 -0.416526 0.507500 0.992500
1 -38.477726 32.381561 196.354294 0.518966 0.746445 -0.416526 0.992500 0.507500
1 -66.913513 52.151527 196.354294 0.518966 0.746445 -0.416526 0.507500 0.507500
birch_leaves.bmp
1 -61.283688 37.184601 195.122696 0.802561 -0.557980 -0.211076 0.007500 0.507500
1 -41.513721 65.620384 195.122696 0.802561 -0.557980 -0.211076 0.492500 0.507500
1 -34.698368 60.882019 233.562241 0.802561 -0.557980 -0.211076 0.492500 0.992500
birch_leaves.bmp
1 -61.283688 37.184601 195.122696 0.802561 -0.557980 -0.211076 0.007500 0.507500
1 -34.698368 60.882019 233.562241 0.802561 -0.557980 -0.211076 0.492500 0.992500
1 -54.468334 32.446236 233.562241 0.802561 -0.557980 -0.211076 0.007500 0.992500
birch_leaves.bmp
1 -54.468334 32.446236 233.562241 -0.802561 0.557980 0.211076 0.007500 0.992500
1 -34.698368 60.882019 233.562241 -0.802561 0.557980 0.211076 0.492500 0.992500
1 -41.513721 65.620384 195.122696 -0.802561 0.557980 0.211076 0.492500 0.507500
birch_leaves.bmp
1 -54.468334 32.446236 233.562241 -0.802561 0.557980 0.211076 0.007500 0.992500
1 -41.513721 65.620384 195.122696 -0.802561 0.557980 0.211076 0.492500 0.507500
1 -61.283688 37.184601 195.122696 -0.802561 0.557980 0.211076 0.007500 0.507500
birch_leaves.bmp
1 -38.487736 71.011520 191.067596 -0.709204 -0.619067 -0.337322 0.007500 0.507500
1 -17.707592 47.205765 191.067596 -0.709204 -0.619067 -0.337322 0.492500 0.507500
1 -27.567188 38.599281 227.591934 -0.709204 -0.619067 -0.337322 0.492500 0.992500
birch_leaves.bmp
1 -38.487736 71.011520 191.067596 -0.709204 -0.619067 -0.337322 0.007500 0.507500
1 -27.567188 38.599281 227.591934 -0.709204 -0.619067 -0.337322 0.492500 0.992500
1 -48.347332 62.405041 227.591934 -0.709204 -0.619067 -0.337322 0.007500 0.992500
birch_leaves.bmp
1 -48.347332 62.405041 227.591934 0.709204 0.619067 0.337322 0.007500 0.992500
1 -27.567188 38.599281 227.591934 0.709204 0.619067 0.337322 0.492500 0.992500
1 -17.707592 47.205765 191.067596 0.709204 0.619067 0.337322 0.492500 0.507500
birch_leaves.bmp
1 -48.347332 62.405041 227.591934 0.709204 0.619067 0.337322 0.007500 0.992500
1 -17.707592 47.205765 191.067596 0.709204 0.619067 0.337322 0.492500 0.507500
1 -38.487736 71.011520 191.067596 0.709204 0.619067 0.337322 0.007500 0.507500
birch_leaves.bmp
1 -40.764851 39.643341 191.000961 0.621540 -0.712037 0.326636 0.007500 0.007500
1 -16.959089 60.423481 191.000961 0.621540 -0.712037 0.326636 0.492500 0.007500
1 -25.290071 69.967468 227.658569 0.621540 -0.712037 0.326636 0.492500 0.492500
birch_leaves.bmp
1 -40.764851 39.643341 191.000961 0.621540 -0.712037 0.326636 0.007500 0.007500
1 -25.290071 69.967468 227.658569 0.621540 -0.712037 0.326636 0.492500 0.492500
1 -49.095837 49.187325 227.658569 0.621540 -0.712037 0.326636 0.007500 0.492500
birch_leaves.bmp
1 -49.095837 49.187325 227.658569 -0.621540 0.712037 -0.326636 0.007500 0.492500
1 -25.290071 69.967468 227.658569 -0.621540 0.712037 -0.326636 0.492500 0.492500
1 -16.959089 60.423481 191.000961 -0.621540 0.712037 -0.326636 0.492500 0.007500
birch_leaves.bmp
1 -49.095837 49.187325 227.658569 -0.621540 0.712037 -0.326636 0.007500 0.492500
1 -16.959089 60.423481 191.000961 -0.621540 0.712037 -0.326636 0.492500 0.007500
1 -40.764851 39.643341 191.000961 -0.621540 0.712037 -0.326636 0.007500 0.007500
birch_leaves.bmp
1 -37.414658 34.730267 221.285004 0.911606 -0.346146 0.221715 0.007500 0.507500
1 -21.358259 77.016266 221.285004 0.911606 -0.346146 0.221715 0.492500 0.507500
1 -29.927729 80.270172 261.599396 0.911606 -0.346146 0.221715 0.492500 0.992500
birch_leaves.bmp
1 -37.414658 34.730267 221.285004 0.911606 -0.346146 0.221715 0.007500 0.507500
1 -29.927729 80.270172 261.599396 0.911606 -0.346146 0.221715 0.492500 0.992500
1 -45.984123 37.984173 261.599396 0.911606 -0.346146 0.221715 0.007500 0.992500
birch_leaves.bmp
1 -45.984123 37.984173 261.599396 -0.911606 0.346145 -0.221715 0.007500 0.992500
1 -29.927729 80.270172 261.599396 -0.911606 0.346145 -0.221715 0.492500 0.992500
1 -21.358259 77.016266 221.285004 -0.911606 0.346145 -0.221715 0.492500 0.507500
birch_leaves.bmp
1 -45.984123 37.984173 261.599396 -0.911606 0.346146 -0.221715 0.007500 0.992500
1 -21.358259 77.016266 221.285004 -0.911606 0.346146 -0.221715 0.492500 0.507500
1 -37.414658 34.730267 221.285004 -0.911606 0.346146 -0.221715 0.007500 0.507500
birch_leaves.bmp
1 -10.412816 55.043060 221.612915 0.339961 0.895318 0.287807 0.007500 0.507500
1 -52.698811 71.099464 221.612915 0.339961 0.895318 0.287807 0.492500 0.507500
1 -56.929569 59.957375 261.271484 0.339961 0.895318 0.287807 0.492500 0.992500
birch_leaves.bmp
1 -10.412816 55.043060 221.612915 0.339961 0.895318 0.287807 0.007500 0.507500
1 -56.929569 59.957375 261.271484 0.339961 0.895318 0.287807 0.492500 0.992500
1 -14.643573 43.900978 261.271484 0.339961 0.895318 0.287807 0.007500 0.992500
birch_leaves.bmp
1 -14.643573 43.900978 261.271484 -0.339961 -0.895318 -0.287807 0.007500 0.992500
1 -56.929569 59.957375 261.271484 -0.339961 -0.895318 -0.287807 0.492500 0.992500
1 -52.698811 71.099464 221.612915 -0.339961 -0.895318 -0.287807 0.492500 0.507500
birch_leaves.bmp
1 -14.643573 43.900978 261.271484 -0.339961 -0.895318 -0.287807 0.007500 0.992500
1 -52.698811 71.099464 221.612915 -0.339961 -0.895318 -0.287807 0.492500 0.507500
1 -10.412816 55.043060 221.612915 -0.339961 -0.895318 -0.287807 0.007500 0.507500
birch_leaves.bmp
1 -31.719486 -6.894484 210.097885 0.988618 0.114130 -0.098020 0.007500 0.507500
1 -36.831184 37.384167 210.097885 0.988618 0.114130 -0.098020 0.492500 0.507500
1 -31.612045 37.986683 263.439117 0.988618 0.114130 -0.098020 0.492500 0.992500
birch_leaves.bmp
1 -31.719486 -6.894484 210.097885 0.988618 0.114130 -0.098020 0.007500 0.507500
1 -31.612045 37.986683 263.439117 0.988618 0.114130 -0.098020 0.492500 0.992500
1 -26.500347 -6.291967 263.439117 0.988618 0.114130 -0.098020 0.007500 0.992500
birch_leaves.bmp
1 -26.500347 -6.291967 263.439117 -0.988618 -0.114130 0.098020 0.007500 0.992500
1 -31.612045 37.986683 263.439117 -0.988618 -0.114130 0.098020 0.492500 0.992500
1 -36.831184 37.384167 210.097885 -0.988618 -0.114130 0.098020 0.492500 0.507500
birch_leaves.bmp
1 -26.500347 -6.291967 263.439117 -0.988618 -0.114130 0.098020 0.007500 0.992500
1 -36.831184 37.384167 210.097885 -0.988618 -0.114130 0.098020 0.492500 0.507500
1 -31.719486 -6.894484 210.097885 -0.988618 -0.114130 0.098020 0.007500 0.507500
birch_leaves.bmp
1 -9.485824 17.750124 209.983322 -0.114672 0.993315 -0.013221 0.007500 0.007500
1 -53.764477 12.638426 209.983322 -0.114672 0.993315 -0.013221 0.492500 0.007500
1 -53.845707 13.342077 263.553650 -0.114672 0.993315 -0.013221 0.492500 0.492500
birch_leaves.bmp
1 -9.485824 17.750124 209.983322 -0.114672 0.993315 -0.013221 0.007500 0.007500
1 -53.845707 13.342077 263.553650 -0.114672 0.993315 -0.013221 0.492500 0.492500
1 -9.567056 18.453775 263.553650 -0.114672 0.993315 -0.013221 0.007500 0.492500
birch_leaves.bmp
1 -9.567056 18.453775 263.553650 0.114672 -0.993315 0.013221 0.007500 0.492500
1 -53.845707 13.342077 263.553650 0.114672 -0.993315 0.013221 0.492500 0.492500
1 -53.764477 12.638426 209.983322 0.114672 -0.993315 0.013221 0.492500 0.007500
birch_leaves.bmp
1 -9.567056 18.453775 263.553650 0.114672 -0.993315 0.013221 0.007500 0.492500
1 -53.764477 12.638426 209.983322 0.114672 -0.993315 0.013221 0.492500 0.007500
1 -9.485824 17.750124 209.983322 0.114672 -0.993315 0.013221 0.007500 0.007500
birch_leaves.bmp
1 -46.165798 30.651241 195.580002 0.786963 -0.611418 -0.082810 0.007500 0.007500
1 -19.477705 65.001808 195.580002 0.786963 -0.611418 -0.082810 0.492500 0.007500
1 -16.271734 62.510983 244.437820 0.786963 -0.611418 -0.082810 0.492500 0.492500
birch_leaves.bmp
1 -46.165798 30.651241 195.580002 0.786963 -0.611418 -0.082810 0.007500 0.007500
1 -16.271734 62.510983 244.437820 0.786963 -0.611418 -0.082810 0.492500 0.492500
1 -42.959827 28.160416 244.437820 0.786963 -0.611418 -0.082810 0.007500 0.492500
birch_leaves.bmp
1 -42.959827 28.160416 244.437820 -0.786963 0.611418 0.082810 0.007500 0.492500
1 -16.271734 62.510983 244.437820 -0.786963 0.611418 0.082810 0.492500 0.492500
1 -19.477705 65.001808 195.580002 -0.786963 0.611418 0.082810 0.492500 0.007500
birch_leaves.bmp
1 -42.959827 28.160416 244.437820 -0.786963 0.611418 0.082810 0.007500 0.492500
1 -19.477705 65.001808 195.580002 -0.786963 0.611418 0.082810 0.492500 0.007500
1 -46.165798 30.651241 195.580002 -0.786963 0.611418 0.082810 0.007500 0.007500
birch_leaves.bmp
1 -16.183939 30.482059 195.729416 0.607287 0.781647 -0.142232 0.507500 0.507500
1 -50.534508 57.170155 195.729416 0.607287 0.781647 -0.142232 0.992500 0.507500
1 -46.253593 62.680164 244.288391 0.607287 0.781647 -0.142232 0.992500 0.992500
birch_leaves.bmp
1 -16.183939 30.482059 195.729416 0.607288 0.781647 -0.142232 0.507500 0.507500
1 -46.253593 62.680164 244.288391 0.607288 0.781647 -0.142232 0.992500 0.992500
1 -11.903028 35.992069 244.288391 0.607288 0.781647 -0.142232 0.507500 0.992500
birch_leaves.bmp
1 -11.903028 35.992069 244.288391 -0.607288 -0.781647 0.142232 0.507500 0.992500
1 -46.253593 62.680164 244.288391 -0.607288 -0.781647 0.142232 0.992500 0.992500
1 -50.534508 57.170155 195.729416 -0.607288 -0.781647 0.142232 0.992500 0.507500
birch_leaves.bmp
1 -11.903028 35.992069 244.288391 -0.607287 -0.781647 0.142232 0.507500 0.992500
1 -50.534508 57.170155 195.729416 -0.607287 -0.781647 0.142232 0.992500 0.507500
1 -16.183939 30.482059 195.729416 -0.607287 -0.781647 0.142232 0.507500 0.507500
birch_leaves.bmp
1 -38.581570 22.665026 186.976288 0.426254 0.899703 -0.094027 0.007500 0.507500
1 -66.849052 36.057369 186.976288 0.426254 0.899703 -0.094027 0.492500 0.507500
1 -64.870354 40.233860 235.909515 0.426254 0.899703 -0.094027 0.492500 0.992500
birch_leaves.bmp
1 -38.581570 22.665026 186.976288 0.426254 0.899703 -0.094027 0.007500 0.507500
1 -64.870354 40.233860 235.909515 0.426254 0.899703 -0.094027 0.492500 0.992500
1 -36.602863 26.841513 235.909515 0.426254 0.899703 -0.094027 0.007500 0.992500
birch_leaves.bmp
1 -36.602863 26.841513 235.909515 -0.426254 -0.899703 0.094027 0.007500 0.992500
1 -64.870354 40.233860 235.909515 -0.426254 -0.899703 0.094027 0.492500 0.992500
1 -66.849052 36.057369 186.976288 -0.426254 -0.899703 0.094027 0.492500 0.507500
birch_leaves.bmp
1 -36.602863 26.841513 235.909515 -0.426254 -0.899703 0.094027 0.007500 0.992500
1 -66.849052 36.057369 186.976288 -0.426254 -0.899703 0.094027 0.492500 0.507500
1 -38.581570 22.665026 186.976288 -0.426254 -0.899703 0.094027 0.007500 0.507500
birch_leaves.bmp
1 -46.072083 46.076992 186.902328 -0.902711 0.427679 0.046946 0.007500 0.007500
1 -59.464424 17.809507 186.902328 -0.902711 0.427679 0.046946 0.492500 0.007500
1 -57.379837 16.821890 235.983475 -0.902711 0.427679 0.046946 0.492500 0.492500
birch_leaves.bmp
1 -46.072083 46.076992 186.902328 -0.902711 0.427679 0.046946 0.007500 0.007500
1 -57.379837 16.821890 235.983475 -0.902711 0.427679 0.046946 0.492500 0.492500
1 -43.987495 45.089375 235.983475 -0.902711 0.427679 0.046946 0.007500 0.492500
birch_leaves.bmp
1 -43.987495 45.089375 235.983475 0.902711 -0.427679 -0.046946 0.007500 0.492500
1 -57.379837 16.821890 235.983475 0.902711 -0.427679 -0.046946 0.492500 0.492500
1 -59.464424 17.809507 186.902328 0.902711 -0.427679 -0.046946 0.492500 0.007500
birch_leaves.bmp
1 -43.987495 45.089375 235.983475 0.902711 -0.427679 -0.046946 0.007500 0.492500
1 -59.464424 17.809507 186.902328 0.902711 -0.427679 -0.046946 0.492500 0.007500
1 -46.072083 46.076992 186.902328 0.902711 -0.427679 -0.046946 0.007500 0.007500
birch_bark.bmp
0 1.559917 1.000000 204.071609 -0.858686 0.464180 -0.217246 0.000000 0.000000
0 2.781991 -1.138857 201.609802 -0.556564 -0.056029 -0.828913 0.166667 0.000000
0 7.832705 -24.652287 223.590820 -0.660452 -0.510354 -0.550764 0.166667 0.279413
birch_bark.bmp
0 1.559917 1.000000 204.071609 -0.858686 0.464180 -0.217246 0.000000 0.000000
0 7.832705 -24.652287 223.590820 -0.660452 -0.510354 -0.550764 0.166667 0.279413
0 7.208520 -23.651237 225.178879 -0.937492 -0.011278 0.347824 0.000000 0.279413
birch_bark.bmp
0 2.781991 -1.138857 201.609802 -0.556564 -0.056029 -0.828913 0.166667 0.000000
0 6.237893 -0.942301 201.200119 0.203274 -0.027971 -0.978722 0.333333 0.000000
0 9.768828 -24.577713 223.226013 0.309388 -0.492224 -0.813631 0.333333 0.279413
birch_bark.bmp
0 2.781991 -1.138857 201.609802 -0.556564 -0.056029 -0.828913 0.166667 0.000000
0 9.768828 -24.577713 223.226013 0.309388 -0.492224 -0.813631 0.333333 0.279413
0 7.832705 -24.652287 223.590820 -0.660452 -0.510354 -0.550764 0.166667 0.279413
birch_bark.bmp
0 6.237893 -0.942301 201.200119 0.203274 -0.027971 -0.978722 0.333333 0.000000
0 8.549526 1.000000 202.825943 0.717062 0.404019 -0.567970 0.500000 0.000000
0 11.215402 -23.651237 224.202530 0.980512 -0.012972 -0.196031 0.500000 0.279413
birch_bark.bmp
0 6.237893 -0.942301 201.200119 0.203274 -0.027971 -0.978722 0.333333 0.000000
0 11.215402 -23.651237 224.202530 0.980512 -0.012972 -0.196031 0.500000 0.279413
0 9.768828 -24.577713 223.226013 0.309388 -0.492224 -0.813631 0.333333 0.279413
birch_bark.bmp
0 8.549526 1.000000 202.825943 0.717062 0.404019 -0.567970 0.500000 0.000000
0 7.156743 3.079778 205.256195 0.404972 0.913089 0.047615 0.666667 0.000000
0 10.498291 -22.682556 225.766800 0.609483 0.448961 0.653425 0.666667 0.279413
birch_bark.bmp
0 8.549526 1.000000 202.825943 0.717062 0.404019 -0.567970 0.500000 0.000000
0 10.498291 -22.682556 225.766800 0.609483 0.448961 0.653425 0.666667 0.279413
0 11.215402 -23.651237 224.202530 0.980512 -0.012972 -0.196031 0.500000 0.279413
birch_bark.bmp
0 7.156743 3.079778 205.256195 0.404972 0.913089 0.047615 0.666667 0.000000
0 3.753592 2.955662 205.732483 -0.357005 0.918010 0.172640 0.833333 0.000000
0 8.594465 -22.706430 226.196442 -0.277589 0.427371 0.860406 0.833333 0.279413
birch_bark.bmp
0 7.156743 3.079778 205.256195 0.404972 0.913089 0.047615 0.666667 0.000000
0 8.594465 -22.706430 226.196442 -0.277589 0.427371 0.860406 0.833333 0.279413
0 10.498291 -22.682556 225.766800 0.609483 0.448961 0.653425 0.666667 0.279413
birch_bark.bmp
0 3.753592 2.955662 205.732483 -0.357005 0.918010 0.172640 0.833333 0.000000
0 1.559917 1.000000 204.071609 -0.858686 0.464180 -0.217246 1.000000 0.000000
0 7.208520 -23.651237 225.178879 -0.937492 -0.011278 0.347824 1.000000 0.279413
birch_bark.bmp
0 3.753592 2.955662 205.732483 -0.357005 0.918010 0.172640 0.833333 0.000000
0 7.208520 -23.651237 225.178879 -0.937492 -0.011278 0.347824 1.000000 0.279413
0 8.594465 -22.706430 226.196442 -0.277589 0.427371 0.860406 0.833333 0.279413
birch_bark.bmp
0 7.208520 -23.651237 225.178879 -0.937492 -0.011278 0.347824 0.000000 0.279413
0 7.832705 -24.652287 223.590820 -0.660452 -0.510354 -0.550764 0.166667 0.279413
0 12.917978 -48.517174 234.215134 -0.421650 -0.871749 -0.249529 0.166667 0.504891
birch_bark.bmp
0 7.208520 -23.651237 225.178879 -0.937492 -0.011278 0.347824 0.000000 0.279413
0 12.917978 -48.517174 234.215134 -0.421650 -0.871749 -0.249529 0.166667 0.504891
0 12.796741 -48.302475 234.748535 -0.643505 -0.581317 0.497968 0.000000 0.504891
birch_bark.bmp
0 7.832705 -24.652287 223.590820 -0.660452 -0.510354 -0.550764 0.166667 0.279413
0 9.768828 -24.577713 223.226013 0.309388 -0.492224 -0.813631 0.333333 0.279413
0 13.470873 -48.507580 234.023972 0.280778 -0.844081 -0.456828 0.333333 0.504891
birch_bark.bmp
0 7.832705 -24.652287 223.590820 -0.660452 -0.510354 -0.550764 0.166667 0.279413
0 13.470873 -48.507580 234.023972 0.280778 -0.844081 -0.456828 0.333333 0.504891
0 12.917978 -48.517174 234.215134 -0.421650 -0.871749 -0.249529 0.166667 0.504891
birch_bark.bmp
0 9.768828 -24.577713 223.226013 0.309388 -0.492224 -0.813631 0.333333 0.279413
0 11.215402 -23.651237 224.202530 0.980512 -0.012972 -0.196031 0.500000 0.279413
0 13.961140 -48.302475 234.300140 0.840992 -0.540926 -0.011464 0.500000 0.504891
birch_bark.bmp
0 9.768828 -24.577713 223.226013 0.309388 -0.492224 -0.813631 0.333333 0.279413
0 13.961140 -48.302475 234.300140 0.840992 -0.540926 -0.011464 0.500000 0.504891
0 13.470873 -48.507580 234.023972 0.280778 -0.844081 -0.456828 0.333333 0.504891
birch_bark.bmp
0 11.215402 -23.651237 224.202530 0.980512 -0.012972 -0.196031 0.500000 0.279413
0 10.498291 -22.682556 225.766800 0.609483 0.448961 0.653425 0.666667 0.279413
0 13.816939 -48.094673 234.826752 0.608505 -0.285466 0.740426 0.666667 0.504891
birch_bark.bmp
0 11.215402 -23.651237 224.202530 0.980512 -0.012972 -0.196031 0.500000 0.279413
0 13.816939 -48.094673 234.826752 0.608505 -0.285466 0.740426 0.666667 0.504891
0 13.961140 -48.302475 234.300140 0.840992 -0.540926 -0.011464 0.500000 0.504891
birch_bark.bmp
0 10.498291 -22.682556 225.766800 0.609483 0.448961 0.653425 0.666667 0.279413
0 8.594465 -22.706430 226.196442 -0.277589 0.427371 0.860406 0.833333 0.279413
0 13.275913 -48.091366 235.042587 -0.079231 -0.304715 0.949142 0.833333 0.504891
birch_bark.bmp
0 10.498291 -22.682556 225.766800 0.609483 0.448961 0.653425 0.666667 0.279413
0 13.275913 -48.091366 235.042587 -0.079231 -0.304715 0.949142 0.833333 0.504891
0 13.816939 -48.094673 234.826752 0.608505 -0.285466 0.740426 0.666667 0.504891
birch_bark.bmp
0 8.594465 -22.706430 226.196442 -0.277589 0.427371 0.860406 0.833333 0.279413
0 7.208520 -23.651237 225.178879 -0.937492 -0.011278 0.347824 1.000000 0.279413
0 12.796741 -48.302475 234.748535 -0.643505 -0.581317 0.497968 1.000000 0.504891
birch_bark.bmp
0 8.594465 -22.706430 226.196442 -0.277589 0.427371 0.860406 0.833333 0.279413
0 12.796741 -48.302475 234.748535 -0.643505 -0.581317 0.497968 1.000000 0.504891
0 13.275913 -48.091366 235.042587 -0.079231 -0.304715 0.949142 0.833333 0.504891
birch_bark.bmp
0 1.559917 1.000000 204.071609 -0.858686 0.464180 -0.217246 0.950000 0.500000
0 3.753592 2.955662 205.732483 -0.357005 0.918010 0.172640 0.725000 0.110289
0 7.156743 3.079778 205.256195 0.404972 0.913089 0.047615 0.275000 0.110289
birch_bark.bmp
0 7.156743 3.079778 205.256195 0.404972 0.913089 0.047615 0.275000 0.110289
0 8.549526 1.000000 202.825943 0.717062 0.404019 -0.567970 0.050000 0.500000
0 6.237893 -0.942301 201.200119 0.203274 -0.027971 -0.978722 0.275000 0.889711
birch_bark.bmp
0 6.237893 -0.942301 201.200119 0.203274 -0.027971 -0.978722 0.275000 0.889711
0 2.781991 -1.138857 201.609802 -0.556564 -0.056029 -0.828913 0.725000 0.889711
0 1.559917 1.000000 204.071609 -0.858686 0.464180 -0.217246 0.950000 0.500000
birch_bark.bmp
0 7.156743 3.079778 205.256195 0.404972 0.913089 0.047615 0.275000 0.110289
0 6.237893 -0.942301 201.200119 0.203274 -0.027971 -0.978722 0.275000 0.889711
0 1.559917 1.000000 204.071609 -0.858686 0.464180 -0.217246 0.950000 0.500000
birch_bark.bmp
0 13.275913 -48.091366 235.042587 -0.079231 -0.304715 0.949142 0.725000 0.110289
0 12.796741 -48.302475 234.748535 -0.643505 -0.581317 0.497968 0.950000 0.500000
0 12.917978 -48.517174 234.215134 -0.421650 -0.871749 -0.249529 0.725000 0.889711
birch_bark.bmp
0 12.917978 -48.517174 234.215134 -0.421650 -0.871749 -0.249529 0.725000 0.889711
0 13.470873 -48.507580 234.023972 0.280778 -0.844081 -0.456828 0.275000 0.889711
0 13.961140 -48.302475 234.300140 0.840992 -0.540926 -0.011464 0.050000 0.500000
birch_bark.bmp
0 13.961140 -48.302475 234.300140 0.840992 -0.540926 -0.011464 0.050000 0.500000
0 13.816939 -48.094673 234.826752 0.608505 -0.285466 0.740426 0.275000 0.110289
0 13.275913 -48.091366 235.042587 -0.079231 -0.304715 0.949142 0.725000 0.110289
birch_bark.bmp
0 12.917978 -48.517174 234.215134 -0.421650 -0.871749 -0.249529 0.725000 0.889711
0 13.961140 -48.302475 234.300140 0.840992 -0.540926 -0.011464 0.050000 0.500000
0 13.275913 -48.091366 235.042587 -0.079231 -0.304715 0.949142 0.725000 0.110289
birch_leaves.bmp
1 40.441296 -59.567616 223.149841 0.833496 0.551761 0.029052 0.007500 0.007500
1 24.018993 -34.759907 223.149841 0.833496 0.551761 0.029052 0.492500 0.007500
1 23.163891 -35.325970 258.433624 0.833496 0.551761 0.029052 0.492500 0.492500
birch_leaves.bmp
1 40.441296 -59.567616 223.149841 0.833496 0.551761 0.029052 0.007500 0.007500
1 23.163891 -35.325970 258.433624 0.833496 0.551761 0.029052 0.492500 0.492500
1 39.586193 -60.133678 258.433624 0.833496 0.551761 0.029052 0.007500 0.492500
birch_leaves.bmp
1 39.586193 -60.133678 258.433624 -0.833496 -0.551761 -0.029052 0.007500 0.492500
1 23.163891 -35.325970 258.433624 -0.833496 -0.551761 -0.029052 0.492500 0.492500
1 24.018993 -34.759907 223.149841 -0.833496 -0.551761 -0.029052 0.492500 0.007500
birch_leaves.bmp
1 39.586193 -60.133678 258.433624 -0.833496 -0.551761 -0.029052 0.007500 0.492500
1 24.018993 -34.759907 223.149841 -0.833496 -0.551761 -0.029052 0.492500 0.007500
1 40.441296 -59.567616 223.149841 -0.833496 -0.551761 -0.029052 0.007500 0.007500
birch_leaves.bmp
1 44.344322 -39.443920 223.144714 -0.551939 0.833765 -0.014153 0.007500 0.007500
1 19.536615 -55.866222 223.144714 -0.551939 0.833765 -0.014153 0.492500 0.007500
1 19.260862 -55.449665 258.438751 -0.551939 0.833765 -0.014153 0.492500 0.492500
birch_leaves.bmp
1 44.344322 -39.443920 223.144714 -0.551939 0.833765 -0.014153 0.007500 0.007500
1 19.260862 -55.449665 258.438751 -0.551939 0.833765 -0.014153 0.492500 0.492500
1 44.068573 -39.027363 258.438751 -0.551939 0.833765 -0.014153 0.007500 0.492500
birch_leaves.bmp
1 44.068573 -39.027363 258.438751 0.551939 -0.833765 0.014153 0.007500 0.492500
1 19.260862 -55.449665 258.438751 0.551939 -0.833765 0.014153 0.492500 0.492500
1 19.536615 -55.866222 223.144714 0.551939 -0.833765 0.014153 0.492500 0.007500
birch_leaves.bmp
1 44.068573 -39.027363 258.438751 0.551939 -0.833765 0.014153 0.007500 0.492500
1 19.536615 -55.866222 223.144714 0.551939 -0.833765 0.014153 0.492500 0.007500
1 44.344322 -39.443920 223.144714 0.551939 -0.833765 0.014153 0.007500 0.007500
birch_leaves.bmp
1 -6.175114 -52.431553 206.869110 0.981971 -0.074801 -0.173604 0.507500 0.507500
1 -3.841750 -21.799759 206.869110 0.981971 -0.074801 -0.173604 0.992500 0.507500
1 5.090563 -22.480175 257.686798 0.981971 -0.074801 -0.173604 0.992500 0.992500
birch_leaves.bmp
1 -6.175114 -52.431553 206.869110 0.981971 -0.074801 -0.173604 0.507500 0.507500
1 5.090563 -22.480175 257.686798 0.981971 -0.074801 -0.173604 0.992500 0.992500
1 2.757199 -53.111965 257.686798 0.981971 -0.074801 -0.173604 0.507500 0.992500
birch_leaves.bmp
1 2.757199 -53.111965 257.686798 -0.981971 0.074801 0.173604 0.507500 0.992500
1 5.090563 -22.480175 257.686798 -0.981971 0.074801 0.173604 0.992500 0.992500
1 -3.841750 -21.799759 206.869110 -0.981971 0.074801 0.173604 0.992500 0.507500
birch_leaves.bmp
1 2.757199 -53.111965 257.686798 -0.981971 0.074801 0.173604 0.507500 0.992500
1 -3.841750 -21.799759 206.869110 -0.981971 0.074801 0.173604 0.992500 0.507500
1 -6.175114 -52.431553 206.869110 -0.981971 0.074801 0.173604 0.507500 0.507500
birch_leaves.bmp
1 15.658663 -27.003954 209.018188 0.067910 0.891500 0.447902 0.507500 0.007500
1 -14.973131 -24.670588 209.018188 0.067910 0.891500 0.447902 0.992500 0.007500
1 -16.743214 -47.907776 255.537704 0.067910 0.891500 0.447902 0.992500 0.492500
birch_leaves.bmp
1 15.658663 -27.003954 209.018188 0.067910 0.891500 0.447902 0.507500 0.007500
1 -16.743214 -47.907776 255.537704 0.067910 0.891500 0.447902 0.992500 0.492500
1 13.888580 -50.241142 255.537704 0.067910 0.891500 0.447902 0.507500 0.492500
birch_leaves.bmp
1 13.888580 -50.241142 255.537704 -0.067910 -0.891500 -0.447902 0.507500 0.492500
1 -16.743214 -47.907776 255.537704 -0.067910 -0.891500 -0.447902 0.992500 0.492500
1 -14.973131 -24.670588 209.018188 -0.067910 -0.891500 -0.447902 0.992500 0.007500
birch_leaves.bmp
1 13.888580 -50.241142 255.537704 -0.067910 -0.891500 -0.447902 0.507500 0.492500
1 -14.973131 -24.670588 209.018188 -0.067910 -0.891500 -0.447902 0.992500 0.007500
1 15.658663 -27.003954 209.018188 -0.067910 -0.891500 -0.447902 0.507500 0.007500
birch_leaves.bmp
1 24.306532 -68.137535 208.230164 -0.224080 0.925619 -0.304988 0.507500 0.007500
1 -14.158497 -77.449409 208.230164 -0.224080 0.925619 -0.304988 0.992500 0.007500
1 -17.765955 -62.547894 256.105804 -0.224080 0.925619 -0.304988 0.992500 0.492500
birch_leaves.bmp
1 24.306532 -68.137535 208.230164 -0.224080 0.925619 -0.304988 0.507500 0.007500
1 -17.765955 -62.547894 256.105804 -0.224080 0.925619 -0.304988 0.992500 0.492500
1 20.699076 -53.236019 256.105804 -0.224080 0.925619 -0.304988 0.507500 0.492500
birch_leaves.bmp
1 20.699076 -53.236019 256.105804 0.224080 -0.925619 0.304988 0.507500 0.492500
1 -17.765955 -62.547894 256.105804 0.224080 -0.925619 0.304988 0.992500 0.492500
1 -14.158497 -77.449409 208.230164 0.224080 -0.925619 0.304988 0.992500 0.007500
birch_leaves.bmp
1 20.699076 -53.236019 256.105804 0.224080 -0.925619 0.304988 0.507500 0.492500
1 -14.158497 -77.449409 208.230164 0.224080 -0.925619 0.304988 0.992500 0.007500
1 24.306532 -68.137535 208.230164 0.224080 -0.925619 0.304988 0.507500 0.007500
birch_leaves.bmp
1 -7.278097 -47.536682 207.818130 -0.943132 -0.228320 0.241605 0.507500 0.007500
1 2.033773 -86.001709 207.818130 -0.943132 -0.228320 0.241605 0.992500 0.007500
1 13.818676 -83.148743 256.517822 -0.943132 -0.228320 0.241605 0.992500 0.492500
birch_leaves.bmp
1 -7.278097 -47.536682 207.818130 -0.943132 -0.228320 0.241605 0.507500 0.007500
1 13.818676 -83.148743 256.517822 -0.943132 -0.228320 0.241605 0.992500 0.492500
1 4.506805 -44.683716 256.517822 -0.943132 -0.228320 0.241605 0.507500 0.492500
birch_leaves.bmp
1 4.506805 -44.683716 256.517822 0.943132 0.228320 -0.241605 0.507500 0.492500
1 13.818676 -83.148743 256.517822 0.943132 0.228320 -0.241605 0.992500 0.492500
1 2.033773 -86.001709 207.818130 0.943132 0.228320 -0.241605 0.992500 0.007500
birch_leaves.bmp
1 4.506805 -44.683716 256.517822 0.943132 0.228320 -0.241605 0.507500 0.492500
1 2.033773 -86.001709 207.818130 0.943132 0.228320 -0.241605 0.992500 0.007500
1 -7.278097 -47.536682 207.818130 0.943132 0.228320 -0.241605 0.507500 0.007500
birch_leaves.bmp
1 23.308443 -79.827423 229.436951 0.940539 -0.295494 0.167540 0.007500 0.007500
1 35.100185 -42.295074 229.436951 0.940539 -0.295494 0.167540 0.492500 0.007500
1 28.486860 -40.217331 270.227539 0.940539 -0.295494 0.167540 0.492500 0.492500
birch_leaves.bmp
1 23.308443 -79.827423 229.436951 0.940539 -0.295494 0.167540 0.007500 0.007500
1 28.486860 -40.217331 270.227539 0.940539 -0.295494 0.167540 0.492500 0.492500
1 16.695116 -77.749680 270.227539 0.940539 -0.295494 0.167540 0.007500 0.492500
birch_leaves.bmp
1 16.695116 -77.749680 270.227539 -0.940539 0.295494 -0.167540 0.007500 0.492500
1 28.486860 -40.217331 270.227539 -0.940539 0.295494 -0.167540 0.492500 0.492500
1 35.100185 -42.295074 229.436951 -0.940539 0.295494 -0.167540 0.492500 0.007500
birch_leaves.bmp
1 16.695116 -77.749680 270.227539 -0.940539 0.295494 -0.167540 0.007500 0.492500
1 35.100185 -42.295074 229.436951 -0.940539 0.295494 -0.167540 0.492500 0.007500
1 23.308443 -79.827423 229.436951 -0.940539 0.295494 -0.167540 0.007500 0.007500
birch_leaves.bmp
1 44.017654 -67.974976 229.274384 0.298096 0.948821 -0.104295 0.507500 0.007500
1 6.485304 -56.183228 229.274384 0.298096 0.948821 -0.104295 0.992500 0.007500
1 7.777650 -52.069778 270.390106 0.298096 0.948821 -0.104295 0.992500 0.492500
birch_leaves.bmp
1 44.017654 -67.974976 229.274384 0.298096 0.948821 -0.104295 0.507500 0.007500
1 7.777650 -52.069778 270.390106 0.298096 0.948821 -0.104295 0.992500 0.492500
1 45.309998 -63.861526 270.390106 0.298096 0.948821 -0.104295 0.507500 0.492500
birch_leaves.bmp
1 45.309998 -63.861526 270.390106 -0.298096 -0.948821 0.104295 0.507500 0.492500
1 7.777650 -52.069778 270.390106 -0.298096 -0.948821 0.104295 0.992500 0.492500
1 6.485304 -56.183228 229.274384 -0.298096 -0.948821 0.104295 0.992500 0.007500
birch_leaves.bmp
1 45.309998 -63.861526 270.390106 -0.298096 -0.948821 0.104295 0.507500 0.492500
1 6.485304 -56.183228 229.274384 -0.298096 -0.948821 0.104295 0.992500 0.007500
1 44.017654 -67.974976 229.274384 -0.298096 -0.948821 0.104295 0.507500 0.007500
birch_leaves.bmp
1 17.078320 -13.004082 210.658951 -0.891168 0.072629 0.447822 0.507500 0.507500
1 14.710134 -42.062244 210.658951 -0.891168 0.072629 0.447822 0.992500 0.507500
1 35.026455 -43.717983 251.357025 -0.891168 0.072629 0.447822 0.992500 0.992500
birch_leaves.bmp
1 17.078320 -13.004082 210.658951 -0.891168 0.072629 0.447822 0.507500 0.507500
1 35.026455 -43.717983 251.357025 -0.891168 0.072629 0.447822 0.992500 0.992500
1 37.394642 -14.659824 251.357025 -0.891168 0.072629 0.447822 0.507500 0.992500
birch_leaves.bmp
1 37.394642 -14.659824 251.357025 0.891168 -0.072629 -0.447822 0.507500 0.992500
1 35.026455 -43.717983 251.357025 0.891168 -0.072629 -0.447822 0.992500 0.992500
1 14.710134 -42.062244 210.658951 0.891168 -0.072629 -0.447822 0.992500 0.507500
birch_leaves.bmp
1 37.394642 -14.659824 251.357025 0.891168 -0.072629 -0.447822 0.507500 0.992500
1 14.710134 -42.062244 210.658951 0.891168 -0.072629 -0.447822 0.992500 0.507500
1 17.078320 -13.004082 210.658951 0.891168 -0.072629 -0.447822 0.507500 0.507500
birch_leaves.bmp
1 11.419503 -28.450628 208.502457 -0.081098 -0.995093 0.056691 0.507500 0.007500
1 40.477665 -30.818815 208.502457 -0.081098 -0.995093 0.056691 0.992500 0.007500
1 40.685268 -28.271441 253.513519 -0.081098 -0.995093 0.056691 0.992500 0.492500
birch_leaves.bmp
1 11.419503 -28.450628 208.502457 -0.081098 -0.995093 0.056691 0.507500 0.007500
1 40.685268 -28.271441 253.513519 -0.081098 -0.995093 0.056691 0.992500 0.492500
1 11.627109 -25.903254 253.513519 -0.081098 -0.995093 0.056691 0.507500 0.492500
birch_leaves.bmp
1 11.627109 -25.903254 253.513519 0.081098 0.995093 -0.056691 0.507500 0.492500
1 40.685268 -28.271441 253.513519 0.081098 0.995093 -0.056691 0.992500 0.492500
1 40.477665 -30.818815 208.502457 0.081098 0.995093 -0.056691 0.992500 0.007500
birch_leaves.bmp
1 11.627109 -25.903254 253.513519 0.081098 0.995093 -0.056691 0.507500 0.492500
1 40.477665 -30.818815 208.502457 0.081098 0.995093 -0.056691 0.992500 0.007500
1 11.419503 -28.450628 208.502457 0.081098 0.995093 -0.056691 0.507500 0.007500
birch_leaves.bmp
1 2.612771 -65.672821 219.156326 0.633791 -0.749261 0.192136 0.007500 0.007500
1 36.594864 -36.927780 219.156326 0.633791 -0.749261 0.192136 0.492500 0.007500
1 31.550627 -30.964533 259.050049 0.633791 -0.749261 0.192136 0.492500 0.492500
birch_leaves.bmp
1 2.612771 -65.672821 219.156326 0.633791 -0.749261 0.192136 0.007500 0.007500
1 31.550627 -30.964533 259.050049 0.633791 -0.749261 0.192136 0.492500 0.492500
1 -2.431466 -59.709572 259.050049 0.633791 -0.749261 0.192136 0.007500 0.492500
birch_leaves.bmp
1 -2.431466 -59.709572 259.050049 -0.633791 0.749261 -0.192136 0.007500 0.492500
1 31.550627 -30.964533 259.050049 -0.633791 0.749261 -0.192136 0.492500 0.492500
1 36.594864 -36.927780 219.156326 -0.633791 0.749261 -0.192136 0.492500 0.007500
birch_leaves.bmp
1 -2.431466 -59.709572 259.050049 -0.633791 0.749261 -0.192136 0.007500 0.492500
1 36.594864 -36.927780 219.156326 -0.633791 0.749261 -0.192136 0.492500 0.007500
1 2.612771 -65.672821 219.156326 -0.633791 0.749261 -0.192136 0.007500 0.007500
birch_leaves.bmp
1 26.009172 -69.915619 219.980240 0.715357 0.605112 -0.349435 0.507500 0.007500
1 -2.735868 -35.933529 219.980240 0.715357 0.605112 -0.349435 0.992500 0.007500
1 8.154227 -26.721729 258.226166 0.715357 0.605112 -0.349435 0.992500 0.492500
birch_leaves.bmp
1 26.009172 -69.915619 219.980240 0.715357 0.605112 -0.349435 0.507500 0.007500
1 8.154227 -26.721729 258.226166 0.715357 0.605112 -0.349435 0.992500 0.492500
1 36.899269 -60.703823 258.226166 0.715357 0.605112 -0.349435 0.507500 0.492500
birch_leaves.bmp
1 36.899269 -60.703823 258.226166 -0.715357 -0.605111 0.349435 0.507500 0.492500
1 8.154227 -26.721729 258.226166 -0.715357 -0.605111 0.349435 0.992500 0.492500
1 -2.735868 -35.933529 219.980240 -0.715357 -0.605111 0.349435 0.992500 0.007500
birch_leaves.bmp
1 36.899269 -60.703823 258.226166 -0.715357 -0.605112 0.349435 0.507500 0.492500
1 -2.735868 -35.933529 219.980240 -0.715357 -0.605112 0.349435 0.992500 0.007500
1 26.009172 -69.915619 219.980240 -0.715357 -0.605112 0.349435 0.507500 0.007500
birch_leaves.bmp
1 -11.955758 -28.728445 226.689468 -0.549429 -0.834876 0.033319 0.007500 0.507500
1 20.795439 -50.281921 226.689468 -0.549429 -0.834876 0.033319 0.492500 0.507500
1 21.787085 -48.775085 280.799225 -0.549429 -0.834876 0.033319 0.492500 0.992500
birch_leaves.bmp
1 -11.955758 -28.728445 226.689468 -0.549429 -0.834876 0.033319 0.007500 0.507500
1 21.787085 -48.775085 280.799225 -0.549429 -0.834876 0.033319 0.492500 0.992500
1 -10.964114 -27.221609 280.799225 -0.549429 -0.834876 0.033319 0.007500 0.992500
birch_leaves.bmp
1 -10.964114 -27.221609 280.799225 0.549429 0.834876 -0.033319 0.007500 0.992500
1 21.787085 -48.775085 280.799225 0.549429 0.834876 -0.033319 0.492500 0.992500
1 20.795439 -50.281921 226.689468 0.549429 0.834876 -0.033319 0.492500 0.507500
birch_leaves.bmp
1 -10.964114 -27.221609 280.799225 0.549429 0.834876 -0.033319 0.007500 0.992500
1 20.795439 -50.281921 226.689468 0.549429 0.834876 -0.033319 0.492500 0.507500
1 -11.955758 -28.728445 226.689468 0.549429 0.834876 -0.033319 0.007500 0.507500
birch_leaves.bmp
1 -10.432127 -52.119167 227.180542 0.818160 -0.538429 -0.201761 0.507500 0.507500
1 11.121351 -19.367971 227.180542 0.818160 -0.538429 -0.201761 0.992500 0.507500
1 20.263453 -25.384363 280.308167 0.818160 -0.538429 -0.201761 0.992500 0.992500
birch_leaves.bmp
1 -10.432127 -52.119167 227.180542 0.818160 -0.538429 -0.201761 0.507500 0.507500
1 20.263453 -25.384363 280.308167 0.818160 -0.538429 -0.201761 0.992500 0.992500
1 -1.290026 -58.135563 280.308167 0.818160 -0.538429 -0.201761 0.507500 0.992500
birch_leaves.bmp
1 -1.290026 -58.135563 280.308167 -0.818160 0.538429 0.201761 0.507500 0.992500
1 20.263453 -25.384363 280.308167 -0.818160 0.538429 0.201761 0.992500 0.992500
1 11.121351 -19.367971 227.180542 -0.818160 0.538429 0.201761 0.992500 0.507500
birch_leaves.bmp
1 -1.290026 -58.135563 280.308167 -0.818160 0.538429 0.201761 0.507500 0.992500
1 11.121351 -19.367971 227.180542 -0.818160 0.538429 0.201761 0.992500 0.507500
1 -10.432127 -52.119167 227.180542 -0.818160 0.538429 0.201761 0.507500 0.507500
birch_leaves.bmp
1 27.332561 -42.452339 240.706696 -0.465683 0.883316 0.053782 0.507500 0.007500
1 -10.478664 -62.386375 240.706696 -0.465683 0.883316 0.053782 0.992500 0.007500
1 -9.497824 -64.246849 279.755951 -0.465683 0.883316 0.053782 0.992500 0.492500
birch_leaves.bmp
1 27.332561 -42.452339 240.706696 -0.465683 0.883316 0.053782 0.507500 0.007500
1 -9.497824 -64.246849 279.755951 -0.465683 0.883316 0.053782 0.992500 0.492500
1 28.313404 -44.312813 279.755951 -0.465683 0.883316 0.053782 0.507500 0.492500
birch_leaves.bmp
1 28.313404 -44.312813 279.755951 0.465683 -0.883316 -0.053782 0.507500 0.492500
1 -9.497824 -64.246849 279.755951 0.465683 -0.883316 -0.053782 0.992500 0.492500
1 -10.478664 -62.386375 240.706696 0.465683 -0.883316 -0.053782 0.992500 0.007500
birch_leaves.bmp
1 28.313404 -44.312813 279.755951 0.465683 -0.883316 -0.053782 0.507500 0.492500
1 -10.478664 -62.386375 240.706696 0.465683 -0.883316 -0.053782 0.992500 0.007500
1 27.332561 -42.452339 240.706696 0.465683 -0.883316 -0.053782 0.507500 0.007500
birch_leaves.bmp
1 -7.374694 -37.778538 241.901062 -0.824116 -0.434473 0.363408 0.507500 0.007500
1 12.559343 -75.589760 241.901062 -0.824116 -0.434473 0.363408 0.992500 0.007500
1 25.209433 -68.920647 278.561554 -0.824116 -0.434473 0.363408 0.992500 0.492500
birch_leaves.bmp
1 -7.374694 -37.778538 241.901062 -0.824116 -0.434473 0.363408 0.507500 0.007500
1 25.209433 -68.920647 278.561554 -0.824116 -0.434473 0.363408 0.992500 0.492500
1 5.275396 -31.109425 278.561554 -0.824116 -0.434473 0.363408 0.507500 0.492500
birch_leaves.bmp
1 5.275396 -31.109425 278.561554 0.824116 0.434473 -0.363408 0.507500 0.492500
1 25.209433 -68.920647 278.561554 0.824116 0.434473 -0.363408 0.992500 0.492500
1 12.559343 -75.589760 241.901062 0.824116 0.434473 -0.363408 0.992500 0.007500
birch_leaves.bmp
1 5.275396 -31.109425 278.561554 0.824116 0.434473 -0.363408 0.507500 0.492500
1 12.559343 -75.589760 241.901062 0.824116 0.434473 -0.363408 0.992500 0.007500
1 -7.374694 -37.778538 241.901062 0.824116 0.434473 -0.363408 0.507500 0.007500
birch_leaves.bmp
1 -17.696133 -28.569885 226.680405 -0.435307 -0.898490 -0.056777 0.007500 0.507500
1 12.637094 -43.265945 226.680405 -0.435307 -0.898490 -0.056777 0.492500 0.507500
1 11.591472 -45.424149 268.850250 -0.435307 -0.898490 -0.056777 0.492500 0.992500
birch_leaves.bmp
1 -17.696133 -28.569885 226.680405 -0.435307 -0.898490 -0.056777 0.007500 0.507500
1 11.591472 -45.424149 268.850250 -0.435307 -0.898490 -0.056777 0.492500 0.992500
1 -18.741756 -30.728092 268.850250 -0.435307 -0.898490 -0.056777 0.007500 0.992500
birch_leaves.bmp
1 -18.741756 -30.728092 268.850250 0.435307 0.898490 0.056777 0.007500 0.992500
1 11.591472 -45.424149 268.850250 0.435307 0.898490 0.056777 0.492500 0.992500
1 12.637094 -43.265945 226.680405 0.435307 0.898490 0.056777 0.492500 0.507500
birch_leaves.bmp
1 -18.741756 -30.728092 268.850250 0.435307 0.898490 0.056777 0.007500 0.992500
1 12.637094 -43.265945 226.680405 0.435307 0.898490 0.056777 0.492500 0.507500
1 -17.696133 -28.569885 226.680405 0.435307 0.898490 0.056777 0.007500 0.507500
birch_leaves.bmp
1 -13.399462 -50.710606 226.888672 0.888690 -0.430559 -0.157635 0.007500 0.007500
1 1.296594 -20.377377 226.888672 0.888690 -0.430559 -0.157635 0.492500 0.007500
1 7.294800 -23.283428 268.641998 0.888690 -0.430559 -0.157635 0.492500 0.492500
birch_leaves.bmp
1 -13.399462 -50.710606 226.888672 0.888690 -0.430559 -0.157635 0.007500 0.007500
1 7.294800 -23.283428 268.641998 0.888690 -0.430559 -0.157635 0.492500 0.492500
1 -7.401257 -53.616657 268.641998 0.888690 -0.430559 -0.157635 0.007500 0.492500
birch_leaves.bmp
1 -7.401257 -53.616657 268.641998 -0.888690 0.430559 0.157635 0.007500 0.492500
1 7.294800 -23.283428 268.641998 -0.888690 0.430559 0.157635 0.492500 0.492500
1 1.296594 -20.377377 226.888672 -0.888690 0.430559 0.157635 0.492500 0.007500
birch_leaves.bmp
1 -7.401257 -53.616657 268.641998 -0.888690 0.430559 0.157635 0.007500 0.492500
1 1.296594 -20.377377 226.888672 -0.888690 0.430559 0.157635 0.492500 0.007500
1 -13.399462 -50.710606 226.888672 -0.888690 0.430559 0.157635 0.007500 0.007500
birch_bark.bmp
0 1.997008 1.000000 216.576645 -0.923440 -0.383036 0.023268 0.000000 0.000000
0 4.470401 -1.430714 217.398346 -0.305559 -0.931694 0.196417 0.166667 0.000000
0 18.162687 20.946539 237.294373 0.038768 -0.545039 0.837514 0.166667 0.276863
birch_bark.bmp
0 1.997008 1.000000 216.576645 -0.923440 -0.383036 0.023268 0.000000 0.000000
0 18.162687 20.946539 237.294373 0.038768 -0.545039 0.837514 0.166667 0.276863
0 16.569292 22.184753 236.979553 -0.732314 0.057374 0.678546 0.000000 0.276863
birch_bark.bmp
0 4.470401 -1.430714 217.398346 -0.305559 -0.931694 0.196417 0.166667 0.000000
0 7.357940 -1.207337 215.549957 0.344465 -0.905443 -0.248025 0.333333 0.000000
0 19.623732 21.038780 236.033722 0.769526 -0.589826 0.244815 0.333333 0.276863
birch_bark.bmp
0 4.470401 -1.430714 217.398346 -0.305559 -0.931694 0.196417 0.166667 0.000000
0 19.623732 21.038780 236.033722 0.769526 -0.589826 0.244815 0.333333 0.276863
0 18.162687 20.946539 237.294373 0.038768 -0.545039 0.837514 0.166667 0.276863
birch_bark.bmp
0 7.357940 -1.207337 215.549957 0.344465 -0.905443 -0.248025 0.333333 0.000000
0 8.098530 1.000000 213.103821 0.459011 -0.362679 -0.811032 0.500000 0.000000
0 19.761959 22.184753 234.479172 0.809430 -0.034861 -0.586180 0.500000 0.276863
birch_bark.bmp
0 7.357940 -1.207337 215.549957 0.344465 -0.905443 -0.248025 0.333333 0.000000
0 19.761959 22.184753 234.479172 0.809430 -0.034861 -0.586180 0.500000 0.276863
0 19.623732 21.038780 236.033722 0.769526 -0.589826 0.244815 0.333333 0.276863
birch_bark.bmp
0 8.098530 1.000000 213.103821 0.459011 -0.362679 -0.811032 0.500000 0.000000
0 5.514970 3.363573 212.406403 -0.161013 0.183515 -0.969741 0.666667 0.000000
0 18.129961 23.382933 234.245117 -0.036981 0.626739 -0.778351 0.666667 0.276863
birch_bark.bmp
0 8.098530 1.000000 213.103821 0.459011 -0.362679 -0.811032 0.500000 0.000000
0 18.129961 23.382933 234.245117 -0.036981 0.626739 -0.778351 0.666667 0.276863
0 19.761959 22.184753 234.479172 0.809430 -0.034861 -0.586180 0.500000 0.276863
birch_bark.bmp
0 5.514970 3.363573 212.406403 -0.161013 0.183515 -0.969741 0.666667 0.000000
0 2.625840 3.222521 214.180191 -0.818243 0.143923 -0.556566 0.833333 0.000000
0 16.639139 23.353401 235.449951 -0.767808 0.631243 -0.109556 0.833333 0.276863
birch_bark.bmp
0 5.514970 3.363573 212.406403 -0.161013 0.183515 -0.969741 0.666667 0.000000
0 16.639139 23.353401 235.449951 -0.767808 0.631243 -0.109556 0.833333 0.276863
0 18.129961 23.382933 234.245117 -0.036981 0.626739 -0.778351 0.666667 0.276863
birch_bark.bmp
0 2.625840 3.222521 214.180191 -0.818243 0.143923 -0.556566 0.833333 0.000000
0 1.997008 1.000000 216.576645 -0.923440 -0.383036 0.023268 1.000000 0.000000
0 16.569292 22.184753 236.979553 -0.732314 0.057374 0.678546 1.000000 0.276863
birch_bark.bmp
0 2.625840 3.222521 214.180191 -0.818243 0.143923 -0.556566 0.833333 0.000000
0 16.569292 22.184753 236.979553 -0.732314 0.057374 0.678546 1.000000 0.276863
0 16.639139 23.353401 235.449951 -0.767808 0.631243 -0.109556 0.833333 0.276863
birch_bark.bmp
0 16.569292 22.184753 236.979553 -0.732314 0.057374 0.678546 0.000000 0.276863
0 18.162687 20.946539 237.294373 0.038768 -0.545039 0.837514 0.166667 0.276863
0 31.438110 43.049580 245.676865 0.425110 0.113967 0.897938 0.166667 0.500593
birch_bark.bmp
0 16.569292 22.184753 236.979553 -0.732314 0.057374 0.678546 0.000000 0.276863
0 31.438110 43.049580 245.676865 0.425110 0.113967 0.897938 0.166667 0.500593
0 30.915504 43.369507 245.685715 -0.229051 0.554085 0.800329 0.000000 0.500593
birch_bark.bmp
0 18.162687 20.946539 237.294373 0.038768 -0.545039 0.837514 0.166667 0.276863
0 19.623732 21.038780 236.033722 0.769526 -0.589826 0.244815 0.333333 0.276863
0 31.778498 43.063873 245.220764 0.930890 0.056110 0.360966 0.333333 0.500593
birch_bark.bmp
0 18.162687 20.946539 237.294373 0.038768 -0.545039 0.837514 0.166667 0.276863
0 31.778498 43.063873 245.220764 0.930890 0.056110 0.360966 0.333333 0.500593
0 31.438110 43.049580 245.676865 0.425110 0.113967 0.897938 0.166667 0.500593
birch_bark.bmp
0 19.623732 21.038780 236.033722 0.769526 -0.589826 0.244815 0.333333 0.276863
0 19.761959 22.184753 234.479172 0.809430 -0.034861 -0.586180 0.500000 0.276863
0 31.674112 43.369507 244.733673 0.842153 0.422637 -0.334898 0.500000 0.500593
birch_bark.bmp
0 19.623732 21.038780 236.033722 0.769526 -0.589826 0.244815 0.333333 0.276863
0 31.674112 43.369507 244.733673 0.842153 0.422637 -0.334898 0.500000 0.500593
0 31.778498 43.063873 245.220764 0.930890 0.056110 0.360966 0.333333 0.500593
birch_bark.bmp
0 19.761959 22.184753 234.479172 0.809430 -0.034861 -0.586180 0.500000 0.276863
0 18.129961 23.382933 234.245117 -0.036981 0.626739 -0.778351 0.666667 0.276863
0 31.150803 43.679153 244.764160 0.196801 0.886187 -0.419454 0.666667 0.500593
birch_bark.bmp
0 19.761959 22.184753 234.479172 0.809430 -0.034861 -0.586180 0.500000 0.276863
0 31.150803 43.679153 244.764160 0.196801 0.886187 -0.419454 0.666667 0.500593
0 31.674112 43.369507 244.733673 0.842153 0.422637 -0.334898 0.500000 0.500593
birch_bark.bmp
0 18.129961 23.382933 234.245117 -0.036981 0.626739 -0.778351 0.666667 0.276863
0 16.639139 23.353401 235.449951 -0.767808 0.631243 -0.109556 0.833333 0.276863
0 30.791487 43.684082 245.205154 -0.322484 0.939393 0.116381 0.833333 0.500593
birch_bark.bmp
0 18.129961 23.382933 234.245117 -0.036981 0.626739 -0.778351 0.666667 0.276863
0 30.791487 43.684082 245.205154 -0.322484 0.939393 0.116381 0.833333 0.500593
0 31.150803 43.679153 244.764160 0.196801 0.886187 -0.419454 0.666667 0.500593
birch_bark.bmp
0 16.639139 23.353401 235.449951 -0.767808 0.631243 -0.109556 0.833333 0.276863
0 16.569292 22.184753 236.979553 -0.732314 0.057374 0.678546 1.000000 0.276863
0 30.915504 43.369507 245.685715 -0.229051 0.554085 0.800329 1.000000 0.500593
birch_bark.bmp
0 16.639139 23.353401 235.449951 -0.767808 0.631243 -0.109556 0.833333 0.276863
0 30.915504 43.369507 245.685715 -0.229051 0.554085 0.800329 1.000000 0.500593
0 30.791487 43.684082 245.205154 -0.322484 0.939393 0.116381 0.833333 0.500593
birch_bark.bmp
0 1.997008 1.000000 216.576645 -0.923440 -0.383036 0.023268 0.950000 0.500000
0 2.625840 3.222521 214.180191 -0.818243 0.143923 -0.556566 0.725000 0.110289
0 5.514970 3.363573 212.406403 -0.161013 0.183515 -0.969741 0.275000 0.110289
birch_bark.bmp
0 5.514970 3.363573 212.406403 -0.161013 0.183515 -0.969741 0.275000 0.110289
0 8.098530 1.000000 213.103821 0.459011 -0.362679 -0.811032 0.050000 0.500000
0 7.357940 -1.207337 215.549957 0.344465 -0.905443 -0.248025 0.275000 0.889711
birch_bark.bmp
0 7.357940 -1.207337 215.549957 0.344465 -0.905443 -0.248025 0.275000 0.889711
0 4.470401 -1.430714 217.398346 -0.305559 -0.931694 0.196417 0.725000 0.889711
0 1.997008 1.000000 216.576645 -0.923440 -0.383036 0.023268 0.950000 0.500000
birch_bark.bmp
0 5.514970 3.363573 212.406403 -0.161013 0.183515 -0.969741 0.275000 0.110289
0 7.357940 -1.207337 215.549957 0.344465 -0.905443 -0.248025 0.275000 0.889711
0 1.997008 1.000000 216.576645 -0.923440 -0.383036 0.023268 0.950000 0.500000
birch_bark.bmp
0 30.791487 43.684082 245.205154 -0.322484 0.939393 0.116381 0.725000 0.110289
0 30.915504 43.369507 245.685715 -0.229051 0.554085 0.800329 0.950000 0.500000
0 31.438110 43.049580 245.676865 0.425110 0.113967 0.897938 0.725000 0.889711
birch_bark.bmp
0 31.438110 43.049580 245.676865 0.425110 0.113967 0.897938 0.725000 0.889711
0 31.778498 43.063873 245.220764 0.930890 0.056110 0.360966 0.275000 0.889711
0 31.674112 43.369507 244.733673 0.842153 0.422637 -0.334898 0.050000 0.500000
birch_bark.bmp
0 31.674112 43.369507 244.733673 0.842153 0.422637 -0.334898 0.050000 0.500000
0 31.150803 43.679153 244.764160 0.196801 0.886187 -0.419454 0.275000 0.110289
0 30.791487 43.684082 245.205154 -0.322484 0.939393 0.116381 0.725000 0.110289
birch_bark.bmp
0 31.438110 43.049580 245.676865 0.425110 0.113967 0.897938 0.725000 0.889711
0 31.674112 43.369507 244.733673 0.842153 0.422637 -0.334898 0.050000 0.500000
0 30.791487 43.684082 245.205154 -0.322484 0.939393 0.116381 0.725000 0.110289
birch_leaves.bmp
1 47.547710 5.117764 213.476761 0.909695 0.414869 -0.018408 0.507500 0.507500
1 31.557741 40.179382 213.476761 0.909695 0.414869 -0.018408 0.992500 0.507500
1 32.495548 40.607071 269.461792 0.909695 0.414869 -0.018408 0.992500 0.992500
birch_leaves.bmp
1 47.547710 5.117764 213.476761 0.909695 0.414869 -0.018408 0.507500 0.507500
1 32.495548 40.607071 269.461792 0.909695 0.414869 -0.018408 0.992500 0.992500
1 48.485516 5.545455 269.461792 0.909695 0.414869 -0.018408 0.507500 0.992500
birch_leaves.bmp
1 48.485516 5.545455 269.461792 -0.909695 -0.414869 0.018408 0.507500 0.992500
1 32.495548 40.607071 269.461792 -0.909695 -0.414869 0.018408 0.992500 0.992500
1 31.557741 40.179382 213.476761 -0.909695 -0.414869 0.018408 0.992500 0.507500
birch_leaves.bmp
1 48.485516 5.545455 269.461792 -0.909695 -0.414869 0.018408 0.507500 0.992500
1 31.557741 40.179382 213.476761 -0.909695 -0.414869 0.018408 0.992500 0.507500
1 47.547710 5.117764 213.476761 -0.909695 -0.414869 0.018408 0.507500 0.507500
birch_leaves.bmp
1 61.669918 21.828892 215.109924 -0.388334 0.851510 -0.352316 0.007500 0.507500
1 26.608301 5.838925 215.109924 -0.388334 0.851510 -0.352316 0.492500 0.507500
1 18.373339 23.895947 267.828613 -0.388334 0.851510 -0.352316 0.492500 0.992500
birch_leaves.bmp
1 61.669918 21.828892 215.109924 -0.388334 0.851510 -0.352316 0.007500 0.507500
1 18.373339 23.895947 267.828613 -0.388334 0.851510 -0.352316 0.492500 0.992500
1 53.434956 39.885914 267.828613 -0.388334 0.851510 -0.352316 0.007500 0.992500
birch_leaves.bmp
1 53.434956 39.885914 267.828613 0.388334 -0.851510 0.352316 0.007500 0.992500
1 18.373339 23.895947 267.828613 0.388334 -0.851510 0.352316 0.492500 0.992500
1 26.608301 5.838925 215.109924 0.388334 -0.851510 0.352316 0.492500 0.507500
birch_leaves.bmp
1 53.434956 39.885914 267.828613 0.388334 -0.851510 0.352316 0.007500 0.992500
1 26.608301 5.838925 215.109924 0.388334 -0.851510 0.352316 0.492500 0.507500
1 61.669918 21.828892 215.109924 0.388334 -0.851510 0.352316 0.007500 0.507500
birch_leaves.bmp
1 36.767525 62.825100 232.316269 -0.782617 0.620656 -0.047934 0.007500 0.007500
1 9.887001 28.930073 232.316269 -0.782617 0.620656 -0.047934 0.492500 0.007500
1 7.832203 30.559635 286.964478 -0.782617 0.620656 -0.047934 0.492500 0.492500
birch_leaves.bmp
1 36.767525 62.825100 232.316269 -0.782617 0.620656 -0.047934 0.007500 0.007500
1 7.832203 30.559635 286.964478 -0.782617 0.620656 -0.047934 0.492500 0.492500
1 34.712730 64.454659 286.964478 -0.782617 0.620656 -0.047934 0.007500 0.492500
birch_leaves.bmp
1 34.712730 64.454659 286.964478 0.782617 -0.620656 0.047934 0.007500 0.492500
1 7.832203 30.559635 286.964478 0.782617 -0.620656 0.047934 0.492500 0.492500
1 9.887001 28.930073 232.316269 0.782617 -0.620656 0.047934 0.492500 0.007500
birch_leaves.bmp
1 34.712730 64.454659 286.964478 0.782617 -0.620656 0.047934 0.007500 0.492500
1 9.887001 28.930073 232.316269 0.782617 -0.620656 0.047934 0.492500 0.007500
1 36.767525 62.825100 232.316269 0.782617 -0.620656 0.047934 0.007500 0.007500
birch_leaves.bmp
1 1.773793 55.620243 232.841492 -0.607500 -0.766028 0.210105 0.507500 0.007500
1 35.668819 28.739719 232.841492 -0.607500 -0.766028 0.210105 0.992500 0.007500
1 42.825932 37.764492 286.439270 -0.607500 -0.766028 0.210105 0.992500 0.492500
birch_leaves.bmp
1 1.773793 55.620243 232.841492 -0.607500 -0.766028 0.210105 0.507500 0.007500
1 42.825932 37.764492 286.439270 -0.607500 -0.766028 0.210105 0.992500 0.492500
1 8.930908 64.645020 286.439270 -0.607500 -0.766028 0.210105 0.507500 0.492500
birch_leaves.bmp
1 8.930908 64.645020 286.439270 0.607500 0.766028 -0.210105 0.507500 0.492500
1 42.825932 37.764492 286.439270 0.607500 0.766028 -0.210105 0.992500 0.492500
1 35.668819 28.739719 232.841492 0.607500 0.766028 -0.210105 0.992500 0.007500
birch_leaves.bmp
1 8.930908 64.645020 286.439270 0.607500 0.766028 -0.210105 0.507500 0.492500
1 35.668819 28.739719 232.841492 0.607500 0.766028 -0.210105 0.992500 0.007500
1 1.773793 55.620243 232.841492 0.607500 0.766028 -0.210105 0.507500 0.007500
birch_leaves.bmp
1 44.164722 53.972076 232.478149 0.419184 0.904100 0.082998 0.507500 0.507500
1 8.286747 70.606827 232.478149 0.419184 0.904100 0.082998 0.992500 0.507500
1 6.904717 67.626053 271.927979 0.419184 0.904100 0.082998 0.992500 0.992500
birch_leaves.bmp
1 44.164722 53.972076 232.478149 0.419184 0.904100 0.082998 0.507500 0.507500
1 6.904717 67.626053 271.927979 0.419184 0.904100 0.082998 0.992500 0.992500
1 42.782696 50.991302 271.927979 0.419184 0.904100 0.082998 0.507500 0.992500
birch_leaves.bmp
1 42.782696 50.991302 271.927979 -0.419184 -0.904100 -0.082998 0.507500 0.992500
1 6.904717 67.626053 271.927979 -0.419184 -0.904100 -0.082998 0.992500 0.992500
1 8.286747 70.606827 232.478149 -0.419184 -0.904100 -0.082998 0.992500 0.507500
birch_leaves.bmp
1 42.782696 50.991302 271.927979 -0.419184 -0.904100 -0.082998 0.507500 0.992500
1 8.286747 70.606827 232.478149 -0.419184 -0.904100 -0.082998 0.992500 0.507500
1 44.164722 53.972076 232.478149 -0.419184 -0.904100 -0.082998 0.507500 0.507500
birch_leaves.bmp
1 27.259180 81.794846 233.661865 -0.844668 0.391629 0.364915 0.507500 0.507500
1 10.624430 45.916870 233.661865 -0.844668 0.391629 0.364915 0.992500 0.507500
1 23.810263 39.803284 270.744232 -0.844668 0.391629 0.364915 0.992500 0.992500
birch_leaves.bmp
1 27.259180 81.794846 233.661865 -0.844668 0.391629 0.364915 0.507500 0.507500
1 23.810263 39.803284 270.744232 -0.844668 0.391629 0.364915 0.992500 0.992500
1 40.445011 75.681259 270.744232 -0.844668 0.391629 0.364915 0.507500 0.992500
birch_leaves.bmp
1 40.445011 75.681259 270.744232 0.844668 -0.391629 -0.364915 0.507500 0.992500
1 23.810263 39.803284 270.744232 0.844668 -0.391629 -0.364915 0.992500 0.992500
1 10.624430 45.916870 233.661865 0.844668 -0.391629 -0.364915 0.992500 0.507500
birch_leaves.bmp
1 40.445011 75.681259 270.744232 0.844668 -0.391629 -0.364915 0.507500 0.992500
1 10.624430 45.916870 233.661865 0.844668 -0.391629 -0.364915 0.992500 0.507500
1 27.259180 81.794846 233.661865 0.844668 -0.391629 -0.364915 0.507500 0.507500
birch_leaves.bmp
1 57.510155 58.165264 226.824280 -0.927802 -0.116156 -0.354529 0.007500 0.507500
1 62.579865 17.670778 226.824280 -0.927802 -0.116156 -0.354529 0.492500 0.507500
1 46.447990 15.651147 269.703156 -0.927802 -0.116156 -0.354529 0.492500 0.992500
birch_leaves.bmp
1 57.510155 58.165264 226.824280 -0.927802 -0.116156 -0.354528 0.007500 0.507500
1 46.447990 15.651147 269.703156 -0.927802 -0.116156 -0.354528 0.492500 0.992500
1 41.378281 56.145634 269.703156 -0.927802 -0.116156 -0.354528 0.007500 0.992500
birch_leaves.bmp
1 41.378281 56.145634 269.703156 0.927802 0.116156 0.354528 0.007500 0.992500
1 46.447990 15.651147 269.703156 0.927802 0.116156 0.354528 0.492500 0.992500
1 62.579865 17.670778 226.824280 0.927802 0.116156 0.354528 0.492500 0.507500
birch_leaves.bmp
1 41.378281 56.145634 269.703156 0.927802 0.116156 0.354529 0.007500 0.992500
1 62.579865 17.670778 226.824280 0.927802 0.116156 0.354529 0.492500 0.507500
1 57.510155 58.165264 226.824280 0.927802 0.116156 0.354529 0.007500 0.507500
birch_leaves.bmp
1 31.973946 32.439438 225.549301 0.123770 -0.988621 0.085491 0.007500 0.007500
1 72.468437 37.509148 225.549301 0.123770 -0.988621 0.085491 0.492500 0.007500
1 71.984200 41.376976 270.978149 0.123770 -0.988621 0.085491 0.492500 0.492500
birch_leaves.bmp
1 31.973946 32.439438 225.549301 0.123771 -0.988621 0.085491 0.007500 0.007500
1 71.984200 41.376976 270.978149 0.123771 -0.988621 0.085491 0.492500 0.492500
1 31.489712 36.307266 270.978149 0.123771 -0.988621 0.085491 0.007500 0.492500
birch_leaves.bmp
1 31.489712 36.307266 270.978149 -0.123771 0.988621 -0.085491 0.007500 0.492500
1 71.984200 41.376976 270.978149 -0.123771 0.988621 -0.085491 0.492500 0.492500
1 72.468437 37.509148 225.549301 -0.123771 0.988621 -0.085491 0.492500 0.007500
birch_leaves.bmp
1 31.489712 36.307266 270.978149 -0.123770 0.988621 -0.085491 0.007500 0.492500
1 72.468437 37.509148 225.549301 -0.123770 0.988621 -0.085491 0.492500 0.007500
1 31.973946 32.439438 225.549301 -0.123770 0.988621 -0.085491 0.007500 0.007500
birch_leaves.bmp
1 28.635263 61.649189 212.873428 -0.955512 -0.291525 -0.044832 0.507500 0.007500
1 37.784054 31.662790 212.873428 -0.955512 -0.291525 -0.044832 0.992500 0.007500
1 35.822811 31.064421 258.564392 -0.955512 -0.291525 -0.044832 0.992500 0.492500
birch_leaves.bmp
1 28.635263 61.649189 212.873428 -0.955512 -0.291525 -0.044832 0.507500 0.007500
1 35.822811 31.064421 258.564392 -0.955512 -0.291525 -0.044832 0.992500 0.492500
1 26.674025 61.050816 258.564392 -0.955512 -0.291525 -0.044832 0.507500 0.492500
birch_leaves.bmp
1 26.674025 61.050816 258.564392 0.955512 0.291525 0.044832 0.507500 0.492500
1 35.822811 31.064421 258.564392 0.955512 0.291525 0.044832 0.992500 0.492500
1 37.784054 31.662790 212.873428 0.955512 0.291525 0.044832 0.992500 0.007500
birch_leaves.bmp
1 26.674025 61.050816 258.564392 0.955512 0.291525 0.044832 0.507500 0.492500
1 37.784054 31.662790 212.873428 0.955512 0.291525 0.044832 0.992500 0.007500
1 28.635263 61.649189 212.873428 0.955512 0.291525 0.044832 0.507500 0.007500
birch_leaves.bmp
1 19.429317 34.592991 213.998032 0.275773 -0.903882 0.327026 0.507500 0.507500
1 49.415714 43.741779 213.998032 0.275773 -0.903882 0.327026 0.992500 0.507500
1 45.028759 58.120617 257.439758 0.275773 -0.903882 0.327026 0.992500 0.992500
birch_leaves.bmp
1 19.429317 34.592991 213.998032 0.275773 -0.903882 0.327026 0.507500 0.507500
1 45.028759 58.120617 257.439758 0.275773 -0.903882 0.327026 0.992500 0.992500
1 15.042363 48.971828 257.439758 0.275773 -0.903882 0.327026 0.507500 0.992500
birch_leaves.bmp
1 15.042363 48.971828 257.439758 -0.275773 0.903882 -0.327026 0.507500 0.992500
1 45.028759 58.120617 257.439758 -0.275773 0.903882 -0.327026 0.992500 0.992500
1 49.415714 43.741779 213.998032 -0.275773 0.903882 -0.327026 0.992500 0.507500
birch_leaves.bmp
1 15.042363 48.971828 257.439758 -0.275773 0.903882 -0.327026 0.507500 0.992500
1 49.415714 43.741779 213.998032 -0.275773 0.903882 -0.327026 0.992500 0.507500
1 19.429317 34.592991 213.998032 -0.275773 0.903882 -0.327026 0.507500 0.507500
birch_leaves.bmp
1 31.583872 43.572186 222.399002 0.928233 0.359982 0.093789 0.507500 0.507500
1 16.307554 82.963051 222.399002 0.928233 0.359982 0.093789 0.992500 0.507500
1 11.442716 81.076393 277.787598 0.928233 0.359982 0.093789 0.992500 0.992500
birch_leaves.bmp
1 31.583872 43.572186 222.399002 0.928233 0.359982 0.093789 0.507500 0.507500
1 11.442716 81.076393 277.787598 0.928233 0.359982 0.093789 0.992500 0.992500
1 26.719034 41.685535 277.787598 0.928233 0.359982 0.093789 0.507500 0.992500
birch_leaves.bmp
1 26.719034 41.685535 277.787598 -0.928233 -0.359982 -0.093789 0.507500 0.992500
1 11.442716 81.076393 277.787598 -0.928233 -0.359982 -0.093789 0.992500 0.992500
1 16.307554 82.963051 222.399002 -0.928233 -0.359982 -0.093789 0.992500 0.507500
birch_leaves.bmp
1 26.719034 41.685535 277.787598 -0.928233 -0.359982 -0.093789 0.507500 0.992500
1 16.307554 82.963051 222.399002 -0.928233 -0.359982 -0.093789 0.992500 0.507500
1 31.583872 43.572186 222.399002 -0.928233 -0.359982 -0.093789 0.507500 0.507500
birch_leaves.bmp
1 40.471443 71.863571 222.355804 -0.360602 0.929834 0.073316 0.507500 0.507500
1 1.080580 56.587257 222.355804 -0.360602 0.929834 0.073316 0.992500 0.507500
1 2.555143 52.785011 277.830750 -0.360602 0.929834 0.073316 0.992500 0.992500
birch_leaves.bmp
1 40.471443 71.863571 222.355804 -0.360602 0.929834 0.073316 0.507500 0.507500
1 2.555143 52.785011 277.830750 -0.360602 0.929834 0.073316 0.992500 0.992500
1 41.946007 68.061325 277.830750 -0.360602 0.929834 0.073316 0.507500 0.992500
birch_leaves.bmp
1 41.946007 68.061325 277.830750 0.360602 -0.929834 -0.073316 0.507500 0.992500
1 2.555143 52.785011 277.830750 0.360602 -0.929834 -0.073316 0.992500 0.992500
1 1.080580 56.587257 222.355804 0.360602 -0.929834 -0.073316 0.992500 0.507500
birch_leaves.bmp
1 41.946007 68.061325 277.830750 0.360602 -0.929834 -0.073316 0.507500 0.992500
1 1.080580 56.587257 222.355804 0.360602 -0.929834 -0.073316 0.992500 0.507500
1 40.471443 71.863571 222.355804 0.360602 -0.929834 -0.073316 0.507500 0.507500
birch_leaves.bmp
1 27.747078 54.717743 228.075134 0.572504 0.798717 0.185175 0.007500 0.007500
1 2.233288 73.005508 228.075134 0.572504 0.798717 0.185175 0.492500 0.007500
1 -1.731173 67.474579 264.188721 0.572504 0.798717 0.185175 0.492500 0.492500
birch_leaves.bmp
1 27.747078 54.717743 228.075134 0.572504 0.798717 0.185175 0.007500 0.007500
1 -1.731173 67.474579 264.188721 0.572504 0.798717 0.185175 0.492500 0.492500
1 23.782616 49.186813 264.188721 0.572504 0.798717 0.185175 0.007500 0.492500
birch_leaves.bmp
1 23.782616 49.186813 264.188721 -0.572504 -0.798717 -0.185175 0.007500 0.492500
1 -1.731173 67.474579 264.188721 -0.572504 -0.798717 -0.185175 0.492500 0.492500
1 2.233288 73.005508 228.075134 -0.572504 -0.798717 -0.185175 0.492500 0.007500
birch_leaves.bmp
1 23.782616 49.186813 264.188721 -0.572504 -0.798717 -0.185175 0.007500 0.492500
1 2.233288 73.005508 228.075134 -0.572504 -0.798717 -0.185175 0.492500 0.007500
1 27.747078 54.717743 228.075134 -0.572504 -0.798717 -0.185175 0.007500 0.007500
birch_leaves.bmp
1 16.926472 77.598488 228.835938 -0.761845 0.546075 0.348416 0.007500 0.007500
1 -1.361291 52.084702 228.835938 -0.761845 0.546075 0.348416 0.492500 0.007500
1 9.089431 44.593834 263.427917 -0.761845 0.546075 0.348416 0.492500 0.492500
birch_leaves.bmp
1 16.926472 77.598488 228.835938 -0.761845 0.546075 0.348416 0.007500 0.007500
1 9.089431 44.593834 263.427917 -0.761845 0.546075 0.348416 0.492500 0.492500
1 27.377193 70.107628 263.427917 -0.761845 0.546075 0.348416 0.007500 0.492500
birch_leaves.bmp
1 27.377193 70.107628 263.427917 0.761845 -0.546075 -0.348416 0.007500 0.492500
1 9.089431 44.593834 263.427917 0.761845 -0.546075 -0.348416 0.492500 0.492500
1 -1.361291 52.084702 228.835938 0.761845 -0.546075 -0.348416 0.492500 0.007500
birch_leaves.bmp
1 27.377193 70.107628 263.427917 0.761845 -0.546075 -0.348416 0.007500 0.492500
1 -1.361291 52.084702 228.835938 0.761845 -0.546075 -0.348416 0.492500 0.007500
1 16.926472 77.598488 228.835938 0.761845 -0.546075 -0.348416 0.007500 0.007500
birch_leaves.bmp
1 30.371410 66.788933 247.812576 -0.829810 0.554549 0.062382 0.507500 0.507500
1 11.599516 38.699245 247.812576 -0.829810 0.554549 0.062382 0.992500 0.507500
1 13.559059 37.389713 285.519623 -0.829810 0.554549 0.062382 0.992500 0.992500
birch_leaves.bmp
1 30.371410 66.788933 247.812576 -0.829810 0.554549 0.062382 0.507500 0.507500
1 13.559059 37.389713 285.519623 -0.829810 0.554549 0.062382 0.992500 0.992500
1 32.330952 65.479408 285.519623 -0.829810 0.554549 0.062382 0.507500 0.992500
birch_leaves.bmp
1 32.330952 65.479408 285.519623 0.829810 -0.554549 -0.062382 0.507500 0.992500
1 13.559059 37.389713 285.519623 0.829810 -0.554549 -0.062382 0.992500 0.992500
1 11.599516 38.699245 247.812576 0.829810 -0.554549 -0.062382 0.992500 0.507500
birch_leaves.bmp
1 32.330952 65.479408 285.519623 0.829810 -0.554549 -0.062382 0.507500 0.992500
1 11.599516 38.699245 247.812576 0.829810 -0.554549 -0.062382 0.992500 0.507500
1 30.371410 66.788933 247.812576 0.829810 -0.554549 -0.062382 0.507500 0.507500
birch_leaves.bmp
1 5.888966 58.435509 248.101944 -0.545159 -0.815759 0.193231 0.507500 0.007500
1 33.978653 39.663612 248.101944 -0.545159 -0.815759 0.193231 0.992500 0.007500
1 38.041504 45.743141 285.230286 -0.545159 -0.815759 0.193231 0.992500 0.492500
birch_leaves.bmp
1 5.888966 58.435509 248.101944 -0.545159 -0.815759 0.193231 0.507500 0.007500
1 38.041504 45.743141 285.230286 -0.545159 -0.815759 0.193231 0.992500 0.492500
1 9.951817 64.515038 285.230286 -0.545159 -0.815759 0.193231 0.507500 0.492500
birch_leaves.bmp
1 9.951817 64.515038 285.230286 0.545159 0.815759 -0.193231 0.507500 0.492500
1 38.041504 45.743141 285.230286 0.545159 0.815759 -0.193231 0.992500 0.492500
1 33.978653 39.663612 248.101944 0.545159 0.815759 -0.193231 0.992500 0.007500
birch_leaves.bmp
1 9.951817 64.515038 285.230286 0.545159 0.815759 -0.193231 0.507500 0.492500
1 33.978653 39.663612 248.101944 0.545159 0.815759 -0.193231 0.992500 0.007500
1 5.888966 58.435509 248.101944 0.545159 0.815759 -0.193231 0.507500 0.007500
birch_leaves.bmp
1 17.259243 51.305290 226.092758 0.798267 -0.400392 -0.449951 0.007500 0.507500
1 33.648045 83.979851 226.092758 0.798267 -0.400392 -0.449951 0.492500 0.507500
1 49.685452 75.935860 261.703064 0.798267 -0.400392 -0.449951 0.492500 0.992500
birch_leaves.bmp
1 17.259243 51.305290 226.092758 0.798267 -0.400392 -0.449951 0.007500 0.507500
1 49.685452 75.935860 261.703064 0.798267 -0.400392 -0.449951 0.492500 0.992500
1 33.296650 43.261299 261.703064 0.798267 -0.400392 -0.449951 0.007500 0.992500
birch_leaves.bmp
1 33.296650 43.261299 261.703064 -0.798267 0.400392 0.449951 0.007500 0.992500
1 49.685452 75.935860 261.703064 -0.798267 0.400392 0.449951 0.492500 0.992500
1 33.648045 83.979851 226.092758 -0.798267 0.400392 0.449951 0.492500 0.507500
birch_leaves.bmp
1 33.296650 43.261299 261.703064 -0.798267 0.400392 0.449951 0.007500 0.992500
1 33.648045 83.979851 226.092758 -0.798267 0.400392 0.449951 0.492500 0.507500
1 17.259243 51.305290 226.092758 -0.798267 0.400392 0.449951 0.007500 0.507500
birch_leaves.bmp
1 45.792656 47.417488 226.087662 0.400517 0.798515 -0.449400 0.007500 0.007500
1 13.118096 63.806286 226.087662 0.400517 0.798515 -0.449400 0.492500 0.007500
1 21.152039 79.823654 261.708160 0.400517 0.798515 -0.449400 0.492500 0.492500
birch_leaves.bmp
1 45.792656 47.417488 226.087662 0.400517 0.798515 -0.449400 0.007500 0.007500
1 21.152039 79.823654 261.708160 0.400517 0.798515 -0.449400 0.492500 0.492500
1 53.826599 63.434860 261.708160 0.400517 0.798515 -0.449400 0.007500 0.492500
birch_leaves.bmp
1 53.826599 63.434860 261.708160 -0.400517 -0.798515 0.449400 0.007500 0.492500
1 21.152039 79.823654 261.708160 -0.400517 -0.798515 0.449400 0.492500 0.492500
1 13.118096 63.806286 226.087662 -0.400517 -0.798515 0.449400 0.492500 0.007500
birch_leaves.bmp
1 53.826599 63.434860 261.708160 -0.400517 -0.798515 0.449400 0.007500 0.492500
1 13.118096 63.806286 226.087662 -0.400517 -0.798515 0.449400 0.492500 0.007500
1 45.792656 47.417488 226.087662 -0.400517 -0.798515 0.449400 0.007500 0.007500
birch_bark.bmp
0 2.717054 1.000000 223.754044 -0.083137 0.139935 -0.986664 0.000000 0.000000
0 4.309545 -2.086295 224.556152 0.293402 -0.577500 -0.761846 0.166667 0.000000
0 -25.034472 -9.094917 249.640045 -0.096175 -0.875312 -0.473898 0.166667 0.335059
birch_bark.bmp
0 2.717054 1.000000 223.754044 -0.083137 0.139935 -0.986664 0.000000 0.000000
0 -25.034472 -9.094917 249.640045 -0.096175 -0.875312 -0.473898 0.166667 0.335059
0 -25.933290 -7.368934 249.042648 -0.561357 0.034930 -0.826836 0.000000 0.335059
birch_bark.bmp
0 4.309545 -2.086295 224.556152 0.293402 -0.577500 -0.761846 0.166667 0.000000
0 6.531172 -1.802671 227.098648 0.821474 -0.542756 -0.174920 0.333333 0.000000
0 -23.974916 -8.966339 251.220169 0.408367 -0.838578 0.360587 0.333333 0.335059
birch_bark.bmp
0 4.309545 -2.086295 224.556152 0.293402 -0.577500 -0.761846 0.166667 0.000000
0 -23.974916 -8.966339 251.220169 0.408367 -0.838578 0.360587 0.333333 0.335059
0 -25.034472 -9.094917 249.640045 -0.096175 -0.875312 -0.473898 0.166667 0.335059
birch_bark.bmp
0 6.531172 -1.802671 227.098648 0.821474 -0.542756 -0.174920 0.333333 0.000000
0 7.355576 1.000000 228.878815 0.966790 0.112901 0.229282 0.500000 0.000000
0 -23.656605 -7.368934 252.325989 0.496734 -0.031610 0.867327 0.500000 0.335059
birch_bark.bmp
0 6.531172 -1.802671 227.098648 0.821474 -0.542756 -0.174920 0.333333 0.000000
0 -23.656605 -7.368934 252.325989 0.496734 -0.031610 0.867327 0.500000 0.335059
0 -23.974916 -8.966339 251.220169 0.408367 -0.838578 0.360587 0.333333 0.335059
birch_bark.bmp
0 7.355576 1.000000 228.878815 0.966790 0.112901 0.229282 0.500000 0.000000
0 5.671383 4.001045 227.948959 0.570290 0.821432 0.004298 0.666667 0.000000
0 -24.590630 -5.698759 251.655212 0.068461 0.822498 0.564633 0.666667 0.335059
birch_bark.bmp
0 7.355576 1.000000 228.878815 0.966790 0.112901 0.229282 0.500000 0.000000
0 -24.590630 -5.698759 251.655212 0.068461 0.822498 0.564633 0.666667 0.335059
0 -23.656605 -7.368934 252.325989 0.496734 -0.031610 0.867327 0.500000 0.335059
birch_bark.bmp
0 5.671383 4.001045 227.948959 0.570290 0.821432 0.004298 0.666667 0.000000
0 3.458295 3.821951 225.448318 0.070109 0.793747 -0.604194 0.833333 0.000000
0 -25.659395 -5.739922 250.097229 -0.444818 0.858572 -0.254932 0.833333 0.335059
birch_bark.bmp
0 5.671383 4.001045 227.948959 0.570290 0.821432 0.004298 0.666667 0.000000
0 -25.659395 -5.739922 250.097229 -0.444818 0.858572 -0.254932 0.833333 0.335059
0 -24.590630 -5.698759 251.655212 0.068461 0.822498 0.564633 0.666667 0.335059
birch_bark.bmp
0 3.458295 3.821951 225.448318 0.070109 0.793747 -0.604194 0.833333 0.000000
0 2.717054 1.000000 223.754044 -0.083137 0.139935 -0.986664 1.000000 0.000000
0 -25.933290 -7.368934 249.042648 -0.561357 0.034930 -0.826836 1.000000 0.335059
birch_bark.bmp
0 3.458295 3.821951 225.448318 0.070109 0.793747 -0.604194 0.833333 0.000000
0 -25.933290 -7.368934 249.042648 -0.561357 0.034930 -0.826836 1.000000 0.335059
0 -25.659395 -5.739922 250.097229 -0.444818 0.858572 -0.254932 0.833333 0.335059
birch_bark.bmp
0 -25.933290 -7.368934 249.042648 -0.561357 0.034930 -0.826836 0.000000 0.335059
0 -25.034472 -9.094917 249.640045 -0.096175 -0.875312 -0.473898 0.166667 0.335059
0 -54.625896 -16.242491 263.332275 -0.565638 -0.807295 -0.168312 0.166667 0.617037
birch_bark.bmp
0 -25.933290 -7.368934 249.042648 -0.561357 0.034930 -0.826836 0.000000 0.335059
0 -54.625896 -16.242491 263.332275 -0.565638 -0.807295 -0.168312 0.166667 0.617037
0 -54.877495 -15.737868 263.104095 -0.880852 -0.118569 -0.458302 0.000000 0.617037
birch_bark.bmp
0 -25.034472 -9.094917 249.640045 -0.096175 -0.875312 -0.473898 0.166667 0.335059
0 -23.974916 -8.966339 251.220169 0.408367 -0.838578 0.360587 0.333333 0.335059
0 -54.386326 -16.219942 263.842773 -0.246097 -0.815453 0.523901 0.333333 0.617037
birch_bark.bmp
0 -25.034472 -9.094917 249.640045 -0.096175 -0.875312 -0.473898 0.166667 0.335059
0 -54.386326 -16.219942 263.842773 -0.246097 -0.815453 0.523901 0.333333 0.617037
0 -54.625896 -16.242491 263.332275 -0.565638 -0.807295 -0.168312 0.166667 0.617037
birch_bark.bmp
0 -23.974916 -8.966339 251.220169 0.408367 -0.838578 0.360587 0.333333 0.335059
0 -23.656605 -7.368934 252.325989 0.496734 -0.031610 0.867327 0.500000 0.335059
0 -54.354404 -15.737868 264.190033 -0.204547 -0.181462 0.961890 0.500000 0.617037
birch_bark.bmp
0 -23.974916 -8.966339 251.220169 0.408367 -0.838578 0.360587 0.333333 0.335059
0 -54.354404 -15.737868 264.190033 -0.204547 -0.181462 0.961890 0.500000 0.617037
0 -54.386326 -16.219942 263.842773 -0.246097 -0.815453 0.523901 0.333333 0.617037
birch_bark.bmp
0 -23.656605 -7.368934 252.325989 0.496734 -0.031610 0.867327 0.500000 0.335059
0 -24.590630 -5.698759 251.655212 0.068461 0.822498 0.564633 0.666667 0.335059
0 -54.609982 -15.249461 263.944092 -0.543626 0.487162 0.683479 0.666667 0.617037
birch_bark.bmp
0 -23.656605 -7.368934 252.325989 0.496734 -0.031610 0.867327 0.500000 0.335059
0 -54.609982 -15.249461 263.944092 -0.543626 0.487162 0.683479 0.666667 0.617037
0 -54.354404 -15.737868 264.190033 -0.204547 -0.181462 0.961890 0.500000 0.617037
birch_bark.bmp
0 -24.590630 -5.698759 251.655212 0.068461 0.822498 0.564633 0.666667 0.335059
0 -25.659395 -5.739922 250.097229 -0.444818 0.858572 -0.254932 0.833333 0.335059
0 -54.856068 -15.241686 263.437775 -0.855905 0.517095 -0.006304 0.833333 0.617037
birch_bark.bmp
0 -24.590630 -5.698759 251.655212 0.068461 0.822498 0.564633 0.666667 0.335059
0 -54.856068 -15.241686 263.437775 -0.855905 0.517095 -0.006304 0.833333 0.617037
0 -54.609982 -15.249461 263.944092 -0.543626 0.487162 0.683479 0.666667 0.617037
birch_bark.bmp
0 -25.659395 -5.739922 250.097229 -0.444818 0.858572 -0.254932 0.833333 0.335059
0 -25.933290 -7.368934 249.042648 -0.561357 0.034930 -0.826836 1.000000 0.335059
0 -54.877495 -15.737868 263.104095 -0.880852 -0.118569 -0.458302 1.000000 0.617037
birch_bark.bmp
0 -25.659395 -5.739922 250.097229 -0.444818 0.858572 -0.254932 0.833333 0.335059
0 -54.877495 -15.737868 263.104095 -0.880852 -0.118569 -0.458302 1.000000 0.617037
0 -54.856068 -15.241686 263.437775 -0.855905 0.517095 -0.006304 0.833333 0.617037
birch_bark.bmp
0 2.717054 1.000000 223.754044 -0.083137 0.139935 -0.986664 0.950000 0.500000
0 3.458295 3.821951 225.448318 0.070109 0.793747 -0.604194 0.725000 0.110289
0 5.671383 4.001045 227.948959 0.570290 0.821432 0.004298 0.275000 0.110289
birch_bark.bmp
0 5.671383 4.001045 227.948959 0.570290 0.821432 0.004298 0.275000 0.110289
0 7.355576 1.000000 228.878815 0.966790 0.112901 0.229282 0.050000 0.500000
0 6.531172 -1.802671 227.098648 0.821474 -0.542756 -0.174920 0.275000 0.889711
birch_bark.bmp
0 6.531172 -1.802671 227.098648 0.821474 -0.542756 -0.174920 0.275000 0.889711
0 4.309545 -2.086295 224.556152 0.293402 -0.577500 -0.761846 0.725000 0.889711
0 2.717054 1.000000 223.754044 -0.083137 0.139935 -0.986664 0.950000 0.500000
birch_bark.bmp
0 5.671383 4.001045 227.948959 0.570290 0.821432 0.004298 0.275000 0.110289
0 6.531172 -1.802671 227.098648 0.821474 -0.542756 -0.174920 0.275000 0.889711
0 2.717054 1.000000 223.754044 -0.083137 0.139935 -0.986664 0.950000 0.500000
birch_bark.bmp
0 -54.856068 -15.241686 263.437775 -0.855905 0.517095 -0.006304 0.725000 0.110289
0 -54.877495 -15.737868 263.104095 -0.880852 -0.118569 -0.458302 0.950000 0.500000
0 -54.625896 -16.242491 263.332275 -0.565638 -0.807295 -0.168312 0.725000 0.889711
birch_bark.bmp
0 -54.625896 -16.242491 263.332275 -0.565638 -0.807295 -0.168312 0.725000 0.889711
0 -54.386326 -16.219942 263.842773 -0.246097 -0.815453 0.523901 0.275000 0.889711
0 -54.354404 -15.737868 264.190033 -0.204547 -0.181462 0.961890 0.050000 0.500000
birch_bark.bmp
0 -54.354404 -15.737868 264.190033 -0.204547 -0.181462 0.961890 0.050000 0.500000
0 -54.609982 -15.249461 263.944092 -0.543626 0.487162 0.683479 0.275000 0.110289
0 -54.856068 -15.241686 263.437775 -0.855905 0.517095 -0.006304 0.725000 0.110289
birch_bark.bmp
0 -54.625896 -16.242491 263.332275 -0.565638 -0.807295 -0.168312 0.725000 0.889711
0 -54.354404 -15.737868 264.190033 -0.204547 -0.181462 0.961890 0.050000 0.500000
0 -54.856068 -15.241686 263.437775 -0.855905 0.517095 -0.006304 0.725000 0.110289
birch_leaves.bmp
1 -32.023048 -8.213291 254.471191 -0.875180 -0.199224 -0.440874 0.007500 0.507500
1 -23.444809 -45.897022 254.471191 -0.875180 -0.199224 -0.440874 0.492500 0.507500
1 -43.426453 -50.445599 296.192200 -0.875180 -0.199224 -0.440874 0.492500 0.992500
birch_leaves.bmp
1 -32.023048 -8.213291 254.471191 -0.875180 -0.199224 -0.440874 0.007500 0.507500
1 -43.426453 -50.445599 296.192200 -0.875180 -0.199224 -0.440874 0.492500 0.992500
1 -52.004692 -12.761868 296.192200 -0.875180 -0.199224 -0.440874 0.007500 0.992500
birch_leaves.bmp
1 -52.004692 -12.761868 296.192200 0.875180 0.199224 0.440874 0.007500 0.992500
1 -43.426453 -50.445599 296.192200 0.875180 0.199224 0.440874 0.492500 0.992500
1 -23.444809 -45.897022 254.471191 0.875180 0.199224 0.440874 0.492500 0.507500
birch_leaves.bmp
1 -52.004692 -12.761868 296.192200 0.875180 0.199224 0.440874 0.007500 0.992500
1 -23.444809 -45.897022 254.471191 0.875180 0.199224 0.440874 0.492500 0.507500
1 -32.023048 -8.213291 254.471191 0.875180 0.199224 0.440874 0.007500 0.507500
birch_leaves.bmp
1 -56.160793 -35.401329 252.374359 0.221259 -0.971978 0.079391 0.507500 0.507500
1 -18.477060 -26.823090 252.374359 0.221259 -0.971978 0.079391 0.992500 0.507500
1 -19.288710 -23.257561 298.289032 0.221259 -0.971978 0.079391 0.992500 0.992500
birch_leaves.bmp
1 -56.160793 -35.401329 252.374359 0.221259 -0.971978 0.079391 0.507500 0.507500
1 -19.288710 -23.257561 298.289032 0.221259 -0.971978 0.079391 0.992500 0.992500
1 -56.972439 -31.835800 298.289032 0.221259 -0.971978 0.079391 0.507500 0.992500
birch_leaves.bmp
1 -56.972439 -31.835800 298.289032 -0.221259 0.971978 -0.079391 0.507500 0.992500
1 -19.288710 -23.257561 298.289032 -0.221259 0.971978 -0.079391 0.992500 0.992500
1 -18.477060 -26.823090 252.374359 -0.221259 0.971978 -0.079391 0.992500 0.507500
birch_leaves.bmp
1 -56.972439 -31.835800 298.289032 -0.221259 0.971978 -0.079391 0.507500 0.992500
1 -18.477060 -26.823090 252.374359 -0.221259 0.971978 -0.079391 0.992500 0.507500
1 -56.160793 -35.401329 252.374359 -0.221259 0.971978 -0.079391 0.507500 0.507500
birch_leaves.bmp
1 -32.966560 20.818790 248.334152 -0.943264 0.298080 0.146294 0.507500 0.507500
1 -41.746647 -6.965532 248.334152 -0.943264 0.298080 0.146294 0.992500 0.507500
1 -35.205059 -9.032730 294.724670 -0.943264 0.298080 0.146294 0.992500 0.992500
birch_leaves.bmp
1 -32.966560 20.818790 248.334152 -0.943264 0.298080 0.146294 0.507500 0.507500
1 -35.205059 -9.032730 294.724670 -0.943264 0.298080 0.146294 0.992500 0.992500
1 -26.424971 18.751591 294.724670 -0.943264 0.298080 0.146294 0.507500 0.992500
birch_leaves.bmp
1 -26.424971 18.751591 294.724670 0.943264 -0.298080 -0.146294 0.507500 0.992500
1 -35.205059 -9.032730 294.724670 0.943264 -0.298080 -0.146294 0.992500 0.992500
1 -41.746647 -6.965532 248.334152 0.943264 -0.298080 -0.146294 0.992500 0.507500
birch_leaves.bmp
1 -26.424971 18.751591 294.724670 0.943264 -0.298080 -0.146294 0.507500 0.992500
1 -41.746647 -6.965532 248.334152 0.943264 -0.298080 -0.146294 0.992500 0.507500
1 -32.966560 20.818790 248.334152 0.943264 -0.298080 -0.146294 0.507500 0.507500
birch_leaves.bmp
1 -48.249615 9.423448 248.121674 -0.301098 -0.952816 0.038486 0.507500 0.007500
1 -20.465298 0.643359 248.121674 -0.301098 -0.952816 0.038486 0.992500 0.007500
1 -19.921997 2.362612 294.937134 -0.301098 -0.952816 0.038486 0.992500 0.492500
birch_leaves.bmp
1 -48.249615 9.423448 248.121674 -0.301098 -0.952816 0.038486 0.507500 0.007500
1 -19.921997 2.362612 294.937134 -0.301098 -0.952816 0.038486 0.992500 0.492500
1 -47.706318 11.142699 294.937134 -0.301098 -0.952816 0.038486 0.507500 0.492500
birch_leaves.bmp
1 -47.706318 11.142699 294.937134 0.301098 0.952816 -0.038486 0.507500 0.492500
1 -19.921997 2.362612 294.937134 0.301098 0.952816 -0.038486 0.992500 0.492500
1 -20.465298 0.643359 248.121674 0.301098 0.952816 -0.038486 0.992500 0.007500
birch_leaves.bmp
1 -47.706318 11.142699 294.937134 0.301098 0.952816 -0.038485 0.507500 0.492500
1 -20.465298 0.643359 248.121674 0.301098 0.952816 -0.038485 0.992500 0.007500
1 -48.249615 9.423448 248.121674 0.301098 0.952816 -0.038485 0.507500 0.007500
birch_leaves.bmp
1 -65.321602 -27.693205 237.410843 0.735593 -0.515109 -0.439962 0.507500 0.507500
1 -42.253677 5.248571 237.410843 0.735593 -0.515109 -0.439962 0.992500 0.507500
1 -23.450468 -7.918631 284.264984 0.735593 -0.515109 -0.439962 0.992500 0.992500
birch_leaves.bmp
1 -65.321602 -27.693205 237.410843 0.735593 -0.515109 -0.439962 0.507500 0.507500
1 -23.450468 -7.918631 284.264984 0.735593 -0.515109 -0.439962 0.992500 0.992500
1 -46.518394 -40.860405 284.264984 0.735593 -0.515109 -0.439962 0.507500 0.992500
birch_leaves.bmp
1 -46.518394 -40.860405 284.264984 -0.735593 0.515109 0.439962 0.507500 0.992500
1 -23.450468 -7.918631 284.264984 -0.735593 0.515109 0.439962 0.992500 0.992500
1 -42.253677 5.248571 237.410843 -0.735593 0.515109 0.439962 0.992500 0.507500
birch_leaves.bmp
1 -46.518394 -40.860405 284.264984 -0.735593 0.515109 0.439962 0.507500 0.992500
1 -42.253677 5.248571 237.410843 -0.735593 0.515109 0.439962 0.992500 0.507500
1 -65.321602 -27.693205 237.410843 -0.735593 0.515109 0.439962 0.507500 0.507500
birch_leaves.bmp
1 -22.520905 -21.636715 236.589935 0.534796 0.763707 0.361588 0.007500 0.007500
1 -55.462681 1.431206 236.589935 0.534796 0.763707 0.361588 0.492500 0.007500
1 -66.251167 -13.975119 285.085907 0.534796 0.763707 0.361588 0.492500 0.492500
birch_leaves.bmp
1 -22.520905 -21.636715 236.589935 0.534796 0.763707 0.361588 0.007500 0.007500
1 -66.251167 -13.975119 285.085907 0.534796 0.763707 0.361588 0.492500 0.492500
1 -33.309391 -37.043041 285.085907 0.534796 0.763707 0.361588 0.007500 0.492500
birch_leaves.bmp
1 -33.309391 -37.043041 285.085907 -0.534796 -0.763707 -0.361588 0.007500 0.492500
1 -66.251167 -13.975119 285.085907 -0.534796 -0.763707 -0.361588 0.492500 0.492500
1 -55.462681 1.431206 236.589935 -0.534796 -0.763707 -0.361588 0.492500 0.007500
birch_leaves.bmp
1 -33.309391 -37.043041 285.085907 -0.534796 -0.763707 -0.361588 0.007500 0.492500
1 -55.462681 1.431206 236.589935 -0.534796 -0.763707 -0.361588 0.492500 0.007500
1 -22.520905 -21.636715 236.589935 -0.534796 -0.763707 -0.361588 0.007500 0.007500
birch_leaves.bmp
1 -54.697506 -22.351896 246.381516 0.802394 0.356758 -0.478422 0.007500 0.007500
1 -69.343719 10.589235 246.381516 0.802394 0.356758 -0.478422 0.492500 0.007500
1 -48.129116 20.021631 288.995636 0.802394 0.356758 -0.478422 0.492500 0.492500
birch_leaves.bmp
1 -54.697506 -22.351896 246.381516 0.802393 0.356759 -0.478422 0.007500 0.007500
1 -48.129116 20.021631 288.995636 0.802393 0.356759 -0.478422 0.492500 0.492500
1 -33.482899 -12.919500 288.995636 0.802393 0.356759 -0.478422 0.007500 0.492500
birch_leaves.bmp
1 -33.482899 -12.919500 288.995636 -0.802393 -0.356759 0.478422 0.007500 0.492500
1 -48.129116 20.021631 288.995636 -0.802393 -0.356759 0.478422 0.492500 0.492500
1 -69.343719 10.589235 246.381516 -0.802393 -0.356759 0.478422 0.492500 0.007500
birch_leaves.bmp
1 -33.482899 -12.919500 288.995636 -0.802394 -0.356758 0.478422 0.007500 0.492500
1 -69.343719 10.589235 246.381516 -0.802394 -0.356758 0.478422 0.492500 0.007500
1 -54.697506 -22.351896 246.381516 -0.802394 -0.356758 0.478422 0.007500 0.007500
birch_leaves.bmp
1 -30.639107 -3.521427 245.908554 -0.365351 0.821718 -0.437377 0.507500 0.507500
1 -63.580242 -18.167648 245.908554 -0.365351 0.821718 -0.437377 0.992500 0.507500
1 -72.187515 1.191162 289.468597 -0.365351 0.821718 -0.437377 0.992500 0.992500
birch_leaves.bmp
1 -30.639107 -3.521427 245.908554 -0.365351 0.821718 -0.437377 0.507500 0.507500
1 -72.187515 1.191162 289.468597 -0.365351 0.821718 -0.437377 0.992500 0.992500
1 -39.246384 15.837383 289.468597 -0.365351 0.821718 -0.437377 0.507500 0.992500
birch_leaves.bmp
1 -39.246384 15.837383 289.468597 0.365351 -0.821718 0.437377 0.507500 0.992500
1 -72.187515 1.191162 289.468597 0.365351 -0.821718 0.437377 0.992500 0.992500
1 -63.580242 -18.167648 245.908554 0.365351 -0.821718 0.437377 0.992500 0.507500
birch_leaves.bmp
1 -39.246384 15.837383 289.468597 0.365351 -0.821718 0.437377 0.507500 0.992500
1 -63.580242 -18.167648 245.908554 0.365351 -0.821718 0.437377 0.992500 0.507500
1 -30.639107 -3.521427 245.908554 0.365351 -0.821718 0.437377 0.507500 0.507500
birch_leaves.bmp
1 -17.929932 -11.820398 240.622589 0.400874 0.905064 0.141982 0.507500 0.507500
1 -57.773636 5.827316 240.622589 0.400874 0.905064 0.141982 0.992500 0.507500
1 -60.534714 -0.406446 288.155396 0.400874 0.905064 0.141982 0.992500 0.992500
birch_leaves.bmp
1 -17.929932 -11.820398 240.622589 0.400874 0.905064 0.141982 0.507500 0.507500
1 -60.534714 -0.406446 288.155396 0.400874 0.905064 0.141982 0.992500 0.992500
1 -20.691013 -18.054161 288.155396 0.400874 0.905064 0.141982 0.507500 0.992500
birch_leaves.bmp
1 -20.691013 -18.054161 288.155396 -0.400874 -0.905064 -0.141982 0.507500 0.992500
1 -60.534714 -0.406446 288.155396 -0.400874 -0.905064 -0.141982 0.992500 0.992500
1 -57.773636 5.827316 240.622589 -0.400874 -0.905064 -0.141982 0.992500 0.507500
birch_leaves.bmp
1 -20.691013 -18.054161 288.155396 -0.400874 -0.905064 -0.141982 0.507500 0.992500
1 -57.773636 5.827316 240.622589 -0.400874 -0.905064 -0.141982 0.992500 0.507500
1 -17.929932 -11.820398 240.622589 -0.400874 -0.905064 -0.141982 0.507500 0.507500
birch_leaves.bmp
1 -23.776855 10.871131 241.415207 -0.871907 0.386188 -0.301060 0.507500 0.507500
1 -41.424568 -28.972570 241.415207 -0.871907 0.386188 -0.301060 0.992500 0.507500
1 -54.687790 -23.097975 287.362793 -0.871907 0.386188 -0.301060 0.992500 0.992500
birch_leaves.bmp
1 -23.776855 10.871131 241.415207 -0.871907 0.386188 -0.301060 0.507500 0.507500
1 -54.687790 -23.097975 287.362793 -0.871907 0.386188 -0.301060 0.992500 0.992500
1 -37.040077 16.745726 287.362793 -0.871907 0.386188 -0.301060 0.507500 0.992500
birch_leaves.bmp
1 -37.040077 16.745726 287.362793 0.871907 -0.386188 0.301060 0.507500 0.992500
1 -54.687790 -23.097975 287.362793 0.871907 -0.386188 0.301060 0.992500 0.992500
1 -41.424568 -28.972570 241.415207 0.871907 -0.386188 0.301060 0.992500 0.507500
birch_leaves.bmp
1 -37.040077 16.745726 287.362793 0.871907 -0.386188 0.301060 0.507500 0.992500
1 -41.424568 -28.972570 241.415207 0.871907 -0.386188 0.301060 0.992500 0.507500
1 -23.776855 10.871131 241.415207 0.871907 -0.386188 0.301060 0.507500 0.507500
birch_leaves.bmp
1 -37.802799 -4.331748 250.295563 0.332041 0.937988 0.099637 0.507500 0.507500
1 -72.914230 8.097450 250.295563 0.332041 0.937988 0.099637 0.992500 0.507500
1 -74.264282 4.283652 290.697998 0.332041 0.937988 0.099637 0.992500 0.992500
birch_leaves.bmp
1 -37.802799 -4.331748 250.295563 0.332041 0.937988 0.099637 0.507500 0.507500
1 -74.264282 4.283652 290.697998 0.332041 0.937988 0.099637 0.992500 0.992500
1 -39.152859 -8.145546 290.697998 0.332041 0.937988 0.099637 0.507500 0.992500
birch_leaves.bmp
1 -39.152859 -8.145546 290.697998 -0.332041 -0.937988 -0.099637 0.507500 0.992500
1 -74.264282 4.283652 290.697998 -0.332041 -0.937988 -0.099637 0.992500 0.992500
1 -72.914230 8.097450 250.295563 -0.332041 -0.937988 -0.099637 0.992500 0.507500
birch_leaves.bmp
1 -39.152859 -8.145546 290.697998 -0.332041 -0.937988 -0.099637 0.507500 0.992500
1 -72.914230 8.097450 250.295563 -0.332041 -0.937988 -0.099637 0.992500 0.507500
1 -37.802799 -4.331748 250.295563 -0.332041 -0.937988 -0.099637 0.507500 0.507500
birch_leaves.bmp
1 -41.703236 14.658765 251.928207 -0.855228 0.302745 -0.420632 0.507500 0.507500
1 -54.132435 -20.452665 251.928207 -0.855228 0.302745 -0.420632 0.992500 0.507500
1 -70.363846 -14.706861 289.065369 -0.855228 0.302745 -0.420632 0.992500 0.992500
birch_leaves.bmp
1 -41.703236 14.658765 251.928207 -0.855228 0.302745 -0.420632 0.507500 0.507500
1 -70.363846 -14.706861 289.065369 -0.855228 0.302745 -0.420632 0.992500 0.992500
1 -57.934650 20.404570 289.065369 -0.855228 0.302745 -0.420632 0.507500 0.992500
birch_leaves.bmp
1 -57.934650 20.404570 289.065369 0.855228 -0.302745 0.420632 0.507500 0.992500
1 -70.363846 -14.706861 289.065369 0.855228 -0.302745 0.420632 0.992500 0.992500
1 -54.132435 -20.452665 251.928207 0.855228 -0.302745 0.420632 0.992500 0.507500
birch_leaves.bmp
1 -57.934650 20.404570 289.065369 0.855228 -0.302745 0.420632 0.507500 0.992500
1 -54.132435 -20.452665 251.928207 0.855228 -0.302745 0.420632 0.992500 0.507500
1 -41.703236 14.658765 251.928207 0.855228 -0.302745 0.420632 0.507500 0.507500
birch_leaves.bmp
1 -39.762703 -19.370916 263.638763 -0.935528 -0.325548 -0.137133 0.507500 0.507500
1 -28.579325 -51.508583 263.638763 -0.935528 -0.325548 -0.137133 0.992500 0.507500
1 -34.747200 -53.654900 310.811615 -0.935528 -0.325548 -0.137133 0.992500 0.992500
birch_leaves.bmp
1 -39.762703 -19.370916 263.638763 -0.935528 -0.325548 -0.137133 0.507500 0.507500
1 -34.747200 -53.654900 310.811615 -0.935528 -0.325548 -0.137133 0.992500 0.992500
1 -45.930580 -21.517237 310.811615 -0.935528 -0.325548 -0.137133 0.507500 0.992500
birch_leaves.bmp
1 -45.930580 -21.517237 310.811615 0.935528 0.325548 0.137133 0.507500 0.992500
1 -34.747200 -53.654900 310.811615 0.935528 0.325548 0.137133 0.992500 0.992500
1 -28.579325 -51.508583 263.638763 0.935528 0.325548 0.137133 0.992500 0.507500
birch_leaves.bmp
1 -45.930580 -21.517237 310.811615 0.935528 0.325548 0.137133 0.507500 0.992500
1 -28.579325 -51.508583 263.638763 0.935528 0.325548 0.137133 0.992500 0.507500
1 -39.762703 -19.370916 263.638763 0.935528 0.325548 0.137133 0.507500 0.507500
birch_leaves.bmp
1 -53.914520 -40.407001 263.496796 0.327714 -0.941752 -0.075534 0.507500 0.507500
1 -21.776855 -29.223621 263.496796 0.327714 -0.941752 -0.075534 0.992500 0.507500
1 -20.595383 -32.618816 310.953583 0.327714 -0.941752 -0.075534 0.992500 0.992500
birch_leaves.bmp
1 -53.914520 -40.407001 263.496796 0.327714 -0.941752 -0.075534 0.507500 0.507500
1 -20.595383 -32.618816 310.953583 0.327714 -0.941752 -0.075534 0.992500 0.992500
1 -52.733047 -43.802197 310.953583 0.327714 -0.941752 -0.075534 0.507500 0.992500
birch_leaves.bmp
1 -52.733047 -43.802197 310.953583 -0.327714 0.941752 0.075534 0.507500 0.992500
1 -20.595383 -32.618816 310.953583 -0.327714 0.941752 0.075534 0.992500 0.992500
1 -21.776855 -29.223621 263.496796 -0.327714 0.941752 0.075534 0.992500 0.507500
birch_leaves.bmp
1 -52.733047 -43.802197 310.953583 -0.327714 0.941752 0.075534 0.507500 0.992500
1 -21.776855 -29.223621 263.496796 -0.327714 0.941752 0.075534 0.992500 0.507500
1 -53.914520 -40.407001 263.496796 -0.327714 0.941752 0.075534 0.507500 0.507500
birch_leaves.bmp
1 -55.761673 -43.612999 266.659973 0.636250 -0.646826 0.420479 0.507500 0.507500
1 -26.632828 -14.960441 266.659973 0.636250 -0.646826 0.420479 0.992500 0.507500
1 -38.181831 -3.219459 302.196594 0.636250 -0.646826 0.420479 0.992500 0.992500
birch_leaves.bmp
1 -55.761673 -43.612999 266.659973 0.636250 -0.646826 0.420479 0.507500 0.507500
1 -38.181831 -3.219459 302.196594 0.636250 -0.646826 0.420479 0.992500 0.992500
1 -67.310677 -31.872017 302.196594 0.636250 -0.646826 0.420479 0.507500 0.992500
birch_leaves.bmp
1 -67.310677 -31.872017 302.196594 -0.636250 0.646826 -0.420479 0.507500 0.992500
1 -38.181831 -3.219459 302.196594 -0.636250 0.646826 -0.420479 0.992500 0.992500
1 -26.632828 -14.960441 266.659973 -0.636250 0.646826 -0.420479 0.992500 0.507500
birch_leaves.bmp
1 -67.310677 -31.872017 302.196594 -0.636250 0.646826 -0.420479 0.507500 0.992500
1 -26.632828 -14.960441 266.659973 -0.636250 0.646826 -0.420479 0.992500 0.507500
1 -55.761673 -43.612999 266.659973 -0.636250 0.646826 -0.420479 0.507500 0.507500
birch_leaves.bmp
1 -32.620804 -37.956383 265.011749 0.712910 0.701253 0.001782 0.007500 0.007500
1 -61.273361 -8.827538 265.011749 0.712910 0.701253 0.001782 0.492500 0.007500
1 -61.322701 -8.876074 303.844849 0.712910 0.701253 0.001782 0.492500 0.492500
birch_leaves.bmp
1 -32.620804 -37.956383 265.011749 0.712910 0.701253 0.001782 0.007500 0.007500
1 -61.322701 -8.876074 303.844849 0.712910 0.701253 0.001782 0.492500 0.492500
1 -32.670143 -38.004921 303.844849 0.712910 0.701253 0.001782 0.007500 0.492500
birch_leaves.bmp
1 -32.670143 -38.004921 303.844849 -0.712910 -0.701253 -0.001782 0.007500 0.492500
1 -61.322701 -8.876074 303.844849 -0.712910 -0.701253 -0.001782 0.492500 0.492500
1 -61.273361 -8.827538 265.011749 -0.712910 -0.701253 -0.001782 0.492500 0.007500
birch_leaves.bmp
1 -32.670143 -38.004921 303.844849 -0.712910 -0.701253 -0.001782 0.007500 0.492500
1 -61.273361 -8.827538 265.011749 -0.712910 -0.701253 -0.001782 0.492500 0.007500
1 -32.620804 -37.956383 265.011749 -0.712910 -0.701253 -0.001782 0.007500 0.007500
birch_leaves.bmp
1 -57.125546 -19.006432 259.063232 0.089956 -0.987285 -0.131061 0.007500 0.007500
1 -23.457186 -15.938741 259.063232 0.089956 -0.987285 -0.131061 0.492500 0.007500
1 -22.811316 -23.027267 312.904724 0.089956 -0.987285 -0.131061 0.492500 0.492500
birch_leaves.bmp
1 -57.125546 -19.006432 259.063232 0.089956 -0.987285 -0.131061 0.007500 0.007500
1 -22.811316 -23.027267 312.904724 0.089956 -0.987285 -0.131061 0.492500 0.492500
1 -56.479671 -26.094959 312.904724 0.089956 -0.987285 -0.131061 0.007500 0.492500
birch_leaves.bmp
1 -56.479671 -26.094959 312.904724 -0.089956 0.987285 0.131061 0.007500 0.492500
1 -22.811316 -23.027267 312.904724 -0.089956 0.987285 0.131061 0.492500 0.492500
1 -23.457186 -15.938741 259.063232 -0.089956 0.987285 0.131061 0.492500 0.007500
birch_leaves.bmp
1 -56.479671 -26.094959 312.904724 -0.089956 0.987285 0.131061 0.007500 0.492500
1 -23.457186 -15.938741 259.063232 -0.089956 0.987285 0.131061 0.492500 0.007500
1 -57.125546 -19.006432 259.063232 -0.089956 0.987285 0.131061 0.007500 0.007500
birch_leaves.bmp
1 -46.129391 -38.552139 259.864807 0.954965 0.087012 -0.283672 0.507500 0.507500
1 -49.197079 -4.883782 259.864807 0.954965 0.087012 -0.283672 0.992500 0.507500
1 -33.807468 -3.481559 312.103149 0.954965 0.087012 -0.283672 0.992500 0.992500
birch_leaves.bmp
1 -46.129391 -38.552139 259.864807 0.954965 0.087012 -0.283672 0.507500 0.507500
1 -33.807468 -3.481559 312.103149 0.954965 0.087012 -0.283672 0.992500 0.992500
1 -30.739780 -37.149918 312.103149 0.954965 0.087012 -0.283672 0.507500 0.992500
birch_leaves.bmp
1 -30.739780 -37.149918 312.103149 -0.954965 -0.087012 0.283672 0.507500 0.992500
1 -33.807468 -3.481559 312.103149 -0.954965 -0.087012 0.283672 0.992500 0.992500
1 -49.197079 -4.883782 259.864807 -0.954965 -0.087012 0.283672 0.992500 0.507500
birch_leaves.bmp
1 -30.739780 -37.149918 312.103149 -0.954965 -0.087012 0.283672 0.507500 0.992500
1 -49.197079 -4.883782 259.864807 -0.954965 -0.087012 0.283672 0.992500 0.507500
1 -46.129391 -38.552139 259.864807 -0.954965 -0.087012 0.283672 0.507500 0.507500
birch_bark.bmp
0 2.293939 1.000000 239.795593 -0.947104 0.302910 0.106021 0.000000 0.000000
0 2.715752 -1.837243 237.768677 -0.837815 -0.381254 -0.390784 0.166667 0.000000
0 26.169519 -17.814562 263.902374 -0.619049 -0.777620 0.109933 0.166667 0.328780
birch_bark.bmp
0 2.293939 1.000000 239.795593 -0.947104 0.302910 0.106021 0.000000 0.000000
0 26.169519 -17.814562 263.902374 -0.619049 -0.777620 0.109933 0.166667 0.328780
0 26.090046 -16.264963 265.168732 -0.628593 0.000199 0.777734 0.000000 0.328780
birch_bark.bmp
0 2.715752 -1.837243 237.768677 -0.837815 -0.381254 -0.390784 0.166667 0.000000
0 5.483836 -1.576506 235.765945 -0.236244 -0.355099 -0.904485 0.333333 0.000000
0 27.575140 -17.699123 262.587646 0.037741 -0.768162 -0.639143 0.333333 0.328780
birch_bark.bmp
0 2.715752 -1.837243 237.768677 -0.837815 -0.381254 -0.390784 0.166667 0.000000
0 27.575140 -17.699123 262.587646 0.037741 -0.768162 -0.639143 0.333333 0.328780
0 26.169519 -17.814562 263.902374 -0.619049 -0.777620 0.109933 0.166667 0.328780
birch_bark.bmp
0 5.483836 -1.576506 235.765945 -0.236244 -0.355099 -0.904485 0.333333 0.000000
0 7.792152 1.000000 235.507660 0.276057 0.221598 -0.935247 0.500000 0.000000
0 28.942770 -16.264963 262.321014 0.695703 -0.001138 -0.718328 0.500000 0.328780
birch_bark.bmp
0 5.483836 -1.576506 235.765945 -0.236244 -0.355099 -0.904485 0.333333 0.000000
0 28.942770 -16.264963 262.321014 0.695703 -0.001138 -0.718328 0.500000 0.328780
0 27.575140 -17.699123 262.587646 0.037741 -0.768162 -0.639143 0.333333 0.328780
birch_bark.bmp
0 7.792152 1.000000 235.507660 0.276057 0.221598 -0.935247 0.500000 0.000000
0 7.221153 3.758872 237.604034 0.166647 0.891085 -0.422132 0.666667 0.000000
0 28.785337 -14.765470 263.626801 0.636065 0.771378 0.019948 0.666667 0.328780
birch_bark.bmp
0 7.792152 1.000000 235.507660 0.276057 0.221598 -0.935247 0.500000 0.000000
0 28.785337 -14.765470 263.626801 0.636065 0.771378 0.019948 0.666667 0.328780
0 28.942770 -16.264963 262.321014 0.695703 -0.001138 -0.718328 0.500000 0.328780
birch_bark.bmp
0 7.221153 3.758872 237.604034 0.166647 0.891085 -0.422132 0.666667 0.000000
0 4.512836 3.594230 239.617645 -0.450681 0.890776 0.058349 0.833333 0.000000
0 27.421194 -14.802426 264.960266 -0.022481 0.711116 0.702715 0.833333 0.328780
birch_bark.bmp
0 7.221153 3.758872 237.604034 0.166647 0.891085 -0.422132 0.666667 0.000000
0 27.421194 -14.802426 264.960266 -0.022481 0.711116 0.702715 0.833333 0.328780
0 28.785337 -14.765470 263.626801 0.636065 0.771378 0.019948 0.666667 0.328780
birch_bark.bmp
0 4.512836 3.594230 239.617645 -0.450681 0.890776 0.058349 0.833333 0.000000
0 2.293939 1.000000 239.795593 -0.947104 0.302910 0.106021 1.000000 0.000000
0 26.090046 -16.264963 265.168732 -0.628593 0.000199 0.777734 1.000000 0.328780
birch_bark.bmp
0 4.512836 3.594230 239.617645 -0.450681 0.890776 0.058349 0.833333 0.000000
0 26.090046 -16.264963 265.168732 -0.628593 0.000199 0.777734 1.000000 0.328780
0 27.421194 -14.802426 264.960266 -0.022481 0.711116 0.702715 0.833333 0.328780
birch_bark.bmp
0 26.090046 -16.264963 265.168732 -0.628593 0.000199 0.777734 0.000000 0.328780
0 26.169519 -17.814562 263.902374 -0.619049 -0.777620 0.109933 0.166667 0.328780
0 49.598099 -33.970005 278.516571 -0.057542 -0.931684 0.358683 0.166667 0.597820
birch_bark.bmp
0 26.090046 -16.264963 265.168732 -0.628593 0.000199 0.777734 0.000000 0.328780
0 49.598099 -33.970005 278.516571 -0.057542 -0.931684 0.358683 0.166667 0.597820
0 49.645130 -33.529926 278.919556 -0.023528 -0.349688 0.936571 0.000000 0.597820
birch_bark.bmp
0 26.169519 -17.814562 263.902374 -0.619049 -0.777620 0.109933 0.166667 0.328780
0 27.575140 -17.699123 262.587646 0.037741 -0.768162 -0.639143 0.333333 0.328780
0 49.940861 -33.950336 278.062256 0.396338 -0.884984 -0.244375 0.333333 0.597820
birch_bark.bmp
0 26.169519 -17.814562 263.902374 -0.619049 -0.777620 0.109933 0.166667 0.328780
0 49.940861 -33.950336 278.062256 0.396338 -0.884984 -0.244375 0.333333 0.597820
0 49.598099 -33.970005 278.516571 -0.057542 -0.931684 0.358683 0.166667 0.597820
birch_bark.bmp
0 27.575140 -17.699123 262.587646 0.037741 -0.768162 -0.639143 0.333333 0.328780
0 28.942770 -16.264963 262.321014 0.695703 -0.001138 -0.718328 0.500000 0.328780
0 50.355606 -33.529926 277.934509 0.888850 -0.302869 -0.343825 0.500000 0.597820
birch_bark.bmp
0 27.575140 -17.699123 262.587646 0.037741 -0.768162 -0.639143 0.333333 0.328780
0 50.355606 -33.529926 277.934509 0.888850 -0.302869 -0.343825 0.500000 0.597820
0 49.940861 -33.950336 278.062256 0.396338 -0.884984 -0.244375 0.333333 0.597820
birch_bark.bmp
0 28.942770 -16.264963 262.321014 0.695703 -0.001138 -0.718328 0.500000 0.328780
0 28.785337 -14.765470 263.626801 0.636065 0.771378 0.019948 0.666667 0.328780
0 50.384739 -33.103989 278.347290 0.932647 0.254536 0.255698 0.666667 0.597820
birch_bark.bmp
0 28.942770 -16.264963 262.321014 0.695703 -0.001138 -0.718328 0.500000 0.328780
0 50.384739 -33.103989 278.347290 0.932647 0.254536 0.255698 0.666667 0.597820
0 50.355606 -33.529926 277.934509 0.888850 -0.302869 -0.343825 0.500000 0.597820
birch_bark.bmp
0 28.785337 -14.765470 263.626801 0.636065 0.771378 0.019948 0.666667 0.328780
0 27.421194 -14.802426 264.960266 -0.022481 0.711116 0.702715 0.833333 0.328780
0 50.056488 -33.097210 278.809601 0.478128 0.217203 0.851009 0.833333 0.597820
birch_bark.bmp
0 28.785337 -14.765470 263.626801 0.636065 0.771378 0.019948 0.666667 0.328780
0 50.056488 -33.097210 278.809601 0.478128 0.217203 0.851009 0.833333 0.597820
0 50.384739 -33.103989 278.347290 0.932647 0.254536 0.255698 0.666667 0.597820
birch_bark.bmp
0 27.421194 -14.802426 264.960266 -0.022481 0.711116 0.702715 0.833333 0.328780
0 26.090046 -16.264963 265.168732 -0.628593 0.000199 0.777734 1.000000 0.328780
0 49.645130 -33.529926 278.919556 -0.023528 -0.349688 0.936571 1.000000 0.597820
birch_bark.bmp
0 27.421194 -14.802426 264.960266 -0.022481 0.711116 0.702715 0.833333 0.328780
0 49.645130 -33.529926 278.919556 -0.023528 -0.349688 0.936571 1.000000 0.597820
0 50.056488 -33.097210 278.809601 0.478128 0.217203 0.851009 0.833333 0.597820
birch_bark.bmp
0 2.293939 1.000000 239.795593 -0.947104 0.302910 0.106021 0.950000 0.500000
0 4.512836 3.594230 239.617645 -0.450681 0.890776 0.058349 0.725000 0.110289
0 7.221153 3.758872 237.604034 0.166647 0.891085 -0.422132 0.275000 0.110289
birch_bark.bmp
0 7.221153 3.758872 237.604034 0.166647 0.891085 -0.422132 0.275000 0.110289
0 7.792152 1.000000 235.507660 0.276057 0.221598 -0.935247 0.050000 0.500000
0 5.483836 -1.576506 235.765945 -0.236244 -0.355099 -0.904485 0.275000 0.889711
birch_bark.bmp
0 5.483836 -1.576506 235.765945 -0.236244 -0.355099 -0.904485 0.275000 0.889711
0 2.715752 -1.837243 237.768677 -0.837815 -0.381254 -0.390784 0.725000 0.889711
0 2.293939 1.000000 239.795593 -0.947104 0.302910 0.106021 0.950000 0.500000
birch_bark.bmp
0 7.221153 3.758872 237.604034 0.166647 0.891085 -0.422132 0.275000 0.110289
0 5.483836 -1.576506 235.765945 -0.236244 -0.355099 -0.904485 0.275000 0.889711
0 2.293939 1.000000 239.795593 -0.947104 0.302910 0.106021 0.950000 0.500000
birch_bark.bmp
0 50.056488 -33.097210 278.809601 0.478128 0.217203 0.851009 0.725000 0.110289
0 49.645130 -33.529926 278.919556 -0.023528 -0.349688 0.936571 0.950000 0.500000
0 49.598099 -33.970005 278.516571 -0.057542 -0.931684 0.358683 0.725000 0.889711
birch_bark.bmp
0 49.598099 -33.970005 278.516571 -0.057542 -0.931684 0.358683 0.725000 0.889711
0 49.940861 -33.950336 278.062256 0.396338 -0.884984 -0.244375 0.275000 0.889711
0 50.355606 -33.529926 277.934509 0.888850 -0.302869 -0.343825 0.050000 0.500000
birch_bark.bmp
0 50.355606 -33.529926 277.934509 0.888850 -0.302869 -0.343825 0.050000 0.500000
0 50.384739 -33.103989 278.347290 0.932647 0.254536 0.255698 0.275000 0.110289
0 50.056488 -33.097210 278.809601 0.478128 0.217203 0.851009 0.725000 0.110289
birch_bark.bmp
0 49.598099 -33.970005 278.516571 -0.057542 -0.931684 0.358683 0.725000 0.889711
0 50.355606 -33.529926 277.934509 0.888850 -0.302869 -0.343825 0.050000 0.500000
0 50.056488 -33.097210 278.809601 0.478128 0.217203 0.851009 0.725000 0.110289
birch_leaves.bmp
1 79.186104 -20.946430 266.656342 0.141632 0.986084 0.087053 0.507500 0.007500
1 37.298981 -14.930164 266.656342 0.141632 0.986084 0.087053 0.992500 0.007500
1 36.774437 -18.582218 308.877899 0.141632 0.986084 0.087053 0.992500 0.492500
birch_leaves.bmp
1 79.186104 -20.946430 266.656342 0.141632 0.986084 0.087053 0.507500 0.007500
1 36.774437 -18.582218 308.877899 0.141632 0.986084 0.087053 0.992500 0.492500
1 78.661552 -24.598484 308.877899 0.141632 0.986084 0.087053 0.507500 0.492500
birch_leaves.bmp
1 78.661552 -24.598484 308.877899 -0.141632 -0.986084 -0.087053 0.507500 0.492500
1 36.774437 -18.582218 308.877899 -0.141632 -0.986084 -0.087053 0.992500 0.492500
1 37.298981 -14.930164 266.656342 -0.141632 -0.986084 -0.087053 0.992500 0.007500
birch_leaves.bmp
1 78.661552 -24.598484 308.877899 -0.141632 -0.986084 -0.087053 0.507500 0.492500
1 37.298981 -14.930164 266.656342 -0.141632 -0.986084 -0.087053 0.992500 0.007500
1 79.186104 -20.946430 266.656342 -0.141632 -0.986084 -0.087053 0.507500 0.007500
birch_leaves.bmp
1 62.685844 0.935433 266.646423 -0.986595 0.141705 -0.080927 0.507500 0.507500
1 56.669579 -40.951691 266.646423 -0.986595 0.141705 -0.080927 0.992500 0.507500
1 53.274696 -40.464081 308.887787 -0.986595 0.141705 -0.080927 0.992500 0.992500
birch_leaves.bmp
1 62.685844 0.935433 266.646423 -0.986595 0.141705 -0.080927 0.507500 0.507500
1 53.274696 -40.464081 308.887787 -0.986595 0.141705 -0.080927 0.992500 0.992500
1 59.290962 1.423042 308.887787 -0.986595 0.141705 -0.080927 0.507500 0.992500
birch_leaves.bmp
1 59.290962 1.423042 308.887787 0.986595 -0.141705 0.080927 0.507500 0.992500
1 53.274696 -40.464081 308.887787 0.986595 -0.141705 0.080927 0.992500 0.992500
1 56.669579 -40.951691 266.646423 0.986595 -0.141705 0.080927 0.992500 0.507500
birch_leaves.bmp
1 59.290962 1.423042 308.887787 0.986595 -0.141705 0.080927 0.507500 0.992500
1 56.669579 -40.951691 266.646423 0.986595 -0.141705 0.080927 0.992500 0.507500
1 62.685844 0.935433 266.646423 0.986595 -0.141705 0.080927 0.507500 0.507500
birch_leaves.bmp
1 43.028244 -60.590855 264.417175 0.882263 -0.464934 -0.073814 0.007500 0.507500
1 63.874771 -21.032347 264.417175 0.882263 -0.464934 -0.073814 0.492500 0.507500
1 66.214722 -22.265451 300.152374 0.882263 -0.464934 -0.073814 0.492500 0.992500
birch_leaves.bmp
1 43.028244 -60.590855 264.417175 0.882263 -0.464934 -0.073814 0.007500 0.507500
1 66.214722 -22.265451 300.152374 0.882263 -0.464934 -0.073814 0.492500 0.992500
1 45.368195 -61.823963 300.152374 0.882263 -0.464934 -0.073814 0.007500 0.992500
birch_leaves.bmp
1 45.368195 -61.823963 300.152374 -0.882263 0.464934 0.073814 0.007500 0.992500
1 66.214722 -22.265451 300.152374 -0.882263 0.464934 0.073814 0.492500 0.992500
1 63.874771 -21.032347 264.417175 -0.882263 0.464934 0.073814 0.492500 0.507500
birch_leaves.bmp
1 45.368195 -61.823963 300.152374 -0.882263 0.464934 0.073814 0.007500 0.992500
1 63.874771 -21.032347 264.417175 -0.882263 0.464934 0.073814 0.492500 0.507500
1 43.028244 -60.590855 264.417175 -0.882263 0.464934 0.073814 0.007500 0.507500
birch_leaves.bmp
1 77.776711 -45.445160 265.748962 0.427052 0.810377 0.401142 0.007500 0.007500
1 38.218193 -24.598633 265.748962 0.427052 0.810377 0.401142 0.492500 0.007500
1 31.466261 -37.411148 298.820587 0.427052 0.810377 0.401142 0.492500 0.492500
birch_leaves.bmp
1 77.776711 -45.445160 265.748962 0.427052 0.810377 0.401142 0.007500 0.007500
1 31.466261 -37.411148 298.820587 0.427052 0.810377 0.401142 0.492500 0.492500
1 71.024773 -58.257675 298.820587 0.427052 0.810377 0.401142 0.007500 0.492500
birch_leaves.bmp
1 71.024773 -58.257675 298.820587 -0.427052 -0.810377 -0.401142 0.007500 0.492500
1 31.466261 -37.411148 298.820587 -0.427052 -0.810377 -0.401142 0.492500 0.492500
1 38.218193 -24.598633 265.748962 -0.427052 -0.810377 -0.401142 0.492500 0.007500
birch_leaves.bmp
1 71.024773 -58.257675 298.820587 -0.427052 -0.810377 -0.401142 0.007500 0.492500
1 38.218193 -24.598633 265.748962 -0.427052 -0.810377 -0.401142 0.492500 0.007500
1 77.776711 -45.445160 265.748962 -0.427052 -0.810377 -0.401142 0.007500 0.007500
birch_leaves.bmp
1 65.583733 -67.283096 253.088684 0.952958 0.302825 -0.012947 0.007500 0.007500
1 56.814903 -39.688545 253.088684 0.952958 0.302825 -0.012947 0.492500 0.007500
1 57.471710 -39.479828 306.316467 0.952958 0.302825 -0.012947 0.492500 0.492500
birch_leaves.bmp
1 65.583733 -67.283096 253.088684 0.952958 0.302825 -0.012947 0.007500 0.007500
1 57.471710 -39.479828 306.316467 0.952958 0.302825 -0.012947 0.492500 0.492500
1 66.240547 -67.074387 306.316467 0.952958 0.302825 -0.012947 0.007500 0.492500
birch_leaves.bmp
1 66.240547 -67.074387 306.316467 -0.952958 -0.302825 0.012947 0.007500 0.492500
1 57.471710 -39.479828 306.316467 -0.952958 -0.302825 0.012947 0.492500 0.492500
1 56.814903 -39.688545 253.088684 -0.952958 -0.302825 0.012947 0.492500 0.007500
birch_leaves.bmp
1 66.240547 -67.074387 306.316467 -0.952958 -0.302825 0.012947 0.007500 0.492500
1 56.814903 -39.688545 253.088684 -0.952958 -0.302825 0.012947 0.492500 0.007500
1 65.583733 -67.283096 253.088684 -0.952958 -0.302825 0.012947 0.007500 0.007500
birch_leaves.bmp
1 77.401413 -55.531300 253.897232 -0.292696 0.921082 -0.256782 0.007500 0.007500
1 49.806866 -64.300133 253.897232 -0.292696 0.921082 -0.256782 0.492500 0.007500
1 45.654034 -51.231625 305.507935 -0.292696 0.921082 -0.256782 0.492500 0.492500
birch_leaves.bmp
1 77.401413 -55.531300 253.897232 -0.292696 0.921082 -0.256782 0.007500 0.007500
1 45.654034 -51.231625 305.507935 -0.292696 0.921082 -0.256782 0.492500 0.492500
1 73.248581 -42.462788 305.507935 -0.292696 0.921082 -0.256782 0.007500 0.492500
birch_leaves.bmp
1 73.248581 -42.462788 305.507935 0.292696 -0.921082 0.256782 0.007500 0.492500
1 45.654034 -51.231625 305.507935 0.292696 -0.921082 0.256782 0.492500 0.492500
1 49.806866 -64.300133 253.897232 0.292696 -0.921082 0.256782 0.492500 0.007500
birch_leaves.bmp
1 73.248581 -42.462788 305.507935 0.292696 -0.921082 0.256782 0.007500 0.492500
1 49.806866 -64.300133 253.897232 0.292696 -0.921082 0.256782 0.492500 0.007500
1 77.401413 -55.531300 253.897232 0.292696 -0.921082 0.256782 0.007500 0.007500
birch_leaves.bmp
1 50.193592 -17.578354 250.107559 0.475789 0.751806 0.456523 0.507500 0.007500
1 25.975430 -2.251611 250.107559 0.475789 0.751806 0.456523 0.992500 0.007500
1 12.887280 -22.932518 297.805573 0.475789 0.751806 0.456523 0.992500 0.492500
birch_leaves.bmp
1 50.193592 -17.578354 250.107559 0.475789 0.751806 0.456523 0.507500 0.007500
1 12.887280 -22.932518 297.805573 0.475789 0.751806 0.456523 0.992500 0.492500
1 37.105442 -38.259262 297.805573 0.475789 0.751806 0.456523 0.507500 0.492500
birch_leaves.bmp
1 37.105442 -38.259262 297.805573 -0.475789 -0.751806 -0.456523 0.507500 0.492500
1 12.887280 -22.932518 297.805573 -0.475789 -0.751806 -0.456523 0.992500 0.492500
1 25.975430 -2.251611 250.107559 -0.475789 -0.751806 -0.456523 0.992500 0.007500
birch_leaves.bmp
1 37.105442 -38.259262 297.805573 -0.475789 -0.751806 -0.456523 0.507500 0.492500
1 25.975430 -2.251611 250.107559 -0.475789 -0.751806 -0.456523 0.992500 0.007500
1 50.193592 -17.578354 250.107559 -0.475789 -0.751806 -0.456523 0.507500 0.007500
birch_leaves.bmp
1 37.101883 -6.816126 247.526611 -0.841281 0.532415 0.093702 0.507500 0.007500
1 21.775139 -31.034290 247.526611 -0.841281 0.532415 0.093702 0.992500 0.007500
1 25.978989 -33.694744 300.386505 -0.841281 0.532415 0.093702 0.992500 0.492500
birch_leaves.bmp
1 37.101883 -6.816126 247.526611 -0.841281 0.532415 0.093702 0.507500 0.007500
1 25.978989 -33.694744 300.386505 -0.841281 0.532415 0.093702 0.992500 0.492500
1 41.305733 -9.476582 300.386505 -0.841281 0.532415 0.093702 0.507500 0.492500
birch_leaves.bmp
1 41.305733 -9.476582 300.386505 0.841281 -0.532415 -0.093702 0.507500 0.492500
1 25.978989 -33.694744 300.386505 0.841281 -0.532415 -0.093702 0.992500 0.492500
1 21.775139 -31.034290 247.526611 0.841281 -0.532415 -0.093702 0.992500 0.007500
birch_leaves.bmp
1 41.305733 -9.476582 300.386505 0.841281 -0.532415 -0.093702 0.507500 0.492500
1 21.775139 -31.034290 247.526611 0.841281 -0.532415 -0.093702 0.992500 0.007500
1 37.101883 -6.816126 247.526611 0.841281 -0.532415 -0.093702 0.507500 0.007500
birch_leaves.bmp
1 61.094173 -55.727978 259.236328 0.500346 -0.734343 0.458687 0.007500 0.007500
1 89.895302 -36.104282 259.236328 0.500346 -0.734343 0.458687 0.492500 0.007500
1 79.238930 -20.464231 295.899780 0.500346 -0.734343 0.458687 0.492500 0.492500
birch_leaves.bmp
1 61.094173 -55.727978 259.236328 0.500346 -0.734343 0.458687 0.007500 0.007500
1 79.238930 -20.464231 295.899780 0.500346 -0.734343 0.458687 0.492500 0.492500
1 50.437801 -40.087925 295.899780 0.500346 -0.734343 0.458687 0.007500 0.492500
birch_leaves.bmp
1 50.437801 -40.087925 295.899780 -0.500346 0.734343 -0.458687 0.007500 0.492500
1 79.238930 -20.464231 295.899780 -0.500346 0.734343 -0.458687 0.492500 0.492500
1 89.895302 -36.104282 259.236328 -0.500346 0.734343 -0.458687 0.492500 0.007500
birch_leaves.bmp
1 50.437801 -40.087925 295.899780 -0.500346 0.734343 -0.458687 0.007500 0.492500
1 89.895302 -36.104282 259.236328 -0.500346 0.734343 -0.458687 0.492500 0.007500
1 61.094173 -55.727978 259.236328 -0.500346 0.734343 -0.458687 0.007500 0.007500
birch_leaves.bmp
1 86.993958 -47.716599 258.810455 0.752891 0.512983 0.412315 0.007500 0.007500
1 67.370270 -18.915476 258.810455 0.752891 0.512983 0.412315 0.492500 0.007500
1 53.339142 -28.475607 296.325653 0.752891 0.512983 0.412315 0.492500 0.492500
birch_leaves.bmp
1 86.993958 -47.716599 258.810455 0.752891 0.512983 0.412315 0.007500 0.007500
1 53.339142 -28.475607 296.325653 0.752891 0.512983 0.412315 0.492500 0.492500
1 72.962830 -57.276733 296.325653 0.752891 0.512983 0.412315 0.007500 0.492500
birch_leaves.bmp
1 72.962830 -57.276733 296.325653 -0.752891 -0.512983 -0.412315 0.007500 0.492500
1 53.339142 -28.475607 296.325653 -0.752891 -0.512983 -0.412315 0.492500 0.492500
1 67.370270 -18.915476 258.810455 -0.752891 -0.512983 -0.412315 0.492500 0.007500
birch_leaves.bmp
1 72.962830 -57.276733 296.325653 -0.752891 -0.512983 -0.412315 0.007500 0.492500
1 67.370270 -18.915476 258.810455 -0.752891 -0.512983 -0.412315 0.492500 0.007500
1 86.993958 -47.716599 258.810455 -0.752891 -0.512983 -0.412315 0.007500 0.007500
birch_leaves.bmp
1 64.560478 -60.422245 257.244446 0.981141 -0.109218 0.159481 0.507500 0.507500
1 68.829399 -22.073267 257.244446 0.981141 -0.109218 0.159481 0.992500 0.507500
1 62.640736 -21.384359 295.789368 0.981141 -0.109218 0.159481 0.992500 0.992500
birch_leaves.bmp
1 64.560478 -60.422245 257.244446 0.981141 -0.109218 0.159481 0.507500 0.507500
1 62.640736 -21.384359 295.789368 0.981141 -0.109218 0.159481 0.992500 0.992500
1 58.371811 -59.733334 295.789368 0.981141 -0.109218 0.159481 0.507500 0.992500
birch_leaves.bmp
1 58.371811 -59.733334 295.789368 -0.981141 0.109218 -0.159481 0.507500 0.992500
1 62.640736 -21.384359 295.789368 -0.981141 0.109218 -0.159481 0.992500 0.992500
1 68.829399 -22.073267 257.244446 -0.981141 0.109218 -0.159481 0.992500 0.507500
birch_leaves.bmp
1 58.371811 -59.733334 295.789368 -0.981141 0.109218 -0.159481 0.507500 0.992500
1 68.829399 -22.073267 257.244446 -0.981141 0.109218 -0.159481 0.992500 0.507500
1 64.560478 -60.422245 257.244446 -0.981141 0.109218 -0.159481 0.507500 0.507500
birch_leaves.bmp
1 82.465065 -45.822933 257.201324 0.109488 0.983563 -0.143580 0.007500 0.007500
1 44.116081 -41.554005 257.201324 0.109488 0.983563 -0.143580 0.492500 0.007500
1 44.736160 -35.983669 295.832489 0.109488 0.983563 -0.143580 0.492500 0.492500
birch_leaves.bmp
1 82.465065 -45.822933 257.201324 0.109488 0.983563 -0.143580 0.007500 0.007500
1 44.736160 -35.983669 295.832489 0.109488 0.983563 -0.143580 0.492500 0.492500
1 83.085136 -40.252598 295.832489 0.109488 0.983563 -0.143580 0.007500 0.492500
birch_leaves.bmp
1 83.085136 -40.252598 295.832489 -0.109488 -0.983563 0.143580 0.007500 0.492500
1 44.736160 -35.983669 295.832489 -0.109488 -0.983563 0.143580 0.492500 0.492500
1 44.116081 -41.554005 257.201324 -0.109488 -0.983563 0.143580 0.492500 0.007500
birch_leaves.bmp
1 83.085136 -40.252598 295.832489 -0.109488 -0.983563 0.143580 0.007500 0.492500
1 44.116081 -41.554005 257.201324 -0.109488 -0.983563 0.143580 0.492500 0.007500
1 82.465065 -45.822933 257.201324 -0.109488 -0.983563 0.143580 0.007500 0.007500
birch_leaves.bmp
1 54.611481 -37.703995 277.601349 -0.709332 -0.704409 0.025628 0.007500 0.007500
1 81.857864 -65.140800 277.601349 -0.709332 -0.704409 0.025628 0.492500 0.007500
1 82.578140 -64.425529 317.197754 -0.709332 -0.704409 0.025628 0.492500 0.492500
birch_leaves.bmp
1 54.611481 -37.703995 277.601349 -0.709332 -0.704409 0.025628 0.007500 0.007500
1 82.578140 -64.425529 317.197754 -0.709332 -0.704409 0.025628 0.492500 0.492500
1 55.331757 -36.988724 317.197754 -0.709332 -0.704409 0.025628 0.007500 0.492500
birch_leaves.bmp
1 55.331757 -36.988724 317.197754 0.709332 0.704409 -0.025628 0.007500 0.492500
1 82.578140 -64.425529 317.197754 0.709332 0.704409 -0.025628 0.492500 0.492500
1 81.857864 -65.140800 277.601349 0.709332 0.704409 -0.025628 0.492500 0.007500
birch_leaves.bmp
1 55.331757 -36.988724 317.197754 0.709332 0.704409 -0.025628 0.007500 0.492500
1 81.857864 -65.140800 277.601349 0.709332 0.704409 -0.025628 0.492500 0.007500
1 54.611481 -37.703995 277.601349 0.709332 0.704409 -0.025628 0.007500 0.007500
birch_leaves.bmp
1 48.361618 -58.127640 279.653107 0.624918 -0.629285 -0.462037 0.007500 0.007500
1 75.798424 -30.881252 279.653107 0.624918 -0.629285 -0.462037 0.492500 0.007500
1 88.827995 -44.001888 315.145966 0.624918 -0.629285 -0.462037 0.492500 0.492500
birch_leaves.bmp
1 48.361618 -58.127640 279.653107 0.624918 -0.629285 -0.462037 0.007500 0.007500
1 88.827995 -44.001888 315.145966 0.624918 -0.629285 -0.462037 0.492500 0.492500
1 61.391197 -71.248276 315.145966 0.624918 -0.629285 -0.462037 0.007500 0.492500
birch_leaves.bmp
1 61.391197 -71.248276 315.145966 -0.624918 0.629285 0.462037 0.007500 0.492500
1 88.827995 -44.001888 315.145966 -0.624918 0.629285 0.462037 0.492500 0.492500
1 75.798424 -30.881252 279.653107 -0.624918 0.629285 0.462037 0.492500 0.007500
birch_leaves.bmp
1 61.391197 -71.248276 315.145966 -0.624918 0.629285 0.462037 0.007500 0.492500
1 75.798424 -30.881252 279.653107 -0.624918 0.629285 0.462037 0.492500 0.007500
1 48.361618 -58.127640 279.653107 -0.624918 0.629285 0.462037 0.007500 0.007500
birch_leaves.bmp
1 70.764206 -24.288673 267.638214 -0.893760 -0.363351 -0.263001 0.007500 0.007500
1 84.763077 -58.722656 267.638214 -0.893760 -0.363351 -0.263001 0.492500 0.007500
1 71.263229 -64.210915 321.097168 -0.893760 -0.363351 -0.263001 0.492500 0.492500
birch_leaves.bmp
1 70.764206 -24.288673 267.638214 -0.893760 -0.363351 -0.263001 0.007500 0.007500
1 71.263229 -64.210915 321.097168 -0.893760 -0.363351 -0.263001 0.492500 0.492500
1 57.264359 -29.776932 321.097168 -0.893760 -0.363351 -0.263001 0.007500 0.492500
birch_leaves.bmp
1 57.264359 -29.776932 321.097168 0.893760 0.363351 0.263001 0.007500 0.492500
1 71.263229 -64.210915 321.097168 0.893760 0.363351 0.263001 0.492500 0.492500
1 84.763077 -58.722656 267.638214 0.893760 0.363351 0.263001 0.492500 0.007500
birch_leaves.bmp
1 57.264359 -29.776932 321.097168 0.893760 0.363351 0.263001 0.007500 0.492500
1 84.763077 -58.722656 267.638214 0.893760 0.363351 0.263001 0.492500 0.007500
1 70.764206 -24.288673 267.638214 0.893760 0.363351 0.263001 0.007500 0.007500
birch_leaves.bmp
1 55.980091 -56.619801 267.310822 0.368251 -0.905812 0.209512 0.007500 0.007500
1 90.414078 -42.620930 267.310822 0.368251 -0.905812 0.209512 0.492500 0.007500
1 86.047348 -31.879787 321.424591 0.368251 -0.905812 0.209512 0.492500 0.492500
birch_leaves.bmp
1 55.980091 -56.619801 267.310822 0.368251 -0.905812 0.209512 0.007500 0.007500
1 86.047348 -31.879787 321.424591 0.368251 -0.905812 0.209512 0.492500 0.492500
1 51.613361 -45.878658 321.424591 0.368251 -0.905812 0.209512 0.007500 0.492500
birch_leaves.bmp
1 51.613361 -45.878658 321.424591 -0.368251 0.905812 -0.209512 0.007500 0.492500
1 86.047348 -31.879787 321.424591 -0.368251 0.905812 -0.209512 0.492500 0.492500
1 90.414078 -42.620930 267.310822 -0.368251 0.905812 -0.209512 0.492500 0.007500
birch_leaves.bmp
1 51.613361 -45.878658 321.424591 -0.368251 0.905812 -0.209512 0.007500 0.492500
1 90.414078 -42.620930 267.310822 -0.368251 0.905812 -0.209512 0.492500 0.007500
1 55.980091 -56.619801 267.310822 -0.368251 0.905812 -0.209512 0.007500 0.007500
birch_leaves.bmp
1 78.815147 -6.525342 275.361450 -0.670527 0.624212 -0.400941 0.007500 0.007500
1 53.731026 -33.470634 275.361450 -0.670527 0.624212 -0.400941 0.492500 0.007500
1 37.509064 -18.369158 326.001831 -0.670527 0.624212 -0.400941 0.492500 0.492500
birch_leaves.bmp
1 78.815147 -6.525342 275.361450 -0.670527 0.624212 -0.400941 0.007500 0.007500
1 37.509064 -18.369158 326.001831 -0.670527 0.624212 -0.400941 0.492500 0.492500
1 62.593182 8.576134 326.001831 -0.670527 0.624212 -0.400941 0.007500 0.492500
birch_leaves.bmp
1 62.593182 8.576134 326.001831 0.670527 -0.624212 0.400941 0.007500 0.492500
1 37.509064 -18.369158 326.001831 0.670527 -0.624212 0.400941 0.492500 0.492500
1 53.731026 -33.470634 275.361450 0.670527 -0.624212 0.400941 0.492500 0.007500
birch_leaves.bmp
1 62.593182 8.576134 326.001831 0.670527 -0.624212 0.400941 0.007500 0.492500
1 53.731026 -33.470634 275.361450 0.670527 -0.624212 0.400941 0.492500 0.007500
1 78.815147 -6.525342 275.361450 0.670527 -0.624212 0.400941 0.007500 0.007500
birch_leaves.bmp
1 51.640411 7.561502 275.029236 -0.633149 -0.680126 -0.369528 0.507500 0.507500
1 78.585701 -17.522619 275.029236 -0.633149 -0.680126 -0.369528 0.992500 0.507500
1 64.683800 -32.456001 326.334045 -0.633149 -0.680126 -0.369528 0.992500 0.992500
birch_leaves.bmp
1 51.640411 7.561502 275.029236 -0.633149 -0.680126 -0.369528 0.507500 0.507500
1 64.683800 -32.456001 326.334045 -0.633149 -0.680126 -0.369528 0.992500 0.992500
1 37.738510 -7.371882 326.334045 -0.633149 -0.680126 -0.369528 0.507500 0.992500
birch_leaves.bmp
1 37.738510 -7.371882 326.334045 0.633149 0.680126 0.369528 0.507500 0.992500
1 64.683800 -32.456001 326.334045 0.633149 0.680126 0.369528 0.992500 0.992500
1 78.585701 -17.522619 275.029236 0.633149 0.680126 0.369528 0.992500 0.507500
birch_leaves.bmp
1 37.738510 -7.371882 326.334045 0.633149 0.680126 0.369528 0.507500 0.992500
1 78.585701 -17.522619 275.029236 0.633149 0.680126 0.369528 0.992500 0.507500
1 51.640411 7.561502 275.029236 0.633149 0.680126 0.369528 0.507500 0.507500
birch_bark.bmp
0 1.609813 1.000000 248.267090 -0.662244 -0.383694 -0.643592 0.000000 0.000000
0 2.688662 -1.262133 250.689499 -0.399186 -0.916455 -0.027572 0.166667 0.000000
0 -4.264250 30.680689 279.215088 -0.635965 -0.533533 0.557576 0.166667 0.368417
birch_bark.bmp
0 1.609813 1.000000 248.267090 -0.662244 -0.383694 -0.643592 0.000000 0.000000
0 -4.264250 30.680689 279.215088 -0.635965 -0.533533 0.557576 0.166667 0.368417
0 -4.823205 31.821829 277.691803 -0.959436 0.012558 -0.281646 0.000000 0.368417
birch_bark.bmp
0 2.688662 -1.262133 250.689499 -0.399186 -0.916455 -0.027572 0.166667 0.000000
0 6.105972 -1.054248 251.324677 0.360338 -0.922723 0.136893 0.333333 0.000000
0 -2.355942 30.765699 279.692841 0.255196 -0.509064 0.822027 0.333333 0.368417
birch_bark.bmp
0 2.688662 -1.262133 250.689499 -0.399186 -0.916455 -0.027572 0.166667 0.000000
0 -2.355942 30.765699 279.692841 0.255196 -0.509064 0.822027 0.333333 0.368417
0 -4.264250 30.680689 279.215088 -0.635965 -0.533533 0.557576 0.166667 0.368417
birch_bark.bmp
0 6.105972 -1.054248 251.324677 0.360338 -0.922723 0.136893 0.333333 0.000000
0 8.498043 1.000000 249.947403 0.879837 -0.436709 -0.187542 0.500000 0.000000
0 -0.882361 31.821829 278.886658 0.925723 0.005323 0.378165 0.500000 0.368417
birch_bark.bmp
0 6.105972 -1.054248 251.324677 0.360338 -0.922723 0.136893 0.333333 0.000000
0 -0.882361 31.821829 278.886658 0.925723 0.005323 0.378165 0.500000 0.368417
0 -2.355942 30.765699 279.692841 0.255196 -0.509064 0.822027 0.333333 0.368417
birch_bark.bmp
0 8.498043 1.000000 249.947403 0.879837 -0.436709 -0.187542 0.500000 0.000000
0 7.247495 3.199649 247.542755 0.599167 0.097574 -0.794656 0.666667 0.000000
0 -1.534488 32.926071 277.378876 0.662539 0.576053 -0.478753 0.666667 0.368417
birch_bark.bmp
0 8.498043 1.000000 249.947403 0.879837 -0.436709 -0.187542 0.500000 0.000000
0 -1.534488 32.926071 277.378876 0.662539 0.576053 -0.478753 0.666667 0.368417
0 -0.882361 31.821829 278.886658 0.925723 0.005323 0.378165 0.500000 0.368417
birch_bark.bmp
0 7.247495 3.199649 247.542755 0.599167 0.097574 -0.794656 0.666667 0.000000
0 3.886420 3.068380 246.848145 -0.143619 0.076706 -0.986656 0.833333 0.000000
0 -3.408247 32.898857 276.843048 -0.272505 0.557523 -0.784161 0.833333 0.368417
birch_bark.bmp
0 7.247495 3.199649 247.542755 0.599167 0.097574 -0.794656 0.666667 0.000000
0 -3.408247 32.898857 276.843048 -0.272505 0.557523 -0.784161 0.833333 0.368417
0 -1.534488 32.926071 277.378876 0.662539 0.576053 -0.478753 0.666667 0.368417
birch_bark.bmp
0 3.886420 3.068380 246.848145 -0.143619 0.076706 -0.986656 0.833333 0.000000
0 1.609813 1.000000 248.267090 -0.662244 -0.383694 -0.643592 1.000000 0.000000
0 -4.823205 31.821829 277.691803 -0.959436 0.012558 -0.281646 1.000000 0.368417
birch_bark.bmp
0 3.886420 3.068380 246.848145 -0.143619 0.076706 -0.986656 0.833333 0.000000
0 -4.823205 31.821829 277.691803 -0.959436 0.012558 -0.281646 1.000000 0.368417
0 -3.408247 32.898857 276.843048 -0.272505 0.557523 -0.784161 0.833333 0.368417
birch_bark.bmp
0 -4.823205 31.821829 277.691803 -0.959436 0.012558 -0.281646 0.000000 0.368417
0 -4.264250 30.680689 279.215088 -0.635965 -0.533533 0.557576 0.166667 0.368417
0 -11.199849 62.357281 296.330963 -0.658148 0.132902 0.741066 0.166667 0.675930
birch_bark.bmp
0 -4.823205 31.821829 277.691803 -0.959436 0.012558 -0.281646 0.000000 0.368417
0 -11.199849 62.357281 296.330963 -0.658148 0.132902 0.741066 0.166667 0.675930
0 -11.328644 62.643658 295.830658 -0.864657 0.501732 0.025174 0.000000 0.675930
birch_bark.bmp
0 -4.264250 30.680689 279.215088 -0.635965 -0.533533 0.557576 0.166667 0.368417
0 -2.355942 30.765699 279.692841 0.255196 -0.509064 0.822027 0.333333 0.368417
0 -10.650475 62.370075 296.530945 0.032689 0.166130 0.985562 0.333333 0.675930
birch_bark.bmp
0 -4.264250 30.680689 279.215088 -0.635965 -0.533533 0.557576 0.166667 0.368417
0 -10.650475 62.370075 296.530945 0.032689 0.166130 0.985562 0.333333 0.675930
0 -11.199849 62.357281 296.330963 -0.658148 0.132902 0.741066 0.166667 0.675930
birch_bark.bmp
0 -2.355942 30.765699 279.692841 0.255196 -0.509064 0.822027 0.333333 0.368417
0 -0.882361 31.821829 278.886658 0.925723 0.005323 0.378165 0.500000 0.368417
0 -10.170881 62.643658 296.294312 0.606365 0.522129 0.599752 0.500000 0.675930
birch_bark.bmp
0 -2.355942 30.765699 279.692841 0.255196 -0.509064 0.822027 0.333333 0.368417
0 -10.170881 62.643658 296.294312 0.606365 0.522129 0.599752 0.500000 0.675930
0 -10.650475 62.370075 296.530945 0.032689 0.166130 0.985562 0.333333 0.675930
birch_bark.bmp
0 -0.882361 31.821829 278.886658 0.925723 0.005323 0.378165 0.500000 0.368417
0 -1.534488 32.926071 277.378876 0.662539 0.576053 -0.478753 0.666667 0.368417
0 -10.322243 62.920834 295.799347 0.388696 0.916468 -0.094881 0.666667 0.675930
birch_bark.bmp
0 -0.882361 31.821829 278.886658 0.925723 0.005323 0.378165 0.500000 0.368417
0 -10.322243 62.920834 295.799347 0.388696 0.916468 -0.094881 0.666667 0.675930
0 -10.170881 62.643658 296.294312 0.606365 0.522129 0.599752 0.500000 0.675930
birch_bark.bmp
0 -1.534488 32.926071 277.378876 0.662539 0.576053 -0.478753 0.666667 0.368417
0 -3.408247 32.898857 276.843048 -0.272505 0.557523 -0.784161 0.833333 0.368417
0 -10.860312 62.925247 295.576965 -0.300931 0.886247 -0.352147 0.833333 0.675930
birch_bark.bmp
0 -1.534488 32.926071 277.378876 0.662539 0.576053 -0.478753 0.666667 0.368417
0 -10.860312 62.925247 295.576965 -0.300931 0.886247 -0.352147 0.833333 0.675930
0 -10.322243 62.920834 295.799347 0.388696 0.916468 -0.094881 0.666667 0.675930
birch_bark.bmp
0 -3.408247 32.898857 276.843048 -0.272505 0.557523 -0.784161 0.833333 0.368417
0 -4.823205 31.821829 277.691803 -0.959436 0.012558 -0.281646 1.000000 0.368417
0 -11.328644 62.643658 295.830658 -0.864657 0.501732 0.025174 1.000000 0.675930
birch_bark.bmp
0 -3.408247 32.898857 276.843048 -0.272505 0.557523 -0.784161 0.833333 0.368417
0 -11.328644 62.643658 295.830658 -0.864657 0.501732 0.025174 1.000000 0.675930
0 -10.860312 62.925247 295.576965 -0.300931 0.886247 -0.352147 0.833333 0.675930
birch_bark.bmp
0 1.609813 1.000000 248.267090 -0.662244 -0.383694 -0.643592 0.950000 0.500000
0 3.886420 3.068380 246.848145 -0.143619 0.076706 -0.986656 0.725000 0.110289
0 7.247495 3.199649 247.542755 0.599167 0.097574 -0.794656 0.275000 0.110289
birch_bark.bmp
0 7.247495 3.199649 247.542755 0.599167 0.097574 -0.794656 0.275000 0.110289
0 8.498043 1.000000 249.947403 0.879837 -0.436709 -0.187542 0.050000 0.500000
0 6.105972 -1.054248 251.324677 0.360338 -0.922723 0.136893 0.275000 0.889711
birch_bark.bmp
0 6.105972 -1.054248 251.324677 0.360338 -0.922723 0.136893 0.275000 0.889711
0 2.688662 -1.262133 250.689499 -0.399186 -0.916455 -0.027572 0.725000 0.889711
0 1.609813 1.000000 248.267090 -0.662244 -0.383694 -0.643592 0.950000 0.500000
birch_bark.bmp
0 7.247495 3.199649 247.542755 0.599167 0.097574 -0.794656 0.275000 0.110289
0 6.105972 -1.054248 251.324677 0.360338 -0.922723 0.136893 0.275000 0.889711
0 1.609813 1.000000 248.267090 -0.662244 -0.383694 -0.643592 0.950000 0.500000
birch_bark.bmp
0 -10.860312 62.925247 295.576965 -0.300931 0.886247 -0.352147 0.725000 0.110289
0 -11.328644 62.643658 295.830658 -0.864657 0.501732 0.025174 0.950000 0.500000
0 -11.199849 62.357281 296.330963 -0.658148 0.132902 0.741066 0.725000 0.889711
birch_bark.bmp
0 -11.199849 62.357281 296.330963 -0.658148 0.132902 0.741066 0.725000 0.889711
0 -10.650475 62.370075 296.530945 0.032689 0.166130 0.985562 0.275000 0.889711
0 -10.170881 62.643658 296.294312 0.606365 0.522129 0.599752 0.050000 0.500000
birch_bark.bmp
0 -10.170881 62.643658 296.294312 0.606365 0.522129 0.599752 0.050000 0.500000
0 -10.322243 62.920834 295.799347 0.388696 0.916468 -0.094881 0.275000 0.110289
0 -10.860312 62.925247 295.576965 -0.300931 0.886247 -0.352147 0.725000 0.110289
birch_bark.bmp
0 -11.199849 62.357281 296.330963 -0.658148 0.132902 0.741066 0.725000 0.889711
0 -10.170881 62.643658 296.294312 0.606365 0.522129 0.599752 0.050000 0.500000
0 -10.860312 62.925247 295.576965 -0.300931 0.886247 -0.352147 0.725000 0.110289
birch_leaves.bmp
1 -19.472773 60.492920 279.062195 0.309403 -0.936001 -0.167848 0.007500 0.507500
1 9.456722 70.055801 279.062195 0.309403 -0.936001 -0.167848 0.492500 0.507500
1 12.407436 61.129333 334.279724 0.309403 -0.936001 -0.167848 0.492500 0.992500
birch_leaves.bmp
1 -19.472773 60.492920 279.062195 0.309403 -0.936001 -0.167848 0.007500 0.507500
1 12.407436 61.129333 334.279724 0.309403 -0.936001 -0.167848 0.492500 0.992500
1 -16.522058 51.566452 334.279724 0.309403 -0.936001 -0.167848 0.007500 0.992500
birch_leaves.bmp
1 -16.522058 51.566452 334.279724 -0.309403 0.936001 0.167848 0.007500 0.992500
1 12.407436 61.129333 334.279724 -0.309403 0.936001 0.167848 0.492500 0.992500
1 9.456722 70.055801 279.062195 -0.309403 0.936001 0.167848 0.492500 0.507500
birch_leaves.bmp
1 -16.522058 51.566452 334.279724 -0.309403 0.936001 0.167848 0.007500 0.992500
1 9.456722 70.055801 279.062195 -0.309403 0.936001 0.167848 0.492500 0.507500
1 -19.472773 60.492920 279.062195 -0.309403 0.936001 0.167848 0.007500 0.507500
birch_leaves.bmp
1 4.593503 47.452007 278.904053 0.941921 0.311360 0.125859 0.007500 0.507500
1 -4.969374 76.381500 278.904053 0.941921 0.311360 0.125859 0.492500 0.507500
1 -11.658838 74.170242 334.437836 0.941921 0.311360 0.125859 0.492500 0.992500
birch_leaves.bmp
1 4.593503 47.452007 278.904053 0.941921 0.311360 0.125859 0.007500 0.507500
1 -11.658838 74.170242 334.437836 0.941921 0.311360 0.125859 0.492500 0.992500
1 -2.095961 45.240749 334.437836 0.941921 0.311360 0.125859 0.007500 0.992500
birch_leaves.bmp
1 -2.095961 45.240749 334.437836 -0.941921 -0.311360 -0.125859 0.007500 0.992500
1 -11.658838 74.170242 334.437836 -0.941921 -0.311360 -0.125859 0.492500 0.992500
1 -4.969374 76.381500 278.904053 -0.941921 -0.311360 -0.125859 0.492500 0.507500
birch_leaves.bmp
1 -2.095961 45.240749 334.437836 -0.941921 -0.311360 -0.125859 0.007500 0.992500
1 -4.969374 76.381500 278.904053 -0.941921 -0.311360 -0.125859 0.492500 0.507500
1 4.593503 47.452007 278.904053 -0.941921 -0.311360 -0.125859 0.007500 0.507500
birch_leaves.bmp
1 -29.191296 45.061768 272.901428 0.822164 -0.490864 0.288269 0.507500 0.507500
1 -5.923778 84.033325 272.901428 0.822164 -0.490864 0.288269 0.992500 0.507500
1 -19.456882 92.113113 325.256989 0.822164 -0.490864 0.288269 0.992500 0.992500
birch_leaves.bmp
1 -29.191296 45.061768 272.901428 0.822164 -0.490864 0.288269 0.507500 0.507500
1 -19.456882 92.113113 325.256989 0.822164 -0.490864 0.288269 0.992500 0.992500
1 -42.724400 53.141556 325.256989 0.822164 -0.490864 0.288269 0.507500 0.992500
birch_leaves.bmp
1 -42.724400 53.141556 325.256989 -0.822164 0.490864 -0.288269 0.507500 0.992500
1 -19.456882 92.113113 325.256989 -0.822164 0.490864 -0.288269 0.992500 0.992500
1 -5.923778 84.033325 272.901428 -0.822164 0.490864 -0.288269 0.992500 0.507500
birch_leaves.bmp
1 -42.724400 53.141556 325.256989 -0.822164 0.490864 -0.288269 0.507500 0.992500
1 -5.923778 84.033325 272.901428 -0.822164 0.490864 -0.288269 0.992500 0.507500
1 -29.191296 45.061768 272.901428 -0.822164 0.490864 -0.288269 0.507500 0.507500
birch_leaves.bmp
1 1.779706 68.038422 274.773621 0.452725 0.758284 0.469090 0.507500 0.507500
1 -37.191849 91.305939 274.773621 0.452725 0.758284 0.469090 0.992500 0.507500
1 -50.427887 69.136459 323.384827 0.452725 0.758284 0.469090 0.992500 0.992500
birch_leaves.bmp
1 1.779706 68.038422 274.773621 0.452725 0.758284 0.469090 0.507500 0.507500
1 -50.427887 69.136459 323.384827 0.452725 0.758284 0.469090 0.992500 0.992500
1 -11.456329 45.868942 323.384827 0.452725 0.758284 0.469090 0.507500 0.992500
birch_leaves.bmp
1 -11.456329 45.868942 323.384827 -0.452725 -0.758284 -0.469090 0.507500 0.992500
1 -50.427887 69.136459 323.384827 -0.452725 -0.758284 -0.469090 0.992500 0.992500
1 -37.191849 91.305939 274.773621 -0.452725 -0.758284 -0.469090 0.992500 0.507500
birch_leaves.bmp
1 -11.456329 45.868942 323.384827 -0.452725 -0.758284 -0.469090 0.507500 0.992500
1 -37.191849 91.305939 274.773621 -0.452725 -0.758284 -0.469090 0.992500 0.507500
1 1.779706 68.038422 274.773621 -0.452725 -0.758284 -0.469090 0.507500 0.507500
birch_leaves.bmp
1 2.895119 96.422531 262.938568 -0.943743 0.325500 -0.058299 0.507500 0.007500
1 -10.057978 58.866764 262.938568 -0.943743 0.325500 -0.058299 0.992500 0.007500
1 -13.032377 59.892643 316.816223 -0.943743 0.325500 -0.058299 0.992500 0.492500
birch_leaves.bmp
1 2.895119 96.422531 262.938568 -0.943743 0.325500 -0.058299 0.507500 0.007500
1 -13.032377 59.892643 316.816223 -0.943743 0.325500 -0.058299 0.992500 0.492500
1 -0.079282 97.448410 316.816223 -0.943743 0.325500 -0.058299 0.507500 0.492500
birch_leaves.bmp
1 -0.079282 97.448410 316.816223 0.943743 -0.325500 0.058299 0.507500 0.492500
1 -13.032377 59.892643 316.816223 0.943743 -0.325500 0.058299 0.992500 0.492500
1 -10.057978 58.866764 262.938568 0.943743 -0.325500 0.058299 0.992500 0.007500
birch_leaves.bmp
1 -0.079282 97.448410 316.816223 0.943743 -0.325500 0.058299 0.507500 0.492500
1 -10.057978 58.866764 262.938568 0.943743 -0.325500 0.058299 0.992500 0.007500
1 2.895119 96.422531 262.938568 0.943743 -0.325500 0.058299 0.507500 0.007500
birch_leaves.bmp
1 -21.294104 92.034500 263.943909 -0.312144 -0.905019 -0.288977 0.507500 0.007500
1 16.261660 79.081406 263.943909 -0.312144 -0.905019 -0.288977 0.992500 0.007500
1 11.156843 64.280670 315.810913 -0.312144 -0.905019 -0.288977 0.992500 0.492500
birch_leaves.bmp
1 -21.294104 92.034500 263.943909 -0.312144 -0.905019 -0.288977 0.507500 0.007500
1 11.156843 64.280670 315.810913 -0.312144 -0.905019 -0.288977 0.992500 0.492500
1 -26.398920 77.233765 315.810913 -0.312144 -0.905019 -0.288977 0.507500 0.492500
birch_leaves.bmp
1 -26.398920 77.233765 315.810913 0.312144 0.905019 0.288977 0.507500 0.492500
1 11.156843 64.280670 315.810913 0.312144 0.905019 0.288977 0.992500 0.492500
1 16.261660 79.081406 263.943909 0.312144 0.905019 0.288977 0.992500 0.007500
birch_leaves.bmp
1 -26.398920 77.233765 315.810913 0.312144 0.905019 0.288977 0.507500 0.492500
1 16.261660 79.081406 263.943909 0.312144 0.905019 0.288977 0.992500 0.007500
1 -21.294104 92.034500 263.943909 0.312144 0.905019 0.288977 0.507500 0.007500
birch_leaves.bmp
1 14.816957 67.617821 295.547974 -0.070687 0.971499 0.226260 0.007500 0.007500
1 -15.483089 65.413155 295.547974 -0.070687 0.971499 0.226260 0.492500 0.007500
1 -14.798456 56.003819 336.162994 -0.070687 0.971499 0.226260 0.492500 0.492500
birch_leaves.bmp
1 14.816957 67.617821 295.547974 -0.070687 0.971499 0.226260 0.007500 0.007500
1 -14.798456 56.003819 336.162994 -0.070687 0.971499 0.226260 0.492500 0.492500
1 15.501591 58.208485 336.162994 -0.070687 0.971499 0.226260 0.007500 0.492500
birch_leaves.bmp
1 15.501591 58.208485 336.162994 0.070687 -0.971499 -0.226260 0.007500 0.492500
1 -14.798456 56.003819 336.162994 0.070687 -0.971499 -0.226260 0.492500 0.492500
1 -15.483089 65.413155 295.547974 0.070687 -0.971499 -0.226260 0.492500 0.007500
birch_leaves.bmp
1 15.501591 58.208485 336.162994 0.070687 -0.971499 -0.226260 0.007500 0.492500
1 -15.483089 65.413155 295.547974 0.070687 -0.971499 -0.226260 0.492500 0.007500
1 14.816957 67.617821 295.547974 0.070687 -0.971499 -0.226260 0.007500 0.007500
birch_leaves.bmp
1 -9.923467 76.318336 296.838318 -0.904175 -0.065789 0.422065 0.507500 0.007500
1 -7.718801 46.018288 296.838318 -0.904175 -0.065789 0.422065 0.992500 0.007500
1 9.941968 47.303307 334.872650 -0.904175 -0.065789 0.422065 0.992500 0.492500
birch_leaves.bmp
1 -9.923467 76.318336 296.838318 -0.904175 -0.065789 0.422065 0.507500 0.007500
1 9.941968 47.303307 334.872650 -0.904175 -0.065789 0.422065 0.992500 0.492500
1 7.737302 77.603355 334.872650 -0.904175 -0.065789 0.422065 0.507500 0.492500
birch_leaves.bmp
1 7.737302 77.603355 334.872650 0.904175 0.065789 -0.422065 0.507500 0.492500
1 9.941968 47.303307 334.872650 0.904175 0.065789 -0.422065 0.992500 0.492500
1 -7.718801 46.018288 296.838318 0.904175 0.065789 -0.422065 0.992500 0.007500
birch_leaves.bmp
1 7.737302 77.603355 334.872650 0.904175 0.065789 -0.422065 0.507500 0.492500
1 -7.718801 46.018288 296.838318 0.904175 0.065789 -0.422065 0.992500 0.007500
1 -9.923467 76.318336 296.838318 0.904175 0.065789 -0.422065 0.507500 0.007500
birch_leaves.bmp
1 -28.024233 67.397728 283.511383 -0.885554 0.399406 0.237211 0.007500 0.007500
1 -40.432892 39.885509 283.511383 -0.885554 0.399406 0.237211 0.492500 0.007500
1 -30.747114 35.516994 327.025757 -0.885554 0.399406 0.237211 0.492500 0.492500
birch_leaves.bmp
1 -28.024233 67.397728 283.511383 -0.885554 0.399406 0.237211 0.007500 0.007500
1 -30.747114 35.516994 327.025757 -0.885554 0.399406 0.237211 0.492500 0.492500
1 -18.338453 63.029213 327.025757 -0.885554 0.399406 0.237211 0.007500 0.492500
birch_leaves.bmp
1 -18.338453 63.029213 327.025757 0.885554 -0.399406 -0.237211 0.007500 0.492500
1 -30.747114 35.516994 327.025757 0.885554 -0.399406 -0.237211 0.492500 0.492500
1 -40.432892 39.885509 283.511383 0.885554 -0.399406 -0.237211 0.492500 0.007500
birch_leaves.bmp
1 -18.338453 63.029213 327.025757 0.885554 -0.399406 -0.237211 0.007500 0.492500
1 -40.432892 39.885509 283.511383 0.885554 -0.399406 -0.237211 0.492500 0.007500
1 -28.024233 67.397728 283.511383 0.885554 -0.399406 -0.237211 0.007500 0.007500
birch_leaves.bmp
1 -40.796570 62.861443 283.601135 -0.397594 -0.881536 -0.254585 0.507500 0.507500
1 -13.284355 50.452782 283.601135 -0.397594 -0.881536 -0.254585 0.992500 0.507500
1 -17.974777 40.053276 326.936005 -0.397594 -0.881536 -0.254585 0.992500 0.992500
birch_leaves.bmp
1 -40.796570 62.861443 283.601135 -0.397594 -0.881536 -0.254585 0.507500 0.507500
1 -17.974777 40.053276 326.936005 -0.397594 -0.881536 -0.254585 0.992500 0.992500
1 -45.486992 52.461937 326.936005 -0.397594 -0.881536 -0.254585 0.507500 0.992500
birch_leaves.bmp
1 -45.486992 52.461937 326.936005 0.397594 0.881536 0.254585 0.507500 0.992500
1 -17.974777 40.053276 326.936005 0.397594 0.881536 0.254585 0.992500 0.992500
1 -13.284355 50.452782 283.601135 0.397594 0.881536 0.254585 0.992500 0.507500
birch_leaves.bmp
1 -45.486992 52.461937 326.936005 0.397594 0.881536 0.254585 0.507500 0.992500
1 -13.284355 50.452782 283.601135 0.397594 0.881536 0.254585 0.992500 0.507500
1 -40.796570 62.861443 283.601135 0.397594 0.881536 0.254585 0.507500 0.507500
birch_leaves.bmp
1 -7.264956 65.763077 266.017059 -0.936567 0.143930 0.319573 0.507500 0.507500
1 -13.111170 27.721176 266.017059 -0.936567 0.143930 0.319573 0.992500 0.507500
1 3.751680 25.129723 316.603790 -0.936567 0.143930 0.319573 0.992500 0.992500
birch_leaves.bmp
1 -7.264956 65.763077 266.017059 -0.936567 0.143930 0.319573 0.507500 0.507500
1 3.751680 25.129723 316.603790 -0.936567 0.143930 0.319573 0.992500 0.992500
1 9.597895 63.171619 316.603790 -0.936567 0.143930 0.319573 0.507500 0.992500
birch_leaves.bmp
1 9.597895 63.171619 316.603790 0.936567 -0.143930 -0.319573 0.507500 0.992500
1 3.751680 25.129723 316.603790 0.936567 -0.143930 -0.319573 0.992500 0.992500
1 -13.111170 27.721176 266.017059 0.936567 -0.143930 -0.319573 0.992500 0.507500
birch_leaves.bmp
1 9.597895 63.171619 316.603790 0.936567 -0.143930 -0.319573 0.507500 0.992500
1 -13.111170 27.721176 266.017059 0.936567 -0.143930 -0.319573 0.992500 0.507500
1 -7.264956 65.763077 266.017059 0.936567 -0.143930 -0.319573 0.507500 0.507500
birch_leaves.bmp
1 -22.672831 36.036942 267.544769 -0.134487 -0.875119 0.464845 0.507500 0.507500
1 15.369061 30.190727 267.544769 -0.134487 -0.875119 0.464845 0.992500 0.507500
1 19.159555 54.855850 315.076080 -0.134487 -0.875119 0.464845 0.992500 0.992500
birch_leaves.bmp
1 -22.672831 36.036942 267.544769 -0.134487 -0.875119 0.464845 0.507500 0.507500
1 19.159555 54.855850 315.076080 -0.134487 -0.875119 0.464845 0.992500 0.992500
1 -18.882338 60.702065 315.076080 -0.134487 -0.875119 0.464845 0.507500 0.992500
birch_leaves.bmp
1 -18.882338 60.702065 315.076080 0.134487 0.875119 -0.464845 0.507500 0.992500
1 19.159555 54.855850 315.076080 0.134487 0.875119 -0.464845 0.992500 0.992500
1 15.369061 30.190727 267.544769 0.134487 0.875119 -0.464845 0.992500 0.507500
birch_leaves.bmp
1 -18.882338 60.702065 315.076080 0.134487 0.875119 -0.464845 0.507500 0.992500
1 15.369061 30.190727 267.544769 0.134487 0.875119 -0.464845 0.992500 0.507500
1 -22.672831 36.036942 267.544769 0.134487 0.875119 -0.464845 0.507500 0.507500
birch_leaves.bmp
1 -7.275066 65.499840 289.085388 -0.965306 -0.236056 0.111633 0.507500 0.507500
1 0.774771 32.581608 289.085388 -0.965306 -0.236056 0.111633 0.992500 0.507500
1 6.180988 33.903645 338.629059 -0.965306 -0.236056 0.111633 0.992500 0.992500
birch_leaves.bmp
1 -7.275066 65.499840 289.085388 -0.965306 -0.236056 0.111633 0.507500 0.507500
1 6.180988 33.903645 338.629059 -0.965306 -0.236056 0.111633 0.992500 0.992500
1 -1.868849 66.821877 338.629059 -0.965306 -0.236056 0.111633 0.507500 0.992500
birch_leaves.bmp
1 -1.868849 66.821877 338.629059 0.965306 0.236056 -0.111633 0.507500 0.992500
1 6.180988 33.903645 338.629059 0.965306 0.236056 -0.111633 0.992500 0.992500
1 0.774771 32.581608 289.085388 0.965306 0.236056 -0.111633 0.992500 0.507500
birch_leaves.bmp
1 -1.868849 66.821877 338.629059 0.965306 0.236056 -0.111633 0.507500 0.992500
1 0.774771 32.581608 289.085388 0.965306 0.236056 -0.111633 0.992500 0.507500
1 -7.275066 65.499840 289.085388 0.965306 0.236056 -0.111633 0.507500 0.507500
birch_leaves.bmp
1 -17.937555 49.485600 289.225006 0.234587 -0.959300 -0.157203 0.507500 0.507500
1 14.980680 57.535435 289.225006 0.234587 -0.959300 -0.157203 0.992500 0.507500
1 16.843477 49.917889 338.489441 0.234587 -0.959300 -0.157203 0.992500 0.992500
birch_leaves.bmp
1 -17.937555 49.485600 289.225006 0.234587 -0.959300 -0.157203 0.507500 0.507500
1 16.843477 49.917889 338.489441 0.234587 -0.959300 -0.157203 0.992500 0.992500
1 -16.074759 41.868053 338.489441 0.234587 -0.959300 -0.157203 0.507500 0.992500
birch_leaves.bmp
1 -16.074759 41.868053 338.489441 -0.234587 0.959300 0.157203 0.507500 0.992500
1 16.843477 49.917889 338.489441 -0.234587 0.959300 0.157203 0.992500 0.992500
1 14.980680 57.535435 289.225006 -0.234587 0.959300 0.157203 0.992500 0.507500
birch_leaves.bmp
1 -16.074759 41.868053 338.489441 -0.234587 0.959300 0.157203 0.507500 0.992500
1 14.980680 57.535435 289.225006 -0.234587 0.959300 0.157203 0.992500 0.507500
1 -17.937555 49.485600 289.225006 -0.234587 0.959300 0.157203 0.507500 0.507500
birch_leaves.bmp
1 18.165070 63.711304 278.856445 -0.867065 0.495984 -0.046876 0.007500 0.507500
1 -0.692729 30.744656 278.856445 -0.867065 0.495984 -0.046876 0.492500 0.507500
1 -2.562861 31.814419 324.767242 -0.867065 0.495984 -0.046876 0.492500 0.992500
birch_leaves.bmp
1 18.165070 63.711304 278.856445 -0.867065 0.495984 -0.046876 0.007500 0.507500
1 -2.562861 31.814419 324.767242 -0.867065 0.495984 -0.046876 0.492500 0.992500
1 16.294937 64.781067 324.767242 -0.867065 0.495984 -0.046876 0.007500 0.992500
birch_leaves.bmp
1 16.294937 64.781067 324.767242 0.867065 -0.495984 0.046876 0.007500 0.992500
1 -2.562861 31.814419 324.767242 0.867065 -0.495984 0.046876 0.492500 0.992500
1 -0.692729 30.744656 278.856445 0.867065 -0.495984 0.046876 0.492500 0.507500
birch_leaves.bmp
1 16.294937 64.781067 324.767242 0.867065 -0.495984 0.046876 0.007500 0.992500
1 -0.692729 30.744656 278.856445 0.867065 -0.495984 0.046876 0.492500 0.507500
1 18.165070 63.711304 278.856445 0.867065 -0.495984 0.046876 0.007500 0.507500
birch_leaves.bmp
1 -12.996418 49.649811 280.369812 -0.460184 -0.804480 0.375556 0.507500 0.007500
1 19.970234 30.792007 280.369812 -0.460184 -0.804480 0.375556 0.992500 0.007500
1 28.598629 45.875916 323.253845 -0.460184 -0.804480 0.375556 0.992500 0.492500
birch_leaves.bmp
1 -12.996418 49.649811 280.369812 -0.460184 -0.804480 0.375556 0.507500 0.007500
1 28.598629 45.875916 323.253845 -0.460184 -0.804480 0.375556 0.992500 0.492500
1 -4.368025 64.733719 323.253845 -0.460184 -0.804480 0.375556 0.507500 0.492500
birch_leaves.bmp
1 -4.368025 64.733719 323.253845 0.460184 0.804480 -0.375556 0.507500 0.492500
1 28.598629 45.875916 323.253845 0.460184 0.804480 -0.375556 0.992500 0.492500
1 19.970234 30.792007 280.369812 0.460184 0.804480 -0.375556 0.992500 0.007500
birch_leaves.bmp
1 -4.368025 64.733719 323.253845 0.460184 0.804480 -0.375556 0.507500 0.492500
1 19.970234 30.792007 280.369812 0.460184 0.804480 -0.375556 0.992500 0.007500
1 -12.996418 49.649811 280.369812 0.460184 0.804480 -0.375556 0.507500 0.007500
birch_leaves.bmp
1 25.228506 76.304070 268.336426 -0.077219 0.961275 0.264553 0.007500 0.507500
1 -5.361046 73.846809 268.336426 -0.077219 0.961275 0.264553 0.492500 0.507500
1 -4.364294 61.438576 313.713776 -0.077219 0.961275 0.264553 0.492500 0.992500
birch_leaves.bmp
1 25.228506 76.304070 268.336426 -0.077219 0.961275 0.264552 0.007500 0.507500
1 -4.364294 61.438576 313.713776 -0.077219 0.961275 0.264552 0.492500 0.992500
1 26.225260 63.895836 313.713776 -0.077219 0.961275 0.264552 0.007500 0.992500
birch_leaves.bmp
1 26.225260 63.895836 313.713776 0.077219 -0.961275 -0.264552 0.007500 0.992500
1 -4.364294 61.438576 313.713776 0.077219 -0.961275 -0.264552 0.492500 0.992500
1 -5.361046 73.846809 268.336426 0.077219 -0.961275 -0.264552 0.492500 0.507500
birch_leaves.bmp
1 26.225260 63.895836 313.713776 0.077219 -0.961275 -0.264553 0.007500 0.992500
1 -5.361046 73.846809 268.336426 0.077219 -0.961275 -0.264553 0.492500 0.507500
1 25.228506 76.304070 268.336426 0.077219 -0.961275 -0.264553 0.007500 0.507500
birch_leaves.bmp
1 -0.763142 83.365479 269.590881 -0.903336 -0.072565 0.422750 0.507500 0.507500
1 1.694115 52.775928 269.590881 -0.903336 -0.072565 0.422750 0.992500 0.507500
1 21.627356 54.377163 312.459290 -0.903336 -0.072565 0.422750 0.992500 0.992500
birch_leaves.bmp
1 -0.763142 83.365479 269.590881 -0.903336 -0.072565 0.422750 0.507500 0.507500
1 21.627356 54.377163 312.459290 -0.903336 -0.072565 0.422750 0.992500 0.992500
1 19.170099 84.966721 312.459290 -0.903336 -0.072565 0.422750 0.507500 0.992500
birch_leaves.bmp
1 19.170099 84.966721 312.459290 0.903336 0.072565 -0.422750 0.507500 0.992500
1 21.627356 54.377163 312.459290 0.903336 0.072565 -0.422750 0.992500 0.992500
1 1.694115 52.775928 269.590881 0.903336 0.072565 -0.422750 0.992500 0.507500
birch_leaves.bmp
1 19.170099 84.966721 312.459290 0.903336 0.072565 -0.422750 0.507500 0.992500
1 1.694115 52.775928 269.590881 0.903336 0.072565 -0.422750 0.992500 0.507500
1 -0.763142 83.365479 269.590881 0.903336 0.072565 -0.422750 0.507500 0.507500
birch_bark.bmp
0 2.194261 1.000000 258.513733 -0.380818 0.403857 -0.831792 0.000000 0.000000
0 4.836358 -1.291539 257.814270 0.257317 -0.121438 -0.958666 0.166667 0.000000
0 -13.588339 -29.921671 282.867950 0.113826 -0.598506 -0.792991 0.166667 0.360433
birch_bark.bmp
0 2.194261 1.000000 258.513733 -0.380818 0.403857 -0.831792 0.000000 0.000000
0 -13.588339 -29.921671 282.867950 0.113826 -0.598506 -0.792991 0.166667 0.360433
0 -15.237278 -28.733770 283.083984 -0.749424 0.032698 -0.661283 0.000000 0.360433
birch_bark.bmp
0 4.836358 -1.291539 257.814270 0.257317 -0.121438 -0.958666 0.166667 0.000000
0 7.503793 -1.080952 259.941925 0.873314 -0.075428 -0.481283 0.333333 0.000000
0 -12.248676 -29.833178 284.245331 0.793076 -0.603924 -0.079405 0.333333 0.360433
birch_bark.bmp
0 4.836358 -1.291539 257.814270 0.257317 -0.121438 -0.958666 0.166667 0.000000
0 -12.248676 -29.833178 284.245331 0.793076 -0.603924 -0.079405 0.333333 0.360433
0 -13.588339 -29.921671 282.867950 0.113826 -0.598506 -0.792991 0.166667 0.360433
birch_bark.bmp
0 7.503793 -1.080952 259.941925 0.873314 -0.075428 -0.481283 0.333333 0.000000
0 7.895001 1.000000 262.555542 0.898402 0.415401 0.142533 0.500000 0.000000
0 -12.281562 -28.733770 285.835114 0.685616 -0.047772 0.726394 0.500000 0.360433
birch_bark.bmp
0 7.503793 -1.080952 259.941925 0.873314 -0.075428 -0.481283 0.333333 0.000000
0 -12.281562 -28.733770 285.835114 0.685616 -0.047772 0.726394 0.500000 0.360433
0 -12.248676 -29.833178 284.245331 0.793076 -0.603924 -0.079405 0.333333 0.360433
birch_bark.bmp
0 7.895001 1.000000 262.555542 0.898402 0.415401 0.142533 0.500000 0.000000
0 5.159122 3.228242 263.117401 0.248137 0.932121 0.263778 0.666667 0.000000
0 -13.960620 -27.584280 285.966492 -0.117148 0.535455 0.836400 0.666667 0.360433
birch_bark.bmp
0 7.895001 1.000000 262.555542 0.898402 0.415401 0.142533 0.500000 0.000000
0 -13.960620 -27.584280 285.966492 -0.117148 0.535455 0.836400 0.666667 0.360433
0 -12.281562 -28.733770 285.835114 0.685616 -0.047772 0.726394 0.500000 0.360433
birch_bark.bmp
0 5.159122 3.228242 263.117401 0.248137 0.932121 0.263778 0.666667 0.000000
0 2.478983 3.095267 261.067871 -0.353439 0.906470 -0.231069 0.833333 0.000000
0 -15.336651 -27.612610 284.643921 -0.798668 0.572972 0.183935 0.833333 0.360433
birch_bark.bmp
0 5.159122 3.228242 263.117401 0.248137 0.932121 0.263778 0.666667 0.000000
0 -15.336651 -27.612610 284.643921 -0.798668 0.572972 0.183935 0.833333 0.360433
0 -13.960620 -27.584280 285.966492 -0.117148 0.535455 0.836400 0.666667 0.360433
birch_bark.bmp
0 2.478983 3.095267 261.067871 -0.353439 0.906470 -0.231069 0.833333 0.000000
0 2.194261 1.000000 258.513733 -0.380818 0.403857 -0.831792 1.000000 0.000000
0 -15.237278 -28.733770 283.083984 -0.749424 0.032698 -0.661283 1.000000 0.360433
birch_bark.bmp
0 2.478983 3.095267 261.067871 -0.353439 0.906470 -0.231069 0.833333 0.000000
0 -15.237278 -28.733770 283.083984 -0.749424 0.032698 -0.661283 1.000000 0.360433
0 -15.336651 -27.612610 284.643921 -0.798668 0.572972 0.183935 0.833333 0.360433
birch_bark.bmp
0 -15.237278 -28.733770 283.083984 -0.749424 0.032698 -0.661283 0.000000 0.360433
0 -13.588339 -29.921671 282.867950 0.113826 -0.598506 -0.792991 0.166667 0.360433
0 -32.390327 -58.785683 296.514282 -0.154098 -0.888638 -0.431945 0.166667 0.673394
birch_bark.bmp
0 -15.237278 -28.733770 283.083984 -0.749424 0.032698 -0.661283 0.000000 0.360433
0 -32.390327 -58.785683 296.514282 -0.154098 -0.888638 -0.431945 0.166667 0.673394
0 -32.913383 -58.467541 296.488159 -0.818204 -0.433089 -0.378121 0.000000 0.673394
birch_bark.bmp
0 -13.588339 -29.921671 282.867950 0.113826 -0.598506 -0.792991 0.166667 0.360433
0 -12.248676 -29.833178 284.245331 0.793076 -0.603924 -0.079405 0.333333 0.360433
0 -32.067635 -58.771465 296.981873 0.326458 -0.933554 0.147996 0.333333 0.673394
birch_bark.bmp
0 -13.588339 -29.921671 282.867950 0.113826 -0.598506 -0.792991 0.166667 0.360433
0 -32.067635 -58.771465 296.981873 0.326458 -0.933554 0.147996 0.333333 0.673394
0 -32.390327 -58.785683 296.514282 -0.154098 -0.888638 -0.431945 0.166667 0.673394
birch_bark.bmp
0 -12.248676 -29.833178 284.245331 0.793076 -0.603924 -0.079405 0.333333 0.360433
0 -12.281562 -28.733770 285.835114 0.685616 -0.047772 0.726394 0.500000 0.360433
0 -32.191635 -58.467541 297.465790 0.200862 -0.537229 0.819170 0.500000 0.673394
birch_bark.bmp
0 -12.248676 -29.833178 284.245331 0.793076 -0.603924 -0.079405 0.333333 0.360433
0 -32.191635 -58.467541 297.465790 0.200862 -0.537229 0.819170 0.500000 0.673394
0 -32.067635 -58.771465 296.981873 0.326458 -0.933554 0.147996 0.333333 0.673394
birch_bark.bmp
0 -12.281562 -28.733770 285.835114 0.685616 -0.047772 0.726394 0.500000 0.360433
0 -13.960620 -27.584280 285.966492 -0.117148 0.535455 0.836400 0.666667 0.360433
0 -32.714531 -58.159622 297.417938 -0.472872 -0.113690 0.873766 0.666667 0.673394
birch_bark.bmp
0 -12.281562 -28.733770 285.835114 0.685616 -0.047772 0.726394 0.500000 0.360433
0 -32.714531 -58.159622 297.417938 -0.472872 -0.113690 0.873766 0.666667 0.673394
0 -32.191635 -58.467541 297.465790 0.200862 -0.537229 0.819170 0.500000 0.673394
birch_bark.bmp
0 -13.960620 -27.584280 285.966492 -0.117148 0.535455 0.836400 0.666667 0.360433
0 -15.336651 -27.612610 284.643921 -0.798668 0.572972 0.183935 0.833333 0.360433
0 -33.056786 -58.154720 296.964874 -0.951656 -0.048870 0.303254 0.833333 0.673394
birch_bark.bmp
0 -13.960620 -27.584280 285.966492 -0.117148 0.535455 0.836400 0.666667 0.360433
0 -33.056786 -58.154720 296.964874 -0.951656 -0.048870 0.303254 0.833333 0.673394
0 -32.714531 -58.159622 297.417938 -0.472872 -0.113690 0.873766 0.666667 0.673394
birch_bark.bmp
0 -15.336651 -27.612610 284.643921 -0.798668 0.572972 0.183935 0.833333 0.360433
0 -15.237278 -28.733770 283.083984 -0.749424 0.032698 -0.661283 1.000000 0.360433
0 -32.913383 -58.467541 296.488159 -0.818204 -0.433089 -0.378121 1.000000 0.673394
birch_bark.bmp
0 -15.336651 -27.612610 284.643921 -0.798668 0.572972 0.183935 0.833333 0.360433
0 -32.913383 -58.467541 296.488159 -0.818204 -0.433089 -0.378121 1.000000 0.673394
0 -33.056786 -58.154720 296.964874 -0.951656 -0.048870 0.303254 0.833333 0.673394
birch_bark.bmp
0 2.194261 1.000000 258.513733 -0.380818 0.403857 -0.831792 0.950000 0.500000
0 2.478983 3.095267 261.067871 -0.353439 0.906470 -0.231069 0.725000 0.110289
0 5.159122 3.228242 263.117401 0.248137 0.932121 0.263778 0.275000 0.110289
birch_bark.bmp
0 5.159122 3.228242 263.117401 0.248137 0.932121 0.263778 0.275000 0.110289
0 7.895001 1.000000 262.555542 0.898402 0.415401 0.142533 0.050000 0.500000
0 7.503793 -1.080952 259.941925 0.873314 -0.075428 -0.481283 0.275000 0.889711
birch_bark.bmp
0 7.503793 -1.080952 259.941925 0.873314 -0.075428 -0.481283 0.275000 0.889711
0 4.836358 -1.291539 257.814270 0.257317 -0.121438 -0.958666 0.725000 0.889711
0 2.194261 1.000000 258.513733 -0.380818 0.403857 -0.831792 0.950000 0.500000
birch_bark.bmp
0 5.159122 3.228242 263.117401 0.248137 0.932121 0.263778 0.275000 0.110289
0 7.503793 -1.080952 259.941925 0.873314 -0.075428 -0.481283 0.275000 0.889711
0 2.194261 1.000000 258.513733 -0.380818 0.403857 -0.831792 0.950000 0.500000
birch_bark.bmp
0 -33.056786 -58.154720 296.964874 -0.951656 -0.048870 0.303254 0.725000 0.110289
0 -32.913383 -58.467541 296.488159 -0.818204 -0.433089 -0.378121 0.950000 0.500000
0 -32.390327 -58.785683 296.514282 -0.154098 -0.888638 -0.431945 0.725000 0.889711
birch_bark.bmp
0 -32.390327 -58.785683 296.514282 -0.154098 -0.888638 -0.431945 0.725000 0.889711
0 -32.067635 -58.771465 296.981873 0.326458 -0.933554 0.147996 0.275000 0.889711
0 -32.191635 -58.467541 297.465790 0.200862 -0.537229 0.819170 0.050000 0.500000
birch_bark.bmp
0 -32.191635 -58.467541 297.465790 0.200862 -0.537229 0.819170 0.050000 0.500000
0 -32.714531 -58.159622 297.417938 -0.472872 -0.113690 0.873766 0.275000 0.110289
0 -33.056786 -58.154720 296.964874 -0.951656 -0.048870 0.303254 0.725000 0.110289
birch_bark.bmp
0 -32.390327 -58.785683 296.514282 -0.154098 -0.888638 -0.431945 0.725000 0.889711
0 -32.191635 -58.467541 297.465790 0.200862 -0.537229 0.819170 0.050000 0.500000
0 -33.056786 -58.154720 296.964874 -0.951656 -0.048870 0.303254 0.725000 0.110289
birch_leaves.bmp
1 -20.626877 -92.612480 283.136566 0.691593 -0.686870 0.223400 0.507500 0.007500
1 4.174102 -67.640968 283.136566 0.691593 -0.686870 0.223400 0.992500 0.007500
1 -3.048538 -60.467655 327.551392 0.691593 -0.686870 0.223400 0.992500 0.492500
birch_leaves.bmp
1 -20.626877 -92.612480 283.136566 0.691593 -0.686870 0.223400 0.507500 0.007500
1 -3.048538 -60.467655 327.551392 0.691593 -0.686870 0.223400 0.992500 0.492500
1 -27.849518 -85.439171 327.551392 0.691593 -0.686870 0.223400 0.507500 0.492500
birch_leaves.bmp
1 -27.849518 -85.439171 327.551392 -0.691593 0.686870 -0.223400 0.507500 0.492500
1 -3.048538 -60.467655 327.551392 -0.691593 0.686870 -0.223400 0.992500 0.492500
1 4.174102 -67.640968 283.136566 -0.691593 0.686870 -0.223400 0.992500 0.007500
birch_leaves.bmp
1 -27.849518 -85.439171 327.551392 -0.691593 0.686870 -0.223400 0.507500 0.492500
1 4.174102 -67.640968 283.136566 -0.691593 0.686870 -0.223400 0.992500 0.007500
1 -20.626877 -92.612480 283.136566 -0.691593 0.686870 -0.223400 0.507500 0.007500
birch_leaves.bmp
1 4.563307 -84.998383 283.237823 0.683425 0.688124 0.243755 0.007500 0.507500
1 -20.408203 -60.197399 283.237823 0.683425 0.688124 0.243755 0.492500 0.507500
1 -28.238724 -68.081757 327.450134 0.683425 0.688124 0.243755 0.492500 0.992500
birch_leaves.bmp
1 4.563307 -84.998383 283.237823 0.683425 0.688124 0.243755 0.007500 0.507500
1 -28.238724 -68.081757 327.450134 0.683425 0.688124 0.243755 0.492500 0.992500
1 -3.267212 -92.882736 327.450134 0.683425 0.688124 0.243755 0.007500 0.992500
birch_leaves.bmp
1 -3.267212 -92.882736 327.450134 -0.683425 -0.688124 -0.243755 0.007500 0.992500
1 -28.238724 -68.081757 327.450134 -0.683425 -0.688124 -0.243755 0.492500 0.992500
1 -20.408203 -60.197399 283.237823 -0.683425 -0.688124 -0.243755 0.492500 0.507500
birch_leaves.bmp
1 -3.267212 -92.882736 327.450134 -0.683425 -0.688124 -0.243755 0.007500 0.992500
1 -20.408203 -60.197399 283.237823 -0.683425 -0.688124 -0.243755 0.492500 0.507500
1 4.563307 -84.998383 283.237823 -0.683425 -0.688124 -0.243755 0.007500 0.507500
birch_leaves.bmp
1 -30.441929 -64.462799 297.792145 0.567440 0.730625 0.379736 0.507500 0.007500
1 -63.264477 -38.971146 297.792145 0.567440 0.730625 0.379736 0.992500 0.007500
1 -75.408791 -54.607925 346.025055 0.567440 0.730625 0.379736 0.992500 0.492500
birch_leaves.bmp
1 -30.441929 -64.462799 297.792145 0.567440 0.730625 0.379736 0.507500 0.007500
1 -75.408791 -54.607925 346.025055 0.567440 0.730625 0.379736 0.992500 0.492500
1 -42.586239 -80.099579 346.025055 0.567440 0.730625 0.379736 0.507500 0.492500
birch_leaves.bmp
1 -42.586239 -80.099579 346.025055 -0.567440 -0.730625 -0.379736 0.507500 0.492500
1 -75.408791 -54.607925 346.025055 -0.567440 -0.730625 -0.379736 0.992500 0.492500
1 -63.264477 -38.971146 297.792145 -0.567440 -0.730625 -0.379736 0.992500 0.007500
birch_leaves.bmp
1 -42.586239 -80.099579 346.025055 -0.567440 -0.730625 -0.379736 0.507500 0.492500
1 -63.264477 -38.971146 297.792145 -0.567440 -0.730625 -0.379736 0.992500 0.007500
1 -30.441929 -64.462799 297.792145 -0.567440 -0.730625 -0.379736 0.507500 0.007500
birch_leaves.bmp
1 -30.425945 -50.699211 298.836426 -0.696309 0.540789 -0.471913 0.507500 0.007500
1 -55.917603 -83.521767 298.836426 -0.696309 0.540789 -0.471913 0.992500 0.007500
1 -75.424774 -68.371513 344.980774 -0.696309 0.540789 -0.471913 0.992500 0.492500
birch_leaves.bmp
1 -30.425945 -50.699211 298.836426 -0.696309 0.540789 -0.471913 0.507500 0.007500
1 -75.424774 -68.371513 344.980774 -0.696309 0.540789 -0.471913 0.992500 0.492500
1 -49.933117 -35.548958 344.980774 -0.696309 0.540789 -0.471913 0.507500 0.492500
birch_leaves.bmp
1 -49.933117 -35.548958 344.980774 0.696309 -0.540789 0.471913 0.507500 0.492500
1 -75.424774 -68.371513 344.980774 0.696309 -0.540789 0.471913 0.992500 0.492500
1 -55.917603 -83.521767 298.836426 0.696309 -0.540789 0.471913 0.992500 0.007500
birch_leaves.bmp
1 -49.933117 -35.548958 344.980774 0.696309 -0.540789 0.471913 0.507500 0.492500
1 -55.917603 -83.521767 298.836426 0.696309 -0.540789 0.471913 0.992500 0.007500
1 -30.425945 -50.699211 298.836426 0.696309 -0.540789 0.471913 0.507500 0.007500
birch_leaves.bmp
1 -55.312210 -97.031883 293.642883 0.756589 -0.583097 0.295924 0.507500 0.507500
1 -30.124956 -64.350517 293.642883 0.756589 -0.583097 0.295924 0.992500 0.507500
1 -39.056854 -57.466778 330.042969 0.756589 -0.583097 0.295924 0.992500 0.992500
birch_leaves.bmp
1 -55.312210 -97.031883 293.642883 0.756589 -0.583097 0.295924 0.507500 0.507500
1 -39.056854 -57.466778 330.042969 0.756589 -0.583097 0.295924 0.992500 0.992500
1 -64.244110 -90.148140 330.042969 0.756589 -0.583097 0.295924 0.507500 0.992500
birch_leaves.bmp
1 -64.244110 -90.148140 330.042969 -0.756589 0.583097 -0.295924 0.507500 0.992500
1 -39.056854 -57.466778 330.042969 -0.756589 0.583097 -0.295924 0.992500 0.992500
1 -30.124956 -64.350517 293.642883 -0.756589 0.583097 -0.295924 0.992500 0.507500
birch_leaves.bmp
1 -64.244110 -90.148140 330.042969 -0.756589 0.583097 -0.295924 0.507500 0.992500
1 -30.124956 -64.350517 293.642883 -0.756589 0.583097 -0.295924 0.992500 0.507500
1 -55.312210 -97.031883 293.642883 -0.756589 0.583097 -0.295924 0.507500 0.507500
birch_leaves.bmp
1 -36.243423 -96.849098 294.835449 0.541570 0.702707 -0.461416 0.507500 0.007500
1 -68.924789 -71.661842 294.835449 0.541570 0.702707 -0.461416 0.992500 0.007500
1 -58.125641 -57.649559 328.850372 0.541570 0.702707 -0.461416 0.992500 0.492500
birch_leaves.bmp
1 -36.243423 -96.849098 294.835449 0.541570 0.702707 -0.461416 0.507500 0.007500
1 -58.125641 -57.649559 328.850372 0.541570 0.702707 -0.461416 0.992500 0.492500
1 -25.444271 -82.836815 328.850372 0.541570 0.702707 -0.461416 0.507500 0.492500
birch_leaves.bmp
1 -25.444271 -82.836815 328.850372 -0.541570 -0.702707 0.461416 0.507500 0.492500
1 -58.125641 -57.649559 328.850372 -0.541570 -0.702707 0.461416 0.992500 0.492500
1 -68.924789 -71.661842 294.835449 -0.541570 -0.702707 0.461416 0.992500 0.007500
birch_leaves.bmp
1 -25.444271 -82.836815 328.850372 -0.541570 -0.702707 0.461416 0.507500 0.492500
1 -68.924789 -71.661842 294.835449 -0.541570 -0.702707 0.461416 0.992500 0.007500
1 -36.243423 -96.849098 294.835449 -0.541570 -0.702707 0.461416 0.507500 0.007500
birch_leaves.bmp
1 -41.964737 -84.428444 296.222076 0.934477 0.010854 -0.355858 0.507500 0.007500
1 -42.393990 -47.472206 296.222076 0.934477 0.010854 -0.355858 0.992500 0.007500
1 -23.858536 -47.256912 344.902466 0.934477 0.010854 -0.355858 0.992500 0.492500
birch_leaves.bmp
1 -41.964737 -84.428444 296.222076 0.934477 0.010854 -0.355858 0.507500 0.007500
1 -23.858536 -47.256912 344.902466 0.934477 0.010854 -0.355858 0.992500 0.492500
1 -23.429283 -84.213158 344.902466 0.934477 0.010854 -0.355858 0.507500 0.492500
birch_leaves.bmp
1 -23.429283 -84.213158 344.902466 -0.934477 -0.010854 0.355858 0.507500 0.492500
1 -23.858536 -47.256912 344.902466 -0.934477 -0.010854 0.355858 0.992500 0.492500
1 -42.393990 -47.472206 296.222076 -0.934477 -0.010854 0.355858 0.992500 0.007500
birch_leaves.bmp
1 -23.429283 -84.213158 344.902466 -0.934477 -0.010854 0.355858 0.507500 0.492500
1 -42.393990 -47.472206 296.222076 -0.934477 -0.010854 0.355858 0.992500 0.007500
1 -41.964737 -84.428444 296.222076 -0.934477 -0.010854 0.355858 0.507500 0.007500
birch_leaves.bmp
1 -14.391599 -69.236732 294.904541 -0.011501 0.990185 -0.139285 0.507500 0.007500
1 -51.347843 -69.665993 294.904541 -0.011501 0.990185 -0.139285 0.992500 0.007500
1 -51.431675 -62.448635 346.220001 -0.011501 0.990185 -0.139285 0.992500 0.492500
birch_leaves.bmp
1 -14.391599 -69.236732 294.904541 -0.011501 0.990185 -0.139285 0.507500 0.007500
1 -51.431675 -62.448635 346.220001 -0.011501 0.990185 -0.139285 0.992500 0.492500
1 -14.475429 -62.019375 346.220001 -0.011501 0.990185 -0.139285 0.507500 0.492500
birch_leaves.bmp
1 -14.475429 -62.019375 346.220001 0.011501 -0.990185 0.139285 0.507500 0.492500
1 -51.431675 -62.448635 346.220001 0.011501 -0.990185 0.139285 0.992500 0.492500
1 -51.347843 -69.665993 294.904541 0.011501 -0.990185 0.139285 0.992500 0.007500
birch_leaves.bmp
1 -14.475429 -62.019375 346.220001 0.011501 -0.990185 0.139285 0.507500 0.492500
1 -51.347843 -69.665993 294.904541 0.011501 -0.990185 0.139285 0.992500 0.007500
1 -14.391599 -69.236732 294.904541 0.011501 -0.990185 0.139285 0.507500 0.007500
birch_leaves.bmp
1 -20.198372 -70.084343 272.339172 0.935118 0.166043 0.313023 0.507500 0.507500
1 -28.173756 -25.168737 272.339172 0.935118 0.166043 0.313023 0.992500 0.507500
1 -39.770840 -27.227961 308.076385 0.935118 0.166043 0.313023 0.992500 0.992500
birch_leaves.bmp
1 -20.198372 -70.084343 272.339172 0.935118 0.166043 0.313023 0.507500 0.507500
1 -39.770840 -27.227961 308.076385 0.935118 0.166043 0.313023 0.992500 0.992500
1 -31.795456 -72.143562 308.076385 0.935118 0.166043 0.313023 0.507500 0.992500
birch_leaves.bmp
1 -31.795456 -72.143562 308.076385 -0.935118 -0.166043 -0.313023 0.507500 0.992500
1 -39.770840 -27.227961 308.076385 -0.935118 -0.166043 -0.313023 0.992500 0.992500
1 -28.173756 -25.168737 272.339172 -0.935118 -0.166043 -0.313023 0.992500 0.507500
birch_leaves.bmp
1 -31.795456 -72.143562 308.076385 -0.935118 -0.166043 -0.313023 0.507500 0.992500
1 -28.173756 -25.168737 272.339172 -0.935118 -0.166043 -0.313023 0.992500 0.507500
1 -20.198372 -70.084343 272.339172 -0.935118 -0.166043 -0.313023 0.507500 0.507500
birch_leaves.bmp
1 -6.291705 -51.624264 272.728516 -0.162091 0.912858 -0.374722 0.507500 0.007500
1 -51.207306 -59.599651 272.728516 -0.162091 0.912858 -0.374722 0.992500 0.007500
1 -53.677505 -45.688038 307.687042 -0.162091 0.912858 -0.374722 0.992500 0.492500
birch_leaves.bmp
1 -6.291705 -51.624264 272.728516 -0.162091 0.912858 -0.374722 0.507500 0.007500
1 -53.677505 -45.688038 307.687042 -0.162091 0.912858 -0.374722 0.992500 0.492500
1 -8.761903 -37.712650 307.687042 -0.162091 0.912858 -0.374722 0.507500 0.492500
birch_leaves.bmp
1 -8.761903 -37.712650 307.687042 0.162091 -0.912858 0.374722 0.507500 0.492500
1 -53.677505 -45.688038 307.687042 0.162091 -0.912858 0.374722 0.992500 0.492500
1 -51.207306 -59.599651 272.728516 0.162091 -0.912858 0.374722 0.992500 0.007500
birch_leaves.bmp
1 -8.761903 -37.712650 307.687042 0.162091 -0.912858 0.374722 0.507500 0.492500
1 -51.207306 -59.599651 272.728516 0.162091 -0.912858 0.374722 0.992500 0.007500
1 -6.291705 -51.624264 272.728516 0.162091 -0.912858 0.374722 0.507500 0.007500
birch_leaves.bmp
1 -30.886570 -97.399101 266.613403 0.844154 -0.345005 0.410337 0.007500 0.007500
1 -16.533794 -62.280910 266.613403 0.844154 -0.345005 0.410337 0.492500 0.007500
1 -35.556599 -54.506306 312.284302 0.844154 -0.345005 0.410337 0.492500 0.492500
birch_leaves.bmp
1 -30.886570 -97.399101 266.613403 0.844154 -0.345005 0.410337 0.007500 0.007500
1 -35.556599 -54.506306 312.284302 0.844154 -0.345005 0.410337 0.492500 0.492500
1 -49.909374 -89.624504 312.284302 0.844154 -0.345005 0.410337 0.007500 0.492500
birch_leaves.bmp
1 -49.909374 -89.624504 312.284302 -0.844154 0.345005 -0.410337 0.007500 0.492500
1 -35.556599 -54.506306 312.284302 -0.844154 0.345005 -0.410337 0.492500 0.492500
1 -16.533794 -62.280910 266.613403 -0.844154 0.345005 -0.410337 0.492500 0.007500
birch_leaves.bmp
1 -49.909374 -89.624504 312.284302 -0.844154 0.345005 -0.410337 0.007500 0.492500
1 -16.533794 -62.280910 266.613403 -0.844154 0.345005 -0.410337 0.492500 0.007500
1 -30.886570 -97.399101 266.613403 -0.844154 0.345005 -0.410337 0.007500 0.007500
birch_leaves.bmp
1 -11.554474 -73.077660 266.858734 0.340976 0.834296 0.433226 0.007500 0.507500
1 -46.672668 -58.724876 266.858734 0.340976 0.834296 0.433226 0.492500 0.507500
1 -54.888695 -78.827751 312.038940 0.340976 0.834296 0.433226 0.492500 0.992500
birch_leaves.bmp
1 -11.554474 -73.077660 266.858734 0.340976 0.834296 0.433226 0.007500 0.507500
1 -54.888695 -78.827751 312.038940 0.340976 0.834296 0.433226 0.492500 0.992500
1 -19.770500 -93.180534 312.038940 0.340976 0.834296 0.433226 0.007500 0.992500
birch_leaves.bmp
1 -19.770500 -93.180534 312.038940 -0.340976 -0.834296 -0.433226 0.007500 0.992500
1 -54.888695 -78.827751 312.038940 -0.340976 -0.834296 -0.433226 0.492500 0.992500
1 -46.672668 -58.724876 266.858734 -0.340976 -0.834296 -0.433226 0.492500 0.507500
birch_leaves.bmp
1 -19.770500 -93.180534 312.038940 -0.340976 -0.834296 -0.433226 0.007500 0.992500
1 -46.672668 -58.724876 266.858734 -0.340976 -0.834296 -0.433226 0.492500 0.507500
1 -11.554474 -73.077660 266.858734 -0.340976 -0.834296 -0.433226 0.007500 0.507500
birch_leaves.bmp
1 -38.122166 -28.538797 284.102753 -0.968470 -0.247252 -0.030549 0.007500 0.007500
1 -28.547434 -66.042427 284.102753 -0.968470 -0.247252 -0.030549 0.492500 0.007500
1 -29.891558 -66.385582 329.491699 -0.968470 -0.247252 -0.030549 0.492500 0.492500
birch_leaves.bmp
1 -38.122166 -28.538797 284.102753 -0.968470 -0.247252 -0.030549 0.007500 0.007500
1 -29.891558 -66.385582 329.491699 -0.968470 -0.247252 -0.030549 0.492500 0.492500
1 -39.466290 -28.881952 329.491699 -0.968470 -0.247252 -0.030549 0.007500 0.492500
birch_leaves.bmp
1 -39.466290 -28.881952 329.491699 0.968470 0.247252 0.030549 0.007500 0.492500
1 -29.891558 -66.385582 329.491699 0.968470 0.247252 0.030549 0.492500 0.492500
1 -28.547434 -66.042427 284.102753 0.968470 0.247252 0.030549 0.492500 0.007500
birch_leaves.bmp
1 -39.466290 -28.881952 329.491699 0.968470 0.247252 0.030549 0.007500 0.492500
1 -28.547434 -66.042427 284.102753 0.968470 0.247252 0.030549 0.492500 0.007500
1 -38.122166 -28.538797 284.102753 0.968470 0.247252 0.030549 0.007500 0.007500
birch_leaves.bmp
1 -50.656605 -60.483234 285.579285 0.229635 -0.899466 0.371791 0.507500 0.507500
1 -13.152977 -50.908504 285.579285 0.229635 -0.899466 0.371791 0.992500 0.507500
1 -17.357121 -34.441143 328.015137 0.229635 -0.899466 0.371791 0.992500 0.992500
birch_leaves.bmp
1 -50.656605 -60.483234 285.579285 0.229635 -0.899466 0.371791 0.507500 0.507500
1 -17.357121 -34.441143 328.015137 0.229635 -0.899466 0.371791 0.992500 0.992500
1 -54.860744 -44.015873 328.015137 0.229635 -0.899466 0.371791 0.507500 0.992500
birch_leaves.bmp
1 -54.860744 -44.015873 328.015137 -0.229635 0.899466 -0.371791 0.507500 0.992500
1 -17.357121 -34.441143 328.015137 -0.229635 0.899466 -0.371791 0.992500 0.992500
1 -13.152977 -50.908504 285.579285 -0.229635 0.899466 -0.371791 0.992500 0.507500
birch_leaves.bmp
1 -54.860744 -44.015873 328.015137 -0.229635 0.899466 -0.371791 0.507500 0.992500
1 -13.152977 -50.908504 285.579285 -0.229635 0.899466 -0.371791 0.992500 0.507500
1 -50.656605 -60.483234 285.579285 -0.229635 0.899466 -0.371791 0.507500 0.507500
birch_leaves.bmp
1 -39.983006 -52.164356 261.058014 -0.614373 -0.756970 -0.222581 0.507500 0.007500
1 -6.153989 -79.620728 261.058014 -0.614373 -0.756970 -0.222581 0.992500 0.007500
1 -13.669734 -88.880890 313.295837 -0.614373 -0.756970 -0.222581 0.992500 0.492500
birch_leaves.bmp
1 -39.983006 -52.164356 261.058014 -0.614373 -0.756970 -0.222581 0.507500 0.007500
1 -13.669734 -88.880890 313.295837 -0.614373 -0.756970 -0.222581 0.992500 0.492500
1 -47.498753 -61.424511 313.295837 -0.614373 -0.756970 -0.222581 0.507500 0.492500
birch_leaves.bmp
1 -47.498753 -61.424511 313.295837 0.614373 0.756970 0.222581 0.507500 0.492500
1 -13.669734 -88.880890 313.295837 0.614373 0.756970 0.222581 0.992500 0.492500
1 -6.153989 -79.620728 261.058014 0.614373 0.756970 0.222581 0.992500 0.007500
birch_leaves.bmp
1 -47.498753 -61.424511 313.295837 0.614373 0.756970 0.222581 0.507500 0.492500
1 -6.153989 -79.620728 261.058014 0.614373 0.756970 0.222581 0.992500 0.007500
1 -39.983006 -52.164356 261.058014 0.614373 0.756970 0.222581 0.507500 0.007500
birch_leaves.bmp
1 -30.859520 -95.305840 263.230896 0.688471 -0.558778 0.462357 0.007500 0.007500
1 -3.403148 -61.476814 263.230896 0.688471 -0.558778 0.462357 0.492500 0.007500
1 -22.793221 -45.739410 311.122955 0.688471 -0.558778 0.462357 0.492500 0.492500
birch_leaves.bmp
1 -30.859520 -95.305840 263.230896 0.688471 -0.558778 0.462357 0.007500 0.007500
1 -22.793221 -45.739410 311.122955 0.688471 -0.558778 0.462357 0.492500 0.492500
1 -50.249596 -79.568428 311.122955 0.688471 -0.558778 0.462357 0.007500 0.492500
birch_leaves.bmp
1 -50.249596 -79.568428 311.122955 -0.688471 0.558778 -0.462357 0.007500 0.492500
1 -22.793221 -45.739410 311.122955 -0.688471 0.558778 -0.462357 0.492500 0.492500
1 -3.403148 -61.476814 263.230896 -0.688471 0.558778 -0.462357 0.492500 0.007500
birch_leaves.bmp
1 -50.249596 -79.568428 311.122955 -0.688471 0.558778 -0.462357 0.007500 0.492500
1 -3.403148 -61.476814 263.230896 -0.688471 0.558778 -0.462357 0.492500 0.007500
1 -30.859520 -95.305840 263.230896 -0.688471 0.558778 -0.462357 0.007500 0.007500
birch_leaves.bmp
1 -24.626333 -54.892422 299.995392 -0.887034 0.056005 -0.458295 0.507500 0.007500
1 -27.197622 -95.617699 299.995392 -0.887034 0.056005 -0.458295 0.992500 0.007500
1 -44.482056 -94.526405 333.582947 -0.887034 0.056005 -0.458295 0.992500 0.492500
birch_leaves.bmp
1 -24.626333 -54.892422 299.995392 -0.887034 0.056005 -0.458295 0.507500 0.007500
1 -44.482056 -94.526405 333.582947 -0.887034 0.056005 -0.458295 0.992500 0.492500
1 -41.910767 -53.801128 333.582947 -0.887034 0.056005 -0.458295 0.507500 0.492500
birch_leaves.bmp
1 -41.910767 -53.801128 333.582947 0.887034 -0.056005 0.458295 0.507500 0.492500
1 -44.482056 -94.526405 333.582947 0.887034 -0.056005 0.458295 0.992500 0.492500
1 -27.197622 -95.617699 299.995392 0.887034 -0.056005 0.458295 0.992500 0.007500
birch_leaves.bmp
1 -41.910767 -53.801128 333.582947 0.887034 -0.056005 0.458295 0.507500 0.492500
1 -27.197622 -95.617699 299.995392 0.887034 -0.056005 0.458295 0.992500 0.007500
1 -24.626333 -54.892422 299.995392 0.887034 -0.056005 0.458295 0.507500 0.007500
birch_leaves.bmp
1 -54.643234 -69.090393 298.547211 -0.061299 -0.970889 -0.231554 0.007500 0.507500
1 -13.917960 -71.661682 298.547211 -0.061299 -0.970889 -0.231554 0.492500 0.507500
1 -14.465158 -80.328430 335.031128 -0.061299 -0.970889 -0.231554 0.492500 0.992500
birch_leaves.bmp
1 -54.643234 -69.090393 298.547211 -0.061299 -0.970889 -0.231554 0.007500 0.507500
1 -14.465158 -80.328430 335.031128 -0.061299 -0.970889 -0.231554 0.492500 0.992500
1 -55.190430 -77.757141 335.031128 -0.061299 -0.970889 -0.231554 0.007500 0.992500
birch_leaves.bmp
1 -55.190430 -77.757141 335.031128 0.061299 0.970889 0.231554 0.007500 0.992500
1 -14.465158 -80.328430 335.031128 0.061299 0.970889 0.231554 0.492500 0.992500
1 -13.917960 -71.661682 298.547211 0.061299 0.970889 0.231554 0.492500 0.507500
birch_leaves.bmp
1 -55.190430 -77.757141 335.031128 0.061299 0.970889 0.231554 0.007500 0.992500
1 -13.917960 -71.661682 298.547211 0.061299 0.970889 0.231554 0.492500 0.507500
1 -54.643234 -69.090393 298.547211 0.061299 0.970889 0.231554 0.007500 0.507500
birch_bark.bmp
0 2.758989 1.000000 274.467926 -0.969080 -0.081778 0.232802 0.000000 0.000000
0 4.239165 -2.110904 273.563782 -0.597667 -0.801743 0.001452 0.166667 0.000000
0 36.268391 6.229160 297.900146 -0.097948 -0.831926 0.546173 0.166667 0.347173
birch_bark.bmp
0 2.758989 1.000000 274.467926 -0.969080 -0.081778 0.232802 0.000000 0.000000
0 36.268391 6.229160 297.900146 -0.097948 -0.831926 0.546173 0.166667 0.347173
0 35.444458 7.972081 298.548523 -0.489590 0.034991 0.871250 0.000000 0.347173
birch_bark.bmp
0 4.239165 -2.110904 273.563782 -0.597667 -0.801743 0.001452 0.166667 0.000000
0 6.427618 -1.825019 270.995636 -0.109512 -0.772107 -0.625986 0.333333 0.000000
0 37.314426 6.359000 296.312012 0.409498 -0.864688 -0.290906 0.333333 0.347173
birch_bark.bmp
0 4.239165 -2.110904 273.563782 -0.597667 -0.801743 0.001452 0.166667 0.000000
0 37.314426 6.359000 296.312012 0.409498 -0.864688 -0.290906 0.333333 0.347173
0 36.268391 6.229160 297.900146 -0.097948 -0.831926 0.546173 0.166667 0.347173
birch_bark.bmp
0 6.427618 -1.825019 270.995636 -0.109512 -0.772107 -0.625986 0.333333 0.000000
0 7.312307 1.000000 269.274536 0.070254 -0.111415 -0.991288 0.500000 0.000000
0 37.682545 7.972081 295.241272 0.550220 -0.027508 -0.834567 0.500000 0.347173
birch_bark.bmp
0 6.427618 -1.825019 270.995636 -0.109512 -0.772107 -0.625986 0.333333 0.000000
0 37.682545 7.972081 295.241272 0.550220 -0.027508 -0.834567 0.500000 0.347173
0 37.314426 6.359000 296.312012 0.409498 -0.864688 -0.290906 0.333333 0.347173
birch_bark.bmp
0 7.312307 1.000000 269.274536 0.070254 -0.111415 -0.991288 0.500000 0.000000
0 5.739819 4.024975 270.305603 -0.293562 0.603211 -0.741591 0.666667 0.000000
0 36.822075 9.658647 295.962067 0.123318 0.882484 -0.453889 0.666667 0.347173
birch_bark.bmp
0 7.312307 1.000000 269.274536 0.070254 -0.111415 -0.991288 0.500000 0.000000
0 36.822075 9.658647 295.962067 0.123318 0.882484 -0.453889 0.666667 0.347173
0 37.682545 7.972081 295.241272 0.550220 -0.027508 -0.834567 0.500000 0.347173
birch_bark.bmp
0 5.739819 4.024975 270.305603 -0.293562 0.603211 -0.741591 0.666667 0.000000
0 3.562562 3.844453 272.834442 -0.804321 0.576213 -0.145076 0.833333 0.000000
0 35.770004 9.617080 297.530273 -0.372371 0.844573 0.384754 0.833333 0.347173
birch_bark.bmp
0 5.739819 4.024975 270.305603 -0.293562 0.603211 -0.741591 0.666667 0.000000
0 35.770004 9.617080 297.530273 -0.372371 0.844573 0.384754 0.833333 0.347173
0 36.822075 9.658647 295.962067 0.123318 0.882484 -0.453889 0.666667 0.347173
birch_bark.bmp
0 3.562562 3.844453 272.834442 -0.804321 0.576213 -0.145076 0.833333 0.000000
0 2.758989 1.000000 274.467926 -0.969080 -0.081778 0.232802 1.000000 0.000000
0 35.444458 7.972081 298.548523 -0.489590 0.034991 0.871250 1.000000 0.347173
birch_bark.bmp
0 3.562562 3.844453 272.834442 -0.804321 0.576213 -0.145076 0.833333 0.000000
0 35.444458 7.972081 298.548523 -0.489590 0.034991 0.871250 1.000000 0.347173
0 35.770004 9.617080 297.530273 -0.372371 0.844573 0.384754 0.833333 0.347173
birch_bark.bmp
0 35.444458 7.972081 298.548523 -0.489590 0.034991 0.871250 0.000000 0.347173
0 36.268391 6.229160 297.900146 -0.097948 -0.831926 0.546173 0.166667 0.347173
0 68.069046 14.433599 310.810333 0.520020 -0.536192 0.664889 0.166667 0.641619
birch_bark.bmp
0 35.444458 7.972081 298.548523 -0.489590 0.034991 0.871250 0.000000 0.347173
0 68.069046 14.433599 310.810333 0.520020 -0.536192 0.664889 0.166667 0.641619
0 67.842110 14.944162 311.049713 0.221118 0.150724 0.963529 0.000000 0.641619
birch_bark.bmp
0 36.268391 6.229160 297.900146 -0.097948 -0.831926 0.546173 0.166667 0.347173
0 37.314426 6.359000 296.312012 0.409498 -0.864688 -0.290906 0.333333 0.347173
0 68.307556 14.456414 310.299408 0.837514 -0.545866 -0.024513 0.333333 0.641619
birch_bark.bmp
0 36.268391 6.229160 297.900146 -0.097948 -0.831926 0.546173 0.166667 0.347173
0 68.307556 14.456414 310.299408 0.837514 -0.545866 -0.024513 0.333333 0.641619
0 68.069046 14.433599 310.810333 0.520020 -0.536192 0.664889 0.166667 0.641619
birch_bark.bmp
0 37.314426 6.359000 296.312012 0.409498 -0.864688 -0.290906 0.333333 0.347173
0 37.682545 7.972081 295.241272 0.550220 -0.027508 -0.834567 0.500000 0.347173
0 68.360703 14.944162 309.961823 0.879793 0.094154 -0.465940 0.500000 0.641619
birch_bark.bmp
0 37.314426 6.359000 296.312012 0.409498 -0.864688 -0.290906 0.333333 0.347173
0 68.360703 14.944162 309.961823 0.879793 0.094154 -0.465940 0.500000 0.641619
0 68.307556 14.456414 310.299408 0.837514 -0.545866 -0.024513 0.333333 0.641619
birch_bark.bmp
0 37.682545 7.972081 295.241272 0.550220 -0.027508 -0.834567 0.500000 0.347173
0 36.822075 9.658647 295.962067 0.123318 0.882484 -0.453889 0.666667 0.347173
0 68.129105 15.438319 310.218597 0.604413 0.783196 -0.145905 0.666667 0.641619
birch_bark.bmp
0 37.682545 7.972081 295.241272 0.550220 -0.027508 -0.834567 0.500000 0.347173
0 68.129105 15.438319 310.218597 0.604413 0.783196 -0.145905 0.666667 0.641619
0 68.360703 14.944162 309.961823 0.879793 0.094154 -0.465940 0.500000 0.641619
birch_bark.bmp
0 36.822075 9.658647 295.962067 0.123318 0.882484 -0.453889 0.666667 0.347173
0 35.770004 9.617080 297.530273 -0.372371 0.844573 0.384754 0.833333 0.347173
0 67.885483 15.446186 310.725983 0.276406 0.795889 0.538666 0.833333 0.641619
birch_bark.bmp
0 36.822075 9.658647 295.962067 0.123318 0.882484 -0.453889 0.666667 0.347173
0 67.885483 15.446186 310.725983 0.276406 0.795889 0.538666 0.833333 0.641619
0 68.129105 15.438319 310.218597 0.604413 0.783196 -0.145905 0.666667 0.641619
birch_bark.bmp
0 35.770004 9.617080 297.530273 -0.372371 0.844573 0.384754 0.833333 0.347173
0 35.444458 7.972081 298.548523 -0.489590 0.034991 0.871250 1.000000 0.347173
0 67.842110 14.944162 311.049713 0.221118 0.150724 0.963529 1.000000 0.641619
birch_bark.bmp
0 35.770004 9.617080 297.530273 -0.372371 0.844573 0.384754 0.833333 0.347173
0 67.842110 14.944162 311.049713 0.221118 0.150724 0.963529 1.000000 0.641619
0 67.885483 15.446186 310.725983 0.276406 0.795889 0.538666 0.833333 0.641619
birch_bark.bmp
0 2.758989 1.000000 274.467926 -0.969080 -0.081778 0.232802 0.950000 0.500000
0 3.562562 3.844453 272.834442 -0.804321 0.576213 -0.145076 0.725000 0.110289
0 5.739819 4.024975 270.305603 -0.293562 0.603211 -0.741591 0.275000 0.110289
birch_bark.bmp
0 5.739819 4.024975 270.305603 -0.293562 0.603211 -0.741591 0.275000 0.110289
0 7.312307 1.000000 269.274536 0.070254 -0.111415 -0.991288 0.050000 0.500000
0 6.427618 -1.825019 270.995636 -0.109512 -0.772107 -0.625986 0.275000 0.889711
birch_bark.bmp
0 6.427618 -1.825019 270.995636 -0.109512 -0.772107 -0.625986 0.275000 0.889711
0 4.239165 -2.110904 273.563782 -0.597667 -0.801743 0.001452 0.725000 0.889711
0 2.758989 1.000000 274.467926 -0.969080 -0.081778 0.232802 0.950000 0.500000
birch_bark.bmp
0 5.739819 4.024975 270.305603 -0.293562 0.603211 -0.741591 0.275000 0.110289
0 6.427618 -1.825019 270.995636 -0.109512 -0.772107 -0.625986 0.275000 0.889711
0 2.758989 1.000000 274.467926 -0.969080 -0.081778 0.232802 0.950000 0.500000
birch_bark.bmp
0 67.885483 15.446186 310.725983 0.276406 0.795889 0.538666 0.725000 0.110289
0 67.842110 14.944162 311.049713 0.221118 0.150724 0.963529 0.950000 0.500000
0 68.069046 14.433599 310.810333 0.520020 -0.536192 0.664889 0.725000 0.889711
birch_bark.bmp
0 68.069046 14.433599 310.810333 0.520020 -0.536192 0.664889 0.725000 0.889711
0 68.307556 14.456414 310.299408 0.837514 -0.545866 -0.024513 0.275000 0.889711
0 68.360703 14.944162 309.961823 0.879793 0.094154 -0.465940 0.050000 0.500000
birch_bark.bmp
0 68.360703 14.944162 309.961823 0.879793 0.094154 -0.465940 0.050000 0.500000
0 68.129105 15.438319 310.218597 0.604413 0.783196 -0.145905 0.275000 0.110289
0 67.885483 15.446186 310.725983 0.276406 0.795889 0.538666 0.725000 0.110289
birch_bark.bmp
0 68.069046 14.433599 310.810333 0.520020 -0.536192 0.664889 0.725000 0.889711
0 68.360703 14.944162 309.961823 0.879793 0.094154 -0.465940 0.050000 0.500000
0 67.885483 15.446186 310.725983 0.276406 0.795889 0.538666 0.725000 0.110289
birch_leaves.bmp
1 83.512573 13.797804 288.100037 -0.767999 0.614672 -0.179878 0.007500 0.507500
1 55.145187 -21.645720 288.100037 -0.767999 0.614672 -0.179878 0.492500 0.507500
1 49.331429 -16.992651 328.822418 -0.767999 0.614672 -0.179878 0.492500 0.992500
birch_leaves.bmp
1 83.512573 13.797804 288.100037 -0.767999 0.614672 -0.179878 0.007500 0.507500
1 49.331429 -16.992651 328.822418 -0.767999 0.614672 -0.179878 0.492500 0.992500
1 77.698822 18.450872 328.822418 -0.767999 0.614672 -0.179878 0.007500 0.992500
birch_leaves.bmp
1 77.698822 18.450872 328.822418 0.767999 -0.614672 0.179878 0.007500 0.992500
1 49.331429 -16.992651 328.822418 0.767999 -0.614672 0.179878 0.492500 0.992500
1 55.145187 -21.645720 288.100037 0.767999 -0.614672 0.179878 0.492500 0.507500
birch_leaves.bmp
1 77.698822 18.450872 328.822418 0.767999 -0.614672 0.179878 0.007500 0.992500
1 55.145187 -21.645720 288.100037 0.767999 -0.614672 0.179878 0.492500 0.507500
1 83.512573 13.797804 288.100037 0.767999 -0.614672 0.179878 0.007500 0.507500
birch_leaves.bmp
1 43.987484 6.697938 289.078400 -0.582332 -0.727593 0.362626 0.507500 0.507500
1 79.431007 -21.669456 289.078400 -0.582332 -0.727593 0.362626 0.992500 0.507500
1 88.856529 -9.892785 327.844025 -0.582332 -0.727593 0.362626 0.992500 0.992500
birch_leaves.bmp
1 43.987484 6.697938 289.078400 -0.582332 -0.727593 0.362626 0.507500 0.507500
1 88.856529 -9.892785 327.844025 -0.582332 -0.727593 0.362626 0.992500 0.992500
1 53.412998 18.474609 327.844025 -0.582332 -0.727593 0.362626 0.507500 0.992500
birch_leaves.bmp
1 53.412998 18.474609 327.844025 0.582332 0.727593 -0.362626 0.507500 0.992500
1 88.856529 -9.892785 327.844025 0.582332 0.727593 -0.362626 0.992500 0.992500
1 79.431007 -21.669456 289.078400 0.582332 0.727593 -0.362626 0.992500 0.507500
birch_leaves.bmp
1 53.412998 18.474609 327.844025 0.582332 0.727593 -0.362626 0.507500 0.992500
1 79.431007 -21.669456 289.078400 0.582332 0.727593 -0.362626 0.992500 0.507500
1 43.987484 6.697938 289.078400 0.582332 0.727593 -0.362626 0.507500 0.507500
birch_leaves.bmp
1 63.325596 25.390984 303.554871 -0.984982 0.127743 -0.116155 0.507500 0.507500
1 58.926594 -8.528214 303.554871 -0.984982 0.127743 -0.116155 0.992500 0.507500
1 52.842754 -7.739197 356.012848 -0.984982 0.127743 -0.116155 0.992500 0.992500
birch_leaves.bmp
1 63.325596 25.390984 303.554871 -0.984982 0.127743 -0.116155 0.507500 0.507500
1 52.842754 -7.739197 356.012848 -0.984982 0.127743 -0.116155 0.992500 0.992500
1 57.241756 26.180000 356.012848 -0.984982 0.127743 -0.116155 0.507500 0.992500
birch_leaves.bmp
1 57.241756 26.180000 356.012848 0.984982 -0.127743 0.116155 0.507500 0.992500
1 52.842754 -7.739197 356.012848 0.984982 -0.127743 0.116155 0.992500 0.992500
1 58.926594 -8.528214 303.554871 0.984982 -0.127743 0.116155 0.992500 0.507500
birch_leaves.bmp
1 57.241756 26.180000 356.012848 0.984982 -0.127743 0.116155 0.507500 0.992500
1 58.926594 -8.528214 303.554871 0.984982 -0.127743 0.116155 0.992500 0.507500
1 63.325596 25.390984 303.554871 0.984982 -0.127743 0.116155 0.507500 0.507500
birch_leaves.bmp
1 40.134663 3.392508 304.428070 -0.123068 -0.948939 0.290465 0.007500 0.507500
1 74.053864 -1.006493 304.428070 -0.123068 -0.948939 0.290465 0.492500 0.507500
1 76.033691 14.259279 355.139648 -0.123068 -0.948939 0.290465 0.492500 0.992500
birch_leaves.bmp
1 40.134663 3.392508 304.428070 -0.123068 -0.948939 0.290465 0.007500 0.507500
1 76.033691 14.259279 355.139648 -0.123068 -0.948939 0.290465 0.492500 0.992500
1 42.114491 18.658279 355.139648 -0.123068 -0.948939 0.290465 0.007500 0.992500
birch_leaves.bmp
1 42.114491 18.658279 355.139648 0.123068 0.948939 -0.290465 0.007500 0.992500
1 76.033691 14.259279 355.139648 0.123068 0.948939 -0.290465 0.492500 0.992500
1 74.053864 -1.006493 304.428070 0.123068 0.948939 -0.290465 0.492500 0.507500
birch_leaves.bmp
1 42.114491 18.658279 355.139648 0.123068 0.948939 -0.290465 0.007500 0.992500
1 74.053864 -1.006493 304.428070 0.123068 0.948939 -0.290465 0.492500 0.507500
1 40.134663 3.392508 304.428070 0.123068 0.948939 -0.290465 0.007500 0.507500
birch_leaves.bmp
1 62.994865 4.091317 307.517731 0.687146 -0.655813 0.312633 0.507500 0.007500
1 93.878761 36.450768 307.517731 0.687146 -0.655813 0.312633 0.992500 0.007500
1 82.160240 47.634933 356.735443 0.687146 -0.655813 0.312633 0.992500 0.492500
birch_leaves.bmp
1 62.994865 4.091317 307.517731 0.687146 -0.655813 0.312633 0.507500 0.007500
1 82.160240 47.634933 356.735443 0.687146 -0.655813 0.312633 0.992500 0.492500
1 51.276344 15.275482 356.735443 0.687146 -0.655813 0.312633 0.507500 0.492500
birch_leaves.bmp
1 51.276344 15.275482 356.735443 -0.687146 0.655813 -0.312633 0.507500 0.492500
1 82.160240 47.634933 356.735443 -0.687146 0.655813 -0.312633 0.992500 0.492500
1 93.878761 36.450768 307.517731 -0.687146 0.655813 -0.312633 0.992500 0.007500
birch_leaves.bmp
1 51.276344 15.275482 356.735443 -0.687146 0.655813 -0.312633 0.507500 0.492500
1 93.878761 36.450768 307.517731 -0.687146 0.655813 -0.312633 0.992500 0.007500
1 62.994865 4.091317 307.517731 -0.687146 0.655813 -0.312633 0.507500 0.007500
birch_leaves.bmp
1 84.073723 5.513848 307.160614 0.666264 0.698097 -0.262208 0.507500 0.507500
1 51.714268 36.397743 307.160614 0.666264 0.698097 -0.262208 0.992500 0.507500
1 61.081387 46.212402 357.092560 0.666264 0.698097 -0.262208 0.992500 0.992500
birch_leaves.bmp
1 84.073723 5.513848 307.160614 0.666264 0.698097 -0.262208 0.507500 0.507500
1 61.081387 46.212402 357.092560 0.666264 0.698097 -0.262208 0.992500 0.992500
1 93.440834 15.328504 357.092560 0.666264 0.698097 -0.262208 0.507500 0.992500
birch_leaves.bmp
1 93.440834 15.328504 357.092560 -0.666264 -0.698097 0.262208 0.507500 0.992500
1 61.081387 46.212402 357.092560 -0.666264 -0.698097 0.262208 0.992500 0.992500
1 51.714268 36.397743 307.160614 -0.666264 -0.698097 0.262208 0.992500 0.507500
birch_leaves.bmp
1 93.440834 15.328504 357.092560 -0.666264 -0.698097 0.262208 0.507500 0.992500
1 51.714268 36.397743 307.160614 -0.666264 -0.698097 0.262208 0.992500 0.507500
1 84.073723 5.513848 307.160614 -0.666264 -0.698097 0.262208 0.507500 0.507500
birch_leaves.bmp
1 55.483780 -5.891967 291.702423 0.469531 -0.881747 0.045415 0.507500 0.507500
1 81.765823 8.103227 291.702423 0.469531 -0.881747 0.045415 0.992500 0.507500
1 80.889984 9.748002 332.691650 0.469531 -0.881747 0.045415 0.992500 0.992500
birch_leaves.bmp
1 55.483780 -5.891967 291.702423 0.469531 -0.881747 0.045415 0.507500 0.507500
1 80.889984 9.748002 332.691650 0.469531 -0.881747 0.045415 0.992500 0.992500
1 54.607933 -4.247191 332.691650 0.469531 -0.881747 0.045415 0.507500 0.992500
birch_leaves.bmp
1 54.607933 -4.247191 332.691650 -0.469531 0.881747 -0.045415 0.507500 0.992500
1 80.889984 9.748002 332.691650 -0.469531 0.881747 -0.045415 0.992500 0.992500
1 81.765823 8.103227 291.702423 -0.469531 0.881747 -0.045415 0.992500 0.507500
birch_leaves.bmp
1 54.607933 -4.247191 332.691650 -0.469531 0.881747 -0.045415 0.507500 0.992500
1 81.765823 8.103227 291.702423 -0.469531 0.881747 -0.045415 0.992500 0.507500
1 55.483780 -5.891967 291.702423 -0.469531 0.881747 -0.045415 0.507500 0.507500
birch_leaves.bmp
1 82.232651 -7.459855 293.139801 0.814082 0.433499 0.386456 0.507500 0.507500
1 68.237457 18.822193 293.139801 0.814082 0.433499 0.386456 0.992500 0.507500
1 54.141113 11.315890 331.254272 0.814082 0.433499 0.386456 0.992500 0.992500
birch_leaves.bmp
1 82.232651 -7.459855 293.139801 0.814083 0.433499 0.386456 0.507500 0.507500
1 54.141113 11.315890 331.254272 0.814083 0.433499 0.386456 0.992500 0.992500
1 68.136307 -14.966159 331.254272 0.814083 0.433499 0.386456 0.507500 0.992500
birch_leaves.bmp
1 68.136307 -14.966159 331.254272 -0.814083 -0.433499 -0.386456 0.507500 0.992500
1 54.141113 11.315890 331.254272 -0.814083 -0.433499 -0.386456 0.992500 0.992500
1 68.237457 18.822193 293.139801 -0.814083 -0.433499 -0.386456 0.992500 0.507500
birch_leaves.bmp
1 68.136307 -14.966159 331.254272 -0.814082 -0.433499 -0.386456 0.507500 0.992500
1 68.237457 18.822193 293.139801 -0.814082 -0.433499 -0.386456 0.992500 0.507500
1 82.232651 -7.459855 293.139801 -0.814082 -0.433499 -0.386456 0.507500 0.507500
birch_leaves.bmp
1 85.935677 -23.798685 308.943512 0.467107 0.786506 -0.404005 0.507500 0.007500
1 48.050148 -1.298410 308.943512 0.467107 0.786506 -0.404005 0.992500 0.007500
1 59.264793 17.584589 358.670746 0.467107 0.786506 -0.404005 0.992500 0.492500
birch_leaves.bmp
1 85.935677 -23.798685 308.943512 0.467107 0.786506 -0.404005 0.507500 0.007500
1 59.264793 17.584589 358.670746 0.467107 0.786506 -0.404005 0.992500 0.492500
1 97.150322 -4.915686 358.670746 0.467107 0.786506 -0.404005 0.507500 0.492500
birch_leaves.bmp
1 97.150322 -4.915686 358.670746 -0.467107 -0.786506 0.404005 0.507500 0.492500
1 59.264793 17.584589 358.670746 -0.467107 -0.786506 0.404005 0.992500 0.492500
1 48.050148 -1.298410 308.943512 -0.467107 -0.786506 0.404005 0.992500 0.007500
birch_leaves.bmp
1 97.150322 -4.915686 358.670746 -0.467107 -0.786506 0.404005 0.507500 0.492500
1 48.050148 -1.298410 308.943512 -0.467107 -0.786506 0.404005 0.992500 0.007500
1 85.935677 -23.798685 308.943512 -0.467107 -0.786506 0.404005 0.507500 0.007500
birch_leaves.bmp
1 92.389954 10.764048 308.547913 -0.800163 0.475218 -0.365934 0.507500 0.007500
1 69.889679 -27.121485 308.547913 -0.800163 0.475218 -0.365934 0.992500 0.007500
1 52.810516 -16.978144 359.066345 -0.800163 0.475218 -0.365934 0.992500 0.492500
birch_leaves.bmp
1 92.389954 10.764048 308.547913 -0.800163 0.475218 -0.365934 0.507500 0.007500
1 52.810516 -16.978144 359.066345 -0.800163 0.475218 -0.365934 0.992500 0.492500
1 75.310791 20.907389 359.066345 -0.800163 0.475218 -0.365934 0.507500 0.492500
birch_leaves.bmp
1 75.310791 20.907389 359.066345 0.800163 -0.475218 0.365934 0.507500 0.492500
1 52.810516 -16.978144 359.066345 0.800163 -0.475218 0.365934 0.992500 0.492500
1 69.889679 -27.121485 308.547913 0.800163 -0.475218 0.365934 0.992500 0.007500
birch_leaves.bmp
1 75.310791 20.907389 359.066345 0.800163 -0.475218 0.365934 0.507500 0.492500
1 69.889679 -27.121485 308.547913 0.800163 -0.475218 0.365934 0.992500 0.007500
1 92.389954 10.764048 308.547913 0.800163 -0.475218 0.365934 0.507500 0.007500
birch_leaves.bmp
1 41.427803 28.354120 291.476227 -0.885775 0.238103 0.398385 0.507500 0.507500
1 32.868523 -3.487566 291.476227 -0.885775 0.238103 0.398385 0.992500 0.507500
1 52.491402 -8.762342 338.258636 -0.885775 0.238103 0.398385 0.992500 0.992500
birch_leaves.bmp
1 41.427803 28.354120 291.476227 -0.885775 0.238103 0.398385 0.507500 0.507500
1 52.491402 -8.762342 338.258636 -0.885775 0.238103 0.398385 0.992500 0.992500
1 61.050682 23.079344 338.258636 -0.885775 0.238103 0.398385 0.507500 0.992500
birch_leaves.bmp
1 61.050682 23.079344 338.258636 0.885775 -0.238103 -0.398385 0.507500 0.992500
1 52.491402 -8.762342 338.258636 0.885775 -0.238103 -0.398385 0.992500 0.992500
1 32.868523 -3.487566 291.476227 0.885775 -0.238103 -0.398385 0.992500 0.507500
birch_leaves.bmp
1 61.050682 23.079344 338.258636 0.885775 -0.238103 -0.398385 0.507500 0.992500
1 32.868523 -3.487566 291.476227 0.885775 -0.238103 -0.398385 0.992500 0.507500
1 41.427803 28.354120 291.476227 0.885775 -0.238103 -0.398385 0.507500 0.507500
birch_leaves.bmp
1 31.447830 15.597327 289.604706 -0.259089 -0.963845 -0.062256 0.507500 0.507500
1 63.289516 7.038046 289.604706 -0.259089 -0.963845 -0.062256 0.992500 0.507500
1 62.471378 3.994451 340.130157 -0.259089 -0.963845 -0.062256 0.992500 0.992500
birch_leaves.bmp
1 31.447830 15.597327 289.604706 -0.259089 -0.963845 -0.062256 0.507500 0.507500
1 62.471378 3.994451 340.130157 -0.259089 -0.963845 -0.062256 0.992500 0.992500
1 30.629688 12.553731 340.130157 -0.259089 -0.963845 -0.062256 0.507500 0.992500
birch_leaves.bmp
1 30.629688 12.553731 340.130157 0.259089 0.963845 0.062256 0.507500 0.992500
1 62.471378 3.994451 340.130157 0.259089 0.963845 0.062256 0.992500 0.992500
1 63.289516 7.038046 289.604706 0.259089 0.963845 0.062256 0.992500 0.507500
birch_leaves.bmp
1 30.629688 12.553731 340.130157 0.259089 0.963845 0.062256 0.507500 0.992500
1 63.289516 7.038046 289.604706 0.259089 0.963845 0.062256 0.992500 0.507500
1 31.447830 15.597327 289.604706 0.259089 0.963845 0.062256 0.507500 0.507500
birch_leaves.bmp
1 83.395615 32.777412 294.134308 -0.851688 0.260217 -0.454879 0.507500 0.007500
1 74.078583 2.282825 294.134308 -0.851688 0.260217 -0.454879 0.992500 0.007500
1 53.913208 8.443969 335.415222 -0.851688 0.260217 -0.454879 0.992500 0.492500
birch_leaves.bmp
1 83.395615 32.777412 294.134308 -0.851688 0.260217 -0.454879 0.507500 0.007500
1 53.913208 8.443969 335.415222 -0.851688 0.260217 -0.454879 0.992500 0.492500
1 63.230240 38.938553 335.415222 -0.851688 0.260217 -0.454879 0.507500 0.492500
birch_leaves.bmp
1 63.230240 38.938553 335.415222 0.851688 -0.260217 0.454879 0.507500 0.492500
1 53.913208 8.443969 335.415222 0.851688 -0.260217 0.454879 0.992500 0.492500
1 74.078583 2.282825 294.134308 0.851688 -0.260217 0.454879 0.992500 0.007500
birch_leaves.bmp
1 63.230240 38.938553 335.415222 0.851688 -0.260217 0.454879 0.507500 0.492500
1 74.078583 2.282825 294.134308 0.851688 -0.260217 0.454879 0.992500 0.007500
1 83.395615 32.777412 294.134308 0.851688 -0.260217 0.454879 0.507500 0.007500
birch_leaves.bmp
1 50.841331 16.871399 293.401825 -0.270275 -0.884609 0.380025 0.507500 0.007500
1 81.335915 7.554363 293.401825 -0.270275 -0.884609 0.380025 0.992500 0.007500
1 86.467491 24.349979 336.147675 -0.270275 -0.884609 0.380025 0.992500 0.492500
birch_leaves.bmp
1 50.841331 16.871399 293.401825 -0.270275 -0.884609 0.380025 0.507500 0.007500
1 86.467491 24.349979 336.147675 -0.270275 -0.884609 0.380025 0.992500 0.492500
1 55.972908 33.667015 336.147675 -0.270275 -0.884609 0.380025 0.507500 0.492500
birch_leaves.bmp
1 55.972908 33.667015 336.147675 0.270275 0.884609 -0.380025 0.507500 0.492500
1 86.467491 24.349979 336.147675 0.270275 0.884609 -0.380025 0.992500 0.492500
1 81.335915 7.554363 293.401825 0.270275 0.884609 -0.380025 0.992500 0.007500
birch_leaves.bmp
1 55.972908 33.667015 336.147675 0.270275 0.884609 -0.380025 0.507500 0.492500
1 81.335915 7.554363 293.401825 0.270275 0.884609 -0.380025 0.992500 0.007500
1 50.841331 16.871399 293.401825 0.270275 0.884609 -0.380025 0.507500 0.007500
birch_leaves.bmp
1 83.106544 11.396491 312.713898 -0.115329 0.980404 0.159711 0.007500 0.507500
1 39.612385 6.280089 312.713898 -0.115329 0.980404 0.159711 0.492500 0.507500
1 40.443111 -0.781886 356.664429 -0.115329 0.980404 0.159711 0.492500 0.992500
birch_leaves.bmp
1 83.106544 11.396491 312.713898 -0.115329 0.980404 0.159711 0.007500 0.507500
1 40.443111 -0.781886 356.664429 -0.115329 0.980404 0.159711 0.492500 0.992500
1 83.937279 4.334516 356.664429 -0.115329 0.980404 0.159711 0.007500 0.992500
birch_leaves.bmp
1 83.937279 4.334516 356.664429 0.115329 -0.980404 -0.159711 0.007500 0.992500
1 40.443111 -0.781886 356.664429 0.115329 -0.980404 -0.159711 0.492500 0.992500
1 39.612385 6.280089 312.713898 0.115329 -0.980404 -0.159711 0.492500 0.507500
birch_leaves.bmp
1 83.937279 4.334516 356.664429 0.115329 -0.980404 -0.159711 0.007500 0.992500
1 39.612385 6.280089 312.713898 0.115329 -0.980404 -0.159711 0.492500 0.507500
1 83.106544 11.396491 312.713898 0.115329 -0.980404 -0.159711 0.007500 0.507500
birch_leaves.bmp
1 59.078499 27.038136 312.455841 -0.993133 -0.116826 0.006255 0.507500 0.007500
1 64.194901 -16.456028 312.455841 -0.993133 -0.116826 0.006255 0.992500 0.007500
1 64.471161 -16.423531 356.922485 -0.993133 -0.116826 0.006255 0.992500 0.492500
birch_leaves.bmp
1 59.078499 27.038136 312.455841 -0.993133 -0.116826 0.006255 0.507500 0.007500
1 64.471161 -16.423531 356.922485 -0.993133 -0.116826 0.006255 0.992500 0.492500
1 59.354759 27.070633 356.922485 -0.993133 -0.116826 0.006255 0.507500 0.492500
birch_leaves.bmp
1 59.354759 27.070633 356.922485 0.993133 0.116826 -0.006255 0.507500 0.492500
1 64.471161 -16.423531 356.922485 0.993133 0.116826 -0.006255 0.992500 0.492500
1 64.194901 -16.456028 312.455841 0.993133 0.116826 -0.006255 0.992500 0.007500
birch_leaves.bmp
1 59.354759 27.070633 356.922485 0.993133 0.116826 -0.006255 0.507500 0.492500
1 64.194901 -16.456028 312.455841 0.993133 0.116826 -0.006255 0.992500 0.007500
1 59.078499 27.038136 312.455841 0.993133 0.116826 -0.006255 0.507500 0.007500
birch_leaves.bmp
1 86.009560 3.000528 294.752319 0.814478 0.430433 -0.389041 0.007500 0.007500
1 70.774361 31.829056 294.752319 0.814478 0.430433 -0.389041 0.492500 0.007500
1 87.230598 40.525795 338.826324 0.814478 0.430433 -0.389041 0.492500 0.492500
birch_leaves.bmp
1 86.009560 3.000528 294.752319 0.814478 0.430433 -0.389041 0.007500 0.007500
1 87.230598 40.525795 338.826324 0.814478 0.430433 -0.389041 0.492500 0.492500
1 102.465797 11.697266 338.826324 0.814478 0.430433 -0.389041 0.007500 0.492500
birch_leaves.bmp
1 102.465797 11.697266 338.826324 -0.814478 -0.430433 0.389041 0.007500 0.492500
1 87.230598 40.525795 338.826324 -0.814478 -0.430433 0.389041 0.492500 0.492500
1 70.774361 31.829056 294.752319 -0.814478 -0.430433 0.389041 0.492500 0.007500
birch_leaves.bmp
1 102.465797 11.697266 338.826324 -0.814478 -0.430433 0.389041 0.007500 0.492500
1 70.774361 31.829056 294.752319 -0.814478 -0.430433 0.389041 0.492500 0.007500
1 86.009560 3.000528 294.752319 -0.814478 -0.430433 0.389041 0.007500 0.007500
birch_leaves.bmp
1 101.755554 28.016056 293.087799 -0.466254 0.882261 -0.064987 0.007500 0.007500
1 72.927032 12.780850 293.087799 -0.466254 0.882261 -0.064987 0.492500 0.007500
1 71.484604 15.510264 340.490845 -0.466254 0.882261 -0.064987 0.492500 0.492500
birch_leaves.bmp
1 101.755554 28.016056 293.087799 -0.466254 0.882261 -0.064987 0.007500 0.007500
1 71.484604 15.510264 340.490845 -0.466254 0.882261 -0.064987 0.492500 0.492500
1 100.313126 30.745472 340.490845 -0.466254 0.882261 -0.064987 0.007500 0.492500
birch_leaves.bmp
1 100.313126 30.745472 340.490845 0.466254 -0.882261 0.064987 0.007500 0.492500
1 71.484604 15.510264 340.490845 0.466254 -0.882261 0.064987 0.492500 0.492500
1 72.927032 12.780850 293.087799 0.466254 -0.882261 0.064987 0.492500 0.007500
birch_leaves.bmp
1 100.313126 30.745472 340.490845 0.466254 -0.882261 0.064987 0.007500 0.492500
1 72.927032 12.780850 293.087799 0.466254 -0.882261 0.064987 0.492500 0.007500
1 101.755554 28.016056 293.087799 0.466254 -0.882261 0.064987 0.007500 0.007500
birch_bark.bmp
0 3.251910 1.000000 280.437927 0.109876 -0.113494 -0.987444 0.000000 0.000000
0 3.398964 -2.052891 282.199036 0.132831 -0.830895 -0.540342 0.166667 0.000000
0 -29.722582 9.517967 301.166107 -0.413323 -0.860268 -0.298501 0.166667 0.337022
birch_bark.bmp
0 3.251910 1.000000 280.437927 0.109876 -0.113494 -0.987444 0.000000 0.000000
0 -29.722582 9.517967 301.166107 -0.413323 -0.860268 -0.298501 0.166667 0.337022
0 -29.656719 11.225028 300.097534 -0.378108 0.021454 -0.925513 0.000000 0.337022
birch_bark.bmp
0 3.398964 -2.052891 282.199036 0.132831 -0.830895 -0.540342 0.166667 0.000000
0 5.198647 -1.772337 285.027405 0.555391 -0.821054 0.131954 0.333333 0.000000
0 -28.958345 9.645136 302.893524 -0.054351 -0.798626 0.599368 0.333333 0.337022
birch_bark.bmp
0 3.398964 -2.052891 282.199036 0.132831 -0.830895 -0.540342 0.166667 0.000000
0 -28.958345 9.645136 302.893524 -0.054351 -0.798626 0.599368 0.333333 0.337022
0 -29.722582 9.517967 301.166107 -0.413323 -0.860268 -0.298501 0.166667 0.337022
birch_bark.bmp
0 5.198647 -1.772337 285.027405 0.555391 -0.821054 0.131954 0.333333 0.000000
0 6.803704 1.000000 286.295288 0.892757 -0.181433 0.412391 0.500000 0.000000
0 -28.122116 11.225028 303.749481 0.314359 -0.003522 0.949298 0.500000 0.337022
birch_bark.bmp
0 5.198647 -1.772337 285.027405 0.555391 -0.821054 0.131954 0.333333 0.000000
0 -28.122116 11.225028 303.749481 0.314359 -0.003522 0.949298 0.500000 0.337022
0 -28.958345 9.645136 302.893524 -0.054351 -0.798626 0.599368 0.333333 0.337022
birch_bark.bmp
0 6.803704 1.000000 286.295288 0.892757 -0.181433 0.412391 0.500000 0.000000
0 6.556812 3.968564 284.411499 0.844043 0.535131 -0.035018 0.666667 0.000000
0 -28.101704 12.876893 302.612335 0.357875 0.842759 0.402097 0.666667 0.337022
birch_bark.bmp
0 6.803704 1.000000 286.295288 0.892757 -0.181433 0.412391 0.500000 0.000000
0 -28.101704 12.876893 302.612335 0.357875 0.842759 0.402097 0.666667 0.337022
0 -28.122116 11.225028 303.749481 0.314359 -0.003522 0.949298 0.500000 0.337022
birch_bark.bmp
0 6.556812 3.968564 284.411499 0.844043 0.535131 -0.035018 0.666667 0.000000
0 4.799986 3.791408 281.602356 0.457477 0.515094 -0.724840 0.833333 0.000000
0 -28.838125 12.836182 300.889069 0.020098 0.854505 -0.519054 0.833333 0.337022
birch_bark.bmp
0 6.556812 3.968564 284.411499 0.844043 0.535131 -0.035018 0.666667 0.000000
0 -28.838125 12.836182 300.889069 0.020098 0.854505 -0.519054 0.833333 0.337022
0 -28.101704 12.876893 302.612335 0.357875 0.842759 0.402097 0.666667 0.337022
birch_bark.bmp
0 4.799986 3.791408 281.602356 0.457477 0.515094 -0.724840 0.833333 0.000000
0 3.251910 1.000000 280.437927 0.109876 -0.113494 -0.987444 1.000000 0.000000
0 -29.656719 11.225028 300.097534 -0.378108 0.021454 -0.925513 1.000000 0.337022
birch_bark.bmp
0 4.799986 3.791408 281.602356 0.457477 0.515094 -0.724840 0.833333 0.000000
0 -29.656719 11.225028 300.097534 -0.378108 0.021454 -0.925513 1.000000 0.337022
0 -28.838125 12.836182 300.889069 0.020098 0.854505 -0.519054 0.833333 0.337022
birch_bark.bmp
0 -29.656719 11.225028 300.097534 -0.378108 0.021454 -0.925513 0.000000 0.337022
0 -29.722582 9.517967 301.166107 -0.413323 -0.860268 -0.298501 0.166667 0.337022
0 -63.006546 20.950459 308.823914 -0.855974 -0.490272 -0.164139 0.166667 0.638705
birch_bark.bmp
0 -29.656719 11.225028 300.097534 -0.378108 0.021454 -0.925513 0.000000 0.337022
0 -63.006546 20.950459 308.823914 -0.855974 -0.490272 -0.164139 0.166667 0.638705
0 -62.933113 21.450056 308.493805 -0.752658 0.166738 -0.636950 0.000000 0.638705
birch_bark.bmp
0 -29.722582 9.517967 301.166107 -0.413323 -0.860268 -0.298501 0.166667 0.337022
0 -28.958345 9.645136 302.893524 -0.054351 -0.798626 0.599368 0.333333 0.337022
0 -62.872429 20.972784 309.368195 -0.678930 -0.451760 0.578764 0.333333 0.638705
birch_bark.bmp
0 -29.722582 9.517967 301.166107 -0.413323 -0.860268 -0.298501 0.166667 0.337022
0 -62.872429 20.972784 309.368195 -0.678930 -0.451760 0.578764 0.333333 0.638705
0 -63.006546 20.950459 308.823914 -0.855974 -0.490272 -0.164139 0.166667 0.638705
birch_bark.bmp
0 -28.958345 9.645136 302.893524 -0.054351 -0.798626 0.599368 0.333333 0.337022
0 -28.122116 11.225028 303.749481 0.314359 -0.003522 0.949298 0.500000 0.337022
0 -62.660244 21.450056 309.659668 -0.398763 0.184220 0.898360 0.500000 0.638705
birch_bark.bmp
0 -28.958345 9.645136 302.893524 -0.054351 -0.798626 0.599368 0.333333 0.337022
0 -62.660244 21.450056 309.659668 -0.398763 0.184220 0.898360 0.500000 0.638705
0 -62.872429 20.972784 309.368195 -0.678930 -0.451760 0.578764 0.333333 0.638705
birch_bark.bmp
0 -28.122116 11.225028 303.749481 0.314359 -0.003522 0.949298 0.500000 0.337022
0 -28.101704 12.876893 302.612335 0.357875 0.842759 0.402097 0.666667 0.337022
0 -62.595467 21.933599 309.313293 -0.326730 0.839845 0.433484 0.666667 0.638705
birch_bark.bmp
0 -28.122116 11.225028 303.749481 0.314359 -0.003522 0.949298 0.500000 0.337022
0 -62.595467 21.933599 309.313293 -0.326730 0.839845 0.433484 0.666667 0.638705
0 -62.660244 21.450056 309.659668 -0.398763 0.184220 0.898360 0.500000 0.638705
birch_bark.bmp
0 -28.101704 12.876893 302.612335 0.357875 0.842759 0.402097 0.666667 0.337022
0 -28.838125 12.836182 300.889069 0.020098 0.854505 -0.519054 0.833333 0.337022
0 -62.720684 21.941298 308.768372 -0.487581 0.815802 -0.311016 0.833333 0.638705
birch_bark.bmp
0 -28.101704 12.876893 302.612335 0.357875 0.842759 0.402097 0.666667 0.337022
0 -62.720684 21.941298 308.768372 -0.487581 0.815802 -0.311016 0.833333 0.638705
0 -62.595467 21.933599 309.313293 -0.326730 0.839845 0.433484 0.666667 0.638705
birch_bark.bmp
0 -28.838125 12.836182 300.889069 0.020098 0.854505 -0.519054 0.833333 0.337022
0 -29.656719 11.225028 300.097534 -0.378108 0.021454 -0.925513 1.000000 0.337022
0 -62.933113 21.450056 308.493805 -0.752658 0.166738 -0.636950 1.000000 0.638705
birch_bark.bmp
0 -28.838125 12.836182 300.889069 0.020098 0.854505 -0.519054 0.833333 0.337022
0 -62.933113 21.450056 308.493805 -0.752658 0.166738 -0.636950 1.000000 0.638705
0 -62.720684 21.941298 308.768372 -0.487581 0.815802 -0.311016 0.833333 0.638705
birch_bark.bmp
0 3.251910 1.000000 280.437927 0.109876 -0.113494 -0.987444 0.950000 0.500000
0 4.799986 3.791408 281.602356 0.457477 0.515094 -0.724840 0.725000 0.110289
0 6.556812 3.968564 284.411499 0.844043 0.535131 -0.035018 0.275000 0.110289
birch_bark.bmp
0 6.556812 3.968564 284.411499 0.844043 0.535131 -0.035018 0.275000 0.110289
0 6.803704 1.000000 286.295288 0.892757 -0.181433 0.412391 0.050000 0.500000
0 5.198647 -1.772337 285.027405 0.555391 -0.821054 0.131954 0.275000 0.889711
birch_bark.bmp
0 5.198647 -1.772337 285.027405 0.555391 -0.821054 0.131954 0.275000 0.889711
0 3.398964 -2.052891 282.199036 0.132831 -0.830895 -0.540342 0.725000 0.889711
0 3.251910 1.000000 280.437927 0.109876 -0.113494 -0.987444 0.950000 0.500000
birch_bark.bmp
0 6.556812 3.968564 284.411499 0.844043 0.535131 -0.035018 0.275000 0.110289
0 5.198647 -1.772337 285.027405 0.555391 -0.821054 0.131954 0.275000 0.889711
0 3.251910 1.000000 280.437927 0.109876 -0.113494 -0.987444 0.950000 0.500000
birch_bark.bmp
0 -62.720684 21.941298 308.768372 -0.487581 0.815802 -0.311016 0.725000 0.110289
0 -62.933113 21.450056 308.493805 -0.752658 0.166738 -0.636950 0.950000 0.500000
0 -63.006546 20.950459 308.823914 -0.855974 -0.490272 -0.164139 0.725000 0.889711
birch_bark.bmp
0 -63.006546 20.950459 308.823914 -0.855974 -0.490272 -0.164139 0.725000 0.889711
0 -62.872429 20.972784 309.368195 -0.678930 -0.451760 0.578764 0.275000 0.889711
0 -62.660244 21.450056 309.659668 -0.398763 0.184220 0.898360 0.050000 0.500000
birch_bark.bmp
0 -62.660244 21.450056 309.659668 -0.398763 0.184220 0.898360 0.050000 0.500000
0 -62.595467 21.933599 309.313293 -0.326730 0.839845 0.433484 0.275000 0.110289
0 -62.720684 21.941298 308.768372 -0.487581 0.815802 -0.311016 0.725000 0.110289
birch_bark.bmp
0 -63.006546 20.950459 308.823914 -0.855974 -0.490272 -0.164139 0.725000 0.889711
0 -62.660244 21.450056 309.659668 -0.398763 0.184220 0.898360 0.050000 0.500000
0 -62.720684 21.941298 308.768372 -0.487581 0.815802 -0.311016 0.725000 0.110289
birch_leaves.bmp
1 -39.919304 7.425872 287.325684 0.449263 0.777286 -0.440443 0.507500 0.507500
1 -69.354317 24.438992 287.325684 0.449263 0.777286 -0.440443 0.992500 0.507500
1 -57.328148 45.245899 336.312286 0.449263 0.777286 -0.440443 0.992500 0.992500
birch_leaves.bmp
1 -39.919304 7.425872 287.325684 0.449263 0.777286 -0.440443 0.507500 0.507500
1 -57.328148 45.245899 336.312286 0.449263 0.777286 -0.440443 0.992500 0.992500
1 -27.893135 28.232780 336.312286 0.449263 0.777286 -0.440443 0.507500 0.992500
birch_leaves.bmp
1 -27.893135 28.232780 336.312286 -0.449263 -0.777286 0.440443 0.507500 0.992500
1 -57.328148 45.245899 336.312286 -0.449263 -0.777286 0.440443 0.992500 0.992500
1 -69.354317 24.438992 287.325684 -0.449263 -0.777286 0.440443 0.992500 0.507500
birch_leaves.bmp
1 -27.893135 28.232780 336.312286 -0.449263 -0.777286 0.440443 0.507500 0.992500
1 -69.354317 24.438992 287.325684 -0.449263 -0.777286 0.440443 0.992500 0.507500
1 -39.919304 7.425872 287.325684 -0.449263 -0.777286 0.440443 0.507500 0.507500
birch_leaves.bmp
1 -28.885443 34.561581 287.770844 -0.761983 0.440418 -0.474777 0.507500 0.507500
1 -45.898567 5.126565 287.770844 -0.761983 0.440418 -0.474777 0.992500 0.507500
1 -68.362007 18.110191 335.867126 -0.761983 0.440418 -0.474777 0.992500 0.992500
birch_leaves.bmp
1 -28.885443 34.561581 287.770844 -0.761983 0.440418 -0.474777 0.507500 0.507500
1 -68.362007 18.110191 335.867126 -0.761983 0.440418 -0.474777 0.992500 0.992500
1 -51.348885 47.545208 335.867126 -0.761983 0.440418 -0.474777 0.507500 0.992500
birch_leaves.bmp
1 -51.348885 47.545208 335.867126 0.761983 -0.440418 0.474777 0.507500 0.992500
1 -68.362007 18.110191 335.867126 0.761983 -0.440418 0.474777 0.992500 0.992500
1 -45.898567 5.126565 287.770844 0.761983 -0.440418 0.474777 0.992500 0.507500
birch_leaves.bmp
1 -51.348885 47.545208 335.867126 0.761983 -0.440418 0.474777 0.507500 0.992500
1 -45.898567 5.126565 287.770844 0.761983 -0.440418 0.474777 0.992500 0.507500
1 -28.885443 34.561581 287.770844 0.761983 -0.440418 0.474777 0.507500 0.507500
birch_leaves.bmp
1 -72.391792 43.661533 298.107574 -0.925934 0.136153 -0.352290 0.507500 0.507500
1 -77.294395 10.320497 298.107574 -0.925934 0.136153 -0.352290 0.992500 0.507500
1 -94.820854 12.897655 345.168854 -0.925934 0.136153 -0.352290 0.992500 0.992500
birch_leaves.bmp
1 -72.391792 43.661533 298.107574 -0.925934 0.136153 -0.352290 0.507500 0.507500
1 -94.820854 12.897655 345.168854 -0.925934 0.136153 -0.352290 0.992500 0.992500
1 -89.918251 46.238689 345.168854 -0.925934 0.136153 -0.352290 0.507500 0.992500
birch_leaves.bmp
1 -89.918251 46.238689 345.168854 0.925934 -0.136153 0.352290 0.507500 0.992500
1 -94.820854 12.897655 345.168854 0.925934 -0.136153 0.352290 0.992500 0.992500
1 -77.294395 10.320497 298.107574 0.925934 -0.136153 0.352290 0.992500 0.507500
birch_leaves.bmp
1 -89.918251 46.238689 345.168854 0.925934 -0.136153 0.352290 0.507500 0.992500
1 -77.294395 10.320497 298.107574 0.925934 -0.136153 0.352290 0.992500 0.507500
1 -72.391792 43.661533 298.107574 0.925934 -0.136153 0.352290 0.507500 0.507500
birch_leaves.bmp
1 -100.609253 28.470232 296.740692 -0.144871 -0.985221 0.091391 0.507500 0.007500
1 -67.268219 23.567636 296.740692 -0.144871 -0.985221 0.091391 0.992500 0.007500
1 -66.603394 28.088957 346.535736 -0.144871 -0.985221 0.091391 0.992500 0.492500
birch_leaves.bmp
1 -100.609253 28.470232 296.740692 -0.144871 -0.985221 0.091391 0.507500 0.007500
1 -66.603394 28.088957 346.535736 -0.144871 -0.985221 0.091391 0.992500 0.492500
1 -99.944427 32.991550 346.535736 -0.144871 -0.985221 0.091391 0.507500 0.492500
birch_leaves.bmp
1 -99.944427 32.991550 346.535736 0.144871 0.985221 -0.091391 0.507500 0.492500
1 -66.603394 28.088957 346.535736 0.144871 0.985221 -0.091391 0.992500 0.492500
1 -67.268219 23.567636 296.740692 0.144871 0.985221 -0.091391 0.992500 0.007500
birch_leaves.bmp
1 -99.944427 32.991550 346.535736 0.144871 0.985221 -0.091391 0.507500 0.492500
1 -67.268219 23.567636 296.740692 0.144871 0.985221 -0.091391 0.992500 0.007500
1 -100.609253 28.470232 296.740692 0.144871 0.985221 -0.091391 0.507500 0.007500
birch_leaves.bmp
1 -51.989758 50.913040 287.722473 -0.406525 0.905870 0.118896 0.507500 0.007500
1 -81.951729 37.467094 287.722473 -0.406525 0.905870 0.118896 0.992500 0.007500
1 -79.897179 32.888870 329.628754 -0.406525 0.905870 0.118896 0.992500 0.492500
birch_leaves.bmp
1 -51.989758 50.913040 287.722473 -0.406525 0.905870 0.118896 0.507500 0.007500
1 -79.897179 32.888870 329.628754 -0.406525 0.905870 0.118896 0.992500 0.492500
1 -49.935200 46.334816 329.628754 -0.406525 0.905870 0.118896 0.507500 0.492500
birch_leaves.bmp
1 -49.935200 46.334816 329.628754 0.406525 -0.905870 -0.118896 0.507500 0.492500
1 -79.897179 32.888870 329.628754 0.406525 -0.905870 -0.118896 0.992500 0.492500
1 -81.951729 37.467094 287.722473 0.406525 -0.905870 -0.118896 0.992500 0.007500
birch_leaves.bmp
1 -49.935200 46.334816 329.628754 0.406525 -0.905870 -0.118896 0.507500 0.492500
1 -81.951729 37.467094 287.722473 0.406525 -0.905870 -0.118896 0.992500 0.007500
1 -51.989758 50.913040 287.722473 0.406525 -0.905870 -0.118896 0.507500 0.007500
birch_leaves.bmp
1 -81.804939 52.780884 289.859802 -0.805337 -0.361409 0.469910 0.007500 0.507500
1 -68.358994 22.818911 289.859802 -0.805337 -0.361409 0.469910 0.492500 0.507500
1 -50.081993 31.021025 327.491425 -0.805337 -0.361409 0.469910 0.492500 0.992500
birch_leaves.bmp
1 -81.804939 52.780884 289.859802 -0.805337 -0.361409 0.469910 0.007500 0.507500
1 -50.081993 31.021025 327.491425 -0.805337 -0.361409 0.469910 0.492500 0.992500
1 -63.527935 60.983002 327.491425 -0.805337 -0.361409 0.469910 0.007500 0.992500
birch_leaves.bmp
1 -63.527935 60.983002 327.491425 0.805337 0.361409 -0.469910 0.007500 0.992500
1 -50.081993 31.021025 327.491425 0.805337 0.361409 -0.469910 0.492500 0.992500
1 -68.358994 22.818911 289.859802 0.805337 0.361409 -0.469910 0.492500 0.507500
birch_leaves.bmp
1 -63.527935 60.983002 327.491425 0.805337 0.361409 -0.469910 0.007500 0.992500
1 -68.358994 22.818911 289.859802 0.805337 0.361409 -0.469910 0.492500 0.507500
1 -81.804939 52.780884 289.859802 0.805337 0.361409 -0.469910 0.007500 0.507500
birch_leaves.bmp
1 -57.122288 1.507231 272.406128 0.880043 0.463186 0.104802 0.007500 0.507500
1 -76.126343 37.614483 272.406128 0.880043 0.463186 0.104802 0.492500 0.507500
1 -81.323029 34.879353 328.132111 0.880043 0.463186 0.104802 0.492500 0.992500
birch_leaves.bmp
1 -57.122288 1.507231 272.406128 0.880043 0.463186 0.104802 0.007500 0.507500
1 -81.323029 34.879353 328.132111 0.880043 0.463186 0.104802 0.492500 0.992500
1 -62.318966 -1.227900 328.132111 0.880043 0.463186 0.104802 0.007500 0.992500
birch_leaves.bmp
1 -62.318966 -1.227900 328.132111 -0.880043 -0.463186 -0.104802 0.007500 0.992500
1 -81.323029 34.879353 328.132111 -0.880043 -0.463186 -0.104802 0.492500 0.992500
1 -76.126343 37.614483 272.406128 -0.880043 -0.463186 -0.104802 0.492500 0.507500
birch_leaves.bmp
1 -62.318966 -1.227900 328.132111 -0.880043 -0.463186 -0.104802 0.007500 0.992500
1 -76.126343 37.614483 272.406128 -0.880043 -0.463186 -0.104802 0.492500 0.507500
1 -57.122288 1.507231 272.406128 -0.880043 -0.463186 -0.104802 0.007500 0.507500
birch_leaves.bmp
1 -54.226345 33.504147 272.970947 -0.452843 0.860390 0.233801 0.007500 0.007500
1 -90.333595 14.500090 272.970947 -0.452843 0.860390 0.233801 0.492500 0.007500
1 -84.218971 2.882437 327.567291 -0.452843 0.860390 0.233801 0.492500 0.492500
birch_leaves.bmp
1 -54.226345 33.504147 272.970947 -0.452843 0.860390 0.233801 0.007500 0.007500
1 -84.218971 2.882437 327.567291 -0.452843 0.860390 0.233801 0.492500 0.492500
1 -48.111713 21.886496 327.567291 -0.452843 0.860390 0.233801 0.007500 0.492500
birch_leaves.bmp
1 -48.111713 21.886496 327.567291 0.452843 -0.860390 -0.233801 0.007500 0.492500
1 -84.218971 2.882437 327.567291 0.452843 -0.860390 -0.233801 0.492500 0.492500
1 -90.333595 14.500090 272.970947 0.452843 -0.860390 -0.233801 0.492500 0.007500
birch_leaves.bmp
1 -48.111713 21.886496 327.567291 0.452843 -0.860390 -0.233801 0.007500 0.492500
1 -90.333595 14.500090 272.970947 0.452843 -0.860390 -0.233801 0.492500 0.007500
1 -54.226345 33.504147 272.970947 0.452843 -0.860390 -0.233801 0.007500 0.007500
birch_leaves.bmp
1 -38.621731 44.709831 313.541229 -0.492187 0.830297 0.261456 0.507500 0.007500
1 -73.798843 23.857380 313.541229 -0.492187 0.830297 0.261456 0.992500 0.007500
1 -68.714478 15.280305 350.350342 -0.492187 0.830297 0.261456 0.992500 0.492500
birch_leaves.bmp
1 -38.621731 44.709831 313.541229 -0.492187 0.830297 0.261456 0.507500 0.007500
1 -68.714478 15.280305 350.350342 -0.492187 0.830297 0.261456 0.992500 0.492500
1 -33.537373 36.132759 350.350342 -0.492187 0.830297 0.261456 0.507500 0.492500
birch_leaves.bmp
1 -33.537373 36.132759 350.350342 0.492187 -0.830297 -0.261456 0.507500 0.492500
1 -68.714478 15.280305 350.350342 0.492187 -0.830297 -0.261456 0.992500 0.492500
1 -73.798843 23.857380 313.541229 0.492187 -0.830297 -0.261456 0.992500 0.007500
birch_leaves.bmp
1 -33.537373 36.132759 350.350342 0.492187 -0.830297 -0.261456 0.507500 0.492500
1 -73.798843 23.857380 313.541229 0.492187 -0.830297 -0.261456 0.992500 0.007500
1 -38.621731 44.709831 313.541229 0.492187 -0.830297 -0.261456 0.507500 0.007500
birch_leaves.bmp
1 -66.068573 46.413322 313.066345 -0.853933 -0.506198 0.120675 0.507500 0.007500
1 -45.216125 11.236213 313.066345 -0.853933 -0.506198 0.120675 0.992500 0.007500
1 -41.267639 13.576814 350.825195 -0.853933 -0.506198 0.120675 0.992500 0.492500
birch_leaves.bmp
1 -66.068573 46.413322 313.066345 -0.853933 -0.506198 0.120675 0.507500 0.007500
1 -41.267639 13.576814 350.825195 -0.853933 -0.506198 0.120675 0.992500 0.492500
1 -62.120087 48.753922 350.825195 -0.853933 -0.506198 0.120675 0.507500 0.492500
birch_leaves.bmp
1 -62.120087 48.753922 350.825195 0.853933 0.506198 -0.120675 0.507500 0.492500
1 -41.267639 13.576814 350.825195 0.853933 0.506198 -0.120675 0.992500 0.492500
1 -45.216125 11.236213 313.066345 0.853933 0.506198 -0.120675 0.992500 0.007500
birch_leaves.bmp
1 -62.120087 48.753922 350.825195 0.853933 0.506198 -0.120675 0.507500 0.492500
1 -45.216125 11.236213 313.066345 0.853933 0.506198 -0.120675 0.992500 0.007500
1 -66.068573 46.413322 313.066345 0.853933 0.506198 -0.120675 0.507500 0.007500
birch_leaves.bmp
1 -34.958881 43.453064 298.975739 -0.496201 0.823257 0.275742 0.007500 0.507500
1 -61.372746 27.532661 298.975739 -0.496201 0.823257 0.275742 0.492500 0.507500
1 -54.851818 16.713654 343.011505 -0.496201 0.823257 0.275742 0.492500 0.992500
birch_leaves.bmp
1 -34.958881 43.453064 298.975739 -0.496201 0.823257 0.275742 0.007500 0.507500
1 -54.851818 16.713654 343.011505 -0.496201 0.823257 0.275742 0.492500 0.992500
1 -28.437954 32.634056 343.011505 -0.496201 0.823257 0.275742 0.007500 0.992500
birch_leaves.bmp
1 -28.437954 32.634056 343.011505 0.496201 -0.823257 -0.275742 0.007500 0.992500
1 -54.851818 16.713654 343.011505 0.496201 -0.823257 -0.275742 0.492500 0.992500
1 -61.372746 27.532661 298.975739 0.496201 -0.823257 -0.275742 0.492500 0.507500
birch_leaves.bmp
1 -28.437954 32.634056 343.011505 0.496201 -0.823257 -0.275742 0.007500 0.992500
1 -61.372746 27.532661 298.975739 0.496201 -0.823257 -0.275742 0.492500 0.507500
1 -34.958881 43.453064 298.975739 0.496201 -0.823257 -0.275742 0.007500 0.507500
birch_leaves.bmp
1 -53.824486 42.712315 298.196381 -0.855429 -0.515592 0.049054 0.507500 0.007500
1 -37.904083 16.298449 298.196381 -0.855429 -0.515592 0.049054 0.992500 0.007500
1 -35.986214 17.454405 343.790863 -0.855429 -0.515592 0.049054 0.992500 0.492500
birch_leaves.bmp
1 -53.824486 42.712315 298.196381 -0.855429 -0.515592 0.049054 0.507500 0.007500
1 -35.986214 17.454405 343.790863 -0.855429 -0.515592 0.049054 0.992500 0.492500
1 -51.906616 43.868267 343.790863 -0.855429 -0.515592 0.049054 0.507500 0.492500
birch_leaves.bmp
1 -51.906616 43.868267 343.790863 0.855429 0.515592 -0.049054 0.507500 0.492500
1 -35.986214 17.454405 343.790863 0.855429 0.515592 -0.049054 0.992500 0.492500
1 -37.904083 16.298449 298.196381 0.855429 0.515592 -0.049054 0.992500 0.007500
birch_leaves.bmp
1 -51.906616 43.868267 343.790863 0.855429 0.515592 -0.049054 0.507500 0.492500
1 -37.904083 16.298449 298.196381 0.855429 0.515592 -0.049054 0.992500 0.007500
1 -53.824486 42.712315 298.196381 0.855429 0.515592 -0.049054 0.507500 0.007500
birch_leaves.bmp
1 -62.498787 44.899597 287.606903 -0.471784 -0.870967 0.137245 0.007500 0.007500
1 -24.507816 24.320734 287.606903 -0.471784 -0.870967 0.137245 0.492500 0.007500
1 -21.256042 30.323881 336.881317 -0.471784 -0.870967 0.137245 0.492500 0.492500
birch_leaves.bmp
1 -62.498787 44.899597 287.606903 -0.471784 -0.870967 0.137245 0.007500 0.007500
1 -21.256042 30.323881 336.881317 -0.471784 -0.870967 0.137245 0.492500 0.492500
1 -59.247017 50.902748 336.881317 -0.471784 -0.870967 0.137245 0.007500 0.492500
birch_leaves.bmp
1 -59.247017 50.902748 336.881317 0.471784 0.870967 -0.137245 0.007500 0.492500
1 -21.256042 30.323881 336.881317 0.471784 0.870967 -0.137245 0.492500 0.492500
1 -24.507816 24.320734 287.606903 0.471784 0.870967 -0.137245 0.492500 0.007500
birch_leaves.bmp
1 -59.247017 50.902748 336.881317 0.471784 0.870967 -0.137245 0.007500 0.492500
1 -24.507816 24.320734 287.606903 0.471784 0.870967 -0.137245 0.492500 0.007500
1 -62.498787 44.899597 287.606903 0.471784 0.870967 -0.137245 0.007500 0.007500
birch_leaves.bmp
1 -53.913948 19.562620 287.465942 0.876474 -0.474767 -0.079933 0.507500 0.007500
1 -33.335083 57.553589 287.465942 0.876474 -0.474767 -0.079933 0.992500 0.007500
1 -29.840881 55.660858 337.022247 0.876474 -0.474767 -0.079933 0.992500 0.492500
birch_leaves.bmp
1 -53.913948 19.562620 287.465942 0.876474 -0.474767 -0.079933 0.507500 0.007500
1 -29.840881 55.660858 337.022247 0.876474 -0.474767 -0.079933 0.992500 0.492500
1 -50.419746 17.669889 337.022247 0.876474 -0.474767 -0.079933 0.507500 0.492500
birch_leaves.bmp
1 -50.419746 17.669889 337.022247 -0.876474 0.474767 0.079933 0.507500 0.492500
1 -29.840881 55.660858 337.022247 -0.876474 0.474767 0.079933 0.992500 0.492500
1 -33.335083 57.553589 287.465942 -0.876474 0.474767 0.079933 0.992500 0.007500
birch_leaves.bmp
1 -50.419746 17.669889 337.022247 -0.876474 0.474767 0.079933 0.507500 0.492500
1 -33.335083 57.553589 287.465942 -0.876474 0.474767 0.079933 0.992500 0.007500
1 -53.913948 19.562620 287.465942 -0.876474 0.474767 0.079933 0.507500 0.007500
birch_leaves.bmp
1 -62.925003 7.366819 288.723877 -0.723138 -0.576725 0.380078 0.007500 0.507500
1 -43.897888 -16.490686 288.723877 -0.723138 -0.576725 0.380078 0.492500 0.507500
1 -30.727293 -5.986719 329.720856 -0.723138 -0.576725 0.380078 0.492500 0.992500
birch_leaves.bmp
1 -62.925003 7.366819 288.723877 -0.723138 -0.576725 0.380078 0.007500 0.507500
1 -30.727293 -5.986719 329.720856 -0.723138 -0.576725 0.380078 0.492500 0.992500
1 -49.754410 17.870787 329.720856 -0.723138 -0.576725 0.380078 0.007500 0.992500
birch_leaves.bmp
1 -49.754410 17.870787 329.720856 0.723138 0.576725 -0.380078 0.007500 0.992500
1 -30.727293 -5.986719 329.720856 0.723138 0.576725 -0.380078 0.492500 0.992500
1 -43.897888 -16.490686 288.723877 0.723138 0.576725 -0.380078 0.492500 0.507500
birch_leaves.bmp
1 -49.754410 17.870787 329.720856 0.723138 0.576725 -0.380078 0.007500 0.992500
1 -43.897888 -16.490686 288.723877 0.723138 0.576725 -0.380078 0.492500 0.507500
1 -62.925003 7.366819 288.723877 0.723138 0.576725 -0.380078 0.007500 0.507500
birch_leaves.bmp
1 -61.980518 -4.779009 287.771759 0.606139 -0.760019 -0.234449 0.507500 0.507500
1 -38.123013 14.248108 287.771759 0.606139 -0.760019 -0.234449 0.992500 0.507500
1 -31.671780 6.159109 330.673004 0.606139 -0.760019 -0.234449 0.992500 0.992500
birch_leaves.bmp
1 -61.980518 -4.779009 287.771759 0.606139 -0.760019 -0.234449 0.507500 0.507500
1 -31.671780 6.159109 330.673004 0.606139 -0.760019 -0.234449 0.992500 0.992500
1 -55.529285 -12.868008 330.673004 0.606139 -0.760019 -0.234449 0.507500 0.992500
birch_leaves.bmp
1 -55.529285 -12.868008 330.673004 -0.606139 0.760019 0.234449 0.507500 0.992500
1 -31.671780 6.159109 330.673004 -0.606139 0.760019 0.234449 0.992500 0.992500
1 -38.123013 14.248108 287.771759 -0.606139 0.760019 0.234449 0.992500 0.507500
birch_leaves.bmp
1 -55.529285 -12.868008 330.673004 -0.606139 0.760019 0.234449 0.507500 0.992500
1 -38.123013 14.248108 287.771759 -0.606139 0.760019 0.234449 0.992500 0.507500
1 -61.980518 -4.779009 287.771759 -0.606139 0.760019 0.234449 0.507500 0.507500
birch_leaves.bmp
1 -73.473984 59.973251 305.612885 -0.801588 -0.406453 -0.438467 0.507500 0.007500
1 -54.231617 22.024342 305.612885 -0.801588 -0.406453 -0.438467 0.992500 0.007500
1 -71.387085 13.325493 345.039490 -0.801588 -0.406453 -0.438467 0.992500 0.492500
birch_leaves.bmp
1 -73.473984 59.973251 305.612885 -0.801587 -0.406453 -0.438467 0.507500 0.007500
1 -71.387085 13.325493 345.039490 -0.801587 -0.406453 -0.438467 0.992500 0.492500
1 -90.629456 51.274399 345.039490 -0.801587 -0.406453 -0.438467 0.507500 0.492500
birch_leaves.bmp
1 -90.629456 51.274399 345.039490 0.801587 0.406453 0.438467 0.507500 0.492500
1 -71.387085 13.325493 345.039490 0.801587 0.406453 0.438467 0.992500 0.492500
1 -54.231617 22.024342 305.612885 0.801587 0.406453 0.438467 0.992500 0.007500
birch_leaves.bmp
1 -90.629456 51.274399 345.039490 0.801587 0.406453 0.438467 0.507500 0.492500
1 -54.231617 22.024342 305.612885 0.801587 0.406453 0.438467 0.992500 0.007500
1 -73.473984 59.973251 305.612885 0.801587 0.406453 0.438467 0.507500 0.007500
birch_leaves.bmp
1 -86.759674 17.866901 305.913513 0.399735 -0.788339 0.467689 0.507500 0.007500
1 -48.810757 37.109272 305.913513 0.399735 -0.788339 0.467689 0.992500 0.007500
1 -58.101398 55.431843 344.738892 0.399735 -0.788339 0.467689 0.992500 0.492500
birch_leaves.bmp
1 -86.759674 17.866901 305.913513 0.399735 -0.788339 0.467689 0.507500 0.007500
1 -58.101398 55.431843 344.738892 0.399735 -0.788339 0.467689 0.992500 0.492500
1 -96.050308 36.189472 344.738892 0.399735 -0.788339 0.467689 0.507500 0.492500
birch_leaves.bmp
1 -96.050308 36.189472 344.738892 -0.399735 0.788339 -0.467689 0.507500 0.492500
1 -58.101398 55.431843 344.738892 -0.399735 0.788339 -0.467689 0.992500 0.492500
1 -48.810757 37.109272 305.913513 -0.399735 0.788339 -0.467689 0.992500 0.007500
birch_leaves.bmp
1 -96.050308 36.189472 344.738892 -0.399735 0.788339 -0.467689 0.507500 0.492500
1 -48.810757 37.109272 305.913513 -0.399735 0.788339 -0.467689 0.992500 0.007500
1 -86.759674 17.866901 305.913513 -0.399735 0.788339 -0.467689 0.507500 0.007500
birch_bark.bmp
0 2.158906 1.000000 296.673035 -0.852832 0.488952 0.183314 0.000000 0.000000
0 2.156643 -1.120714 293.937988 -0.868473 -0.039735 -0.494141 0.166667 0.000000
0 17.631664 -27.157457 313.468201 -0.825485 -0.555472 -0.100131 0.166667 0.305026
birch_bark.bmp
0 2.158906 1.000000 296.673035 -0.852832 0.488952 0.183314 0.000000 0.000000
0 17.631664 -27.157457 313.468201 -0.825485 -0.555472 -0.100131 0.166667 0.305026
0 17.943090 -26.103544 315.107758 -0.639458 -0.027192 0.768345 0.000000 0.305026
birch_bark.bmp
0 2.156643 -1.120714 293.937988 -0.868473 -0.039735 -0.494141 0.166667 0.000000
0 5.103761 -0.925825 292.173584 -0.242039 -0.021618 -0.970026 0.333333 0.000000
0 19.081638 -27.078945 312.195190 -0.142752 -0.528072 -0.837115 0.333333 0.305026
birch_bark.bmp
0 2.156643 -1.120714 293.937988 -0.868473 -0.039735 -0.494141 0.166667 0.000000
0 19.081638 -27.078945 312.195190 -0.142752 -0.528072 -0.837115 0.333333 0.305026
0 17.631664 -27.157457 313.468201 -0.825485 -0.555472 -0.100131 0.166667 0.305026
birch_bark.bmp
0 5.103761 -0.925825 292.173584 -0.242039 -0.021618 -0.970026 0.333333 0.000000
0 7.931480 1.000000 292.724426 0.395372 0.391269 -0.831017 0.500000 0.000000
0 20.826603 -26.103544 312.288208 0.718015 0.001152 -0.696027 0.500000 0.305026
birch_bark.bmp
0 5.103761 -0.925825 292.173584 -0.242039 -0.021618 -0.970026 0.333333 0.000000
0 20.826603 -26.103544 312.288208 0.718015 0.001152 -0.696027 0.500000 0.305026
0 19.081638 -27.078945 312.195190 -0.142752 -0.528072 -0.837115 0.333333 0.305026
birch_bark.bmp
0 7.931480 1.000000 292.724426 0.395372 0.391269 -0.831017 0.500000 0.000000
0 7.764817 3.062135 295.499420 0.405006 0.902938 -0.143780 0.666667 0.000000
0 21.046560 -25.083708 313.954376 0.827408 0.508948 0.237418 0.666667 0.305026
birch_bark.bmp
0 7.931480 1.000000 292.724426 0.395372 0.391269 -0.831017 0.500000 0.000000
0 21.046560 -25.083708 313.954376 0.827408 0.508948 0.237418 0.666667 0.305026
0 20.826603 -26.103544 312.288208 0.718015 0.001152 -0.696027 0.500000 0.305026
birch_bark.bmp
0 7.764817 3.062135 295.499420 0.405006 0.902938 -0.143780 0.666667 0.000000
0 4.895525 2.939073 297.303314 -0.230025 0.923568 0.306773 0.833333 0.000000
0 19.658352 -25.108843 315.265411 0.146078 0.456430 0.877686 0.833333 0.305026
birch_bark.bmp
0 7.764817 3.062135 295.499420 0.405006 0.902938 -0.143780 0.666667 0.000000
0 19.658352 -25.108843 315.265411 0.146078 0.456430 0.877686 0.833333 0.305026
0 21.046560 -25.083708 313.954376 0.827408 0.508948 0.237418 0.666667 0.305026
birch_bark.bmp
0 4.895525 2.939073 297.303314 -0.230025 0.923568 0.306773 0.833333 0.000000
0 2.158906 1.000000 296.673035 -0.852832 0.488952 0.183314 1.000000 0.000000
0 17.943090 -26.103544 315.107758 -0.639458 -0.027192 0.768345 1.000000 0.305026
birch_bark.bmp
0 4.895525 2.939073 297.303314 -0.230025 0.923568 0.306773 0.833333 0.000000
0 17.943090 -26.103544 315.107758 -0.639458 -0.027192 0.768345 1.000000 0.305026
0 19.658352 -25.108843 315.265411 0.146078 0.456430 0.877686 0.833333 0.305026
birch_bark.bmp
0 17.943090 -26.103544 315.107758 -0.639458 -0.027192 0.768345 0.000000 0.305026
0 17.631664 -27.157457 313.468201 -0.825485 -0.555472 -0.100131 0.166667 0.305026
0 33.199024 -53.477058 321.336609 -0.385650 -0.919866 0.071560 0.166667 0.569145
birch_bark.bmp
0 17.943090 -26.103544 315.107758 -0.639458 -0.027192 0.768345 0.000000 0.305026
0 33.199024 -53.477058 321.336609 -0.385650 -0.919866 0.071560 0.166667 0.569145
0 33.431820 -53.207088 321.810516 -0.170480 -0.581188 0.795712 0.000000 0.569145
birch_bark.bmp
0 17.631664 -27.157457 313.468201 -0.825485 -0.555472 -0.100131 0.166667 0.305026
0 19.081638 -27.078945 312.195190 -0.142752 -0.528072 -0.837115 0.333333 0.305026
0 33.501614 -53.464993 320.856964 0.078689 -0.850586 -0.519915 0.333333 0.569145
birch_bark.bmp
0 17.631664 -27.157457 313.468201 -0.825485 -0.555472 -0.100131 0.166667 0.305026
0 33.501614 -53.464993 320.856964 0.078689 -0.850586 -0.519915 0.333333 0.569145
0 33.199024 -53.477058 321.336609 -0.385650 -0.919866 0.071560 0.166667 0.569145
birch_bark.bmp
0 19.081638 -27.078945 312.195190 -0.142752 -0.528072 -0.837115 0.333333 0.305026
0 20.826603 -26.103544 312.288208 0.718015 0.001152 -0.696027 0.500000 0.305026
0 34.041195 -53.207088 320.766083 0.740719 -0.471545 -0.478519 0.500000 0.569145
birch_bark.bmp
0 19.081638 -27.078945 312.195190 -0.142752 -0.528072 -0.837115 0.333333 0.305026
0 34.041195 -53.207088 320.766083 0.740719 -0.471545 -0.478519 0.500000 0.569145
0 33.501614 -53.464993 320.856964 0.078689 -0.850586 -0.519915 0.333333 0.569145
birch_bark.bmp
0 20.826603 -26.103544 312.288208 0.718015 0.001152 -0.696027 0.500000 0.305026
0 21.046560 -25.083708 313.954376 0.827408 0.508948 0.237418 0.666667 0.305026
0 34.252457 -52.945793 321.248840 0.952767 -0.163140 0.256165 0.666667 0.569145
birch_bark.bmp
0 20.826603 -26.103544 312.288208 0.718015 0.001152 -0.696027 0.500000 0.305026
0 34.252457 -52.945793 321.248840 0.952767 -0.163140 0.256165 0.666667 0.569145
0 34.041195 -53.207088 320.766083 0.740719 -0.471545 -0.478519 0.500000 0.569145
birch_bark.bmp
0 21.046560 -25.083708 313.954376 0.827408 0.508948 0.237418 0.666667 0.305026
0 19.658352 -25.108843 315.265411 0.146078 0.456430 0.877686 0.833333 0.305026
0 33.973881 -52.941635 321.739777 0.494078 -0.219639 0.841216 0.833333 0.569145
birch_bark.bmp
0 21.046560 -25.083708 313.954376 0.827408 0.508948 0.237418 0.666667 0.305026
0 33.973881 -52.941635 321.739777 0.494078 -0.219639 0.841216 0.833333 0.569145
0 34.252457 -52.945793 321.248840 0.952767 -0.163140 0.256165 0.666667 0.569145
birch_bark.bmp
0 19.658352 -25.108843 315.265411 0.146078 0.456430 0.877686 0.833333 0.305026
0 17.943090 -26.103544 315.107758 -0.639458 -0.027192 0.768345 1.000000 0.305026
0 33.431820 -53.207088 321.810516 -0.170480 -0.581188 0.795712 1.000000 0.569145
birch_bark.bmp
0 19.658352 -25.108843 315.265411 0.146078 0.456430 0.877686 0.833333 0.305026
0 33.431820 -53.207088 321.810516 -0.170480 -0.581188 0.795712 1.000000 0.569145
0 33.973881 -52.941635 321.739777 0.494078 -0.219639 0.841216 0.833333 0.569145
birch_bark.bmp
0 2.158906 1.000000 296.673035 -0.852832 0.488952 0.183314 0.950000 0.500000
0 4.895525 2.939073 297.303314 -0.230025 0.923568 0.306773 0.725000 0.110289
0 7.764817 3.062135 295.499420 0.405006 0.902938 -0.143780 0.275000 0.110289
birch_bark.bmp
0 7.764817 3.062135 295.499420 0.405006 0.902938 -0.143780 0.275000 0.110289
0 7.931480 1.000000 292.724426 0.395372 0.391269 -0.831017 0.050000 0.500000
0 5.103761 -0.925825 292.173584 -0.242039 -0.021618 -0.970026 0.275000 0.889711
birch_bark.bmp
0 5.103761 -0.925825 292.173584 -0.242039 -0.021618 -0.970026 0.275000 0.889711
0 2.156643 -1.120714 293.937988 -0.868473 -0.039735 -0.494141 0.725000 0.889711
0 2.158906 1.000000 296.673035 -0.852832 0.488952 0.183314 0.950000 0.500000
birch_bark.bmp
0 7.764817 3.062135 295.499420 0.405006 0.902938 -0.143780 0.275000 0.110289
0 5.103761 -0.925825 292.173584 -0.242039 -0.021618 -0.970026 0.275000 0.889711
0 2.158906 1.000000 296.673035 -0.852832 0.488952 0.183314 0.950000 0.500000
birch_bark.bmp
0 33.973881 -52.941635 321.739777 0.494078 -0.219639 0.841216 0.725000 0.110289
0 33.431820 -53.207088 321.810516 -0.170480 -0.581188 0.795712 0.950000 0.500000
0 33.199024 -53.477058 321.336609 -0.385650 -0.919866 0.071560 0.725000 0.889711
birch_bark.bmp
0 33.199024 -53.477058 321.336609 -0.385650 -0.919866 0.071560 0.725000 0.889711
0 33.501614 -53.464993 320.856964 0.078689 -0.850586 -0.519915 0.275000 0.889711
0 34.041195 -53.207088 320.766083 0.740719 -0.471545 -0.478519 0.050000 0.500000
birch_bark.bmp
0 34.041195 -53.207088 320.766083 0.740719 -0.471545 -0.478519 0.050000 0.500000
0 34.252457 -52.945793 321.248840 0.952767 -0.163140 0.256165 0.275000 0.110289
0 33.973881 -52.941635 321.739777 0.494078 -0.219639 0.841216 0.725000 0.110289
birch_bark.bmp
0 33.199024 -53.477058 321.336609 -0.385650 -0.919866 0.071560 0.725000 0.889711
0 34.041195 -53.207088 320.766083 0.740719 -0.471545 -0.478519 0.050000 0.500000
0 33.973881 -52.941635 321.739777 0.494078 -0.219639 0.841216 0.725000 0.110289
birch_leaves.bmp
1 12.434257 -30.371340 307.136322 -0.948117 -0.315350 -0.040348 0.007500 0.507500
1 24.831600 -67.644608 307.136322 -0.948117 -0.315350 -0.040348 0.492500 0.507500
1 22.906891 -68.284775 357.368103 -0.948117 -0.315350 -0.040348 0.492500 0.992500
birch_leaves.bmp
1 12.434257 -30.371340 307.136322 -0.948117 -0.315350 -0.040348 0.007500 0.507500
1 22.906891 -68.284775 357.368103 -0.948117 -0.315350 -0.040348 0.492500 0.992500
1 10.509549 -31.011511 357.368103 -0.948117 -0.315350 -0.040348 0.007500 0.992500
birch_leaves.bmp
1 10.509549 -31.011511 357.368103 0.948117 0.315350 0.040348 0.007500 0.992500
1 22.906891 -68.284775 357.368103 0.948117 0.315350 0.040348 0.492500 0.992500
1 24.831600 -67.644608 307.136322 0.948117 0.315350 0.040348 0.492500 0.507500
birch_leaves.bmp
1 10.509549 -31.011511 357.368103 0.948117 0.315350 0.040347 0.007500 0.992500
1 24.831600 -67.644608 307.136322 0.948117 0.315350 0.040347 0.492500 0.507500
1 12.434257 -30.371340 307.136322 0.948117 0.315350 0.040347 0.007500 0.507500
birch_leaves.bmp
1 -1.625630 -53.543701 307.196472 0.314515 -0.945606 -0.083119 0.007500 0.507500
1 35.647640 -41.146355 307.196472 0.314515 -0.945606 -0.083119 0.492500 0.507500
1 36.966778 -45.112419 357.307953 0.314515 -0.945606 -0.083119 0.492500 0.992500
birch_leaves.bmp
1 -1.625630 -53.543701 307.196472 0.314515 -0.945606 -0.083119 0.007500 0.507500
1 36.966778 -45.112419 357.307953 0.314515 -0.945606 -0.083119 0.492500 0.992500
1 -0.306491 -57.509766 357.307953 0.314515 -0.945606 -0.083119 0.007500 0.992500
birch_leaves.bmp
1 -0.306491 -57.509766 357.307953 -0.314515 0.945606 0.083119 0.007500 0.992500
1 36.966778 -45.112419 357.307953 -0.314515 0.945606 0.083119 0.492500 0.992500
1 35.647640 -41.146355 307.196472 -0.314515 0.945606 0.083119 0.492500 0.507500
birch_leaves.bmp
1 -0.306491 -57.509766 357.307953 -0.314515 0.945606 0.083119 0.007500 0.992500
1 35.647640 -41.146355 307.196472 -0.314515 0.945606 0.083119 0.492500 0.507500
1 -1.625630 -53.543701 307.196472 -0.314515 0.945606 0.083119 0.007500 0.507500
birch_leaves.bmp
1 50.333267 -76.584869 300.028046 0.984219 0.124670 -0.125580 0.507500 0.507500
1 45.129753 -35.505077 300.028046 0.984219 0.124670 -0.125580 0.992500 0.507500
1 51.610855 -34.684124 351.638092 0.984219 0.124670 -0.125580 0.992500 0.992500
birch_leaves.bmp
1 50.333267 -76.584869 300.028046 0.984219 0.124670 -0.125580 0.507500 0.507500
1 51.610855 -34.684124 351.638092 0.984219 0.124670 -0.125580 0.992500 0.992500
1 56.814369 -75.763916 351.638092 0.984219 0.124670 -0.125580 0.507500 0.992500
birch_leaves.bmp
1 56.814369 -75.763916 351.638092 -0.984219 -0.124670 0.125580 0.507500 0.992500
1 51.610855 -34.684124 351.638092 -0.984219 -0.124670 0.125580 0.992500 0.992500
1 45.129753 -35.505077 300.028046 -0.984219 -0.124670 0.125580 0.992500 0.507500
birch_leaves.bmp
1 56.814369 -75.763916 351.638092 -0.984219 -0.124670 0.125580 0.507500 0.992500
1 45.129753 -35.505077 300.028046 -0.984219 -0.124670 0.125580 0.992500 0.507500
1 50.333267 -76.584869 300.028046 -0.984219 -0.124670 0.125580 0.507500 0.507500
birch_leaves.bmp
1 72.972900 -64.566307 302.309174 -0.112657 0.889387 -0.443056 0.507500 0.007500
1 31.893103 -69.769821 302.309174 -0.112657 0.889387 -0.443056 0.992500 0.007500
1 28.971224 -46.702690 349.356964 -0.112657 0.889387 -0.443056 0.992500 0.492500
birch_leaves.bmp
1 72.972900 -64.566307 302.309174 -0.112657 0.889388 -0.443056 0.507500 0.007500
1 28.971224 -46.702690 349.356964 -0.112657 0.889388 -0.443056 0.992500 0.492500
1 70.051025 -41.499176 349.356964 -0.112657 0.889388 -0.443056 0.507500 0.492500
birch_leaves.bmp
1 70.051025 -41.499176 349.356964 0.112657 -0.889388 0.443056 0.507500 0.492500
1 28.971224 -46.702690 349.356964 0.112657 -0.889388 0.443056 0.992500 0.492500
1 31.893103 -69.769821 302.309174 0.112657 -0.889388 0.443056 0.992500 0.007500
birch_leaves.bmp
1 70.051025 -41.499176 349.356964 0.112657 -0.889387 0.443056 0.507500 0.492500
1 31.893103 -69.769821 302.309174 0.112657 -0.889387 0.443056 0.992500 0.007500
1 72.972900 -64.566307 302.309174 0.112657 -0.889387 0.443056 0.507500 0.007500
birch_leaves.bmp
1 0.427951 -58.267979 313.172791 -0.601547 -0.755601 0.259247 0.007500 0.507500
1 33.661144 -84.725517 313.172791 -0.601547 -0.755601 0.259247 0.492500 0.507500
1 42.193668 -74.007851 364.209015 -0.601547 -0.755601 0.259247 0.492500 0.992500
birch_leaves.bmp
1 0.427951 -58.267979 313.172791 -0.601547 -0.755601 0.259247 0.007500 0.507500
1 42.193668 -74.007851 364.209015 -0.601547 -0.755601 0.259247 0.492500 0.992500
1 8.960477 -47.550312 364.209015 -0.601547 -0.755601 0.259247 0.007500 0.992500
birch_leaves.bmp
1 8.960477 -47.550312 364.209015 0.601547 0.755601 -0.259247 0.007500 0.992500
1 42.193668 -74.007851 364.209015 0.601547 0.755601 -0.259247 0.492500 0.992500
1 33.661144 -84.725517 313.172791 0.601547 0.755601 -0.259247 0.492500 0.507500
birch_leaves.bmp
1 8.960477 -47.550312 364.209015 0.601547 0.755600 -0.259247 0.007500 0.992500
1 33.661144 -84.725517 313.172791 0.601547 0.755600 -0.259247 0.492500 0.507500
1 0.427951 -58.267979 313.172791 0.601547 0.755600 -0.259247 0.007500 0.507500
birch_leaves.bmp
1 -0.444468 -75.966415 314.478973 0.713404 -0.567954 -0.410466 0.007500 0.507500
1 26.013073 -42.733215 314.478973 0.713404 -0.567954 -0.410466 0.492500 0.507500
1 43.066090 -56.309425 362.902832 0.713404 -0.567954 -0.410466 0.492500 0.992500
birch_leaves.bmp
1 -0.444468 -75.966415 314.478973 0.713404 -0.567954 -0.410466 0.007500 0.507500
1 43.066090 -56.309425 362.902832 0.713404 -0.567954 -0.410466 0.492500 0.992500
1 16.608547 -89.542618 362.902832 0.713404 -0.567954 -0.410466 0.007500 0.992500
birch_leaves.bmp
1 16.608547 -89.542618 362.902832 -0.713404 0.567954 0.410466 0.007500 0.992500
1 43.066090 -56.309425 362.902832 -0.713404 0.567954 0.410466 0.492500 0.992500
1 26.013073 -42.733215 314.478973 -0.713404 0.567954 0.410466 0.492500 0.507500
birch_leaves.bmp
1 16.608547 -89.542618 362.902832 -0.713404 0.567954 0.410466 0.007500 0.992500
1 26.013073 -42.733215 314.478973 -0.713404 0.567954 0.410466 0.492500 0.507500
1 -0.444468 -75.966415 314.478973 -0.713404 0.567954 0.410466 0.007500 0.507500
birch_leaves.bmp
1 24.656479 -30.725527 320.736145 -0.623381 0.724142 0.294980 0.507500 0.507500
1 1.729675 -50.462173 320.736145 -0.623381 0.724142 0.294980 0.992500 0.507500
1 11.515038 -61.829208 369.320312 -0.623381 0.724142 0.294980 0.992500 0.992500
birch_leaves.bmp
1 24.656479 -30.725527 320.736145 -0.623381 0.724142 0.294980 0.507500 0.507500
1 11.515038 -61.829208 369.320312 -0.623381 0.724142 0.294980 0.992500 0.992500
1 34.441841 -42.092560 369.320312 -0.623381 0.724142 0.294980 0.507500 0.992500
birch_leaves.bmp
1 34.441841 -42.092560 369.320312 0.623381 -0.724142 -0.294980 0.507500 0.992500
1 11.515038 -61.829208 369.320312 0.623381 -0.724142 -0.294980 0.992500 0.992500
1 1.729675 -50.462173 320.736145 0.623381 -0.724142 -0.294980 0.992500 0.507500
birch_leaves.bmp
1 34.441841 -42.092560 369.320312 0.623381 -0.724142 -0.294980 0.507500 0.992500
1 1.729675 -50.462173 320.736145 0.623381 -0.724142 -0.294980 0.992500 0.507500
1 24.656479 -30.725527 320.736145 0.623381 -0.724142 -0.294980 0.507500 0.507500
birch_leaves.bmp
1 10.652615 -32.717628 319.896423 -0.751746 -0.647144 -0.126822 0.507500 0.007500
1 30.389259 -55.644432 319.896423 -0.751746 -0.647144 -0.126822 0.992500 0.007500
1 25.518902 -59.837105 370.160065 -0.751746 -0.647144 -0.126822 0.992500 0.492500
birch_leaves.bmp
1 10.652615 -32.717628 319.896423 -0.751746 -0.647144 -0.126822 0.507500 0.007500
1 25.518902 -59.837105 370.160065 -0.751746 -0.647144 -0.126822 0.992500 0.492500
1 5.782257 -36.910301 370.160065 -0.751746 -0.647144 -0.126822 0.507500 0.492500
birch_leaves.bmp
1 5.782257 -36.910301 370.160065 0.751746 0.647144 0.126822 0.507500 0.492500
1 25.518902 -59.837105 370.160065 0.751746 0.647144 0.126822 0.992500 0.492500
1 30.389259 -55.644432 319.896423 0.751746 0.647144 0.126822 0.992500 0.007500
birch_leaves.bmp
1 5.782257 -36.910301 370.160065 0.751746 0.647144 0.126822 0.507500 0.492500
1 30.389259 -55.644432 319.896423 0.751746 0.647144 0.126822 0.992500 0.007500
1 10.652615 -32.717628 319.896423 0.751746 0.647144 0.126822 0.507500 0.007500
birch_leaves.bmp
1 49.562466 -70.940399 308.481720 -0.354226 0.869118 -0.345194 0.507500 0.007500
1 9.407789 -87.306206 308.481720 -0.354226 0.869118 -0.345194 0.992500 0.007500
1 3.108053 -71.849358 353.863068 -0.354226 0.869118 -0.345194 0.992500 0.492500
birch_leaves.bmp
1 49.562466 -70.940399 308.481720 -0.354226 0.869118 -0.345194 0.507500 0.007500
1 3.108053 -71.849358 353.863068 -0.354226 0.869118 -0.345194 0.992500 0.492500
1 43.262730 -55.483547 353.863068 -0.354226 0.869118 -0.345194 0.507500 0.492500
birch_leaves.bmp
1 43.262730 -55.483547 353.863068 0.354226 -0.869118 0.345194 0.507500 0.492500
1 3.108053 -71.849358 353.863068 0.354226 -0.869118 0.345194 0.992500 0.492500
1 9.407789 -87.306206 308.481720 0.354226 -0.869118 0.345194 0.992500 0.007500
birch_leaves.bmp
1 43.262730 -55.483547 353.863068 0.354226 -0.869118 0.345194 0.507500 0.492500
1 9.407789 -87.306206 308.481720 0.354226 -0.869118 0.345194 0.992500 0.007500
1 49.562466 -70.940399 308.481720 0.354226 -0.869118 0.345194 0.507500 0.007500
birch_leaves.bmp
1 11.486523 -54.034325 308.129211 -0.883917 -0.360257 0.298170 0.007500 0.507500
1 27.852333 -94.189003 308.129211 -0.883917 -0.360257 0.298170 0.492500 0.507500
1 41.183998 -88.755424 354.215576 -0.883917 -0.360257 0.298170 0.492500 0.992500
birch_leaves.bmp
1 11.486523 -54.034325 308.129211 -0.883917 -0.360257 0.298170 0.007500 0.507500
1 41.183998 -88.755424 354.215576 -0.883917 -0.360257 0.298170 0.492500 0.992500
1 24.818188 -48.600746 354.215576 -0.883917 -0.360257 0.298170 0.007500 0.992500
birch_leaves.bmp
1 24.818188 -48.600746 354.215576 0.883917 0.360257 -0.298170 0.007500 0.992500
1 41.183998 -88.755424 354.215576 0.883917 0.360257 -0.298170 0.492500 0.992500
1 27.852333 -94.189003 308.129211 0.883917 0.360257 -0.298170 0.492500 0.507500
birch_leaves.bmp
1 24.818188 -48.600746 354.215576 0.883917 0.360257 -0.298170 0.007500 0.992500
1 27.852333 -94.189003 308.129211 0.883917 0.360257 -0.298170 0.492500 0.507500
1 11.486523 -54.034325 308.129211 0.883917 0.360257 -0.298170 0.007500 0.507500
birch_leaves.bmp
1 27.091257 -71.863754 299.656219 0.882450 0.106226 0.458256 0.007500 0.007500
1 23.649048 -43.268349 299.656219 0.882450 0.106226 0.458256 0.492500 0.007500
1 6.449403 -45.338776 333.256989 0.882450 0.106226 0.458256 0.492500 0.492500
birch_leaves.bmp
1 27.091257 -71.863754 299.656219 0.882450 0.106226 0.458256 0.007500 0.007500
1 6.449403 -45.338776 333.256989 0.882450 0.106226 0.458256 0.492500 0.492500
1 9.891611 -73.934189 333.256989 0.882450 0.106226 0.458256 0.007500 0.492500
birch_leaves.bmp
1 9.891611 -73.934189 333.256989 -0.882450 -0.106226 -0.458256 0.007500 0.492500
1 6.449403 -45.338776 333.256989 -0.882450 -0.106226 -0.458256 0.492500 0.492500
1 23.649048 -43.268349 299.656219 -0.882450 -0.106226 -0.458256 0.492500 0.007500
birch_leaves.bmp
1 9.891611 -73.934189 333.256989 -0.882450 -0.106226 -0.458256 0.007500 0.492500
1 23.649048 -43.268349 299.656219 -0.882450 -0.106226 -0.458256 0.492500 0.007500
1 27.091257 -71.863754 299.656219 -0.882450 -0.106226 -0.458256 0.007500 0.007500
birch_leaves.bmp
1 30.232780 -49.941448 298.965973 -0.110982 0.921957 0.371050 0.507500 0.507500
1 1.637367 -53.383656 298.965973 -0.110982 0.921957 0.371050 0.992500 0.507500
1 3.307881 -67.261086 333.947235 -0.110982 0.921957 0.371050 0.992500 0.992500
birch_leaves.bmp
1 30.232780 -49.941448 298.965973 -0.110982 0.921957 0.371050 0.507500 0.507500
1 3.307881 -67.261086 333.947235 -0.110982 0.921957 0.371050 0.992500 0.992500
1 31.903294 -63.818882 333.947235 -0.110982 0.921957 0.371050 0.507500 0.992500
birch_leaves.bmp
1 31.903294 -63.818882 333.947235 0.110982 -0.921957 -0.371050 0.507500 0.992500
1 3.307881 -67.261086 333.947235 0.110982 -0.921957 -0.371050 0.992500 0.992500
1 1.637367 -53.383656 298.965973 0.110982 -0.921957 -0.371050 0.992500 0.507500
birch_leaves.bmp
1 31.903294 -63.818882 333.947235 0.110982 -0.921957 -0.371050 0.507500 0.992500
1 1.637367 -53.383656 298.965973 0.110982 -0.921957 -0.371050 0.992500 0.507500
1 30.232780 -49.941448 298.965973 0.110982 -0.921957 -0.371050 0.507500 0.507500
birch_leaves.bmp
1 44.154888 -47.978390 298.416199 0.274659 0.925579 0.260510 0.507500 0.007500
1 11.440542 -38.270649 298.416199 0.274659 0.925579 0.260510 0.992500 0.007500
1 7.682214 -50.935925 347.377716 0.274659 0.925579 0.260510 0.992500 0.492500
birch_leaves.bmp
1 44.154888 -47.978390 298.416199 0.274659 0.925579 0.260510 0.507500 0.007500
1 7.682214 -50.935925 347.377716 0.274659 0.925579 0.260510 0.992500 0.492500
1 40.396557 -60.643665 347.377716 0.274659 0.925579 0.260510 0.507500 0.492500
birch_leaves.bmp
1 40.396557 -60.643665 347.377716 -0.274659 -0.925579 -0.260510 0.507500 0.492500
1 7.682214 -50.935925 347.377716 -0.274659 -0.925579 -0.260510 0.992500 0.492500
1 11.440542 -38.270649 298.416199 -0.274659 -0.925579 -0.260510 0.992500 0.007500
birch_leaves.bmp
1 40.396557 -60.643665 347.377716 -0.274659 -0.925579 -0.260510 0.507500 0.492500
1 11.440542 -38.270649 298.416199 -0.274659 -0.925579 -0.260510 0.992500 0.007500
1 44.154888 -47.978390 298.416199 -0.274659 -0.925579 -0.260510 0.507500 0.007500
birch_leaves.bmp
1 40.193043 -35.895485 299.413696 -0.884375 0.262432 -0.386019 0.507500 0.507500
1 30.485298 -68.609833 299.413696 -0.884375 0.262432 -0.386019 0.992500 0.507500
1 11.644057 -63.018829 346.380249 -0.884375 0.262432 -0.386019 0.992500 0.992500
birch_leaves.bmp
1 40.193043 -35.895485 299.413696 -0.884375 0.262432 -0.386019 0.507500 0.507500
1 11.644057 -63.018829 346.380249 -0.884375 0.262432 -0.386019 0.992500 0.992500
1 21.351803 -30.304482 346.380249 -0.884375 0.262432 -0.386019 0.507500 0.992500
birch_leaves.bmp
1 21.351803 -30.304482 346.380249 0.884375 -0.262432 0.386019 0.507500 0.992500
1 11.644057 -63.018829 346.380249 0.884375 -0.262432 0.386019 0.992500 0.992500
1 30.485298 -68.609833 299.413696 0.884375 -0.262432 0.386019 0.992500 0.507500
birch_leaves.bmp
1 21.351803 -30.304482 346.380249 0.884375 -0.262432 0.386019 0.507500 0.992500
1 30.485298 -68.609833 299.413696 0.884375 -0.262432 0.386019 0.992500 0.507500
1 40.193043 -35.895485 299.413696 0.884375 -0.262432 0.386019 0.507500 0.507500
birch_leaves.bmp
1 35.483738 -33.510006 305.164825 0.032602 -0.960418 -0.276650 0.007500 0.007500
1 72.260757 -32.261600 305.164825 0.032602 -0.960418 -0.276650 0.492500 0.007500
1 72.668442 -44.271648 346.906891 0.032602 -0.960418 -0.276650 0.492500 0.492500
birch_leaves.bmp
1 35.483738 -33.510006 305.164825 0.032602 -0.960418 -0.276650 0.007500 0.007500
1 72.668442 -44.271648 346.906891 0.032602 -0.960418 -0.276650 0.492500 0.492500
1 35.891422 -45.520054 346.906891 0.032602 -0.960418 -0.276650 0.007500 0.492500
birch_leaves.bmp
1 35.891422 -45.520054 346.906891 -0.032602 0.960418 0.276650 0.007500 0.492500
1 72.668442 -44.271648 346.906891 -0.032602 0.960418 0.276650 0.492500 0.492500
1 72.260757 -32.261600 305.164825 -0.032602 0.960418 0.276650 0.492500 0.007500
birch_leaves.bmp
1 35.891422 -45.520054 346.906891 -0.032602 0.960418 0.276650 0.007500 0.492500
1 72.260757 -32.261600 305.164825 -0.032602 0.960418 0.276650 0.492500 0.007500
1 35.483738 -33.510006 305.164825 -0.032602 0.960418 0.276650 0.007500 0.007500
birch_leaves.bmp
1 64.857727 -56.934540 306.674377 0.884916 0.030039 0.464780 0.007500 0.507500
1 63.609322 -20.157524 306.674377 0.884916 0.030039 0.464780 0.492500 0.507500
1 43.294449 -20.847115 345.397339 0.884916 0.030039 0.464780 0.492500 0.992500
birch_leaves.bmp
1 64.857727 -56.934540 306.674377 0.884916 0.030039 0.464780 0.007500 0.507500
1 43.294449 -20.847115 345.397339 0.884916 0.030039 0.464780 0.492500 0.992500
1 44.542854 -57.624130 345.397339 0.884916 0.030039 0.464780 0.007500 0.992500
birch_leaves.bmp
1 44.542854 -57.624130 345.397339 -0.884916 -0.030039 -0.464780 0.007500 0.992500
1 43.294449 -20.847115 345.397339 -0.884916 -0.030039 -0.464780 0.492500 0.992500
1 63.609322 -20.157524 306.674377 -0.884916 -0.030039 -0.464780 0.492500 0.507500
birch_leaves.bmp
1 44.542854 -57.624130 345.397339 -0.884916 -0.030039 -0.464780 0.007500 0.992500
1 63.609322 -20.157524 306.674377 -0.884916 -0.030039 -0.464780 0.492500 0.507500
1 64.857727 -56.934540 306.674377 -0.884916 -0.030039 -0.464780 0.007500 0.507500
birch_leaves.bmp
1 46.777020 -90.863747 297.240265 0.908557 0.194970 0.369474 0.007500 0.007500
1 38.871433 -54.023796 297.240265 0.908557 0.194970 0.369474 0.492500 0.007500
1 23.301538 -57.364983 337.290619 0.908557 0.194970 0.369474 0.492500 0.492500
birch_leaves.bmp
1 46.777020 -90.863747 297.240265 0.908557 0.194970 0.369474 0.007500 0.007500
1 23.301538 -57.364983 337.290619 0.908557 0.194970 0.369474 0.492500 0.492500
1 31.207127 -94.204933 337.290619 0.908557 0.194970 0.369474 0.007500 0.492500
birch_leaves.bmp
1 31.207127 -94.204933 337.290619 -0.908557 -0.194970 -0.369474 0.007500 0.492500
1 23.301538 -57.364983 337.290619 -0.908557 -0.194970 -0.369474 0.492500 0.492500
1 38.871433 -54.023796 297.240265 -0.908557 -0.194970 -0.369474 0.492500 0.007500
birch_leaves.bmp
1 31.207127 -94.204933 337.290619 -0.908557 -0.194970 -0.369474 0.007500 0.492500
1 38.871433 -54.023796 297.240265 -0.908557 -0.194970 -0.369474 0.492500 0.007500
1 46.777020 -90.863747 297.240265 -0.908557 -0.194970 -0.369474 0.007500 0.007500
birch_leaves.bmp
1 53.699581 -71.281494 295.884949 -0.209516 0.976341 -0.053497 0.007500 0.507500
1 16.859634 -79.187088 295.884949 -0.209516 0.976341 -0.053497 0.492500 0.507500
1 16.378979 -76.947235 338.645935 -0.209516 0.976341 -0.053497 0.492500 0.992500
birch_leaves.bmp
1 53.699581 -71.281494 295.884949 -0.209516 0.976341 -0.053497 0.007500 0.507500
1 16.378979 -76.947235 338.645935 -0.209516 0.976341 -0.053497 0.492500 0.992500
1 53.218922 -69.041641 338.645935 -0.209516 0.976341 -0.053497 0.007500 0.992500
birch_leaves.bmp
1 53.218922 -69.041641 338.645935 0.209516 -0.976341 0.053497 0.007500 0.992500
1 16.378979 -76.947235 338.645935 0.209516 -0.976341 0.053497 0.492500 0.992500
1 16.859634 -79.187088 295.884949 0.209516 -0.976341 0.053497 0.492500 0.507500
birch_leaves.bmp
1 53.218922 -69.041641 338.645935 0.209516 -0.976341 0.053497 0.007500 0.992500
1 16.859634 -79.187088 295.884949 0.209516 -0.976341 0.053497 0.492500 0.507500
1 53.699581 -71.281494 295.884949 0.209516 -0.976341 0.053497 0.007500 0.507500
birch_bark.bmp
0 1.536013 1.000000 306.614655 -0.857674 -0.401839 -0.320812 0.000000 0.000000
0 3.512378 -1.257737 308.460571 -0.361825 -0.922758 0.132664 0.166667 0.000000
0 8.424960 28.439413 335.122589 -0.324976 -0.502786 0.800997 0.166667 0.340693
birch_bark.bmp
0 1.536013 1.000000 306.614655 -0.857674 -0.401839 -0.320812 0.000000 0.000000
0 8.424960 28.439413 335.122589 -0.324976 -0.502786 0.800997 0.166667 0.340693
0 7.175855 29.560900 334.012329 -0.974330 0.032784 0.222726 0.000000 0.340693
birch_bark.bmp
0 3.512378 -1.257737 308.460571 -0.361825 -0.922758 0.132664 0.166667 0.000000
0 6.923758 -1.050256 307.797089 0.401336 -0.915794 -0.015809 0.333333 0.000000
0 10.345400 28.522959 334.690796 0.585363 -0.510939 0.629517 0.333333 0.340693
birch_bark.bmp
0 3.512378 -1.257737 308.460571 -0.361825 -0.922758 0.132664 0.166667 0.000000
0 10.345400 28.522959 334.690796 0.585363 -0.510939 0.629517 0.333333 0.340693
0 8.424960 28.439413 335.122589 -0.324976 -0.502786 0.800997 0.166667 0.340693
birch_bark.bmp
0 6.923758 -1.050256 307.797089 0.401336 -0.915794 -0.015809 0.333333 0.000000
0 8.574191 1.000000 305.647278 0.740325 -0.418622 -0.525999 0.500000 0.000000
0 11.245127 29.560900 333.306763 0.994350 -0.014352 -0.105178 0.500000 0.340693
birch_bark.bmp
0 6.923758 -1.050256 307.797089 0.401336 -0.915794 -0.015809 0.333333 0.000000
0 11.245127 29.560900 333.306763 0.994350 -0.014352 -0.105178 0.500000 0.340693
0 10.345400 28.522959 334.690796 0.585363 -0.510939 0.629517 0.333333 0.340693
birch_bark.bmp
0 8.574191 1.000000 305.647278 0.740325 -0.418622 -0.525999 0.500000 0.000000
0 6.446530 3.195374 303.880646 0.233261 0.100581 -0.967198 0.666667 0.000000
0 9.921539 30.646124 332.252350 0.348860 0.556839 -0.753808 0.666667 0.340693
birch_bark.bmp
0 8.574191 1.000000 305.647278 0.740325 -0.418622 -0.525999 0.500000 0.000000
0 9.921539 30.646124 332.252350 0.348860 0.556839 -0.753808 0.666667 0.340693
0 11.245127 29.560900 333.306763 0.994350 -0.014352 -0.105178 0.500000 0.340693
birch_bark.bmp
0 6.446530 3.195374 303.880646 0.233261 0.100581 -0.967198 0.666667 0.000000
0 3.063009 3.064360 304.468597 -0.522993 0.072954 -0.849209 0.833333 0.000000
0 8.002742 30.619377 332.616669 -0.616411 0.555510 -0.558073 0.833333 0.340693
birch_bark.bmp
0 6.446530 3.195374 303.880646 0.233261 0.100581 -0.967198 0.666667 0.000000
0 8.002742 30.619377 332.616669 -0.616411 0.555510 -0.558073 0.833333 0.340693
0 9.921539 30.646124 332.252350 0.348860 0.556839 -0.753808 0.666667 0.340693
birch_bark.bmp
0 3.063009 3.064360 304.468597 -0.522993 0.072954 -0.849209 0.833333 0.000000
0 1.536013 1.000000 306.614655 -0.857674 -0.401839 -0.320812 1.000000 0.000000
0 7.175855 29.560900 334.012329 -0.974330 0.032784 0.222726 1.000000 0.340693
birch_bark.bmp
0 3.063009 3.064360 304.468597 -0.522993 0.072954 -0.849209 0.833333 0.000000
0 7.175855 29.560900 334.012329 -0.974330 0.032784 0.222726 1.000000 0.340693
0 8.002742 30.619377 332.616669 -0.616411 0.555510 -0.558073 0.833333 0.340693
birch_bark.bmp
0 7.175855 29.560900 334.012329 -0.974330 0.032784 0.222726 0.000000 0.340693
0 8.424960 28.439413 335.122589 -0.324976 -0.502786 0.800997 0.166667 0.340693
0 13.185689 57.850151 350.259033 -0.158323 0.185564 0.969794 0.166667 0.619654
birch_bark.bmp
0 7.175855 29.560900 334.012329 -0.974330 0.032784 0.222726 0.000000 0.340693
0 13.185689 57.850151 350.259033 -0.158323 0.185564 0.969794 0.166667 0.619654
0 12.765603 58.121799 349.922485 -0.694655 0.545561 0.468848 0.000000 0.619654
birch_bark.bmp
0 8.424960 28.439413 335.122589 -0.324976 -0.502786 0.800997 0.166667 0.340693
0 10.345400 28.522959 334.690796 0.585363 -0.510939 0.629517 0.333333 0.340693
0 13.751722 57.862289 350.106689 0.550900 0.174278 0.816172 0.333333 0.619654
birch_bark.bmp
0 8.424960 28.439413 335.122589 -0.324976 -0.502786 0.800997 0.166667 0.340693
0 13.751722 57.862289 350.106689 0.550900 0.174278 0.816172 0.333333 0.619654
0 13.185689 57.850151 350.259033 -0.158323 0.185564 0.969794 0.166667 0.619654
birch_bark.bmp
0 10.345400 28.522959 334.690796 0.585363 -0.510939 0.629517 0.333333 0.340693
0 11.245127 29.560900 333.306763 0.994350 -0.014352 -0.105178 0.500000 0.340693
0 13.985257 58.121799 349.636169 0.851101 0.500979 0.156997 0.500000 0.619654
birch_bark.bmp
0 10.345400 28.522959 334.690796 0.585363 -0.510939 0.629517 0.333333 0.340693
0 13.985257 58.121799 349.636169 0.851101 0.500979 0.156997 0.500000 0.619654
0 13.751722 57.862289 350.106689 0.550900 0.174278 0.816172 0.333333 0.619654
birch_bark.bmp
0 11.245127 29.560900 333.306763 0.994350 -0.014352 -0.105178 0.500000 0.340693
0 9.921539 30.646124 332.252350 0.348860 0.556839 -0.753808 0.666667 0.340693
0 13.550537 58.384720 349.317047 0.317521 0.892331 -0.320820 0.666667 0.619654
birch_bark.bmp
0 11.245127 29.560900 333.306763 0.994350 -0.014352 -0.105178 0.500000 0.340693
0 13.550537 58.384720 349.317047 0.317521 0.892331 -0.320820 0.666667 0.619654
0 13.985257 58.121799 349.636169 0.851101 0.500979 0.156997 0.500000 0.619654
birch_bark.bmp
0 9.921539 30.646124 332.252350 0.348860 0.556839 -0.753808 0.666667 0.340693
0 8.002742 30.619377 332.616669 -0.616411 0.555510 -0.558073 0.833333 0.340693
0 12.979321 58.388905 349.444458 -0.401581 0.898072 -0.179441 0.833333 0.619654
birch_bark.bmp
0 9.921539 30.646124 332.252350 0.348860 0.556839 -0.753808 0.666667 0.340693
0 12.979321 58.388905 349.444458 -0.401581 0.898072 -0.179441 0.833333 0.619654
0 13.550537 58.384720 349.317047 0.317521 0.892331 -0.320820 0.666667 0.619654
birch_bark.bmp
0 8.002742 30.619377 332.616669 -0.616411 0.555510 -0.558073 0.833333 0.340693
0 7.175855 29.560900 334.012329 -0.974330 0.032784 0.222726 1.000000 0.340693
0 12.765603 58.121799 349.922485 -0.694655 0.545561 0.468848 1.000000 0.619654
birch_bark.bmp
0 8.002742 30.619377 332.616669 -0.616411 0.555510 -0.558073 0.833333 0.340693
0 12.765603 58.121799 349.922485 -0.694655 0.545561 0.468848 1.000000 0.619654
0 12.979321 58.388905 349.444458 -0.401581 0.898072 -0.179441 0.833333 0.619654
birch_bark.bmp
0 1.536013 1.000000 306.614655 -0.857674 -0.401839 -0.320812 0.950000 0.500000
0 3.063009 3.064360 304.468597 -0.522993 0.072954 -0.849209 0.725000 0.110289
0 6.446530 3.195374 303.880646 0.233261 0.100581 -0.967198 0.275000 0.110289
birch_bark.bmp
0 6.446530 3.195374 303.880646 0.233261 0.100581 -0.967198 0.275000 0.110289
0 8.574191 1.000000 305.647278 0.740325 -0.418622 -0.525999 0.050000 0.500000
0 6.923758 -1.050256 307.797089 0.401336 -0.915794 -0.015809 0.275000 0.889711
birch_bark.bmp
0 6.923758 -1.050256 307.797089 0.401336 -0.915794 -0.015809 0.275000 0.889711
0 3.512378 -1.257737 308.460571 -0.361825 -0.922758 0.132664 0.725000 0.889711
0 1.536013 1.000000 306.614655 -0.857674 -0.401839 -0.320812 0.950000 0.500000
birch_bark.bmp
0 6.446530 3.195374 303.880646 0.233261 0.100581 -0.967198 0.275000 0.110289
0 6.923758 -1.050256 307.797089 0.401336 -0.915794 -0.015809 0.275000 0.889711
0 1.536013 1.000000 306.614655 -0.857674 -0.401839 -0.320812 0.950000 0.500000
birch_bark.bmp
0 12.979321 58.388905 349.444458 -0.401581 0.898072 -0.179441 0.725000 0.110289
0 12.765603 58.121799 349.922485 -0.694655 0.545561 0.468848 0.950000 0.500000
0 13.185689 57.850151 350.259033 -0.158323 0.185564 0.969794 0.725000 0.889711
birch_bark.bmp
0 13.185689 57.850151 350.259033 -0.158323 0.185564 0.969794 0.725000 0.889711
0 13.751722 57.862289 350.106689 0.550900 0.174278 0.816172 0.275000 0.889711
0 13.985257 58.121799 349.636169 0.851101 0.500979 0.156997 0.050000 0.500000
birch_bark.bmp
0 13.985257 58.121799 349.636169 0.851101 0.500979 0.156997 0.050000 0.500000
0 13.550537 58.384720 349.317047 0.317521 0.892331 -0.320820 0.275000 0.110289
0 12.979321 58.388905 349.444458 -0.401581 0.898072 -0.179441 0.725000 0.110289
birch_bark.bmp
0 13.185689 57.850151 350.259033 -0.158323 0.185564 0.969794 0.725000 0.889711
0 13.985257 58.121799 349.636169 0.851101 0.500979 0.156997 0.050000 0.500000
0 12.979321 58.388905 349.444458 -0.401581 0.898072 -0.179441 0.725000 0.110289
birch_leaves.bmp
1 -22.584728 69.181465 329.697906 0.716259 -0.646868 -0.261790 0.507500 0.007500
1 -1.320783 92.726433 329.697906 0.716259 -0.646868 -0.261790 0.992500 0.007500
1 6.903812 85.298622 370.554169 0.716259 -0.646868 -0.261790 0.992500 0.492500
birch_leaves.bmp
1 -22.584728 69.181465 329.697906 0.716259 -0.646869 -0.261790 0.507500 0.007500
1 6.903812 85.298622 370.554169 0.716259 -0.646869 -0.261790 0.992500 0.492500
1 -14.360134 61.753658 370.554169 0.716259 -0.646869 -0.261790 0.507500 0.492500
birch_leaves.bmp
1 -14.360134 61.753658 370.554169 -0.716259 0.646869 0.261790 0.507500 0.492500
1 6.903812 85.298622 370.554169 -0.716259 0.646869 0.261790 0.992500 0.492500
1 -1.320783 92.726433 329.697906 -0.716259 0.646869 0.261790 0.992500 0.007500
birch_leaves.bmp
1 -14.360134 61.753658 370.554169 -0.716259 0.646868 0.261790 0.507500 0.492500
1 -1.320783 92.726433 329.697906 -0.716259 0.646868 0.261790 0.992500 0.007500
1 -22.584728 69.181465 329.697906 -0.716259 0.646868 0.261790 0.507500 0.007500
birch_leaves.bmp
1 9.542122 72.819977 330.588043 0.616087 0.682176 0.393793 0.507500 0.507500
1 -14.002840 94.083923 330.588043 0.616087 0.682176 0.393793 0.992500 0.507500
1 -25.223036 81.660110 369.664062 0.616087 0.682176 0.393793 0.992500 0.992500
birch_leaves.bmp
1 9.542122 72.819977 330.588043 0.616087 0.682176 0.393793 0.507500 0.507500
1 -25.223036 81.660110 369.664062 0.616087 0.682176 0.393793 0.992500 0.992500
1 -1.678075 60.396168 369.664062 0.616087 0.682176 0.393793 0.507500 0.992500
birch_leaves.bmp
1 -1.678075 60.396168 369.664062 -0.616087 -0.682176 -0.393793 0.507500 0.992500
1 -25.223036 81.660110 369.664062 -0.616087 -0.682176 -0.393793 0.992500 0.992500
1 -14.002840 94.083923 330.588043 -0.616087 -0.682176 -0.393793 0.992500 0.507500
birch_leaves.bmp
1 -1.678075 60.396168 369.664062 -0.616087 -0.682176 -0.393793 0.507500 0.992500
1 -14.002840 94.083923 330.588043 -0.616087 -0.682176 -0.393793 0.992500 0.507500
1 9.542122 72.819977 330.588043 -0.616087 -0.682176 -0.393793 0.507500 0.507500
birch_leaves.bmp
1 12.274088 41.843670 326.538910 0.928260 -0.291457 0.231055 0.007500 0.007500
1 24.378000 80.393410 326.538910 0.928260 -0.291457 0.231055 0.492500 0.007500
1 14.632654 83.453270 369.550507 0.928260 -0.291457 0.231055 0.492500 0.492500
birch_leaves.bmp
1 12.274088 41.843670 326.538910 0.928260 -0.291457 0.231055 0.007500 0.007500
1 14.632654 83.453270 369.550507 0.928260 -0.291457 0.231055 0.492500 0.492500
1 2.528741 44.903530 369.550507 0.928260 -0.291457 0.231055 0.007500 0.492500
birch_leaves.bmp
1 2.528741 44.903530 369.550507 -0.928260 0.291457 -0.231055 0.007500 0.492500
1 14.632654 83.453270 369.550507 -0.928260 0.291457 -0.231055 0.492500 0.492500
1 24.378000 80.393410 326.538910 -0.928260 0.291457 -0.231055 0.492500 0.007500
birch_leaves.bmp
1 2.528741 44.903530 369.550507 -0.928260 0.291457 -0.231055 0.007500 0.492500
1 24.378000 80.393410 326.538910 -0.928260 0.291457 -0.231055 0.492500 0.007500
1 12.274088 41.843670 326.538910 -0.928260 0.291457 -0.231055 0.007500 0.007500
birch_leaves.bmp
1 30.978725 51.024487 326.708191 0.288934 0.920226 -0.264009 0.507500 0.507500
1 -7.571016 63.128403 326.708191 0.288934 0.920226 -0.264009 0.992500 0.507500
1 -4.071986 74.272461 369.381226 0.288934 0.920226 -0.264009 0.992500 0.992500
birch_leaves.bmp
1 30.978725 51.024487 326.708191 0.288934 0.920226 -0.264009 0.507500 0.507500
1 -4.071986 74.272461 369.381226 0.288934 0.920226 -0.264009 0.992500 0.992500
1 34.477757 62.168545 369.381226 0.288934 0.920226 -0.264009 0.507500 0.992500
birch_leaves.bmp
1 34.477757 62.168545 369.381226 -0.288934 -0.920226 0.264009 0.507500 0.992500
1 -4.071986 74.272461 369.381226 -0.288934 -0.920226 0.264009 0.992500 0.992500
1 -7.571016 63.128403 326.708191 -0.288934 -0.920226 0.264009 0.992500 0.507500
birch_leaves.bmp
1 34.477757 62.168545 369.381226 -0.288934 -0.920226 0.264009 0.507500 0.992500
1 -7.571016 63.128403 326.708191 -0.288934 -0.920226 0.264009 0.992500 0.507500
1 30.978725 51.024487 326.708191 -0.288934 -0.920226 0.264009 0.507500 0.507500
birch_leaves.bmp
1 -15.452736 76.179901 338.911926 -0.787719 -0.604891 -0.116641 0.507500 0.007500
1 10.359486 42.565956 338.911926 -0.787719 -0.604891 -0.116641 0.992500 0.007500
1 5.638178 38.940453 389.598297 -0.787719 -0.604891 -0.116641 0.992500 0.492500
birch_leaves.bmp
1 -15.452736 76.179901 338.911926 -0.787719 -0.604891 -0.116641 0.507500 0.007500
1 5.638178 38.940453 389.598297 -0.787719 -0.604891 -0.116641 0.992500 0.492500
1 -20.174042 72.554398 389.598297 -0.787719 -0.604891 -0.116641 0.507500 0.492500
birch_leaves.bmp
1 -20.174042 72.554398 389.598297 0.787719 0.604891 0.116641 0.507500 0.492500
1 5.638178 38.940453 389.598297 0.787719 0.604891 0.116641 0.992500 0.492500
1 10.359486 42.565956 338.911926 0.787719 0.604891 0.116641 0.992500 0.007500
birch_leaves.bmp
1 -20.174042 72.554398 389.598297 0.787719 0.604891 0.116641 0.507500 0.492500
1 10.359486 42.565956 338.911926 0.787719 0.604891 0.116641 0.992500 0.007500
1 -15.452736 76.179901 338.911926 0.787719 0.604891 0.116641 0.507500 0.007500
birch_leaves.bmp
1 -22.402027 45.549728 338.777039 0.608451 -0.792355 -0.044280 0.507500 0.507500
1 11.211914 71.361946 338.777039 0.608451 -0.792355 -0.044280 0.992500 0.507500
1 12.587471 69.570625 389.733185 0.608451 -0.792355 -0.044280 0.992500 0.992500
birch_leaves.bmp
1 -22.402027 45.549728 338.777039 0.608451 -0.792355 -0.044280 0.507500 0.507500
1 12.587471 69.570625 389.733185 0.608451 -0.792355 -0.044280 0.992500 0.992500
1 -21.026470 43.758408 389.733185 0.608451 -0.792355 -0.044280 0.507500 0.992500
birch_leaves.bmp
1 -21.026470 43.758408 389.733185 -0.608451 0.792355 0.044280 0.507500 0.992500
1 12.587471 69.570625 389.733185 -0.608451 0.792355 0.044280 0.992500 0.992500
1 11.211914 71.361946 338.777039 -0.608451 0.792355 0.044280 0.992500 0.507500
birch_leaves.bmp
1 -21.026470 43.758408 389.733185 -0.608451 0.792355 0.044280 0.507500 0.992500
1 11.211914 71.361946 338.777039 -0.608451 0.792355 0.044280 0.992500 0.507500
1 -22.402027 45.549728 338.777039 -0.608451 0.792355 0.044280 0.507500 0.507500
birch_leaves.bmp
1 0.938376 31.410162 321.436188 0.974000 0.005296 -0.226486 0.507500 0.507500
1 0.713891 72.696243 321.436188 0.974000 0.005296 -0.226486 0.992500 0.507500
1 9.694812 72.745071 360.059692 0.974000 0.005296 -0.226486 0.992500 0.992500
birch_leaves.bmp
1 0.938376 31.410162 321.436188 0.974000 0.005296 -0.226486 0.507500 0.507500
1 9.694812 72.745071 360.059692 0.974000 0.005296 -0.226486 0.992500 0.992500
1 9.919297 31.458994 360.059692 0.974000 0.005296 -0.226486 0.507500 0.992500
birch_leaves.bmp
1 9.919297 31.458994 360.059692 -0.974000 -0.005296 0.226486 0.507500 0.992500
1 9.694812 72.745071 360.059692 -0.974000 -0.005296 0.226486 0.992500 0.992500
1 0.713891 72.696243 321.436188 -0.974000 -0.005296 0.226486 0.992500 0.507500
birch_leaves.bmp
1 9.919297 31.458994 360.059692 -0.974000 -0.005296 0.226486 0.507500 0.992500
1 0.713891 72.696243 321.436188 -0.974000 -0.005296 0.226486 0.992500 0.507500
1 0.938376 31.410162 321.436188 -0.974000 -0.005296 0.226486 0.507500 0.507500
birch_leaves.bmp
1 25.959351 52.241901 320.969940 -0.005437 0.999982 0.002631 0.007500 0.507500
1 -15.326729 52.017414 320.969940 -0.005437 0.999982 0.002631 0.492500 0.507500
1 -15.326162 51.913334 360.525909 -0.005437 0.999982 0.002631 0.492500 0.992500
birch_leaves.bmp
1 25.959351 52.241901 320.969940 -0.005437 0.999982 0.002631 0.007500 0.507500
1 -15.326162 51.913334 360.525909 -0.005437 0.999982 0.002631 0.492500 0.992500
1 25.959915 52.137821 360.525909 -0.005437 0.999982 0.002631 0.007500 0.992500
birch_leaves.bmp
1 25.959915 52.137821 360.525909 0.005437 -0.999982 -0.002631 0.007500 0.992500
1 -15.326162 51.913334 360.525909 0.005437 -0.999982 -0.002631 0.492500 0.992500
1 -15.326729 52.017414 320.969940 0.005437 -0.999982 -0.002631 0.492500 0.507500
birch_leaves.bmp
1 25.959915 52.137821 360.525909 0.005437 -0.999982 -0.002631 0.007500 0.992500
1 -15.326729 52.017414 320.969940 0.005437 -0.999982 -0.002631 0.492500 0.507500
1 25.959351 52.241901 320.969940 0.005437 -0.999982 -0.002631 0.007500 0.507500
birch_leaves.bmp
1 24.510065 44.024899 317.989105 0.104251 0.923356 -0.369520 0.007500 0.507500
1 -18.958357 48.932682 317.989105 0.104251 0.923356 -0.369520 0.492500 0.507500
1 -16.890978 67.243538 364.327454 0.104251 0.923356 -0.369520 0.492500 0.992500
birch_leaves.bmp
1 24.510065 44.024899 317.989105 0.104251 0.923356 -0.369520 0.007500 0.507500
1 -16.890978 67.243538 364.327454 0.104251 0.923356 -0.369520 0.492500 0.992500
1 26.577444 62.335751 364.327454 0.104251 0.923356 -0.369520 0.007500 0.992500
birch_leaves.bmp
1 26.577444 62.335751 364.327454 -0.104251 -0.923356 0.369520 0.007500 0.992500
1 -16.890978 67.243538 364.327454 -0.104251 -0.923356 0.369520 0.492500 0.992500
1 -18.958357 48.932682 317.989105 -0.104251 -0.923356 0.369520 0.492500 0.507500
birch_leaves.bmp
1 26.577444 62.335751 364.327454 -0.104251 -0.923356 0.369520 0.007500 0.992500
1 -18.958357 48.932682 317.989105 -0.104251 -0.923356 0.369520 0.492500 0.507500
1 24.510065 44.024899 317.989105 -0.104251 -0.923356 0.369520 0.007500 0.507500
birch_leaves.bmp
1 15.399941 76.336868 317.982269 -0.923653 0.104285 -0.368767 0.007500 0.007500
1 10.492158 32.868450 317.982269 -0.923653 0.104285 -0.368767 0.492500 0.007500
1 -7.780856 34.931561 364.334290 -0.923653 0.104285 -0.368767 0.492500 0.492500
birch_leaves.bmp
1 15.399941 76.336868 317.982269 -0.923653 0.104285 -0.368767 0.007500 0.007500
1 -7.780856 34.931561 364.334290 -0.923653 0.104285 -0.368767 0.492500 0.492500
1 -2.873073 78.399979 364.334290 -0.923653 0.104285 -0.368767 0.007500 0.492500
birch_leaves.bmp
1 -2.873073 78.399979 364.334290 0.923653 -0.104285 0.368767 0.007500 0.492500
1 -7.780856 34.931561 364.334290 0.923653 -0.104285 0.368767 0.492500 0.492500
1 10.492158 32.868450 317.982269 0.923653 -0.104285 0.368767 0.492500 0.007500
birch_leaves.bmp
1 -2.873073 78.399979 364.334290 0.923653 -0.104285 0.368767 0.007500 0.492500
1 10.492158 32.868450 317.982269 0.923653 -0.104285 0.368767 0.492500 0.007500
1 15.399941 76.336868 317.982269 0.923653 -0.104285 0.368767 0.007500 0.007500
birch_leaves.bmp
1 -13.163078 39.324474 335.718353 0.891471 -0.452806 -0.015683 0.007500 0.007500
1 1.887020 68.954689 335.718353 0.891471 -0.452806 -0.015683 0.492500 0.007500
1 2.462680 68.662300 376.882874 0.891471 -0.452806 -0.015683 0.492500 0.492500
birch_leaves.bmp
1 -13.163078 39.324474 335.718353 0.891471 -0.452806 -0.015683 0.007500 0.007500
1 2.462680 68.662300 376.882874 0.891471 -0.452806 -0.015683 0.492500 0.492500
1 -12.587418 39.032078 376.882874 0.891471 -0.452806 -0.015683 0.007500 0.492500
birch_leaves.bmp
1 -12.587418 39.032078 376.882874 -0.891471 0.452806 0.015683 0.007500 0.492500
1 2.462680 68.662300 376.882874 -0.891471 0.452806 0.015683 0.492500 0.492500
1 1.887020 68.954689 335.718353 -0.891471 0.452806 0.015683 0.492500 0.007500
birch_leaves.bmp
1 -12.587418 39.032078 376.882874 -0.891471 0.452806 0.015683 0.007500 0.492500
1 1.887020 68.954689 335.718353 -0.891471 0.452806 0.015683 0.492500 0.007500
1 -13.163078 39.324474 335.718353 -0.891471 0.452806 0.015683 0.007500 0.007500
birch_leaves.bmp
1 13.952744 55.303860 337.998871 0.398229 0.784023 0.476153 0.007500 0.507500
1 -15.677478 70.353951 337.998871 0.398229 0.784023 0.476153 0.492500 0.507500
1 -24.653141 52.682911 374.602356 0.398229 0.784023 0.476153 0.492500 0.992500
birch_leaves.bmp
1 13.952744 55.303860 337.998871 0.398229 0.784023 0.476153 0.007500 0.507500
1 -24.653141 52.682911 374.602356 0.398229 0.784023 0.476153 0.492500 0.992500
1 4.977079 37.632816 374.602356 0.398229 0.784023 0.476153 0.007500 0.992500
birch_leaves.bmp
1 4.977079 37.632816 374.602356 -0.398229 -0.784023 -0.476153 0.007500 0.992500
1 -24.653141 52.682911 374.602356 -0.398229 -0.784023 -0.476153 0.492500 0.992500
1 -15.677478 70.353951 337.998871 -0.398229 -0.784023 -0.476153 0.492500 0.507500
birch_leaves.bmp
1 4.977079 37.632816 374.602356 -0.398229 -0.784023 -0.476153 0.007500 0.992500
1 -15.677478 70.353951 337.998871 -0.398229 -0.784023 -0.476153 0.492500 0.507500
1 13.952744 55.303860 337.998871 -0.398229 -0.784023 -0.476153 0.007500 0.507500
birch_leaves.bmp
1 29.918665 42.132179 320.501617 -0.135128 0.912684 -0.385678 0.007500 0.007500
1 0.579936 37.788406 320.501617 -0.135128 0.912684 -0.385678 0.492500 0.007500
1 -2.546821 58.907173 371.573395 -0.135128 0.912684 -0.385678 0.492500 0.492500
birch_leaves.bmp
1 29.918665 42.132179 320.501617 -0.135128 0.912684 -0.385678 0.007500 0.007500
1 -2.546821 58.907173 371.573395 -0.135128 0.912684 -0.385678 0.492500 0.492500
1 26.791910 63.250946 371.573395 -0.135128 0.912684 -0.385678 0.007500 0.492500
birch_leaves.bmp
1 26.791910 63.250946 371.573395 0.135128 -0.912684 0.385678 0.007500 0.492500
1 -2.546821 58.907173 371.573395 0.135128 -0.912684 0.385678 0.492500 0.492500
1 0.579936 37.788406 320.501617 0.135128 -0.912684 0.385678 0.492500 0.007500
birch_leaves.bmp
1 26.791910 63.250946 371.573395 0.135128 -0.912684 0.385678 0.007500 0.492500
1 0.579936 37.788406 320.501617 0.135128 -0.912684 0.385678 0.492500 0.007500
1 29.918665 42.132179 320.501617 0.135128 -0.912684 0.385678 0.007500 0.007500
birch_leaves.bmp
1 2.014664 63.782604 320.119904 -0.927592 -0.137335 0.347436 0.507500 0.007500
1 6.358433 34.443874 320.119904 -0.927592 -0.137335 0.347436 0.992500 0.007500
1 25.357182 37.256748 371.955109 -0.927592 -0.137335 0.347436 0.992500 0.492500
birch_leaves.bmp
1 2.014664 63.782604 320.119904 -0.927592 -0.137335 0.347436 0.507500 0.007500
1 25.357182 37.256748 371.955109 -0.927592 -0.137335 0.347436 0.992500 0.492500
1 21.013412 66.595482 371.955109 -0.927592 -0.137335 0.347436 0.507500 0.492500
birch_leaves.bmp
1 21.013412 66.595482 371.955109 0.927592 0.137335 -0.347436 0.507500 0.492500
1 25.357182 37.256748 371.955109 0.927592 0.137335 -0.347436 0.992500 0.492500
1 6.358433 34.443874 320.119904 0.927592 0.137335 -0.347436 0.992500 0.007500
birch_leaves.bmp
1 21.013412 66.595482 371.955109 0.927592 0.137335 -0.347436 0.507500 0.492500
1 6.358433 34.443874 320.119904 0.927592 0.137335 -0.347436 0.992500 0.007500
1 2.014664 63.782604 320.119904 0.927592 0.137335 -0.347436 0.507500 0.007500
birch_leaves.bmp
1 -3.893973 53.341934 354.550201 -0.969454 -0.083597 -0.230588 0.007500 0.007500
1 -1.347855 23.815317 354.550201 -0.969454 -0.083597 -0.230588 0.492500 0.007500
1 -10.930632 22.988981 395.138336 -0.969454 -0.083597 -0.230588 0.492500 0.492500
birch_leaves.bmp
1 -3.893973 53.341934 354.550201 -0.969454 -0.083597 -0.230588 0.007500 0.007500
1 -10.930632 22.988981 395.138336 -0.969454 -0.083597 -0.230588 0.492500 0.492500
1 -13.476749 52.515602 395.138336 -0.969454 -0.083597 -0.230588 0.007500 0.492500
birch_leaves.bmp
1 -13.476749 52.515602 395.138336 0.969454 0.083597 0.230588 0.007500 0.492500
1 -10.930632 22.988981 395.138336 0.969454 0.083597 0.230588 0.492500 0.492500
1 -1.347855 23.815317 354.550201 0.969454 0.083597 0.230588 0.492500 0.007500
birch_leaves.bmp
1 -13.476749 52.515602 395.138336 0.969454 0.083597 0.230588 0.007500 0.492500
1 -1.347855 23.815317 354.550201 0.969454 0.083597 0.230588 0.492500 0.007500
1 -3.893973 53.341934 354.550201 0.969454 0.083597 0.230588 0.007500 0.007500
birch_leaves.bmp
1 -21.931059 34.056362 354.218323 0.085106 -0.986948 0.136713 0.007500 0.507500
1 7.595563 36.602482 354.218323 0.085106 -0.986948 0.136713 0.492500 0.507500
1 7.106453 42.274555 395.470215 0.085106 -0.986948 0.136713 0.492500 0.992500
birch_leaves.bmp
1 -21.931059 34.056362 354.218323 0.085106 -0.986948 0.136713 0.007500 0.507500
1 7.106453 42.274555 395.470215 0.085106 -0.986948 0.136713 0.492500 0.992500
1 -22.420168 39.728436 395.470215 0.085106 -0.986948 0.136713 0.007500 0.992500
birch_leaves.bmp
1 -22.420168 39.728436 395.470215 -0.085106 0.986948 -0.136713 0.007500 0.992500
1 7.106453 42.274555 395.470215 -0.085106 0.986948 -0.136713 0.492500 0.992500
1 7.595563 36.602482 354.218323 -0.085106 0.986948 -0.136713 0.492500 0.507500
birch_leaves.bmp
1 -22.420168 39.728436 395.470215 -0.085106 0.986948 -0.136713 0.007500 0.992500
1 7.595563 36.602482 354.218323 -0.085106 0.986948 -0.136713 0.492500 0.507500
1 -21.931059 34.056362 354.218323 -0.085106 0.986948 -0.136713 0.007500 0.507500
birch_leaves.bmp
1 39.432060 59.729088 334.557068 0.504330 0.762610 0.405065 0.507500 0.507500
1 5.586930 82.111565 334.557068 0.504330 0.762610 0.405065 0.992500 0.507500
1 -4.048951 67.540901 373.986298 0.504330 0.762610 0.405065 0.992500 0.992500
birch_leaves.bmp
1 39.432060 59.729088 334.557068 0.504330 0.762610 0.405065 0.507500 0.507500
1 -4.048951 67.540901 373.986298 0.504330 0.762610 0.405065 0.992500 0.992500
1 29.796181 45.158417 373.986298 0.504330 0.762610 0.405065 0.507500 0.992500
birch_leaves.bmp
1 29.796181 45.158417 373.986298 -0.504330 -0.762610 -0.405065 0.507500 0.992500
1 -4.048951 67.540901 373.986298 -0.504330 -0.762610 -0.405065 0.992500 0.992500
1 5.586930 82.111565 334.557068 -0.504330 -0.762610 -0.405065 0.992500 0.507500
birch_leaves.bmp
1 29.796181 45.158417 373.986298 -0.504330 -0.762610 -0.405065 0.507500 0.992500
1 5.586930 82.111565 334.557068 -0.504330 -0.762610 -0.405065 0.992500 0.507500
1 39.432060 59.729088 334.557068 -0.504330 -0.762610 -0.405065 0.507500 0.507500
birch_leaves.bmp
1 28.684319 80.688812 332.880737 -0.834051 0.551575 0.011123 0.007500 0.507500
1 6.301840 46.843681 332.880737 -0.834051 0.551575 0.011123 0.492500 0.507500
1 6.698792 46.581169 375.662628 -0.834051 0.551575 0.011123 0.492500 0.992500
birch_leaves.bmp
1 28.684319 80.688812 332.880737 -0.834051 0.551575 0.011123 0.007500 0.507500
1 6.698792 46.581169 375.662628 -0.834051 0.551575 0.011123 0.492500 0.992500
1 29.081268 80.426300 375.662628 -0.834051 0.551575 0.011123 0.007500 0.992500
birch_leaves.bmp
1 29.081268 80.426300 375.662628 0.834051 -0.551575 -0.011123 0.007500 0.992500
1 6.698792 46.581169 375.662628 0.834051 -0.551575 -0.011123 0.492500 0.992500
1 6.301840 46.843681 332.880737 0.834051 -0.551575 -0.011123 0.492500 0.507500
birch_leaves.bmp
1 29.081268 80.426300 375.662628 0.834051 -0.551575 -0.011123 0.007500 0.992500
1 6.301840 46.843681 332.880737 0.834051 -0.551575 -0.011123 0.492500 0.507500
1 28.684319 80.688812 332.880737 0.834051 -0.551575 -0.011123 0.007500 0.507500
birch_bark.bmp
0 2.290484 1.000000 315.441040 -0.277182 0.248965 -0.928001 0.000000 0.000000
0 4.396394 -1.886595 315.513062 0.227919 -0.419113 -0.878861 0.166667 0.000000
0 -20.136276 -18.011190 345.374481 -0.049562 -0.799715 -0.598330 0.166667 0.359507
birch_bark.bmp
0 2.290484 1.000000 315.441040 -0.277182 0.248965 -0.928001 0.000000 0.000000
0 -20.136276 -18.011190 345.374481 -0.049562 -0.799715 -0.598330 0.166667 0.359507
0 -21.413891 -16.423960 345.209503 -0.717670 0.039628 -0.695255 0.000000 0.359507
birch_bark.bmp
0 4.396394 -1.886595 315.513062 0.227919 -0.419113 -0.878861 0.166667 0.000000
0 7.013297 -1.621323 317.691284 0.839467 -0.379821 -0.388626 0.333333 0.000000
0 -18.796827 -17.892948 346.750031 0.606397 -0.784349 0.130690 0.333333 0.359507
birch_bark.bmp
0 4.396394 -1.886595 315.513062 0.227919 -0.419113 -0.878861 0.166667 0.000000
0 -18.796827 -17.892948 346.750031 0.606397 -0.784349 0.130690 0.333333 0.359507
0 -20.136276 -18.011190 345.374481 -0.049562 -0.799715 -0.598330 0.166667 0.359507
birch_bark.bmp
0 7.013297 -1.621323 317.691284 0.839467 -0.379821 -0.388626 0.333333 0.000000
0 7.795717 1.000000 319.720825 0.967948 0.235471 0.087349 0.500000 0.000000
0 -18.514509 -16.423960 348.014282 0.658614 -0.037550 0.751544 0.500000 0.359507
birch_bark.bmp
0 7.013297 -1.621323 317.691284 0.839467 -0.379821 -0.388626 0.333333 0.000000
0 -18.514509 -16.423960 348.014282 0.658614 -0.037550 0.751544 0.500000 0.359507
0 -18.796827 -17.892948 346.750031 0.606397 -0.784349 0.130690 0.333333 0.359507
birch_bark.bmp
0 7.795717 1.000000 319.720825 0.967948 0.235471 0.087349 0.500000 0.000000
0 5.586933 3.806861 319.525635 0.446678 0.893910 0.037475 0.666667 0.000000
0 -19.832661 -14.888050 347.775421 0.036830 0.745080 0.665958 0.666667 0.359507
birch_bark.bmp
0 7.795717 1.000000 319.720825 0.967948 0.235471 0.087349 0.500000 0.000000
0 -19.832661 -14.888050 347.775421 0.036830 0.745080 0.665958 0.666667 0.359507
0 -18.514509 -16.423960 348.014282 0.658614 -0.037550 0.751544 0.500000 0.359507
birch_bark.bmp
0 5.586933 3.806861 319.525635 0.446678 0.893910 0.037475 0.666667 0.000000
0 2.972853 3.639356 317.402588 -0.144421 0.867576 -0.475873 0.833333 0.000000
0 -21.190571 -14.925904 346.436279 -0.623231 0.781661 -0.024281 0.833333 0.359507
birch_bark.bmp
0 5.586933 3.806861 319.525635 0.446678 0.893910 0.037475 0.666667 0.000000
0 -21.190571 -14.925904 346.436279 -0.623231 0.781661 -0.024281 0.833333 0.359507
0 -19.832661 -14.888050 347.775421 0.036830 0.745080 0.665958 0.666667 0.359507
birch_bark.bmp
0 2.972853 3.639356 317.402588 -0.144421 0.867576 -0.475873 0.833333 0.000000
0 2.290484 1.000000 315.441040 -0.277182 0.248965 -0.928001 1.000000 0.000000
0 -21.413891 -16.423960 345.209503 -0.717670 0.039628 -0.695255 1.000000 0.359507
birch_bark.bmp
0 2.972853 3.639356 317.402588 -0.144421 0.867576 -0.475873 0.833333 0.000000
0 -21.413891 -16.423960 345.209503 -0.717670 0.039628 -0.695255 1.000000 0.359507
0 -21.190571 -14.925904 346.436279 -0.623231 0.781661 -0.024281 0.833333 0.359507
birch_bark.bmp
0 -21.413891 -16.423960 345.209503 -0.717670 0.039628 -0.695255 0.000000 0.359507
0 -20.136276 -18.011190 345.374481 -0.049562 -0.799715 -0.598330 0.166667 0.359507
0 -44.938938 -34.302334 363.859344 -0.420985 -0.887165 -0.188974 0.166667 0.656702
birch_bark.bmp
0 -21.413891 -16.423960 345.209503 -0.717670 0.039628 -0.695255 0.000000 0.359507
0 -44.938938 -34.302334 363.859344 -0.420985 -0.887165 -0.188974 0.166667 0.656702
0 -45.335785 -33.847919 363.757019 -0.920977 -0.258319 -0.291672 0.000000 0.656702
birch_bark.bmp
0 -20.136276 -18.011190 345.374481 -0.049562 -0.799715 -0.598330 0.166667 0.359507
0 -18.796827 -17.892948 346.750031 0.606397 -0.784349 0.130690 0.333333 0.359507
0 -44.597538 -34.282028 364.314545 0.042152 -0.910857 0.410563 0.333333 0.656702
birch_bark.bmp
0 -20.136276 -18.011190 345.374481 -0.049562 -0.799715 -0.598330 0.166667 0.359507
0 -44.597538 -34.282028 364.314545 0.042152 -0.910857 0.410563 0.333333 0.656702
0 -44.938938 -34.302334 363.859344 -0.420985 -0.887165 -0.188974 0.166667 0.656702
birch_bark.bmp
0 -18.796827 -17.892948 346.750031 0.606397 -0.784349 0.130690 0.333333 0.359507
0 -18.514509 -16.423960 348.014282 0.658614 -0.037550 0.751544 0.500000 0.359507
0 -44.586784 -33.847919 364.715912 0.058743 -0.337323 0.939555 0.500000 0.656702
birch_bark.bmp
0 -18.796827 -17.892948 346.750031 0.606397 -0.784349 0.130690 0.333333 0.359507
0 -44.586784 -33.847919 364.715912 0.058743 -0.337323 0.939555 0.500000 0.656702
0 -44.597538 -34.282028 364.314545 0.042152 -0.910857 0.410563 0.333333 0.656702
birch_bark.bmp
0 -18.514509 -16.423960 348.014282 0.658614 -0.037550 0.751544 0.500000 0.359507
0 -19.832661 -14.888050 347.775421 0.036830 0.745080 0.665958 0.666667 0.359507
0 -44.988152 -33.408108 364.594788 -0.459150 0.264153 0.848177 0.666667 0.656702
birch_bark.bmp
0 -18.514509 -16.423960 348.014282 0.658614 -0.037550 0.751544 0.500000 0.359507
0 -44.988152 -33.408108 364.594788 -0.459150 0.264153 0.848177 0.666667 0.656702
0 -44.586784 -33.847919 364.715912 0.058743 -0.337323 0.939555 0.500000 0.656702
birch_bark.bmp
0 -19.832661 -14.888050 347.775421 0.036830 0.745080 0.665958 0.666667 0.359507
0 -21.190571 -14.925904 346.436279 -0.623231 0.781661 -0.024281 0.833333 0.359507
0 -45.341080 -33.401104 364.149231 -0.916341 0.309872 0.253572 0.833333 0.656702
birch_bark.bmp
0 -19.832661 -14.888050 347.775421 0.036830 0.745080 0.665958 0.666667 0.359507
0 -45.341080 -33.401104 364.149231 -0.916341 0.309872 0.253572 0.833333 0.656702
0 -44.988152 -33.408108 364.594788 -0.459150 0.264153 0.848177 0.666667 0.656702
birch_bark.bmp
0 -21.190571 -14.925904 346.436279 -0.623231 0.781661 -0.024281 0.833333 0.359507
0 -21.413891 -16.423960 345.209503 -0.717670 0.039628 -0.695255 1.000000 0.359507
0 -45.335785 -33.847919 363.757019 -0.920977 -0.258319 -0.291672 1.000000 0.656702
birch_bark.bmp
0 -21.190571 -14.925904 346.436279 -0.623231 0.781661 -0.024281 0.833333 0.359507
0 -45.335785 -33.847919 363.757019 -0.920977 -0.258319 -0.291672 1.000000 0.656702
0 -45.341080 -33.401104 364.149231 -0.916341 0.309872 0.253572 0.833333 0.656702
birch_bark.bmp
0 2.290484 1.000000 315.441040 -0.277182 0.248965 -0.928001 0.950000 0.500000
0 2.972853 3.639356 317.402588 -0.144421 0.867576 -0.475873 0.725000 0.110289
0 5.586933 3.806861 319.525635 0.446678 0.893910 0.037475 0.275000 0.110289
birch_bark.bmp
0 5.586933 3.806861 319.525635 0.446678 0.893910 0.037475 0.275000 0.110289
0 7.795717 1.000000 319.720825 0.967948 0.235471 0.087349 0.050000 0.500000
0 7.013297 -1.621323 317.691284 0.839467 -0.379821 -0.388626 0.275000 0.889711
birch_bark.bmp
0 7.013297 -1.621323 317.691284 0.839467 -0.379821 -0.388626 0.275000 0.889711
0 4.396394 -1.886595 315.513062 0.227919 -0.419113 -0.878861 0.725000 0.889711
0 2.290484 1.000000 315.441040 -0.277182 0.248965 -0.928001 0.950000 0.500000
birch_bark.bmp
0 5.586933 3.806861 319.525635 0.446678 0.893910 0.037475 0.275000 0.110289
0 7.013297 -1.621323 317.691284 0.839467 -0.379821 -0.388626 0.275000 0.889711
0 2.290484 1.000000 315.441040 -0.277182 0.248965 -0.928001 0.950000 0.500000
birch_bark.bmp
0 -45.341080 -33.401104 364.149231 -0.916341 0.309872 0.253572 0.725000 0.110289
0 -45.335785 -33.847919 363.757019 -0.920977 -0.258319 -0.291672 0.950000 0.500000
0 -44.938938 -34.302334 363.859344 -0.420985 -0.887165 -0.188974 0.725000 0.889711
birch_bark.bmp
0 -44.938938 -34.302334 363.859344 -0.420985 -0.887165 -0.188974 0.725000 0.889711
0 -44.597538 -34.282028 364.314545 0.042152 -0.910857 0.410563 0.275000 0.889711
0 -44.586784 -33.847919 364.715912 0.058743 -0.337323 0.939555 0.050000 0.500000
birch_bark.bmp
0 -44.586784 -33.847919 364.715912 0.058743 -0.337323 0.939555 0.050000 0.500000
0 -44.988152 -33.408108 364.594788 -0.459150 0.264153 0.848177 0.275000 0.110289
0 -45.341080 -33.401104 364.149231 -0.916341 0.309872 0.253572 0.725000 0.110289
birch_bark.bmp
0 -44.938938 -34.302334 363.859344 -0.420985 -0.887165 -0.188974 0.725000 0.889711
0 -44.586784 -33.847919 364.715912 0.058743 -0.337323 0.939555 0.050000 0.500000
0 -45.341080 -33.401104 364.149231 -0.916341 0.309872 0.253572 0.725000 0.110289
birch_leaves.bmp
1 -47.818535 -69.670937 345.470917 0.890065 0.118107 0.440267 0.507500 0.507500
1 -52.682495 -33.015846 345.470917 0.890065 0.118107 0.440267 0.992500 0.507500
1 -71.199615 -35.472984 383.565186 0.890065 0.118107 0.440267 0.992500 0.992500
birch_leaves.bmp
1 -47.818535 -69.670937 345.470917 0.890065 0.118107 0.440267 0.507500 0.507500
1 -71.199615 -35.472984 383.565186 0.890065 0.118107 0.440267 0.992500 0.992500
1 -66.335655 -72.128075 383.565186 0.890065 0.118107 0.440267 0.507500 0.992500
birch_leaves.bmp
1 -66.335655 -72.128075 383.565186 -0.890065 -0.118107 -0.440267 0.507500 0.992500
1 -71.199615 -35.472984 383.565186 -0.890065 -0.118107 -0.440267 0.992500 0.992500
1 -52.682495 -33.015846 345.470917 -0.890065 -0.118107 -0.440267 0.992500 0.507500
birch_leaves.bmp
1 -66.335655 -72.128075 383.565186 -0.890065 -0.118107 -0.440267 0.507500 0.992500
1 -52.682495 -33.015846 345.470917 -0.890065 -0.118107 -0.440267 0.992500 0.507500
1 -47.818535 -69.670937 345.470917 -0.890065 -0.118107 -0.440267 0.507500 0.507500
birch_leaves.bmp
1 -39.976284 -59.222771 345.393250 -0.118631 0.894008 -0.432060 0.507500 0.507500
1 -76.631378 -64.086731 345.393250 -0.118631 0.894008 -0.432060 0.992500 0.507500
1 -79.041870 -45.921150 383.642853 -0.118631 0.894008 -0.432060 0.992500 0.992500
birch_leaves.bmp
1 -39.976284 -59.222771 345.393250 -0.118631 0.894008 -0.432060 0.507500 0.507500
1 -79.041870 -45.921150 383.642853 -0.118631 0.894008 -0.432060 0.992500 0.992500
1 -42.386776 -41.057190 383.642853 -0.118631 0.894008 -0.432060 0.507500 0.992500
birch_leaves.bmp
1 -42.386776 -41.057190 383.642853 0.118631 -0.894008 0.432060 0.507500 0.992500
1 -79.041870 -45.921150 383.642853 0.118631 -0.894008 0.432060 0.992500 0.992500
1 -76.631378 -64.086731 345.393250 0.118631 -0.894008 0.432060 0.992500 0.507500
birch_leaves.bmp
1 -42.386776 -41.057190 383.642853 0.118631 -0.894008 0.432060 0.507500 0.992500
1 -76.631378 -64.086731 345.393250 0.118631 -0.894008 0.432060 0.992500 0.507500
1 -39.976284 -59.222771 345.393250 0.118631 -0.894008 0.432060 0.507500 0.507500
birch_leaves.bmp
1 -21.309910 -26.106075 341.860840 -0.925540 0.290378 -0.243014 0.007500 0.007500
1 -29.822933 -53.240162 341.860840 -0.925540 0.290378 -0.243014 0.492500 0.007500
1 -40.345951 -49.938679 385.883606 -0.925540 0.290378 -0.243014 0.492500 0.492500
birch_leaves.bmp
1 -21.309910 -26.106075 341.860840 -0.925540 0.290378 -0.243014 0.007500 0.007500
1 -40.345951 -49.938679 385.883606 -0.925540 0.290378 -0.243014 0.492500 0.492500
1 -31.832928 -22.804592 385.883606 -0.925540 0.290378 -0.243014 0.007500 0.492500
birch_leaves.bmp
1 -31.832928 -22.804592 385.883606 0.925540 -0.290378 0.243014 0.007500 0.492500
1 -40.345951 -49.938679 385.883606 0.925540 -0.290378 0.243014 0.492500 0.492500
1 -29.822933 -53.240162 341.860840 0.925540 -0.290378 0.243014 0.492500 0.007500
birch_leaves.bmp
1 -31.832928 -22.804592 385.883606 0.925540 -0.290378 0.243014 0.007500 0.492500
1 -29.822933 -53.240162 341.860840 0.925540 -0.290378 0.243014 0.492500 0.007500
1 -21.309910 -26.106075 341.860840 0.925540 -0.290378 0.243014 0.007500 0.007500
birch_leaves.bmp
1 -43.107174 -29.661177 341.617798 -0.293911 -0.936800 -0.189795 0.507500 0.007500
1 -15.973085 -38.174198 341.617798 -0.293911 -0.936800 -0.189795 0.992500 0.007500
1 -18.548689 -46.383579 386.126617 -0.293911 -0.936800 -0.189795 0.992500 0.492500
birch_leaves.bmp
1 -43.107174 -29.661177 341.617798 -0.293911 -0.936800 -0.189795 0.507500 0.007500
1 -18.548689 -46.383579 386.126617 -0.293911 -0.936800 -0.189795 0.992500 0.492500
1 -45.682774 -37.870556 386.126617 -0.293911 -0.936800 -0.189795 0.507500 0.492500
birch_leaves.bmp
1 -45.682774 -37.870556 386.126617 0.293911 0.936800 0.189795 0.507500 0.492500
1 -18.548689 -46.383579 386.126617 0.293911 0.936800 0.189795 0.992500 0.492500
1 -15.973085 -38.174198 341.617798 0.293911 0.936800 0.189795 0.992500 0.007500
birch_leaves.bmp
1 -45.682774 -37.870556 386.126617 0.293911 0.936800 0.189795 0.507500 0.492500
1 -15.973085 -38.174198 341.617798 0.293911 0.936800 0.189795 0.992500 0.007500
1 -43.107174 -29.661177 341.617798 0.293911 0.936800 0.189795 0.507500 0.007500
birch_leaves.bmp
1 -48.749634 -30.956120 336.987885 0.869000 -0.494809 -0.001727 0.007500 0.007500
1 -28.494568 4.616481 336.987885 0.869000 -0.494809 -0.001727 0.492500 0.007500
1 -28.424713 4.576706 383.527008 0.869000 -0.494809 -0.001727 0.492500 0.492500
birch_leaves.bmp
1 -48.749634 -30.956120 336.987885 0.869000 -0.494809 -0.001727 0.007500 0.007500
1 -28.424713 4.576706 383.527008 0.869000 -0.494809 -0.001727 0.492500 0.492500
1 -48.679779 -30.995895 383.527008 0.869000 -0.494809 -0.001727 0.007500 0.492500
birch_leaves.bmp
1 -48.679779 -30.995895 383.527008 -0.869000 0.494809 0.001727 0.007500 0.492500
1 -28.424713 4.576706 383.527008 -0.869000 0.494809 0.001727 0.492500 0.492500
1 -28.494568 4.616481 336.987885 -0.869000 0.494809 0.001727 0.492500 0.007500
birch_leaves.bmp
1 -48.679779 -30.995895 383.527008 -0.869000 0.494809 0.001727 0.007500 0.492500
1 -28.494568 4.616481 336.987885 -0.869000 0.494809 0.001727 0.492500 0.007500
1 -48.749634 -30.956120 336.987885 -0.869000 0.494809 0.001727 0.007500 0.007500
birch_leaves.bmp
1 -18.762560 -19.737488 337.319794 0.487018 0.855317 0.176763 0.007500 0.007500
1 -54.335159 0.517578 337.319794 0.487018 0.855317 0.176763 0.492500 0.007500
1 -58.411789 -6.641925 383.195068 0.487018 0.855317 0.176763 0.492500 0.492500
birch_leaves.bmp
1 -18.762560 -19.737488 337.319794 0.487018 0.855317 0.176763 0.007500 0.007500
1 -58.411789 -6.641925 383.195068 0.487018 0.855317 0.176763 0.492500 0.492500
1 -22.839186 -26.896992 383.195068 0.487018 0.855317 0.176763 0.007500 0.492500
birch_leaves.bmp
1 -22.839186 -26.896992 383.195068 -0.487018 -0.855317 -0.176763 0.007500 0.492500
1 -58.411789 -6.641925 383.195068 -0.487018 -0.855317 -0.176763 0.492500 0.492500
1 -54.335159 0.517578 337.319794 -0.487018 -0.855317 -0.176763 0.492500 0.007500
birch_leaves.bmp
1 -22.839186 -26.896992 383.195068 -0.487018 -0.855317 -0.176763 0.007500 0.492500
1 -54.335159 0.517578 337.319794 -0.487018 -0.855317 -0.176763 0.492500 0.007500
1 -18.762560 -19.737488 337.319794 -0.487018 -0.855317 -0.176763 0.007500 0.007500
birch_leaves.bmp
1 -13.896220 -38.127804 358.367737 -0.098307 0.942402 -0.319710 0.507500 0.507500
1 -54.033466 -42.314751 358.367737 -0.098307 0.942402 -0.319710 0.992500 0.507500
1 -55.845104 -24.947855 410.116791 -0.098307 0.942402 -0.319710 0.992500 0.992500
birch_leaves.bmp
1 -13.896220 -38.127804 358.367737 -0.098307 0.942402 -0.319710 0.507500 0.507500
1 -55.845104 -24.947855 410.116791 -0.098307 0.942402 -0.319710 0.992500 0.992500
1 -15.707860 -20.760910 410.116791 -0.098307 0.942402 -0.319710 0.507500 0.992500
birch_leaves.bmp
1 -15.707860 -20.760910 410.116791 0.098307 -0.942402 0.319710 0.507500 0.992500
1 -55.845104 -24.947855 410.116791 0.098307 -0.942402 0.319710 0.992500 0.992500
1 -54.033466 -42.314751 358.367737 0.098307 -0.942402 0.319710 0.992500 0.507500
birch_leaves.bmp
1 -15.707860 -20.760910 410.116791 0.098307 -0.942402 0.319710 0.507500 0.992500
1 -54.033466 -42.314751 358.367737 0.098307 -0.942402 0.319710 0.992500 0.507500
1 -13.896220 -38.127804 358.367737 0.098307 -0.942402 0.319710 0.507500 0.507500
birch_leaves.bmp
1 -37.368694 -11.511408 357.071686 -0.994492 -0.103741 0.014969 0.007500 0.007500
1 -33.181751 -51.648655 357.071686 -0.994492 -0.103741 0.014969 0.492500 0.007500
1 -32.372631 -51.564251 411.412811 -0.994492 -0.103741 0.014969 0.492500 0.492500
birch_leaves.bmp
1 -37.368694 -11.511408 357.071686 -0.994492 -0.103741 0.014969 0.007500 0.007500
1 -32.372631 -51.564251 411.412811 -0.994492 -0.103741 0.014969 0.492500 0.492500
1 -36.559574 -11.427004 411.412811 -0.994492 -0.103741 0.014969 0.007500 0.492500
birch_leaves.bmp
1 -36.559574 -11.427004 411.412811 0.994492 0.103741 -0.014969 0.007500 0.492500
1 -32.372631 -51.564251 411.412811 0.994492 0.103741 -0.014969 0.492500 0.492500
1 -33.181751 -51.648655 357.071686 0.994492 0.103741 -0.014969 0.492500 0.007500
birch_leaves.bmp
1 -36.559574 -11.427004 411.412811 0.994492 0.103741 -0.014969 0.007500 0.492500
1 -33.181751 -51.648655 357.071686 0.994492 0.103741 -0.014969 0.492500 0.007500
1 -37.368694 -11.511408 357.071686 0.994492 0.103741 -0.014969 0.007500 0.007500
birch_leaves.bmp
1 -18.064892 -67.253204 344.454041 0.382098 0.896460 -0.224410 0.507500 0.507500
1 -55.271496 -51.394638 344.454041 0.382098 0.896460 -0.224410 0.992500 0.507500
1 -51.876545 -43.429565 382.052979 0.382098 0.896460 -0.224410 0.992500 0.992500
birch_leaves.bmp
1 -18.064892 -67.253204 344.454041 0.382098 0.896460 -0.224410 0.507500 0.507500
1 -51.876545 -43.429565 382.052979 0.382098 0.896460 -0.224410 0.992500 0.992500
1 -14.669940 -59.288132 382.052979 0.382098 0.896460 -0.224410 0.507500 0.992500
birch_leaves.bmp
1 -14.669940 -59.288132 382.052979 -0.382098 -0.896460 0.224410 0.507500 0.992500
1 -51.876545 -43.429565 382.052979 -0.382098 -0.896460 0.224410 0.992500 0.992500
1 -55.271496 -51.394638 344.454041 -0.382098 -0.896460 0.224410 0.992500 0.507500
birch_leaves.bmp
1 -14.669940 -59.288132 382.052979 -0.382098 -0.896460 0.224410 0.507500 0.992500
1 -55.271496 -51.394638 344.454041 -0.382098 -0.896460 0.224410 0.992500 0.507500
1 -18.064892 -67.253204 344.454041 -0.382098 -0.896460 0.224410 0.507500 0.507500
birch_leaves.bmp
1 -34.975746 -33.356243 345.843201 -0.824317 0.351349 0.443909 0.507500 0.507500
1 -50.834312 -70.562843 345.843201 -0.824317 0.351349 0.443909 0.992500 0.507500
1 -34.965691 -77.326530 380.663849 -0.824317 0.351349 0.443909 0.992500 0.992500
birch_leaves.bmp
1 -34.975746 -33.356243 345.843201 -0.824317 0.351349 0.443909 0.507500 0.507500
1 -34.965691 -77.326530 380.663849 -0.824317 0.351349 0.443909 0.992500 0.992500
1 -19.107124 -40.119923 380.663849 -0.824317 0.351349 0.443909 0.507500 0.992500
birch_leaves.bmp
1 -19.107124 -40.119923 380.663849 0.824317 -0.351349 -0.443909 0.507500 0.992500
1 -34.965691 -77.326530 380.663849 0.824317 -0.351349 -0.443909 0.992500 0.992500
1 -50.834312 -70.562843 345.843201 0.824317 -0.351349 -0.443909 0.992500 0.507500
birch_leaves.bmp
1 -19.107124 -40.119923 380.663849 0.824317 -0.351349 -0.443909 0.507500 0.992500
1 -50.834312 -70.562843 345.843201 0.824317 -0.351349 -0.443909 0.992500 0.507500
1 -34.975746 -33.356243 345.843201 0.824317 -0.351349 -0.443909 0.507500 0.507500
birch_leaves.bmp
1 -14.294133 -3.397808 362.875824 -0.834067 0.544256 -0.090095 0.507500 0.507500
1 -34.208633 -33.916622 362.875824 -0.834067 0.544256 -0.090095 0.992500 0.507500
1 -38.197113 -31.314014 415.521606 -0.834067 0.544256 -0.090095 0.992500 0.992500
birch_leaves.bmp
1 -14.294133 -3.397808 362.875824 -0.834067 0.544256 -0.090095 0.507500 0.507500
1 -38.197113 -31.314014 415.521606 -0.834067 0.544256 -0.090095 0.992500 0.992500
1 -18.282612 -0.795199 415.521606 -0.834067 0.544256 -0.090095 0.507500 0.992500
birch_leaves.bmp
1 -18.282612 -0.795199 415.521606 0.834067 -0.544256 0.090095 0.507500 0.992500
1 -38.197113 -31.314014 415.521606 0.834067 -0.544256 0.090095 0.992500 0.992500
1 -34.208633 -33.916622 362.875824 0.834067 -0.544256 0.090095 0.992500 0.507500
birch_leaves.bmp
1 -18.282612 -0.795199 415.521606 0.834067 -0.544256 0.090095 0.507500 0.992500
1 -34.208633 -33.916622 362.875824 0.834067 -0.544256 0.090095 0.992500 0.507500
1 -14.294133 -3.397808 362.875824 0.834067 -0.544256 0.090095 0.507500 0.507500
birch_leaves.bmp
1 -47.106087 -15.982235 364.641327 -0.504316 -0.772861 0.385164 0.507500 0.007500
1 -16.587271 -35.896736 364.641327 -0.504316 -0.772861 0.385164 0.992500 0.007500
1 -5.385159 -18.729588 413.756104 -0.504316 -0.772861 0.385164 0.992500 0.492500
birch_leaves.bmp
1 -47.106087 -15.982235 364.641327 -0.504316 -0.772861 0.385164 0.507500 0.007500
1 -5.385159 -18.729588 413.756104 -0.504316 -0.772861 0.385164 0.992500 0.492500
1 -35.903976 1.184914 413.756104 -0.504316 -0.772861 0.385164 0.507500 0.492500
birch_leaves.bmp
1 -35.903976 1.184914 413.756104 0.504316 0.772861 -0.385164 0.507500 0.492500
1 -5.385159 -18.729588 413.756104 0.504316 0.772861 -0.385164 0.992500 0.492500
1 -16.587271 -35.896736 364.641327 0.504316 0.772861 -0.385164 0.992500 0.007500
birch_leaves.bmp
1 -35.903976 1.184914 413.756104 0.504316 0.772861 -0.385164 0.507500 0.492500
1 -16.587271 -35.896736 364.641327 0.504316 0.772861 -0.385164 0.992500 0.007500
1 -47.106087 -15.982235 364.641327 0.504316 0.772861 -0.385164 0.507500 0.007500
birch_leaves.bmp
1 -54.478947 -13.947618 354.373352 -0.953842 0.018295 -0.299751 0.007500 0.507500
1 -55.103573 -46.513657 354.373352 -0.953842 0.018295 -0.299751 0.492500 0.507500
1 -71.010574 -46.208557 405.009857 -0.953842 0.018295 -0.299751 0.492500 0.992500
birch_leaves.bmp
1 -54.478947 -13.947618 354.373352 -0.953842 0.018295 -0.299751 0.007500 0.507500
1 -71.010574 -46.208557 405.009857 -0.953842 0.018295 -0.299751 0.492500 0.992500
1 -70.385948 -13.642516 405.009857 -0.953842 0.018295 -0.299751 0.007500 0.992500
birch_leaves.bmp
1 -70.385948 -13.642516 405.009857 0.953842 -0.018295 0.299751 0.007500 0.992500
1 -71.010574 -46.208557 405.009857 0.953842 -0.018295 0.299751 0.492500 0.992500
1 -55.103573 -46.513657 354.373352 0.953842 -0.018295 0.299751 0.492500 0.507500
birch_leaves.bmp
1 -70.385948 -13.642516 405.009857 0.953842 -0.018295 0.299751 0.007500 0.992500
1 -55.103573 -46.513657 354.373352 0.953842 -0.018295 0.299751 0.492500 0.507500
1 -54.478947 -13.947618 354.373352 0.953842 -0.018295 0.299751 0.007500 0.507500
birch_leaves.bmp
1 -79.057358 -31.307741 353.308563 -0.019144 -0.998112 0.058357 0.007500 0.507500
1 -46.491314 -31.932367 353.308563 -0.019144 -0.998112 0.058357 0.492500 0.507500
1 -46.432163 -28.848433 406.074615 -0.019144 -0.998112 0.058357 0.492500 0.992500
birch_leaves.bmp
1 -79.057358 -31.307741 353.308563 -0.019144 -0.998112 0.058357 0.007500 0.507500
1 -46.432163 -28.848433 406.074615 -0.019144 -0.998112 0.058357 0.492500 0.992500
1 -78.998199 -28.223806 406.074615 -0.019144 -0.998112 0.058357 0.007500 0.992500
birch_leaves.bmp
1 -78.998199 -28.223806 406.074615 0.019144 0.998112 -0.058357 0.007500 0.992500
1 -46.432163 -28.848433 406.074615 0.019144 0.998112 -0.058357 0.492500 0.992500
1 -46.491314 -31.932367 353.308563 0.019144 0.998112 -0.058357 0.492500 0.507500
birch_leaves.bmp
1 -78.998199 -28.223806 406.074615 0.019144 0.998112 -0.058357 0.007500 0.992500
1 -46.491314 -31.932367 353.308563 0.019144 0.998112 -0.058357 0.492500 0.507500
1 -79.057358 -31.307741 353.308563 0.019144 0.998112 -0.058357 0.007500 0.507500
birch_leaves.bmp
1 -29.547150 -52.366543 352.726349 0.711719 0.674993 -0.194525 0.507500 0.007500
1 -55.364517 -25.144459 352.726349 0.711719 0.674993 -0.194525 0.992500 0.007500
1 -48.908852 -19.021915 397.591003 0.711719 0.674993 -0.194525 0.992500 0.492500
birch_leaves.bmp
1 -29.547150 -52.366543 352.726349 0.711719 0.674993 -0.194525 0.507500 0.007500
1 -48.908852 -19.021915 397.591003 0.711719 0.674993 -0.194525 0.992500 0.492500
1 -23.091484 -46.243999 397.591003 0.711719 0.674993 -0.194525 0.507500 0.492500
birch_leaves.bmp
1 -23.091484 -46.243999 397.591003 -0.711719 -0.674993 0.194525 0.507500 0.492500
1 -48.908852 -19.021915 397.591003 -0.711719 -0.674993 0.194525 0.992500 0.492500
1 -55.364517 -25.144459 352.726349 -0.711719 -0.674993 0.194525 0.992500 0.007500
birch_leaves.bmp
1 -23.091484 -46.243999 397.591003 -0.711719 -0.674993 0.194525 0.507500 0.492500
1 -55.364517 -25.144459 352.726349 -0.711719 -0.674993 0.194525 0.992500 0.007500
1 -29.547150 -52.366543 352.726349 -0.711719 -0.674993 0.194525 0.507500 0.007500
birch_leaves.bmp
1 -18.454632 -30.337574 354.587433 -0.614018 0.647427 -0.451465 0.507500 0.507500
1 -45.676716 -56.154942 354.587433 -0.614018 0.647427 -0.451465 0.992500 0.507500
1 -60.001369 -41.050884 395.729889 -0.614018 0.647427 -0.451465 0.992500 0.992500
birch_leaves.bmp
1 -18.454632 -30.337574 354.587433 -0.614018 0.647427 -0.451465 0.507500 0.507500
1 -60.001369 -41.050884 395.729889 -0.614018 0.647427 -0.451465 0.992500 0.992500
1 -32.779285 -15.233518 395.729889 -0.614018 0.647427 -0.451465 0.507500 0.992500
birch_leaves.bmp
1 -32.779285 -15.233518 395.729889 0.614018 -0.647427 0.451465 0.507500 0.992500
1 -60.001369 -41.050884 395.729889 0.614018 -0.647427 0.451465 0.992500 0.992500
1 -45.676716 -56.154942 354.587433 0.614018 -0.647427 0.451465 0.992500 0.507500
birch_leaves.bmp
1 -32.779285 -15.233518 395.729889 0.614018 -0.647427 0.451465 0.507500 0.992500
1 -45.676716 -56.154942 354.587433 0.614018 -0.647427 0.451465 0.992500 0.507500
1 -18.454632 -30.337574 354.587433 0.614018 -0.647427 0.451465 0.507500 0.507500
birch_leaves.bmp
1 -47.767845 -10.237565 333.675995 -0.557653 0.709894 0.430203 0.007500 0.007500
1 -77.522301 -33.611008 333.675995 -0.557653 0.709894 0.430203 0.492500 0.007500
1 -63.162682 -51.890839 382.453979 -0.557653 0.709894 0.430203 0.492500 0.492500
birch_leaves.bmp
1 -47.767845 -10.237565 333.675995 -0.557653 0.709894 0.430203 0.007500 0.007500
1 -63.162682 -51.890839 382.453979 -0.557653 0.709894 0.430203 0.492500 0.492500
1 -33.408226 -28.517399 382.453979 -0.557653 0.709894 0.430203 0.007500 0.492500
birch_leaves.bmp
1 -33.408226 -28.517399 382.453979 0.557653 -0.709894 -0.430203 0.007500 0.492500
1 -63.162682 -51.890839 382.453979 0.557653 -0.709894 -0.430203 0.492500 0.492500
1 -77.522301 -33.611008 333.675995 0.557653 -0.709894 -0.430203 0.492500 0.007500
birch_leaves.bmp
1 -33.408226 -28.517399 382.453979 0.557653 -0.709894 -0.430203 0.007500 0.492500
1 -77.522301 -33.611008 333.675995 0.557653 -0.709894 -0.430203 0.492500 0.007500
1 -47.767845 -10.237565 333.675995 0.557653 -0.709894 -0.430203 0.007500 0.007500
birch_leaves.bmp
1 -62.104916 -12.222280 331.993988 -0.763586 -0.599830 -0.239040 0.007500 0.007500
1 -38.731472 -41.976734 331.993988 -0.763586 -0.599830 -0.239040 0.492500 0.007500
1 -48.825611 -49.906124 384.135956 -0.763586 -0.599830 -0.239040 0.492500 0.492500
birch_leaves.bmp
1 -62.104916 -12.222280 331.993988 -0.763586 -0.599830 -0.239040 0.007500 0.007500
1 -48.825611 -49.906124 384.135956 -0.763586 -0.599830 -0.239040 0.492500 0.492500
1 -72.199051 -20.151672 384.135956 -0.763586 -0.599830 -0.239040 0.007500 0.492500
birch_leaves.bmp
1 -72.199051 -20.151672 384.135956 0.763586 0.599830 0.239040 0.007500 0.492500
1 -48.825611 -49.906124 384.135956 0.763586 0.599830 0.239040 0.492500 0.492500
1 -38.731472 -41.976734 331.993988 0.763586 0.599830 0.239040 0.492500 0.007500
birch_leaves.bmp
1 -72.199051 -20.151672 384.135956 0.763586 0.599830 0.239040 0.007500 0.492500
1 -38.731472 -41.976734 331.993988 0.763586 0.599830 0.239040 0.492500 0.007500
1 -62.104916 -12.222280 331.993988 0.763586 0.599830 0.239040 0.007500 0.007500
birch_bark.bmp
0 2.562474 1.000000 331.344238 -0.950679 0.241972 0.194059 0.000000 0.000000
0 2.973339 -1.973405 329.499969 -0.842385 -0.473670 -0.256950 0.166667 0.000000
0 25.731390 -11.464250 349.565735 -0.505671 -0.816642 0.278196 0.166667 0.269433
birch_bark.bmp
0 2.562474 1.000000 331.344238 -0.950679 0.241972 0.194059 0.000000 0.000000
0 25.731390 -11.464250 349.565735 -0.505671 -0.816642 0.278196 0.166667 0.269433
0 25.696682 -9.821840 350.723541 -0.496842 0.000197 0.867841 0.000000 0.269433
birch_bark.bmp
0 2.973339 -1.973405 329.499969 -0.842385 -0.473670 -0.256950 0.166667 0.000000
0 5.463893 -1.700155 327.192566 -0.300194 -0.449730 -0.841206 0.333333 0.000000
0 26.898058 -11.341898 348.054901 0.020963 -0.823411 -0.567058 0.333333 0.269433
birch_bark.bmp
0 2.973339 -1.973405 329.499969 -0.842385 -0.473670 -0.256950 0.166667 0.000000
0 26.898058 -11.341898 348.054901 0.020963 -0.823411 -0.567058 0.333333 0.269433
0 25.731390 -11.464250 349.565735 -0.505671 -0.816642 0.278196 0.166667 0.269433
birch_bark.bmp
0 5.463893 -1.700155 327.192566 -0.300194 -0.449730 -0.841206 0.333333 0.000000
0 7.515074 1.000000 326.492401 0.157296 0.158922 -0.974680 0.500000 0.000000
0 28.059746 -9.821840 347.495819 0.580175 -0.004372 -0.814480 0.500000 0.269433
birch_bark.bmp
0 5.463893 -1.700155 327.192566 -0.300194 -0.449730 -0.841206 0.333333 0.000000
0 28.059746 -9.821840 347.495819 0.580175 -0.004372 -0.814480 0.500000 0.269433
0 26.898058 -11.341898 348.054901 0.020963 -0.823411 -0.567058 0.333333 0.269433
birch_bark.bmp
0 7.515074 1.000000 326.492401 0.157296 0.158922 -0.974680 0.500000 0.000000
0 6.970680 3.891273 328.427704 0.052724 0.860565 -0.506605 0.666667 0.000000
0 27.959452 -8.232536 348.707306 0.549919 0.826098 -0.123090 0.666667 0.269433
birch_bark.bmp
0 7.515074 1.000000 326.492401 0.157296 0.158922 -0.974680 0.500000 0.000000
0 27.959452 -8.232536 348.707306 0.549919 0.826098 -0.123090 0.666667 0.269433
0 28.059746 -9.821840 347.495819 0.580175 -0.004372 -0.814480 0.500000 0.269433
birch_bark.bmp
0 6.970680 3.891273 328.427704 0.052724 0.860565 -0.506605 0.666667 0.000000
0 4.532916 3.718730 330.732208 -0.509645 0.859214 0.044864 0.833333 0.000000
0 26.828718 -8.271706 350.225311 0.006807 0.752945 0.658048 0.833333 0.269433
birch_bark.bmp
0 6.970680 3.891273 328.427704 0.052724 0.860565 -0.506605 0.666667 0.000000
0 26.828718 -8.271706 350.225311 0.006807 0.752945 0.658048 0.833333 0.269433
0 27.959452 -8.232536 348.707306 0.549919 0.826098 -0.123090 0.666667 0.269433
birch_bark.bmp
0 4.532916 3.718730 330.732208 -0.509645 0.859214 0.044864 0.833333 0.000000
0 2.562474 1.000000 331.344238 -0.950679 0.241972 0.194059 1.000000 0.000000
0 25.696682 -9.821840 350.723541 -0.496842 0.000197 0.867841 1.000000 0.269433
birch_bark.bmp
0 4.532916 3.718730 330.732208 -0.509645 0.859214 0.044864 0.833333 0.000000
0 25.696682 -9.821840 350.723541 -0.496842 0.000197 0.867841 1.000000 0.269433
0 26.828718 -8.271706 350.225311 0.006807 0.752945 0.658048 0.833333 0.269433
birch_bark.bmp
0 25.696682 -9.821840 350.723541 -0.496842 0.000197 0.867841 0.000000 0.269433
0 25.731390 -11.464250 349.565735 -0.505671 -0.816642 0.278196 0.166667 0.269433
0 48.411499 -21.117527 358.077332 0.135231 -0.898973 0.416605 0.166667 0.486757
birch_bark.bmp
0 25.696682 -9.821840 350.723541 -0.496842 0.000197 0.867841 0.000000 0.269433
0 48.411499 -21.117527 358.077332 0.135231 -0.898973 0.416605 0.166667 0.486757
0 48.485153 -20.643681 358.440094 0.207057 -0.280632 0.937216 0.000000 0.486757
birch_bark.bmp
0 25.731390 -11.464250 349.565735 -0.505671 -0.816642 0.278196 0.166667 0.269433
0 26.898058 -11.341898 348.054901 0.020963 -0.823411 -0.567058 0.333333 0.269433
0 48.648815 -21.096354 357.565826 0.452010 -0.849601 -0.271782 0.333333 0.486757
birch_bark.bmp
0 25.731390 -11.464250 349.565735 -0.505671 -0.816642 0.278196 0.166667 0.269433
0 48.648815 -21.096354 357.565826 0.452010 -0.849601 -0.271782 0.333333 0.486757
0 48.411499 -21.117527 358.077332 0.135231 -0.898973 0.416605 0.166667 0.486757
birch_bark.bmp
0 26.898058 -11.341898 348.054901 0.020963 -0.823411 -0.567058 0.333333 0.269433
0 28.059746 -9.821840 347.495819 0.580175 -0.004372 -0.814480 0.500000 0.269433
0 48.973228 -20.643681 357.339539 0.837406 -0.227339 -0.497059 0.500000 0.486757
birch_bark.bmp
0 26.898058 -11.341898 348.054901 0.020963 -0.823411 -0.567058 0.333333 0.269433
0 48.973228 -20.643681 357.339539 0.837406 -0.227339 -0.497059 0.500000 0.486757
0 48.648815 -21.096354 357.565826 0.452010 -0.849601 -0.271782 0.333333 0.486757
birch_bark.bmp
0 28.059746 -9.821840 347.495819 0.580175 -0.004372 -0.814480 0.500000 0.269433
0 27.959452 -8.232536 348.707306 0.549919 0.826098 -0.123090 0.666667 0.269433
0 49.033260 -20.185061 357.716034 0.927776 0.370231 0.046491 0.666667 0.486757
birch_bark.bmp
0 28.059746 -9.821840 347.495819 0.580175 -0.004372 -0.814480 0.500000 0.269433
0 49.033260 -20.185061 357.716034 0.927776 0.370231 0.046491 0.666667 0.486757
0 48.973228 -20.643681 357.339539 0.837406 -0.227339 -0.497059 0.500000 0.486757
birch_bark.bmp
0 27.959452 -8.232536 348.707306 0.549919 0.826098 -0.123090 0.666667 0.269433
0 26.828718 -8.271706 350.225311 0.006807 0.752945 0.658048 0.833333 0.269433
0 48.808399 -20.177759 358.231232 0.603786 0.328858 0.726151 0.833333 0.486757
birch_bark.bmp
0 27.959452 -8.232536 348.707306 0.549919 0.826098 -0.123090 0.666667 0.269433
0 48.808399 -20.177759 358.231232 0.603786 0.328858 0.726151 0.833333 0.486757
0 49.033260 -20.185061 357.716034 0.927776 0.370231 0.046491 0.666667 0.486757
birch_bark.bmp
0 26.828718 -8.271706 350.225311 0.006807 0.752945 0.658048 0.833333 0.269433
0 25.696682 -9.821840 350.723541 -0.496842 0.000197 0.867841 1.000000 0.269433
0 48.485153 -20.643681 358.440094 0.207057 -0.280632 0.937216 1.000000 0.486757
birch_bark.bmp
0 26.828718 -8.271706 350.225311 0.006807 0.752945 0.658048 0.833333 0.269433
0 48.485153 -20.643681 358.440094 0.207057 -0.280632 0.937216 1.000000 0.486757
0 48.808399 -20.177759 358.231232 0.603786 0.328858 0.726151 0.833333 0.486757
birch_bark.bmp
0 2.562474 1.000000 331.344238 -0.950679 0.241972 0.194059 0.950000 0.500000
0 4.532916 3.718730 330.732208 -0.509645 0.859214 0.044864 0.725000 0.110289
0 6.970680 3.891273 328.427704 0.052724 0.860565 -0.506605 0.275000 0.110289
birch_bark.bmp
0 6.970680 3.891273 328.427704 0.052724 0.860565 -0.506605 0.275000 0.110289
0 7.515074 1.000000 326.492401 0.157296 0.158922 -0.974680 0.050000 0.500000
0 5.463893 -1.700155 327.192566 -0.300194 -0.449730 -0.841206 0.275000 0.889711
birch_bark.bmp
0 5.463893 -1.700155 327.192566 -0.300194 -0.449730 -0.841206 0.275000 0.889711
0 2.973339 -1.973405 329.499969 -0.842385 -0.473670 -0.256950 0.725000 0.889711
0 2.562474 1.000000 331.344238 -0.950679 0.241972 0.194059 0.950000 0.500000
birch_bark.bmp
0 6.970680 3.891273 328.427704 0.052724 0.860565 -0.506605 0.275000 0.110289
0 5.463893 -1.700155 327.192566 -0.300194 -0.449730 -0.841206 0.275000 0.889711
0 2.562474 1.000000 331.344238 -0.950679 0.241972 0.194059 0.950000 0.500000
birch_bark.bmp
0 48.808399 -20.177759 358.231232 0.603786 0.328858 0.726151 0.725000 0.110289
0 48.485153 -20.643681 358.440094 0.207057 -0.280632 0.937216 0.950000 0.500000
0 48.411499 -21.117527 358.077332 0.135231 -0.898973 0.416605 0.725000 0.889711
birch_bark.bmp
0 48.411499 -21.117527 358.077332 0.135231 -0.898973 0.416605 0.725000 0.889711
0 48.648815 -21.096354 357.565826 0.452010 -0.849601 -0.271782 0.275000 0.889711
0 48.973228 -20.643681 357.339539 0.837406 -0.227339 -0.497059 0.050000 0.500000
birch_bark.bmp
0 48.973228 -20.643681 357.339539 0.837406 -0.227339 -0.497059 0.050000 0.500000
0 49.033260 -20.185061 357.716034 0.927776 0.370231 0.046491 0.275000 0.110289
0 48.808399 -20.177759 358.231232 0.603786 0.328858 0.726151 0.725000 0.110289
birch_bark.bmp
0 48.411499 -21.117527 358.077332 0.135231 -0.898973 0.416605 0.725000 0.889711
0 48.973228 -20.643681 357.339539 0.837406 -0.227339 -0.497059 0.050000 0.500000
0 48.808399 -20.177759 358.231232 0.603786 0.328858 0.726151 0.725000 0.110289
birch_leaves.bmp
1 45.155308 2.159007 335.403137 -0.583375 -0.718966 -0.377838 0.007500 0.007500
1 73.678627 -20.985060 335.403137 -0.583375 -0.718966 -0.377838 0.492500 0.007500
1 62.639957 -34.589397 378.333588 -0.583375 -0.718966 -0.377838 0.492500 0.492500
birch_leaves.bmp
1 45.155308 2.159007 335.403137 -0.583375 -0.718966 -0.377838 0.007500 0.007500
1 62.639957 -34.589397 378.333588 -0.583375 -0.718966 -0.377838 0.492500 0.492500
1 34.116634 -11.445330 378.333588 -0.583375 -0.718966 -0.377838 0.007500 0.492500
birch_leaves.bmp
1 34.116634 -11.445330 378.333588 0.583375 0.718966 0.377838 0.007500 0.492500
1 62.639957 -34.589397 378.333588 0.583375 0.718966 0.377838 0.492500 0.492500
1 73.678627 -20.985060 335.403137 0.583375 0.718966 0.377838 0.492500 0.007500
birch_leaves.bmp
1 34.116634 -11.445330 378.333588 0.583375 0.718966 0.377838 0.007500 0.492500
1 73.678627 -20.985060 335.403137 0.583375 0.718966 0.377838 0.492500 0.007500
1 45.155308 2.159007 335.403137 0.583375 0.718966 0.377838 0.007500 0.007500
birch_leaves.bmp
1 45.091011 -32.720734 334.094452 0.767205 -0.622517 0.154496 0.507500 0.507500
1 68.235077 -4.197409 334.094452 0.767205 -0.622517 0.154496 0.992500 0.507500
1 62.704254 0.290346 379.642273 0.767205 -0.622517 0.154496 0.992500 0.992500
birch_leaves.bmp
1 45.091011 -32.720734 334.094452 0.767205 -0.622517 0.154496 0.507500 0.507500
1 62.704254 0.290346 379.642273 0.767205 -0.622517 0.154496 0.992500 0.992500
1 39.560188 -28.232981 379.642273 0.767205 -0.622517 0.154496 0.507500 0.992500
birch_leaves.bmp
1 39.560188 -28.232981 379.642273 -0.767205 0.622517 -0.154496 0.507500 0.992500
1 62.704254 0.290346 379.642273 -0.767205 0.622517 -0.154496 0.992500 0.992500
1 68.235077 -4.197409 334.094452 -0.767205 0.622517 -0.154496 0.992500 0.507500
birch_leaves.bmp
1 39.560188 -28.232981 379.642273 -0.767205 0.622517 -0.154496 0.507500 0.992500
1 68.235077 -4.197409 334.094452 -0.767205 0.622517 -0.154496 0.992500 0.507500
1 45.091011 -32.720734 334.094452 -0.767205 0.622517 -0.154496 0.507500 0.507500
birch_leaves.bmp
1 74.653412 -11.563889 361.321991 -0.565153 0.745251 0.353841 0.007500 0.507500
1 40.315811 -37.603424 361.321991 -0.565153 0.745251 0.353841 0.492500 0.507500
1 49.344055 -49.508713 400.816498 -0.565153 0.745251 0.353841 0.492500 0.992500
birch_leaves.bmp
1 74.653412 -11.563889 361.321991 -0.565153 0.745251 0.353841 0.007500 0.507500
1 49.344055 -49.508713 400.816498 -0.565153 0.745251 0.353841 0.492500 0.992500
1 83.681656 -23.469173 400.816498 -0.565153 0.745251 0.353841 0.007500 0.992500
birch_leaves.bmp
1 83.681656 -23.469173 400.816498 0.565153 -0.745251 -0.353841 0.007500 0.992500
1 49.344055 -49.508713 400.816498 0.565153 -0.745251 -0.353841 0.492500 0.992500
1 40.315811 -37.603424 361.321991 0.565153 -0.745251 -0.353841 0.492500 0.507500
birch_leaves.bmp
1 83.681656 -23.469173 400.816498 0.565153 -0.745251 -0.353841 0.007500 0.992500
1 40.315811 -37.603424 361.321991 0.565153 -0.745251 -0.353841 0.492500 0.507500
1 74.653412 -11.563889 361.321991 0.565153 -0.745251 -0.353841 0.007500 0.507500
birch_leaves.bmp
1 43.449890 -17.560413 361.147461 -0.752460 -0.570619 0.328934 0.507500 0.507500
1 69.489426 -51.898010 361.147461 -0.752460 -0.570619 0.328934 0.992500 0.507500
1 80.547577 -43.512184 400.991058 -0.752460 -0.570619 0.328934 0.992500 0.992500
birch_leaves.bmp
1 43.449890 -17.560413 361.147461 -0.752460 -0.570619 0.328934 0.507500 0.507500
1 80.547577 -43.512184 400.991058 -0.752460 -0.570619 0.328934 0.992500 0.992500
1 54.508041 -9.174588 400.991058 -0.752460 -0.570619 0.328934 0.507500 0.992500
birch_leaves.bmp
1 54.508041 -9.174588 400.991058 0.752460 0.570619 -0.328934 0.507500 0.992500
1 80.547577 -43.512184 400.991058 0.752460 0.570619 -0.328934 0.992500 0.992500
1 69.489426 -51.898010 361.147461 0.752460 0.570619 -0.328934 0.992500 0.507500
birch_leaves.bmp
1 54.508041 -9.174588 400.991058 0.752460 0.570619 -0.328934 0.507500 0.992500
1 69.489426 -51.898010 361.147461 0.752460 0.570619 -0.328934 0.992500 0.507500
1 43.449890 -17.560413 361.147461 0.752460 0.570619 -0.328934 0.507500 0.507500
birch_leaves.bmp
1 41.996624 4.009718 351.139984 -0.944688 0.079128 -0.318283 0.007500 0.507500
1 39.100788 -30.563028 351.139984 -0.944688 0.079128 -0.318283 0.492500 0.507500
1 24.146887 -29.310480 395.835663 -0.944688 0.079128 -0.318283 0.492500 0.992500
birch_leaves.bmp
1 41.996624 4.009718 351.139984 -0.944688 0.079128 -0.318283 0.007500 0.507500
1 24.146887 -29.310480 395.835663 -0.944688 0.079128 -0.318283 0.492500 0.992500
1 27.042723 5.262266 395.835663 -0.944688 0.079128 -0.318283 0.007500 0.992500
birch_leaves.bmp
1 27.042723 5.262266 395.835663 0.944688 -0.079128 0.318283 0.007500 0.992500
1 24.146887 -29.310480 395.835663 0.944688 -0.079128 0.318283 0.492500 0.992500
1 39.100788 -30.563028 351.139984 0.944688 -0.079128 0.318283 0.492500 0.507500
birch_leaves.bmp
1 27.042723 5.262266 395.835663 0.944688 -0.079128 0.318283 0.007500 0.992500
1 39.100788 -30.563028 351.139984 0.944688 -0.079128 0.318283 0.492500 0.507500
1 41.996624 4.009718 351.139984 0.944688 -0.079128 0.318283 0.007500 0.507500
birch_leaves.bmp
1 16.667025 -0.676723 352.287231 -0.074709 -0.891939 -0.445940 0.507500 0.507500
1 51.239769 -3.572556 352.287231 -0.074709 -0.891939 -0.445940 0.992500 0.507500
1 49.476486 -24.624039 394.688385 -0.074709 -0.891939 -0.445940 0.992500 0.992500
birch_leaves.bmp
1 16.667025 -0.676723 352.287231 -0.074709 -0.891939 -0.445940 0.507500 0.507500
1 49.476486 -24.624039 394.688385 -0.074709 -0.891939 -0.445940 0.992500 0.992500
1 14.903739 -21.728207 394.688385 -0.074709 -0.891939 -0.445940 0.507500 0.992500
birch_leaves.bmp
1 14.903739 -21.728207 394.688385 0.074709 0.891939 0.445940 0.507500 0.992500
1 49.476486 -24.624039 394.688385 0.074709 0.891939 0.445940 0.992500 0.992500
1 51.239769 -3.572556 352.287231 0.074709 0.891939 0.445940 0.992500 0.507500
birch_leaves.bmp
1 14.903739 -21.728207 394.688385 0.074709 0.891939 0.445940 0.507500 0.992500
1 51.239769 -3.572556 352.287231 0.074709 0.891939 0.445940 0.992500 0.507500
1 16.667025 -0.676723 352.287231 0.074709 0.891939 0.445940 0.507500 0.507500
birch_leaves.bmp
1 45.534863 -43.314461 339.556396 0.942193 -0.055998 0.330358 0.007500 0.007500
1 47.574116 -9.003049 339.556396 0.942193 -0.055998 0.330358 0.492500 0.007500
1 34.265995 -8.212100 377.645691 0.942193 -0.055998 0.330358 0.492500 0.492500
birch_leaves.bmp
1 45.534863 -43.314461 339.556396 0.942193 -0.055998 0.330358 0.007500 0.007500
1 34.265995 -8.212100 377.645691 0.942193 -0.055998 0.330358 0.492500 0.492500
1 32.226742 -42.523514 377.645691 0.942193 -0.055998 0.330358 0.007500 0.492500
birch_leaves.bmp
1 32.226742 -42.523514 377.645691 -0.942193 0.055998 -0.330358 0.007500 0.492500
1 34.265995 -8.212100 377.645691 -0.942193 0.055998 -0.330358 0.492500 0.492500
1 47.574116 -9.003049 339.556396 -0.942193 0.055998 -0.330358 0.492500 0.007500
birch_leaves.bmp
1 32.226742 -42.523514 377.645691 -0.942193 0.055998 -0.330358 0.007500 0.492500
1 47.574116 -9.003049 339.556396 -0.942193 0.055998 -0.330358 0.492500 0.007500
1 45.534863 -43.314461 339.556396 -0.942193 0.055998 -0.330358 0.007500 0.007500
birch_leaves.bmp
1 57.470867 -19.804844 339.661865 0.055659 0.936485 0.346263 0.507500 0.007500
1 23.159454 -17.765594 339.661865 0.055659 0.936485 0.346263 0.992500 0.007500
1 22.329990 -31.721718 377.540222 0.055659 0.936485 0.346263 0.992500 0.492500
birch_leaves.bmp
1 57.470867 -19.804844 339.661865 0.055659 0.936485 0.346263 0.507500 0.007500
1 22.329990 -31.721718 377.540222 0.055659 0.936485 0.346263 0.992500 0.492500
1 56.641407 -33.760967 377.540222 0.055659 0.936485 0.346263 0.507500 0.492500
birch_leaves.bmp
1 56.641407 -33.760967 377.540222 -0.055659 -0.936485 -0.346263 0.507500 0.492500
1 22.329990 -31.721718 377.540222 -0.055659 -0.936485 -0.346263 0.992500 0.492500
1 23.159454 -17.765594 339.661865 -0.055659 -0.936485 -0.346263 0.992500 0.007500
birch_leaves.bmp
1 56.641407 -33.760967 377.540222 -0.055659 -0.936485 -0.346263 0.507500 0.492500
1 23.159454 -17.765594 339.661865 -0.055659 -0.936485 -0.346263 0.992500 0.007500
1 57.470867 -19.804844 339.661865 -0.055659 -0.936485 -0.346263 0.507500 0.007500
birch_leaves.bmp
1 40.387371 8.687308 355.486786 -0.919291 -0.000521 -0.393579 0.007500 0.007500
1 40.408276 -28.212999 355.486786 -0.919291 -0.000521 -0.393579 0.492500 0.007500
1 25.347034 -28.221533 390.665649 -0.919291 -0.000521 -0.393579 0.492500 0.492500
birch_leaves.bmp
1 40.387371 8.687308 355.486786 -0.919291 -0.000521 -0.393579 0.007500 0.007500
1 25.347034 -28.221533 390.665649 -0.919291 -0.000521 -0.393579 0.492500 0.492500
1 25.326130 8.678775 390.665649 -0.919291 -0.000521 -0.393579 0.007500 0.492500
birch_leaves.bmp
1 25.326130 8.678775 390.665649 0.919291 0.000521 0.393579 0.007500 0.492500
1 25.347034 -28.221533 390.665649 0.919291 0.000521 0.393579 0.492500 0.492500
1 40.408276 -28.212999 355.486786 0.919291 0.000521 0.393579 0.492500 0.007500
birch_leaves.bmp
1 25.326130 8.678775 390.665649 0.919291 0.000521 0.393579 0.007500 0.492500
1 40.408276 -28.212999 355.486786 0.919291 0.000521 0.393579 0.492500 0.007500
1 40.387371 8.687308 355.486786 0.919291 0.000521 0.393579 0.007500 0.007500
birch_leaves.bmp
1 14.417639 -10.818460 354.111298 0.000566 -0.998497 0.054803 0.507500 0.007500
1 51.317947 -10.797556 354.111298 0.000566 -0.998497 0.054803 0.992500 0.007500
1 51.316765 -8.715763 392.041168 0.000566 -0.998497 0.054803 0.992500 0.492500
birch_leaves.bmp
1 14.417639 -10.818460 354.111298 0.000566 -0.998497 0.054803 0.507500 0.007500
1 51.316765 -8.715763 392.041168 0.000566 -0.998497 0.054803 0.992500 0.492500
1 14.416460 -8.736668 392.041168 0.000566 -0.998497 0.054803 0.507500 0.492500
birch_leaves.bmp
1 14.416460 -8.736668 392.041168 -0.000566 0.998497 -0.054803 0.507500 0.492500
1 51.316765 -8.715763 392.041168 -0.000566 0.998497 -0.054803 0.992500 0.492500
1 51.317947 -10.797556 354.111298 -0.000566 0.998497 -0.054803 0.992500 0.007500
birch_leaves.bmp
1 14.416460 -8.736668 392.041168 -0.000566 0.998497 -0.054803 0.507500 0.492500
1 51.317947 -10.797556 354.111298 -0.000566 0.998497 -0.054803 0.992500 0.007500
1 14.417639 -10.818460 354.111298 -0.000566 0.998497 -0.054803 0.507500 0.007500
birch_leaves.bmp
1 40.370609 -51.315311 357.257111 0.976146 -0.115368 -0.183928 0.507500 0.507500
1 44.955326 -12.523260 357.257111 0.976146 -0.115368 -0.183928 0.992500 0.507500
1 55.039433 -13.715071 411.523315 0.976146 -0.115368 -0.183928 0.992500 0.992500
birch_leaves.bmp
1 40.370609 -51.315311 357.257111 0.976146 -0.115368 -0.183928 0.507500 0.507500
1 55.039433 -13.715071 411.523315 0.976146 -0.115368 -0.183928 0.992500 0.992500
1 50.454716 -52.507122 411.523315 0.976146 -0.115368 -0.183928 0.507500 0.992500
birch_leaves.bmp
1 50.454716 -52.507122 411.523315 -0.976146 0.115368 0.183928 0.507500 0.992500
1 55.039433 -13.715071 411.523315 -0.976146 0.115368 0.183928 0.992500 0.992500
1 44.955326 -12.523260 357.257111 -0.976146 0.115368 0.183928 0.992500 0.507500
birch_leaves.bmp
1 50.454716 -52.507122 411.523315 -0.976146 0.115368 0.183928 0.507500 0.992500
1 44.955326 -12.523260 357.257111 -0.976146 0.115368 0.183928 0.992500 0.507500
1 40.370609 -51.315311 357.257111 -0.976146 0.115368 0.183928 0.507500 0.507500
birch_leaves.bmp
1 68.639397 -21.791271 359.809235 0.103567 0.876299 0.470505 0.507500 0.007500
1 29.847351 -17.206554 359.809235 0.103567 0.876299 0.470505 0.992500 0.007500
1 26.770641 -43.239109 408.971191 0.103567 0.876299 0.470505 0.992500 0.492500
birch_leaves.bmp
1 68.639397 -21.791271 359.809235 0.103567 0.876299 0.470505 0.507500 0.007500
1 26.770641 -43.239109 408.971191 0.103567 0.876299 0.470505 0.992500 0.492500
1 65.562691 -47.823826 408.971191 0.103567 0.876299 0.470505 0.507500 0.492500
birch_leaves.bmp
1 65.562691 -47.823826 408.971191 -0.103567 -0.876299 -0.470505 0.507500 0.492500
1 26.770641 -43.239109 408.971191 -0.103567 -0.876299 -0.470505 0.992500 0.492500
1 29.847351 -17.206554 359.809235 -0.103567 -0.876299 -0.470505 0.992500 0.007500
birch_leaves.bmp
1 65.562691 -47.823826 408.971191 -0.103567 -0.876299 -0.470505 0.507500 0.492500
1 29.847351 -17.206554 359.809235 -0.103567 -0.876299 -0.470505 0.992500 0.007500
1 68.639397 -21.791271 359.809235 -0.103567 -0.876299 -0.470505 0.507500 0.007500
birch_leaves.bmp
1 34.368969 -35.177372 335.021027 0.890962 -0.318261 -0.323877 0.507500 0.507500
1 47.988171 2.949198 335.021027 0.890962 -0.318261 -0.323877 0.992500 0.507500
1 60.122601 -1.385344 372.661346 0.890962 -0.318261 -0.323877 0.992500 0.992500
birch_leaves.bmp
1 34.368969 -35.177372 335.021027 0.890962 -0.318261 -0.323877 0.507500 0.507500
1 60.122601 -1.385344 372.661346 0.890962 -0.318261 -0.323877 0.992500 0.992500
1 46.503399 -39.511913 372.661346 0.890962 -0.318261 -0.323877 0.507500 0.992500
birch_leaves.bmp
1 46.503399 -39.511913 372.661346 -0.890962 0.318261 0.323877 0.507500 0.992500
1 60.122601 -1.385344 372.661346 -0.890962 0.318261 0.323877 0.992500 0.992500
1 47.988171 2.949198 335.021027 -0.890962 0.318261 0.323877 0.992500 0.507500
birch_leaves.bmp
1 46.503399 -39.511913 372.661346 -0.890962 0.318261 0.323877 0.507500 0.992500
1 47.988171 2.949198 335.021027 -0.890962 0.318261 0.323877 0.992500 0.507500
1 34.368969 -35.177372 335.021027 -0.890962 0.318261 0.323877 0.507500 0.507500
birch_leaves.bmp
1 67.703056 -21.188519 334.445404 0.328968 0.920937 0.208936 0.007500 0.007500
1 29.576492 -7.569316 334.445404 0.328968 0.920937 0.208936 0.492500 0.007500
1 26.788509 -15.374195 373.236969 0.328968 0.920937 0.208936 0.492500 0.492500
birch_leaves.bmp
1 67.703056 -21.188519 334.445404 0.328968 0.920937 0.208936 0.007500 0.007500
1 26.788509 -15.374195 373.236969 0.328968 0.920937 0.208936 0.492500 0.492500
1 64.915077 -28.993397 373.236969 0.328968 0.920937 0.208936 0.007500 0.492500
birch_leaves.bmp
1 64.915077 -28.993397 373.236969 -0.328968 -0.920937 -0.208936 0.007500 0.492500
1 26.788509 -15.374195 373.236969 -0.328968 -0.920937 -0.208936 0.492500 0.492500
1 29.576492 -7.569316 334.445404 -0.328968 -0.920937 -0.208936 0.492500 0.007500
birch_leaves.bmp
1 64.915077 -28.993397 373.236969 -0.328968 -0.920937 -0.208936 0.007500 0.492500
1 29.576492 -7.569316 334.445404 -0.328968 -0.920937 -0.208936 0.492500 0.007500
1 67.703056 -21.188519 334.445404 -0.328968 -0.920937 -0.208936 0.007500 0.007500
birch_leaves.bmp
1 61.008476 -43.357754 360.830811 0.958969 -0.094041 0.267459 0.507500 0.007500
1 65.001335 -2.641227 360.830811 0.958969 -0.094041 0.267459 0.992500 0.007500
1 54.883873 -1.649060 397.455627 0.958969 -0.094041 0.267459 0.992500 0.492500
birch_leaves.bmp
1 61.008476 -43.357754 360.830811 0.958969 -0.094041 0.267459 0.507500 0.007500
1 54.883873 -1.649060 397.455627 0.958969 -0.094041 0.267459 0.992500 0.492500
1 50.891014 -42.365589 397.455627 0.958969 -0.094041 0.267459 0.507500 0.492500
birch_leaves.bmp
1 50.891014 -42.365589 397.455627 -0.958969 0.094041 -0.267459 0.507500 0.492500
1 54.883873 -1.649060 397.455627 -0.958969 0.094041 -0.267459 0.992500 0.492500
1 65.001335 -2.641227 360.830811 -0.958969 0.094041 -0.267459 0.992500 0.007500
birch_leaves.bmp
1 50.891014 -42.365589 397.455627 -0.958969 0.094041 -0.267459 0.507500 0.492500
1 65.001335 -2.641227 360.830811 -0.958969 0.094041 -0.267459 0.992500 0.007500
1 61.008476 -43.357754 360.830811 -0.958969 0.094041 -0.267459 0.507500 0.007500
birch_leaves.bmp
1 78.424355 -23.277071 360.239960 0.097391 0.993131 0.064859 0.007500 0.507500
1 37.707821 -19.284216 360.239960 0.097391 0.993131 0.064859 0.492500 0.507500
1 37.467999 -21.729746 398.046509 0.097391 0.993131 0.064859 0.492500 0.992500
birch_leaves.bmp
1 78.424355 -23.277071 360.239960 0.097391 0.993131 0.064859 0.007500 0.507500
1 37.467999 -21.729746 398.046509 0.097391 0.993131 0.064859 0.492500 0.992500
1 78.184532 -25.722601 398.046509 0.097391 0.993131 0.064859 0.007500 0.992500
birch_leaves.bmp
1 78.184532 -25.722601 398.046509 -0.097391 -0.993131 -0.064859 0.007500 0.992500
1 37.467999 -21.729746 398.046509 -0.097391 -0.993131 -0.064859 0.492500 0.992500
1 37.707821 -19.284216 360.239960 -0.097391 -0.993131 -0.064859 0.492500 0.507500
birch_leaves.bmp
1 78.184532 -25.722601 398.046509 -0.097391 -0.993131 -0.064859 0.007500 0.992500
1 37.707821 -19.284216 360.239960 -0.097391 -0.993131 -0.064859 0.492500 0.507500
1 78.424355 -23.277071 360.239960 -0.097391 -0.993131 -0.064859 0.007500 0.507500
birch_leaves.bmp
1 30.525515 -6.902295 346.842163 -0.864655 -0.433631 -0.253644 0.007500 0.007500
1 45.330559 -36.423374 346.842163 -0.864655 -0.433631 -0.253644 0.492500 0.007500
1 34.711601 -41.748867 392.146027 -0.864655 -0.433631 -0.253644 0.492500 0.492500
birch_leaves.bmp
1 30.525515 -6.902295 346.842163 -0.864655 -0.433631 -0.253644 0.007500 0.007500
1 34.711601 -41.748867 392.146027 -0.864655 -0.433631 -0.253644 0.492500 0.492500
1 19.906553 -12.227785 392.146027 -0.864655 -0.433631 -0.253644 0.007500 0.492500
birch_leaves.bmp
1 19.906553 -12.227785 392.146027 0.864655 0.433631 0.253644 0.007500 0.492500
1 34.711601 -41.748867 392.146027 0.864655 0.433631 0.253644 0.492500 0.492500
1 45.330559 -36.423374 346.842163 0.864655 0.433631 0.253644 0.492500 0.007500
birch_leaves.bmp
1 19.906553 -12.227785 392.146027 0.864655 0.433631 0.253644 0.007500 0.492500
1 45.330559 -36.423374 346.842163 0.864655 0.433631 0.253644 0.492500 0.007500
1 30.525515 -6.902295 346.842163 0.864655 0.433631 0.253644 0.007500 0.007500
birch_leaves.bmp
1 20.421940 -36.840538 346.790955 0.434710 -0.866806 0.244285 0.007500 0.007500
1 49.943020 -22.035490 346.790955 0.434710 -0.866806 0.244285 0.492500 0.007500
1 44.815174 -11.810625 392.197235 0.434710 -0.866806 0.244285 0.492500 0.492500
birch_leaves.bmp
1 20.421940 -36.840538 346.790955 0.434710 -0.866806 0.244286 0.007500 0.007500
1 44.815174 -11.810625 392.197235 0.434710 -0.866806 0.244286 0.492500 0.492500
1 15.294093 -26.615671 392.197235 0.434710 -0.866806 0.244286 0.007500 0.492500
birch_leaves.bmp
1 15.294093 -26.615671 392.197235 -0.434710 0.866806 -0.244285 0.007500 0.492500
1 44.815174 -11.810625 392.197235 -0.434710 0.866806 -0.244285 0.492500 0.492500
1 49.943020 -22.035490 346.790955 -0.434710 0.866806 -0.244285 0.492500 0.007500
birch_leaves.bmp
1 15.294093 -26.615671 392.197235 -0.434710 0.866806 -0.244286 0.007500 0.492500
1 49.943020 -22.035490 346.790955 -0.434710 0.866806 -0.244286 0.492500 0.007500
1 20.421940 -36.840538 346.790955 -0.434710 0.866806 -0.244286 0.007500 0.007500
birch_bark.bmp
0 1.869919 1.000000 338.876282 -0.479704 -0.274512 -0.833383 0.000000 0.000000
0 2.623408 -1.677083 341.010376 -0.303137 -0.908662 -0.287125 0.166667 0.000000
0 -11.416931 20.476631 369.183380 -0.670419 -0.692976 0.265183 0.166667 0.329059
birch_bark.bmp
0 1.869919 1.000000 338.876282 -0.479704 -0.274512 -0.833383 0.000000 0.000000
0 -11.416931 20.476631 369.183380 -0.670419 -0.692976 0.265183 0.166667 0.329059
0 -11.722012 21.901962 367.819794 -0.854426 0.005519 -0.519544 0.000000 0.329059
birch_bark.bmp
0 2.623408 -1.677083 341.010376 -0.303137 -0.908662 -0.287125 0.166667 0.000000
0 5.800823 -1.431065 342.358643 0.410443 -0.911162 0.036348 0.333333 0.000000
0 -9.704542 20.582811 370.113861 0.132809 -0.646016 0.751682 0.333333 0.329059
birch_bark.bmp
0 2.623408 -1.677083 341.010376 -0.303137 -0.908662 -0.287125 0.166667 0.000000
0 -9.704542 20.582811 370.113861 0.132809 -0.646016 0.751682 0.333333 0.329059
0 -11.416931 20.476631 369.183380 -0.670419 -0.692976 0.265183 0.166667 0.329059
birch_bark.bmp
0 5.800823 -1.431065 342.358643 0.410443 -0.911162 0.036348 0.333333 0.000000
0 8.229662 1.000000 341.901520 0.935877 -0.345232 -0.070345 0.500000 0.000000
0 -8.215342 21.901962 369.905579 0.799512 0.005295 0.600626 0.500000 0.329059
birch_bark.bmp
0 5.800823 -1.431065 342.358643 0.410443 -0.911162 0.036348 0.333333 0.000000
0 -8.215342 21.901962 369.905579 0.799512 0.005295 0.600626 0.500000 0.329059
0 -9.704542 20.582811 370.113861 0.132809 -0.646016 0.751682 0.333333 0.329059
birch_bark.bmp
0 8.229662 1.000000 341.901520 0.935877 -0.345232 -0.070345 0.500000 0.000000
0 7.310946 3.603137 339.737854 0.738775 0.290255 -0.608246 0.666667 0.000000
0 -8.609547 23.281208 368.527161 0.677492 0.720496 -0.147954 0.666667 0.329059
birch_bark.bmp
0 8.229662 1.000000 341.901520 0.935877 -0.345232 -0.070345 0.500000 0.000000
0 -8.609547 23.281208 368.527161 0.677492 0.720496 -0.147954 0.666667 0.329059
0 -8.215342 21.901962 369.905579 0.799512 0.005295 0.600626 0.500000 0.329059
birch_bark.bmp
0 7.310946 3.603137 339.737854 0.738775 0.290255 -0.608246 0.666667 0.000000
0 4.193668 3.447789 338.358063 0.047344 0.270662 -0.961509 0.833333 0.000000
0 -10.281454 23.247215 367.560883 -0.142662 0.702508 -0.697231 0.833333 0.329059
birch_bark.bmp
0 7.310946 3.603137 339.737854 0.738775 0.290255 -0.608246 0.666667 0.000000
0 -10.281454 23.247215 367.560883 -0.142662 0.702508 -0.697231 0.833333 0.329059
0 -8.609547 23.281208 368.527161 0.677492 0.720496 -0.147954 0.666667 0.329059
birch_bark.bmp
0 4.193668 3.447789 338.358063 0.047344 0.270662 -0.961509 0.833333 0.000000
0 1.869919 1.000000 338.876282 -0.479704 -0.274512 -0.833383 1.000000 0.000000
0 -11.722012 21.901962 367.819794 -0.854426 0.005519 -0.519544 1.000000 0.329059
birch_bark.bmp
0 4.193668 3.447789 338.358063 0.047344 0.270662 -0.961509 0.833333 0.000000
0 -11.722012 21.901962 367.819794 -0.854426 0.005519 -0.519544 1.000000 0.329059
0 -10.281454 23.247215 367.560883 -0.142662 0.702508 -0.697231 0.833333 0.329059
birch_bark.bmp
0 -11.722012 21.901962 367.819794 -0.854426 0.005519 -0.519544 0.000000 0.329059
0 -11.416931 20.476631 369.183380 -0.670419 -0.692976 0.265183 0.166667 0.329059
0 -25.433535 42.415554 385.995789 -0.844760 -0.110072 0.523703 0.166667 0.590489
birch_bark.bmp
0 -11.722012 21.901962 367.819794 -0.854426 0.005519 -0.519544 0.000000 0.329059
0 -25.433535 42.415554 385.995789 -0.844760 -0.110072 0.523703 0.166667 0.590489
0 -25.459162 42.803925 385.545746 -0.910934 0.391197 -0.131014 0.000000 0.590489
birch_bark.bmp
0 -11.416931 20.476631 369.183380 -0.670419 -0.692976 0.265183 0.166667 0.329059
0 -9.704542 20.582811 370.113861 0.132809 -0.646016 0.751682 0.333333 0.329059
0 -24.972219 42.432911 386.342651 -0.248852 -0.059602 0.966706 0.333333 0.590489
birch_bark.bmp
0 -11.416931 20.476631 369.183380 -0.670419 -0.692976 0.265183 0.166667 0.329059
0 -24.972219 42.432911 386.342651 -0.248852 -0.059602 0.966706 0.333333 0.590489
0 -25.433535 42.415554 385.995789 -0.844760 -0.110072 0.523703 0.166667 0.590489
birch_bark.bmp
0 -9.704542 20.582811 370.113861 0.132809 -0.646016 0.751682 0.333333 0.329059
0 -8.215342 21.901962 369.905579 0.799512 0.005295 0.600626 0.500000 0.329059
0 -24.494667 42.803925 386.311096 0.324343 0.430149 0.842480 0.500000 0.590489
birch_bark.bmp
0 -9.704542 20.582811 370.113861 0.132809 -0.646016 0.751682 0.333333 0.329059
0 -24.494667 42.803925 386.311096 0.324343 0.430149 0.842480 0.500000 0.590489
0 -24.972219 42.432911 386.342651 -0.248852 -0.059602 0.966706 0.333333 0.590489
birch_bark.bmp
0 -8.215342 21.901962 369.905579 0.799512 0.005295 0.600626 0.500000 0.329059
0 -8.609547 23.281208 368.527161 0.677492 0.720496 -0.147954 0.666667 0.329059
0 -24.541718 43.179813 385.857880 0.241325 0.947512 0.209723 0.666667 0.590489
birch_bark.bmp
0 -8.215342 21.901962 369.905579 0.799512 0.005295 0.600626 0.500000 0.329059
0 -24.541718 43.179813 385.857880 0.241325 0.947512 0.209723 0.666667 0.590489
0 -24.494667 42.803925 386.311096 0.324343 0.430149 0.842480 0.500000 0.590489
birch_bark.bmp
0 -8.609547 23.281208 368.527161 0.677492 0.720496 -0.147954 0.666667 0.329059
0 -10.281454 23.247215 367.560883 -0.142662 0.702508 -0.697231 0.833333 0.329059
0 -24.988707 43.185799 385.496552 -0.346644 0.904898 -0.246979 0.833333 0.590489
birch_bark.bmp
0 -8.609547 23.281208 368.527161 0.677492 0.720496 -0.147954 0.666667 0.329059
0 -24.988707 43.185799 385.496552 -0.346644 0.904898 -0.246979 0.833333 0.590489
0 -24.541718 43.179813 385.857880 0.241325 0.947512 0.209723 0.666667 0.590489
birch_bark.bmp
0 -10.281454 23.247215 367.560883 -0.142662 0.702508 -0.697231 0.833333 0.329059
0 -11.722012 21.901962 367.819794 -0.854426 0.005519 -0.519544 1.000000 0.329059
0 -25.459162 42.803925 385.545746 -0.910934 0.391197 -0.131014 1.000000 0.590489
birch_bark.bmp
0 -10.281454 23.247215 367.560883 -0.142662 0.702508 -0.697231 0.833333 0.329059
0 -25.459162 42.803925 385.545746 -0.910934 0.391197 -0.131014 1.000000 0.590489
0 -24.988707 43.185799 385.496552 -0.346644 0.904898 -0.246979 0.833333 0.590489
birch_bark.bmp
0 1.869919 1.000000 338.876282 -0.479704 -0.274512 -0.833383 0.950000 0.500000
0 4.193668 3.447789 338.358063 0.047344 0.270662 -0.961509 0.725000 0.110289
0 7.310946 3.603137 339.737854 0.738775 0.290255 -0.608246 0.275000 0.110289
birch_bark.bmp
0 7.310946 3.603137 339.737854 0.738775 0.290255 -0.608246 0.275000 0.110289
0 8.229662 1.000000 341.901520 0.935877 -0.345232 -0.070345 0.050000 0.500000
0 5.800823 -1.431065 342.358643 0.410443 -0.911162 0.036348 0.275000 0.889711
birch_bark.bmp
0 5.800823 -1.431065 342.358643 0.410443 -0.911162 0.036348 0.275000 0.889711
0 2.623408 -1.677083 341.010376 -0.303137 -0.908662 -0.287125 0.725000 0.889711
0 1.869919 1.000000 338.876282 -0.479704 -0.274512 -0.833383 0.950000 0.500000
birch_bark.bmp
0 7.310946 3.603137 339.737854 0.738775 0.290255 -0.608246 0.275000 0.110289
0 5.800823 -1.431065 342.358643 0.410443 -0.911162 0.036348 0.275000 0.889711
0 1.869919 1.000000 338.876282 -0.479704 -0.274512 -0.833383 0.950000 0.500000
birch_bark.bmp
0 -24.988707 43.185799 385.496552 -0.346644 0.904898 -0.246979 0.725000 0.110289
0 -25.459162 42.803925 385.545746 -0.910934 0.391197 -0.131014 0.950000 0.500000
0 -25.433535 42.415554 385.995789 -0.844760 -0.110072 0.523703 0.725000 0.889711
birch_bark.bmp
0 -25.433535 42.415554 385.995789 -0.844760 -0.110072 0.523703 0.725000 0.889711
0 -24.972219 42.432911 386.342651 -0.248852 -0.059602 0.966706 0.275000 0.889711
0 -24.494667 42.803925 386.311096 0.324343 0.430149 0.842480 0.050000 0.500000
birch_bark.bmp
0 -24.494667 42.803925 386.311096 0.324343 0.430149 0.842480 0.050000 0.500000
0 -24.541718 43.179813 385.857880 0.241325 0.947512 0.209723 0.275000 0.110289
0 -24.988707 43.185799 385.496552 -0.346644 0.904898 -0.246979 0.725000 0.110289
birch_bark.bmp
0 -25.433535 42.415554 385.995789 -0.844760 -0.110072 0.523703 0.725000 0.889711
0 -24.494667 42.803925 386.311096 0.324343 0.430149 0.842480 0.050000 0.500000
0 -24.988707 43.185799 385.496552 -0.346644 0.904898 -0.246979 0.725000 0.110289
birch_leaves.bmp
1 -5.858384 63.285793 385.410400 -0.942751 0.202776 -0.264767 0.007500 0.007500
1 -13.937406 25.724684 385.410400 -0.942751 0.202776 -0.264767 0.492500 0.007500
1 -25.906456 28.299109 430.000000 -0.942751 0.202776 -0.264767 0.492500 0.492500
birch_leaves.bmp
1 -5.858384 63.285793 385.410400 -0.942751 0.202776 -0.264767 0.007500 0.007500
1 -25.906456 28.299109 430.000000 -0.942751 0.202776 -0.264767 0.492500 0.492500
1 -17.827435 65.860214 430.000000 -0.942751 0.202776 -0.264767 0.007500 0.492500
birch_leaves.bmp
1 -17.827435 65.860214 430.000000 0.942751 -0.202776 0.264767 0.007500 0.492500
1 -25.906456 28.299109 430.000000 0.942751 -0.202776 0.264767 0.492500 0.492500
1 -13.937406 25.724684 385.410400 0.942751 -0.202776 0.264767 0.492500 0.007500
birch_leaves.bmp
1 -17.827435 65.860214 430.000000 0.942751 -0.202776 0.264767 0.007500 0.492500
1 -13.937406 25.724684 385.410400 0.942751 -0.202776 0.264767 0.492500 0.007500
1 -5.858384 63.285793 385.410400 0.942751 -0.202776 0.264767 0.007500 0.007500
birch_leaves.bmp
1 -32.964527 57.728401 385.980591 -0.197099 -0.916357 -0.348486 0.007500 0.507500
1 4.596581 49.649376 385.980591 -0.197099 -0.916357 -0.348486 0.492500 0.507500
1 1.199688 33.856499 429.429810 -0.197099 -0.916357 -0.348486 0.492500 0.992500
birch_leaves.bmp
1 -32.964527 57.728401 385.980591 -0.197099 -0.916357 -0.348486 0.007500 0.507500
1 1.199688 33.856499 429.429810 -0.197099 -0.916357 -0.348486 0.492500 0.992500
1 -36.361416 41.935524 429.429810 -0.197099 -0.916357 -0.348486 0.007500 0.992500
birch_leaves.bmp
1 -36.361416 41.935524 429.429810 0.197099 0.916357 0.348486 0.007500 0.992500
1 1.199688 33.856499 429.429810 0.197099 0.916357 0.348486 0.492500 0.992500
1 4.596581 49.649376 385.980591 0.197099 0.916357 0.348486 0.492500 0.507500
birch_leaves.bmp
1 -36.361416 41.935524 429.429810 0.197099 0.916357 0.348486 0.007500 0.992500
1 4.596581 49.649376 385.980591 0.197099 0.916357 0.348486 0.492500 0.507500
1 -32.964527 57.728401 385.980591 0.197099 0.916357 0.348486 0.007500 0.507500
birch_leaves.bmp
1 -36.666454 63.306297 370.067871 0.098305 -0.951557 -0.291334 0.007500 0.007500
1 0.072303 67.101761 370.067871 0.098305 -0.951557 -0.291334 0.492500 0.007500
1 1.223755 55.956116 406.860443 0.098305 -0.951557 -0.291334 0.492500 0.492500
birch_leaves.bmp
1 -36.666454 63.306297 370.067871 0.098305 -0.951557 -0.291334 0.007500 0.007500
1 1.223755 55.956116 406.860443 0.098305 -0.951557 -0.291334 0.492500 0.492500
1 -35.515003 52.160652 406.860443 0.098305 -0.951557 -0.291334 0.007500 0.492500
birch_leaves.bmp
1 -35.515003 52.160652 406.860443 -0.098305 0.951557 0.291334 0.007500 0.492500
1 1.223755 55.956116 406.860443 -0.098305 0.951557 0.291334 0.492500 0.492500
1 0.072303 67.101761 370.067871 -0.098305 0.951557 0.291334 0.492500 0.007500
birch_leaves.bmp
1 -35.515003 52.160652 406.860443 -0.098305 0.951557 0.291334 0.007500 0.492500
1 0.072303 67.101761 370.067871 -0.098305 0.951557 0.291334 0.492500 0.007500
1 -36.666454 63.306297 370.067871 -0.098305 0.951557 0.291334 0.007500 0.007500
birch_leaves.bmp
1 -24.697643 40.345055 371.292816 0.882685 0.091190 -0.461034 0.007500 0.007500
1 -28.493107 77.083817 371.292816 0.882685 0.091190 -0.461034 0.492500 0.007500
1 -10.745056 78.917358 405.635498 0.882685 0.091190 -0.461034 0.492500 0.492500
birch_leaves.bmp
1 -24.697643 40.345055 371.292816 0.882685 0.091190 -0.461034 0.007500 0.007500
1 -10.745056 78.917358 405.635498 0.882685 0.091190 -0.461034 0.492500 0.492500
1 -6.949592 42.178596 405.635498 0.882685 0.091190 -0.461034 0.007500 0.492500
birch_leaves.bmp
1 -6.949592 42.178596 405.635498 -0.882685 -0.091190 0.461034 0.007500 0.492500
1 -10.745056 78.917358 405.635498 -0.882685 -0.091190 0.461034 0.492500 0.492500
1 -28.493107 77.083817 371.292816 -0.882685 -0.091190 0.461034 0.492500 0.007500
birch_leaves.bmp
1 -6.949592 42.178596 405.635498 -0.882685 -0.091190 0.461034 0.007500 0.492500
1 -28.493107 77.083817 371.292816 -0.882685 -0.091190 0.461034 0.492500 0.007500
1 -24.697643 40.345055 371.292816 -0.882685 -0.091190 0.461034 0.007500 0.007500
birch_leaves.bmp
1 -11.848275 47.815575 354.385223 -0.933970 0.353252 -0.053979 0.007500 0.007500
1 -22.414791 19.878550 354.385223 -0.933970 0.353252 -0.053979 0.492500 0.007500
1 -24.587543 20.700342 397.356873 -0.933970 0.353252 -0.053979 0.492500 0.492500
birch_leaves.bmp
1 -11.848275 47.815575 354.385223 -0.933970 0.353252 -0.053979 0.007500 0.007500
1 -24.587543 20.700342 397.356873 -0.933970 0.353252 -0.053979 0.492500 0.492500
1 -14.021026 48.637367 397.356873 -0.933970 0.353252 -0.053979 0.007500 0.492500
birch_leaves.bmp
1 -14.021026 48.637367 397.356873 0.933970 -0.353252 0.053979 0.007500 0.492500
1 -24.587543 20.700342 397.356873 0.933970 -0.353252 0.053979 0.492500 0.492500
1 -22.414791 19.878550 354.385223 0.933970 -0.353252 0.053979 0.492500 0.007500
birch_leaves.bmp
1 -14.021026 48.637367 397.356873 0.933970 -0.353252 0.053979 0.007500 0.492500
1 -22.414791 19.878550 354.385223 0.933970 -0.353252 0.053979 0.492500 0.007500
1 -11.848275 47.815575 354.385223 0.933970 -0.353252 0.053979 0.007500 0.007500
birch_leaves.bmp
1 -32.007771 40.013557 354.362213 -0.353670 -0.935076 -0.023472 0.507500 0.007500
1 -4.070745 29.447041 354.362213 -0.353670 -0.935076 -0.023472 0.992500 0.007500
1 -4.428049 28.502357 397.379883 -0.353670 -0.935076 -0.023472 0.992500 0.492500
birch_leaves.bmp
1 -32.007771 40.013557 354.362213 -0.353670 -0.935076 -0.023472 0.507500 0.007500
1 -4.428049 28.502357 397.379883 -0.353670 -0.935076 -0.023472 0.992500 0.492500
1 -32.365070 39.068878 397.379883 -0.353670 -0.935076 -0.023472 0.507500 0.492500
birch_leaves.bmp
1 -32.365070 39.068878 397.379883 0.353670 0.935076 0.023472 0.507500 0.492500
1 -4.428049 28.502357 397.379883 0.353670 0.935076 0.023472 0.992500 0.492500
1 -4.070745 29.447041 354.362213 0.353670 0.935076 0.023472 0.992500 0.007500
birch_leaves.bmp
1 -32.365070 39.068878 397.379883 0.353670 0.935076 0.023472 0.507500 0.492500
1 -4.070745 29.447041 354.362213 0.353670 0.935076 0.023472 0.992500 0.007500
1 -32.007771 40.013557 354.362213 0.353670 0.935076 0.023472 0.507500 0.007500
birch_leaves.bmp
1 -47.289085 67.847504 364.208679 -0.399462 -0.909366 -0.116116 0.507500 0.507500
1 -19.805511 55.774666 364.208679 -0.399462 -0.909366 -0.116116 0.992500 0.507500
1 -22.028442 50.714211 411.487061 -0.399462 -0.909366 -0.116116 0.992500 0.992500
birch_leaves.bmp
1 -47.289085 67.847504 364.208679 -0.399462 -0.909366 -0.116116 0.507500 0.507500
1 -22.028442 50.714211 411.487061 -0.399462 -0.909366 -0.116116 0.992500 0.992500
1 -49.512016 62.787048 411.487061 -0.399462 -0.909366 -0.116116 0.507500 0.992500
birch_leaves.bmp
1 -49.512016 62.787048 411.487061 0.399462 0.909366 0.116116 0.507500 0.992500
1 -22.028442 50.714211 411.487061 0.399462 0.909366 0.116116 0.992500 0.992500
1 -19.805511 55.774666 364.208679 0.399462 0.909366 0.116116 0.992500 0.507500
birch_leaves.bmp
1 -49.512016 62.787048 411.487061 0.399462 0.909366 0.116116 0.507500 0.992500
1 -19.805511 55.774666 364.208679 0.399462 0.909366 0.116116 0.992500 0.507500
1 -47.289085 67.847504 364.208679 0.399462 0.909366 0.116116 0.507500 0.507500
birch_leaves.bmp
1 -38.744282 44.682087 364.149536 0.911881 -0.400566 0.089553 0.507500 0.507500
1 -26.671442 72.165665 364.149536 0.911881 -0.400566 0.089553 0.992500 0.507500
1 -30.573248 73.879623 411.546204 0.911881 -0.400566 0.089553 0.992500 0.992500
birch_leaves.bmp
1 -38.744282 44.682087 364.149536 0.911881 -0.400566 0.089553 0.507500 0.507500
1 -30.573248 73.879623 411.546204 0.911881 -0.400566 0.089553 0.992500 0.992500
1 -42.646084 46.396053 411.546204 0.911881 -0.400566 0.089553 0.507500 0.992500
birch_leaves.bmp
1 -42.646084 46.396053 411.546204 -0.911881 0.400566 -0.089553 0.507500 0.992500
1 -30.573248 73.879623 411.546204 -0.911881 0.400566 -0.089553 0.992500 0.992500
1 -26.671442 72.165665 364.149536 -0.911881 0.400566 -0.089553 0.992500 0.507500
birch_leaves.bmp
1 -42.646084 46.396053 411.546204 -0.911881 0.400566 -0.089553 0.507500 0.992500
1 -26.671442 72.165665 364.149536 -0.911881 0.400566 -0.089553 0.992500 0.507500
1 -38.744282 44.682087 364.149536 -0.911881 0.400566 -0.089553 0.507500 0.507500
birch_leaves.bmp
1 -14.209363 18.174915 382.062897 -0.112714 0.892673 -0.436384 0.007500 0.507500
1 -47.611031 13.957438 382.062897 -0.112714 0.892673 -0.436384 0.492500 0.507500
1 -50.324196 35.445255 426.719482 -0.112714 0.892673 -0.436384 0.492500 0.992500
birch_leaves.bmp
1 -14.209363 18.174915 382.062897 -0.112714 0.892673 -0.436384 0.007500 0.507500
1 -50.324196 35.445255 426.719482 -0.112714 0.892673 -0.436384 0.492500 0.992500
1 -16.922531 39.662731 426.719482 -0.112714 0.892673 -0.436384 0.007500 0.992500
birch_leaves.bmp
1 -16.922531 39.662731 426.719482 0.112714 -0.892673 0.436384 0.007500 0.992500
1 -50.324196 35.445255 426.719482 0.112714 -0.892673 0.436384 0.492500 0.992500
1 -47.611031 13.957438 382.062897 0.112714 -0.892673 0.436384 0.492500 0.507500
birch_leaves.bmp
1 -16.922531 39.662731 426.719482 0.112714 -0.892673 0.436384 0.007500 0.992500
1 -47.611031 13.957438 382.062897 0.112714 -0.892673 0.436384 0.492500 0.507500
1 -14.209363 18.174915 382.062897 0.112714 -0.892673 0.436384 0.007500 0.507500
birch_leaves.bmp
1 -30.569141 43.991531 380.075562 -0.979999 -0.123740 -0.155855 0.007500 0.007500
1 -26.351665 10.589865 380.075562 -0.979999 -0.123740 -0.155855 0.492500 0.007500
1 -33.964420 9.628637 428.706818 -0.979999 -0.123740 -0.155855 0.492500 0.492500
birch_leaves.bmp
1 -30.569141 43.991531 380.075562 -0.979999 -0.123740 -0.155855 0.007500 0.007500
1 -33.964420 9.628637 428.706818 -0.979999 -0.123740 -0.155855 0.492500 0.492500
1 -38.181896 43.030304 428.706818 -0.979999 -0.123740 -0.155855 0.007500 0.492500
birch_leaves.bmp
1 -38.181896 43.030304 428.706818 0.979999 0.123740 0.155855 0.007500 0.492500
1 -33.964420 9.628637 428.706818 0.979999 0.123740 0.155855 0.492500 0.492500
1 -26.351665 10.589865 380.075562 0.979999 0.123740 0.155855 0.492500 0.007500
birch_leaves.bmp
1 -38.181896 43.030304 428.706818 0.979999 0.123740 0.155855 0.007500 0.492500
1 -26.351665 10.589865 380.075562 0.979999 0.123740 0.155855 0.492500 0.007500
1 -30.569141 43.991531 380.075562 0.979999 0.123740 0.155855 0.007500 0.007500
birch_leaves.bmp
1 -26.618425 66.341827 382.441132 -0.664213 0.746963 -0.029439 0.007500 0.507500
1 -51.416363 44.291054 382.441132 -0.664213 0.746963 -0.029439 0.492500 0.507500
1 -52.200718 45.173126 422.519196 -0.664213 0.746963 -0.029439 0.492500 0.992500
birch_leaves.bmp
1 -26.618425 66.341827 382.441132 -0.664213 0.746963 -0.029439 0.007500 0.507500
1 -52.200718 45.173126 422.519196 -0.664213 0.746963 -0.029439 0.492500 0.992500
1 -27.402784 67.223907 422.519196 -0.664213 0.746963 -0.029439 0.007500 0.992500
birch_leaves.bmp
1 -27.402784 67.223907 422.519196 0.664213 -0.746963 0.029439 0.007500 0.992500
1 -52.200718 45.173126 422.519196 0.664213 -0.746963 0.029439 0.492500 0.992500
1 -51.416363 44.291054 382.441132 0.664213 -0.746963 0.029439 0.492500 0.507500
birch_leaves.bmp
1 -27.402784 67.223907 422.519196 0.664213 -0.746963 0.029439 0.007500 0.992500
1 -51.416363 44.291054 382.441132 0.664213 -0.746963 0.029439 0.492500 0.507500
1 -26.618425 66.341827 382.441132 0.664213 -0.746963 0.029439 0.007500 0.507500
birch_leaves.bmp
1 -44.094685 73.794342 384.127808 -0.678308 -0.603164 -0.419632 0.507500 0.007500
1 -22.043903 48.996403 384.127808 -0.678308 -0.603164 -0.419632 0.992500 0.007500
1 -34.724461 37.720623 420.832520 -0.678308 -0.603164 -0.419632 0.992500 0.492500
birch_leaves.bmp
1 -44.094685 73.794342 384.127808 -0.678308 -0.603164 -0.419632 0.507500 0.007500
1 -34.724461 37.720623 420.832520 -0.678308 -0.603164 -0.419632 0.992500 0.492500
1 -56.775242 62.518559 420.832520 -0.678308 -0.603164 -0.419632 0.507500 0.492500
birch_leaves.bmp
1 -56.775242 62.518559 420.832520 0.678308 0.603164 0.419632 0.507500 0.492500
1 -34.724461 37.720623 420.832520 0.678308 0.603164 0.419632 0.992500 0.492500
1 -22.043903 48.996403 384.127808 0.678308 0.603164 0.419632 0.992500 0.007500
birch_leaves.bmp
1 -56.775242 62.518559 420.832520 0.678308 0.603164 0.419632 0.507500 0.492500
1 -22.043903 48.996403 384.127808 0.678308 0.603164 0.419632 0.992500 0.007500
1 -44.094685 73.794342 384.127808 0.678308 0.603164 0.419632 0.507500 0.007500
birch_leaves.bmp
1 -48.881676 62.188126 355.946655 -0.320158 -0.840816 -0.436494 0.007500 0.507500
1 -19.878084 51.144417 355.946655 -0.320158 -0.840816 -0.436494 0.492500 0.507500
1 -28.447248 28.639603 405.582825 -0.320158 -0.840816 -0.436494 0.492500 0.992500
birch_leaves.bmp
1 -48.881676 62.188126 355.946655 -0.320158 -0.840816 -0.436494 0.007500 0.507500
1 -28.447248 28.639603 405.582825 -0.320158 -0.840816 -0.436494 0.492500 0.992500
1 -57.450844 39.683311 405.582825 -0.320158 -0.840816 -0.436494 0.007500 0.992500
birch_leaves.bmp
1 -57.450844 39.683311 405.582825 0.320158 0.840816 0.436494 0.007500 0.992500
1 -28.447248 28.639603 405.582825 0.320158 0.840816 0.436494 0.492500 0.992500
1 -19.878084 51.144417 355.946655 0.320158 0.840816 0.436494 0.492500 0.507500
birch_leaves.bmp
1 -57.450844 39.683311 405.582825 0.320158 0.840816 0.436494 0.007500 0.992500
1 -19.878084 51.144417 355.946655 0.320158 0.840816 0.436494 0.492500 0.507500
1 -48.881676 62.188126 355.946655 0.320158 0.840816 0.436494 0.007500 0.507500
birch_leaves.bmp
1 -34.512268 27.228477 355.267303 0.865904 -0.329710 0.376168 0.507500 0.007500
1 -23.468557 56.232071 355.267303 0.865904 -0.329710 0.376168 0.992500 0.007500
1 -42.816658 63.599251 406.262207 0.865904 -0.329710 0.376168 0.992500 0.492500
birch_leaves.bmp
1 -34.512268 27.228477 355.267303 0.865904 -0.329710 0.376167 0.507500 0.007500
1 -42.816658 63.599251 406.262207 0.865904 -0.329710 0.376167 0.992500 0.492500
1 -53.860367 34.595657 406.262207 0.865904 -0.329710 0.376167 0.507500 0.492500
birch_leaves.bmp
1 -53.860367 34.595657 406.262207 -0.865904 0.329710 -0.376167 0.507500 0.492500
1 -42.816658 63.599251 406.262207 -0.865904 0.329710 -0.376167 0.992500 0.492500
1 -23.468557 56.232071 355.267303 -0.865904 0.329710 -0.376167 0.992500 0.007500
birch_leaves.bmp
1 -53.860367 34.595657 406.262207 -0.865904 0.329710 -0.376167 0.507500 0.492500
1 -23.468557 56.232071 355.267303 -0.865904 0.329710 -0.376167 0.992500 0.007500
1 -34.512268 27.228477 355.267303 -0.865904 0.329710 -0.376167 0.507500 0.007500
birch_leaves.bmp
1 -19.769617 54.632267 355.013245 0.250567 0.960784 0.118786 0.507500 0.507500
1 -61.778290 65.587906 355.013245 0.250567 0.960784 0.118786 0.992500 0.507500
1 -63.373100 59.472721 407.839294 0.250567 0.960784 0.118786 0.992500 0.992500
birch_leaves.bmp
1 -19.769617 54.632267 355.013245 0.250567 0.960784 0.118786 0.507500 0.507500
1 -63.373100 59.472721 407.839294 0.250567 0.960784 0.118786 0.992500 0.992500
1 -21.364424 48.517078 407.839294 0.250567 0.960784 0.118786 0.507500 0.992500
birch_leaves.bmp
1 -21.364424 48.517078 407.839294 -0.250567 -0.960784 -0.118786 0.507500 0.992500
1 -63.373100 59.472721 407.839294 -0.250567 -0.960784 -0.118786 0.992500 0.992500
1 -61.778290 65.587906 355.013245 -0.250567 -0.960784 -0.118786 0.992500 0.507500
birch_leaves.bmp
1 -21.364424 48.517078 407.839294 -0.250567 -0.960784 -0.118786 0.507500 0.992500
1 -61.778290 65.587906 355.013245 -0.250567 -0.960784 -0.118786 0.992500 0.507500
1 -19.769617 54.632267 355.013245 -0.250567 -0.960784 -0.118786 0.507500 0.507500
birch_leaves.bmp
1 -34.094555 77.535507 354.915619 -0.964710 0.251591 -0.077689 0.507500 0.507500
1 -45.050198 35.526833 354.915619 -0.964710 0.251591 -0.077689 0.992500 0.507500
1 -49.048161 36.569481 407.936951 -0.964710 0.251591 -0.077689 0.992500 0.992500
birch_leaves.bmp
1 -34.094555 77.535507 354.915619 -0.964710 0.251591 -0.077689 0.507500 0.507500
1 -49.048161 36.569481 407.936951 -0.964710 0.251591 -0.077689 0.992500 0.992500
1 -38.092518 78.578156 407.936951 -0.964710 0.251591 -0.077689 0.507500 0.992500
birch_leaves.bmp
1 -38.092518 78.578156 407.936951 0.964710 -0.251591 0.077689 0.507500 0.992500
1 -49.048161 36.569481 407.936951 0.964710 -0.251591 0.077689 0.992500 0.992500
1 -45.050198 35.526833 354.915619 0.964710 -0.251591 0.077689 0.992500 0.507500
birch_leaves.bmp
1 -38.092518 78.578156 407.936951 0.964710 -0.251591 0.077689 0.507500 0.992500
1 -45.050198 35.526833 354.915619 0.964710 -0.251591 0.077689 0.992500 0.507500
1 -34.094555 77.535507 354.915619 0.964710 -0.251591 0.077689 0.507500 0.507500
birch_leaves.bmp
1 -24.709929 26.378717 380.935211 0.860896 0.188569 -0.472546 0.007500 0.007500
1 -33.920731 68.429909 380.935211 0.860896 0.188569 -0.472546 0.492500 0.007500
1 -16.108889 72.331367 414.942139 0.860896 0.188569 -0.472546 0.492500 0.492500
birch_leaves.bmp
1 -24.709929 26.378717 380.935211 0.860896 0.188569 -0.472546 0.007500 0.007500
1 -16.108889 72.331367 414.942139 0.860896 0.188569 -0.472546 0.492500 0.492500
1 -6.898088 30.280184 414.942139 0.860896 0.188569 -0.472546 0.007500 0.492500
birch_leaves.bmp
1 -6.898088 30.280184 414.942139 -0.860896 -0.188569 0.472546 0.007500 0.492500
1 -16.108889 72.331367 414.942139 -0.860896 -0.188569 0.472546 0.492500 0.492500
1 -33.920731 68.429909 380.935211 -0.860896 -0.188569 0.472546 0.492500 0.007500
birch_leaves.bmp
1 -6.898088 30.280184 414.942139 -0.860896 -0.188569 0.472546 0.007500 0.492500
1 -33.920731 68.429909 380.935211 -0.860896 -0.188569 0.472546 0.492500 0.007500
1 -24.709929 26.378717 380.935211 -0.860896 -0.188569 0.472546 0.007500 0.007500
birch_leaves.bmp
1 1.504459 49.905106 379.265900 -0.208865 0.953558 -0.217029 0.507500 0.507500
1 -40.546734 40.694305 379.265900 -0.208865 0.953558 -0.217029 0.992500 0.507500
1 -42.323277 48.804985 416.611450 -0.208865 0.953558 -0.217029 0.992500 0.992500
birch_leaves.bmp
1 1.504459 49.905106 379.265900 -0.208865 0.953558 -0.217029 0.507500 0.507500
1 -42.323277 48.804985 416.611450 -0.208865 0.953558 -0.217029 0.992500 0.992500
1 -0.272087 58.015785 416.611450 -0.208865 0.953558 -0.217029 0.507500 0.992500
birch_leaves.bmp
1 -0.272087 58.015785 416.611450 0.208865 -0.953559 0.217029 0.507500 0.992500
1 -42.323277 48.804985 416.611450 0.208865 -0.953559 0.217029 0.992500 0.992500
1 -40.546734 40.694305 379.265900 0.208865 -0.953559 0.217029 0.992500 0.507500
birch_leaves.bmp
1 -0.272087 58.015785 416.611450 0.208865 -0.953558 0.217029 0.507500 0.992500
1 -40.546734 40.694305 379.265900 0.208865 -0.953558 0.217029 0.992500 0.507500
1 1.504459 49.905106 379.265900 0.208865 -0.953558 0.217029 0.507500 0.507500
birch_leaves.bmp
1 3.870072 12.138569 347.638031 -0.282860 -0.901451 -0.327682 0.507500 0.007500
1 42.035301 0.162964 347.638031 -0.282860 -0.901451 -0.327682 0.992500 0.007500
1 36.972404 -15.972044 396.395660 -0.282860 -0.901451 -0.327682 0.992500 0.492500
birch_leaves.bmp
1 3.870072 12.138569 347.638031 -0.282860 -0.901451 -0.327682 0.507500 0.007500
1 36.972404 -15.972044 396.395660 -0.282860 -0.901451 -0.327682 0.992500 0.492500
1 -1.192822 -3.996439 396.395660 -0.282860 -0.901451 -0.327682 0.507500 0.492500
birch_leaves.bmp
1 -1.192822 -3.996439 396.395660 0.282860 0.901451 0.327682 0.507500 0.492500
1 36.972404 -15.972044 396.395660 0.282860 0.901451 0.327682 0.992500 0.492500
1 42.035301 0.162964 347.638031 0.282860 0.901451 0.327682 0.992500 0.007500
birch_leaves.bmp
1 -1.192822 -3.996439 396.395660 0.282860 0.901451 0.327682 0.507500 0.492500
1 42.035301 0.162964 347.638031 0.282860 0.901451 0.327682 0.992500 0.007500
1 3.870072 12.138569 347.638031 0.282860 0.901451 0.327682 0.507500 0.007500
birch_leaves.bmp
1 23.927763 -23.978512 348.153778 0.880634 -0.276328 0.384873 0.507500 0.507500
1 35.903366 14.186719 348.153778 0.880634 -0.276328 0.384873 0.992500 0.507500
1 16.914717 20.145039 395.879944 0.880634 -0.276328 0.384873 0.992500 0.992500
birch_leaves.bmp
1 23.927763 -23.978512 348.153778 0.880634 -0.276328 0.384873 0.507500 0.507500
1 16.914717 20.145039 395.879944 0.880634 -0.276328 0.384873 0.992500 0.992500
1 4.939112 -18.020191 395.879944 0.880634 -0.276328 0.384873 0.507500 0.992500
birch_leaves.bmp
1 4.939112 -18.020191 395.879944 -0.880634 0.276328 -0.384873 0.507500 0.992500
1 16.914717 20.145039 395.879944 -0.880634 0.276328 -0.384873 0.992500 0.992500
1 35.903366 14.186719 348.153778 -0.880634 0.276328 -0.384873 0.992500 0.507500
birch_leaves.bmp
1 4.939112 -18.020191 395.879944 -0.880634 0.276328 -0.384873 0.507500 0.992500
1 35.903366 14.186719 348.153778 -0.880634 0.276328 -0.384873 0.992500 0.507500
1 23.927763 -23.978512 348.153778 -0.880634 0.276328 -0.384873 0.507500 0.507500
birch_leaves.bmp
1 -5.225803 25.194424 292.929016 -0.616346 -0.784185 -0.071908 0.507500 0.007500
1 26.223026 0.476592 292.929016 -0.616346 -0.784185 -0.071908 0.992500 0.007500
1 23.941158 -2.426660 344.148834 -0.616346 -0.784185 -0.071908 0.992500 0.492500
birch_leaves.bmp
1 -5.225803 25.194424 292.929016 -0.616346 -0.784185 -0.071908 0.507500 0.007500
1 23.941158 -2.426660 344.148834 -0.616346 -0.784185 -0.071908 0.992500 0.492500
1 -7.507672 22.291172 344.148834 -0.616346 -0.784185 -0.071908 0.507500 0.492500
birch_leaves.bmp
1 -7.507672 22.291172 344.148834 0.616346 0.784185 0.071908 0.507500 0.492500
1 23.941158 -2.426660 344.148834 0.616346 0.784185 0.071908 0.992500 0.492500
1 26.223026 0.476592 292.929016 0.616346 0.784185 0.071908 0.992500 0.007500
birch_leaves.bmp
1 -7.507672 22.291172 344.148834 0.616346 0.784185 0.071908 0.507500 0.492500
1 26.223026 0.476592 292.929016 0.616346 0.784185 0.071908 0.992500 0.007500
1 -5.225803 25.194424 292.929016 0.616346 0.784185 0.071908 0.507500 0.007500
birch_leaves.bmp
1 3.500361 -9.450594 294.102570 0.744733 -0.585338 0.320550 0.507500 0.507500
1 28.218193 21.998234 294.102570 0.744733 -0.585338 0.320550 0.992500 0.507500
1 15.214993 32.218357 342.975311 0.744733 -0.585338 0.320550 0.992500 0.992500
birch_leaves.bmp
1 3.500361 -9.450594 294.102570 0.744733 -0.585338 0.320550 0.507500 0.507500
1 15.214993 32.218357 342.975311 0.744733 -0.585338 0.320550 0.992500 0.992500
1 -9.502837 0.769527 342.975311 0.744733 -0.585338 0.320550 0.507500 0.992500
birch_leaves.bmp
1 -9.502837 0.769527 342.975311 -0.744733 0.585338 -0.320550 0.507500 0.992500
1 15.214993 32.218357 342.975311 -0.744733 0.585338 -0.320550 0.992500 0.992500
1 28.218193 21.998234 294.102570 -0.744733 0.585338 -0.320550 0.992500 0.507500
birch_leaves.bmp
1 -9.502837 0.769527 342.975311 -0.744733 0.585338 -0.320550 0.507500 0.992500
1 28.218193 21.998234 294.102570 -0.744733 0.585338 -0.320550 0.992500 0.507500
1 3.500361 -9.450594 294.102570 -0.744733 0.585338 -0.320550 0.507500 0.507500
birch_leaves.bmp
1 7.349981 18.849051 316.640259 -0.902426 0.265884 -0.339017 0.507500 0.507500
1 -3.954836 -19.520224 316.640259 -0.902426 0.265884 -0.339017 0.992500 0.507500
1 -20.743387 -14.573778 365.208893 -0.902426 0.265884 -0.339017 0.992500 0.992500
birch_leaves.bmp
1 7.349981 18.849051 316.640259 -0.902426 0.265884 -0.339017 0.507500 0.507500
1 -20.743387 -14.573778 365.208893 -0.902426 0.265884 -0.339017 0.992500 0.992500
1 -9.438570 23.795496 365.208893 -0.902426 0.265884 -0.339017 0.507500 0.992500
birch_leaves.bmp
1 -9.438570 23.795496 365.208893 0.902426 -0.265884 0.339017 0.507500 0.992500
1 -20.743387 -14.573778 365.208893 0.902426 -0.265884 0.339017 0.992500 0.992500
1 -3.954836 -19.520224 316.640259 0.902426 -0.265884 0.339017 0.992500 0.507500
birch_leaves.bmp
1 -9.438570 23.795496 365.208893 0.902426 -0.265884 0.339017 0.507500 0.992500
1 -3.954836 -19.520224 316.640259 0.902426 -0.265884 0.339017 0.992500 0.507500
1 7.349981 18.849051 316.640259 0.902426 -0.265884 0.339017 0.507500 0.507500
birch_leaves.bmp
1 -28.960516 -2.660877 317.437286 -0.256380 -0.870169 0.420803 0.007500 0.507500
1 9.408758 -13.965693 317.437286 -0.256380 -0.870169 0.420803 0.492500 0.507500
1 15.567110 6.936151 364.411865 -0.256380 -0.870169 0.420803 0.492500 0.992500
birch_leaves.bmp
1 -28.960516 -2.660877 317.437286 -0.256380 -0.870169 0.420803 0.007500 0.507500
1 15.567110 6.936151 364.411865 -0.256380 -0.870169 0.420803 0.492500 0.992500
1 -22.802164 18.240967 364.411865 -0.256380 -0.870169 0.420803 0.007500 0.992500
birch_leaves.bmp
1 -22.802164 18.240967 364.411865 0.256380 0.870169 -0.420803 0.007500 0.992500
1 15.567110 6.936151 364.411865 0.256380 0.870169 -0.420803 0.492500 0.992500
1 9.408758 -13.965693 317.437286 0.256380 0.870169 -0.420803 0.492500 0.507500
birch_leaves.bmp
1 -22.802164 18.240967 364.411865 0.256380 0.870169 -0.420803 0.007500 0.992500
1 9.408758 -13.965693 317.437286 0.256380 0.870169 -0.420803 0.492500 0.507500
1 -28.960516 -2.660877 317.437286 0.256380 0.870169 -0.420803 0.007500 0.507500
birch_leaves.bmp
1 6.001662 -34.479816 294.784485 0.963145 0.212631 -0.164742 0.507500 0.007500
1 -2.621408 4.579664 294.784485 0.963145 0.212631 -0.164742 0.992500 0.007500
1 5.648385 6.405367 345.489197 0.963145 0.212631 -0.164742 0.992500 0.492500
birch_leaves.bmp
1 6.001662 -34.479816 294.784485 0.963145 0.212631 -0.164742 0.507500 0.007500
1 5.648385 6.405367 345.489197 0.963145 0.212631 -0.164742 0.992500 0.492500
1 14.271455 -32.654110 345.489197 0.963145 0.212631 -0.164742 0.507500 0.492500
birch_leaves.bmp
1 14.271455 -32.654110 345.489197 -0.963145 -0.212631 0.164742 0.507500 0.492500
1 5.648385 6.405367 345.489197 -0.963145 -0.212631 0.164742 0.992500 0.492500
1 -2.621408 4.579664 294.784485 -0.963145 -0.212631 0.164742 0.992500 0.007500
birch_leaves.bmp
1 14.271455 -32.654110 345.489197 -0.963145 -0.212631 0.164742 0.507500 0.492500
1 -2.621408 4.579664 294.784485 -0.963145 -0.212631 0.164742 0.992500 0.007500
1 6.001662 -34.479816 294.784485 -0.963145 -0.212631 0.164742 0.507500 0.007500
birch_leaves.bmp
1 22.676657 2.405193 297.345428 -0.189284 0.857391 0.478594 0.507500 0.507500
1 -16.382822 -6.217876 297.345428 -0.189284 0.857391 0.478594 0.992500 0.507500
1 -11.026608 -30.479641 342.928253 -0.189284 0.857391 0.478594 0.992500 0.992500
birch_leaves.bmp
1 22.676657 2.405193 297.345428 -0.189284 0.857391 0.478594 0.507500 0.507500
1 -11.026608 -30.479641 342.928253 -0.189284 0.857391 0.478594 0.992500 0.992500
1 28.032869 -21.856571 342.928253 -0.189284 0.857391 0.478594 0.507500 0.992500
birch_leaves.bmp
1 28.032869 -21.856571 342.928253 0.189284 -0.857391 -0.478594 0.507500 0.992500
1 -11.026608 -30.479641 342.928253 0.189284 -0.857391 -0.478594 0.992500 0.992500
1 -16.382822 -6.217876 297.345428 0.189284 -0.857391 -0.478594 0.992500 0.507500
birch_leaves.bmp
1 28.032869 -21.856571 342.928253 0.189284 -0.857391 -0.478594 0.507500 0.992500
1 -16.382822 -6.217876 297.345428 0.189284 -0.857391 -0.478594 0.992500 0.507500
1 22.676657 2.405193 297.345428 0.189284 -0.857391 -0.478594 0.507500 0.507500
birch_leaves.bmp
1 -38.408222 15.774212 306.984528 -0.379274 -0.907266 0.181711 0.507500 0.507500
1 -1.503165 0.346414 306.984528 -0.379274 -0.907266 0.181711 0.992500 0.507500
1 2.100726 8.967333 357.550079 -0.379274 -0.907266 0.181711 0.992500 0.992500
birch_leaves.bmp
1 -38.408222 15.774212 306.984528 -0.379274 -0.907266 0.181711 0.507500 0.507500
1 2.100726 8.967333 357.550079 -0.379274 -0.907266 0.181711 0.992500 0.992500
1 -34.804333 24.395130 357.550079 -0.379274 -0.907266 0.181711 0.507500 0.992500
birch_leaves.bmp
1 -34.804333 24.395130 357.550079 0.379274 0.907266 -0.181711 0.507500 0.992500
1 2.100726 8.967333 357.550079 0.379274 0.907266 -0.181711 0.992500 0.992500
1 -1.503165 0.346414 306.984528 0.379274 0.907266 -0.181711 0.992500 0.507500
birch_leaves.bmp
1 -34.804333 24.395130 357.550079 0.379274 0.907266 -0.181711 0.507500 0.992500
1 -1.503165 0.346414 306.984528 0.379274 0.907266 -0.181711 0.992500 0.507500
1 -38.408222 15.774212 306.984528 0.379274 0.907266 -0.181711 0.507500 0.507500
birch_leaves.bmp
1 -27.635273 -5.342817 306.662018 0.920055 -0.384620 -0.074614 0.507500 0.507500
1 -12.207474 31.562239 306.662018 0.920055 -0.384620 -0.074614 0.992500 0.507500
1 -8.672222 30.084360 357.872620 0.920055 -0.384620 -0.074614 0.992500 0.992500
birch_leaves.bmp
1 -27.635273 -5.342817 306.662018 0.920055 -0.384620 -0.074614 0.507500 0.507500
1 -8.672222 30.084360 357.872620 0.920055 -0.384620 -0.074614 0.992500 0.992500
1 -24.100021 -6.820694 357.872620 0.920055 -0.384620 -0.074614 0.507500 0.992500
birch_leaves.bmp
1 -24.100021 -6.820694 357.872620 -0.920055 0.384620 0.074614 0.507500 0.992500
1 -8.672222 30.084360 357.872620 -0.920055 0.384620 0.074614 0.992500 0.992500
1 -12.207474 31.562239 306.662018 -0.920055 0.384620 0.074614 0.992500 0.507500
birch_leaves.bmp
1 -24.100021 -6.820694 357.872620 -0.920055 0.384620 0.074614 0.507500 0.992500
1 -12.207474 31.562239 306.662018 -0.920055 0.384620 0.074614 0.992500 0.507500
1 -27.635273 -5.342817 306.662018 -0.920055 0.384620 0.074614 0.507500 0.507500
birch_leaves.bmp
1 6.255143 -6.516843 312.097595 0.865815 0.301026 0.399684 0.007500 0.007500
1 -6.880731 31.264750 312.097595 0.865815 0.301026 0.399684 0.492500 0.007500
1 -26.412937 24.473806 359.523956 0.865815 0.301026 0.399684 0.492500 0.492500
birch_leaves.bmp
1 6.255143 -6.516843 312.097595 0.865815 0.301026 0.399684 0.007500 0.007500
1 -26.412937 24.473806 359.523956 0.865815 0.301026 0.399684 0.492500 0.492500
1 -13.277062 -13.307785 359.523956 0.865815 0.301026 0.399684 0.007500 0.492500
birch_leaves.bmp
1 -13.277062 -13.307785 359.523956 -0.865815 -0.301026 -0.399684 0.007500 0.492500
1 -26.412937 24.473806 359.523956 -0.865815 -0.301026 -0.399684 0.492500 0.492500
1 -6.880731 31.264750 312.097595 -0.865815 -0.301026 -0.399684 0.492500 0.007500
birch_leaves.bmp
1 -13.277062 -13.307785 359.523956 -0.865815 -0.301026 -0.399683 0.007500 0.492500
1 -6.880731 31.264750 312.097595 -0.865815 -0.301026 -0.399683 0.492500 0.007500
1 6.255143 -6.516843 312.097595 -0.865815 -0.301026 -0.399683 0.007500 0.007500
birch_leaves.bmp
1 12.081137 6.143394 311.949341 -0.303077 0.871716 -0.385040 0.007500 0.007500
1 -25.700457 -6.992479 311.949341 -0.303077 0.871716 -0.385040 0.492500 0.007500
1 -32.238930 11.813570 359.672180 -0.303077 0.871716 -0.385040 0.492500 0.492500
birch_leaves.bmp
1 12.081137 6.143394 311.949341 -0.303077 0.871716 -0.385040 0.007500 0.007500
1 -32.238930 11.813570 359.672180 -0.303077 0.871716 -0.385040 0.492500 0.492500
1 5.542664 24.949444 359.672180 -0.303077 0.871716 -0.385040 0.007500 0.492500
birch_leaves.bmp
1 5.542664 24.949444 359.672180 0.303077 -0.871716 0.385040 0.007500 0.492500
1 -32.238930 11.813570 359.672180 0.303077 -0.871716 0.385040 0.492500 0.492500
1 -25.700457 -6.992479 311.949341 0.303077 -0.871716 0.385040 0.492500 0.007500
birch_leaves.bmp
1 5.542664 24.949444 359.672180 0.303077 -0.871716 0.385040 0.007500 0.492500
1 -25.700457 -6.992479 311.949341 0.303077 -0.871716 0.385040 0.492500 0.007500
1 12.081137 6.143394 311.949341 0.303077 -0.871716 0.385040 0.007500 0.007500
birch_leaves.bmp
1 38.962646 6.679843 350.678192 -0.825309 0.456448 -0.332447 0.507500 0.507500
1 19.603636 -28.323421 350.678192 -0.825309 0.456448 -0.332447 0.992500 0.507500
1 4.587963 -20.018810 399.357239 -0.825309 0.456448 -0.332447 0.992500 0.992500
birch_leaves.bmp
1 38.962646 6.679843 350.678192 -0.825309 0.456448 -0.332447 0.507500 0.507500
1 4.587963 -20.018810 399.357239 -0.825309 0.456448 -0.332447 0.992500 0.992500
1 23.946976 14.984455 399.357239 -0.825309 0.456448 -0.332447 0.507500 0.992500
birch_leaves.bmp
1 23.946976 14.984455 399.357239 0.825309 -0.456448 0.332447 0.507500 0.992500
1 4.587963 -20.018810 399.357239 0.825309 -0.456448 0.332447 0.992500 0.992500
1 19.603636 -28.323421 350.678192 0.825309 -0.456448 0.332447 0.992500 0.507500
birch_leaves.bmp
1 23.946976 14.984455 399.357239 0.825309 -0.456448 0.332447 0.507500 0.992500
1 19.603636 -28.323421 350.678192 0.825309 -0.456448 0.332447 0.992500 0.507500
1 38.962646 6.679843 350.678192 0.825309 -0.456448 0.332447 0.507500 0.507500
birch_leaves.bmp
1 -0.502876 -5.626516 351.124115 -0.447318 -0.808800 0.381770 0.507500 0.507500
1 34.500389 -24.985527 351.124115 -0.447318 -0.808800 0.381770 0.992500 0.507500
1 44.053490 -7.712452 398.911316 -0.447318 -0.808800 0.381770 0.992500 0.992500
birch_leaves.bmp
1 -0.502876 -5.626516 351.124115 -0.447318 -0.808801 0.381770 0.507500 0.507500
1 44.053490 -7.712452 398.911316 -0.447318 -0.808801 0.381770 0.992500 0.992500
1 9.050220 11.646559 398.911316 -0.447318 -0.808801 0.381770 0.507500 0.992500
birch_leaves.bmp
1 9.050220 11.646559 398.911316 0.447318 0.808801 -0.381770 0.507500 0.992500
1 44.053490 -7.712452 398.911316 0.447318 0.808801 -0.381770 0.992500 0.992500
1 34.500389 -24.985527 351.124115 0.447318 0.808801 -0.381770 0.992500 0.507500
birch_leaves.bmp
1 9.050220 11.646559 398.911316 0.447318 0.808800 -0.381770 0.507500 0.992500
1 34.500389 -24.985527 351.124115 0.447318 0.808800 -0.381770 0.992500 0.507500
1 -0.502876 -5.626516 351.124115 0.447318 0.808800 -0.381770 0.507500 0.507500
birch_leaves.bmp
1 6.956954 -17.400364 316.052063 0.575272 -0.756786 0.310382 0.507500 0.507500
1 38.801128 6.806010 316.052063 0.575272 -0.756786 0.310382 0.992500 0.507500
1 29.112972 19.551056 365.083984 0.575272 -0.756786 0.310382 0.992500 0.992500
birch_leaves.bmp
1 6.956954 -17.400364 316.052063 0.575272 -0.756786 0.310382 0.507500 0.507500
1 29.112972 19.551056 365.083984 0.575272 -0.756786 0.310382 0.992500 0.992500
1 -2.731203 -4.655316 365.083984 0.575272 -0.756786 0.310382 0.507500 0.992500
birch_leaves.bmp
1 -2.731203 -4.655316 365.083984 -0.575272 0.756786 -0.310382 0.507500 0.992500
1 29.112972 19.551056 365.083984 -0.575272 0.756786 -0.310382 0.992500 0.992500
1 38.801128 6.806010 316.052063 -0.575272 0.756786 -0.310382 0.992500 0.507500
birch_leaves.bmp
1 -2.731203 -4.655316 365.083984 -0.575272 0.756786 -0.310382 0.507500 0.992500
1 38.801128 6.806010 316.052063 -0.575272 0.756786 -0.310382 0.992500 0.507500
1 6.956954 -17.400364 316.052063 -0.575272 0.756786 -0.310382 0.507500 0.507500
birch_leaves.bmp
1 33.805458 -12.059033 315.274384 0.783221 0.595366 0.179176 0.007500 0.007500
1 9.599085 19.785141 315.274384 0.783221 0.595366 0.179176 0.492500 0.007500
1 2.264469 14.209727 365.861633 0.783221 0.595366 0.179176 0.492500 0.492500
birch_leaves.bmp
1 33.805458 -12.059033 315.274384 0.783221 0.595366 0.179176 0.007500 0.007500
1 2.264469 14.209727 365.861633 0.783221 0.595366 0.179176 0.492500 0.492500
1 26.470840 -17.634449 365.861633 0.783221 0.595366 0.179176 0.007500 0.492500
birch_leaves.bmp
1 26.470840 -17.634449 365.861633 -0.783221 -0.595366 -0.179176 0.007500 0.492500
1 2.264469 14.209727 365.861633 -0.783221 -0.595366 -0.179176 0.492500 0.492500
1 9.599085 19.785141 315.274384 -0.783221 -0.595366 -0.179176 0.492500 0.007500
birch_leaves.bmp
1 26.470840 -17.634449 365.861633 -0.783221 -0.595366 -0.179176 0.007500 0.492500
1 9.599085 19.785141 315.274384 -0.783221 -0.595366 -0.179176 0.492500 0.007500
1 33.805458 -12.059033 315.274384 -0.783221 -0.595366 -0.179176 0.007500 0.007500
birch_leaves.bmp
1 9.349636 32.712151 286.390594 -0.917657 0.213800 0.334955 0.007500 0.007500
1 0.273347 -6.244504 286.390594 -0.917657 0.213800 0.334955 0.492500 0.007500
1 17.112381 -10.167735 335.027802 -0.917657 0.213800 0.334955 0.492500 0.492500
birch_leaves.bmp
1 9.349636 32.712151 286.390594 -0.917657 0.213800 0.334955 0.007500 0.007500
1 17.112381 -10.167735 335.027802 -0.917657 0.213800 0.334955 0.492500 0.492500
1 26.188671 28.788918 335.027802 -0.917657 0.213800 0.334955 0.007500 0.492500
birch_leaves.bmp
1 26.188671 28.788918 335.027802 0.917657 -0.213800 -0.334955 0.007500 0.492500
1 17.112381 -10.167735 335.027802 0.917657 -0.213800 -0.334955 0.492500 0.492500
1 0.273347 -6.244504 286.390594 0.917657 -0.213800 -0.334955 0.492500 0.007500
birch_leaves.bmp
1 26.188671 28.788918 335.027802 0.917657 -0.213800 -0.334955 0.007500 0.492500
1 0.273347 -6.244504 286.390594 0.917657 -0.213800 -0.334955 0.492500 0.007500
1 9.349636 32.712151 286.390594 0.917657 -0.213800 -0.334955 0.007500 0.007500
birch_leaves.bmp
1 -5.598775 18.593983 285.183411 -0.225498 -0.967868 -0.111277 0.507500 0.507500
1 33.357876 9.517693 285.183411 -0.225498 -0.967868 -0.111277 0.992500 0.507500
1 32.060795 3.950432 336.234955 -0.225498 -0.967868 -0.111277 0.992500 0.992500
birch_leaves.bmp
1 -5.598775 18.593983 285.183411 -0.225498 -0.967868 -0.111277 0.507500 0.507500
1 32.060795 3.950432 336.234955 -0.225498 -0.967868 -0.111277 0.992500 0.992500
1 -6.895860 13.026722 336.234955 -0.225498 -0.967868 -0.111277 0.507500 0.992500
birch_leaves.bmp
1 -6.895860 13.026722 336.234955 0.225498 0.967868 0.111277 0.507500 0.992500
1 32.060795 3.950432 336.234955 0.225498 0.967868 0.111277 0.992500 0.992500
1 33.357876 9.517693 285.183411 0.225498 0.967868 0.111277 0.992500 0.507500
birch_leaves.bmp
1 -6.895860 13.026722 336.234955 0.225498 0.967868 0.111277 0.507500 0.992500
1 33.357876 9.517693 285.183411 0.225498 0.967868 0.111277 0.992500 0.507500
1 -5.598775 18.593983 285.183411 0.225498 0.967868 0.111277 0.507500 0.507500
birch_leaves.bmp
1 33.366844 3.970831 331.244904 0.720080 0.657059 0.223066 0.007500 0.507500
1 6.405143 33.518536 331.244904 0.720080 0.657059 0.223066 0.492500 0.507500
1 -2.074825 25.780729 381.411407 0.720080 0.657059 0.223066 0.492500 0.992500
birch_leaves.bmp
1 33.366844 3.970831 331.244904 0.720080 0.657059 0.223066 0.007500 0.507500
1 -2.074825 25.780729 381.411407 0.720080 0.657059 0.223066 0.492500 0.992500
1 24.886875 -3.766974 381.411407 0.720080 0.657059 0.223066 0.007500 0.992500
birch_leaves.bmp
1 24.886875 -3.766974 381.411407 -0.720080 -0.657059 -0.223066 0.007500 0.992500
1 -2.074825 25.780729 381.411407 -0.720080 -0.657059 -0.223066 0.492500 0.992500
1 6.405143 33.518536 331.244904 -0.720080 -0.657059 -0.223066 0.492500 0.507500
birch_leaves.bmp
1 24.886875 -3.766974 381.411407 -0.720080 -0.657059 -0.223066 0.007500 0.992500
1 6.405143 33.518536 331.244904 -0.720080 -0.657059 -0.223066 0.492500 0.507500
1 33.366844 3.970831 331.244904 -0.720080 -0.657059 -0.223066 0.007500 0.507500
birch_leaves.bmp
1 36.440987 21.757996 332.103760 -0.632415 0.693072 -0.345981 0.007500 0.507500
1 6.893284 -5.203705 332.103760 -0.632415 0.693072 -0.345981 0.492500 0.507500
1 -5.148968 7.993565 380.552551 -0.632415 0.693072 -0.345981 0.492500 0.992500
birch_leaves.bmp
1 36.440987 21.757996 332.103760 -0.632415 0.693072 -0.345981 0.007500 0.507500
1 -5.148968 7.993565 380.552551 -0.632415 0.693072 -0.345981 0.492500 0.992500
1 24.398735 34.955265 380.552551 -0.632415 0.693072 -0.345981 0.007500 0.992500
birch_leaves.bmp
1 24.398735 34.955265 380.552551 0.632415 -0.693072 0.345981 0.007500 0.992500
1 -5.148968 7.993565 380.552551 0.632415 -0.693072 0.345981 0.492500 0.992500
1 6.893284 -5.203705 332.103760 0.632415 -0.693072 0.345981 0.492500 0.507500
birch_leaves.bmp
1 24.398735 34.955265 380.552551 0.632415 -0.693072 0.345981 0.007500 0.992500
1 6.893284 -5.203705 332.103760 0.632415 -0.693072 0.345981 0.492500 0.507500
1 36.440987 21.757996 332.103760 0.632415 -0.693072 0.345981 0.007500 0.507500
birch_leaves.bmp
1 25.882889 31.785046 304.111084 -0.650281 0.728131 0.216702 0.007500 0.507500
1 -3.951276 5.140673 304.111084 -0.650281 0.728131 0.216702 0.492500 0.507500
1 3.476282 -3.176092 354.344574 -0.650281 0.728131 0.216702 0.492500 0.992500
birch_leaves.bmp
1 25.882889 31.785046 304.111084 -0.650281 0.728131 0.216702 0.007500 0.507500
1 3.476282 -3.176092 354.344574 -0.650281 0.728131 0.216702 0.492500 0.992500
1 33.310448 23.468281 354.344574 -0.650281 0.728131 0.216702 0.007500 0.992500
birch_leaves.bmp
1 33.310448 23.468281 354.344574 0.650281 -0.728131 -0.216702 0.007500 0.992500
1 3.476282 -3.176092 354.344574 0.650281 -0.728131 -0.216702 0.492500 0.992500
1 -3.951276 5.140673 304.111084 0.650281 -0.728131 -0.216702 0.492500 0.507500
birch_leaves.bmp
1 33.310448 23.468281 354.344574 0.650281 -0.728131 -0.216702 0.007500 0.992500
1 -3.951276 5.140673 304.111084 0.650281 -0.728131 -0.216702 0.492500 0.507500
1 25.882889 31.785046 304.111084 0.650281 -0.728131 -0.216702 0.007500 0.507500
birch_leaves.bmp
1 -4.927142 23.608944 304.839813 -0.704965 -0.629592 0.326555 0.007500 0.507500
1 21.717232 -6.225221 304.839813 -0.704965 -0.629592 0.326555 0.492500 0.507500
1 34.286312 5.000009 353.615845 -0.704965 -0.629592 0.326555 0.492500 0.992500
birch_leaves.bmp
1 -4.927142 23.608944 304.839813 -0.704965 -0.629592 0.326555 0.007500 0.507500
1 34.286312 5.000009 353.615845 -0.704965 -0.629592 0.326555 0.492500 0.992500
1 7.641940 34.834175 353.615845 -0.704965 -0.629592 0.326555 0.007500 0.992500
birch_leaves.bmp
1 7.641940 34.834175 353.615845 0.704965 0.629592 -0.326555 0.007500 0.992500
1 34.286312 5.000009 353.615845 0.704965 0.629592 -0.326555 0.492500 0.992500
1 21.717232 -6.225221 304.839813 0.704965 0.629592 -0.326555 0.492500 0.507500
birch_leaves.bmp
1 7.641940 34.834175 353.615845 0.704965 0.629592 -0.326555 0.007500 0.992500
1 21.717232 -6.225221 304.839813 0.704965 0.629592 -0.326555 0.492500 0.507500
1 -4.927142 23.608944 304.839813 0.704965 0.629592 -0.326555 0.007500 0.507500
birch_leaves.bmp
1 -1.181704 16.850210 329.375397 -0.655908 -0.753739 0.040757 0.007500 0.507500
1 28.992949 -9.407938 329.375397 -0.655908 -0.753739 0.040757 0.492500 0.507500
1 30.366678 -7.829309 380.676819 -0.655908 -0.753739 0.040757 0.492500 0.992500
birch_leaves.bmp
1 -1.181704 16.850210 329.375397 -0.655908 -0.753739 0.040757 0.007500 0.507500
1 30.366678 -7.829309 380.676819 -0.655908 -0.753739 0.040757 0.492500 0.992500
1 0.192027 18.428839 380.676819 -0.655908 -0.753739 0.040757 0.007500 0.992500
birch_leaves.bmp
1 0.192027 18.428839 380.676819 0.655908 0.753739 -0.040757 0.007500 0.992500
1 30.366678 -7.829309 380.676819 0.655908 0.753739 -0.040757 0.492500 0.992500
1 28.992949 -9.407938 329.375397 0.655908 0.753739 -0.040757 0.492500 0.507500
birch_leaves.bmp
1 0.192027 18.428839 380.676819 0.655908 0.753739 -0.040757 0.007500 0.992500
1 28.992949 -9.407938 329.375397 0.655908 0.753739 -0.040757 0.492500 0.507500
1 -1.181704 16.850210 329.375397 0.655908 0.753739 -0.040757 0.007500 0.507500
birch_leaves.bmp
1 -5.833526 -4.227039 331.059998 0.699538 -0.608741 -0.374274 0.007500 0.507500
1 20.424622 25.947613 331.059998 0.699538 -0.608741 -0.374274 0.492500 0.507500
1 35.018501 13.247940 378.992218 0.699538 -0.608741 -0.374274 0.492500 0.992500
birch_leaves.bmp
1 -5.833526 -4.227039 331.059998 0.699538 -0.608741 -0.374274 0.007500 0.507500
1 35.018501 13.247940 378.992218 0.699538 -0.608741 -0.374274 0.492500 0.992500
1 8.760352 -16.926712 378.992218 0.699538 -0.608741 -0.374274 0.007500 0.992500
birch_leaves.bmp
1 8.760352 -16.926712 378.992218 -0.699538 0.608741 0.374274 0.007500 0.992500
1 35.018501 13.247940 378.992218 -0.699538 0.608741 0.374274 0.492500 0.992500
1 20.424622 25.947613 331.059998 -0.699538 0.608741 0.374274 0.492500 0.507500
birch_leaves.bmp
1 8.760352 -16.926712 378.992218 -0.699538 0.608741 0.374274 0.007500 0.992500
1 20.424622 25.947613 331.059998 -0.699538 0.608741 0.374274 0.492500 0.507500
1 -5.833526 -4.227039 331.059998 -0.699538 0.608741 0.374274 0.007500 0.507500
birch_leaves.bmp
1 -38.128189 14.431053 285.104492 -0.061030 -0.984516 0.164327 0.507500 0.507500
1 1.795175 11.956192 285.104492 -0.061030 -0.984516 0.164327 0.992500 0.507500
1 2.317835 20.387508 335.812408 -0.061030 -0.984516 0.164327 0.992500 0.992500
birch_leaves.bmp
1 -38.128189 14.431053 285.104492 -0.061030 -0.984516 0.164327 0.507500 0.507500
1 2.317835 20.387508 335.812408 -0.061030 -0.984516 0.164327 0.992500 0.992500
1 -37.605530 22.862370 335.812408 -0.061030 -0.984516 0.164327 0.507500 0.992500
birch_leaves.bmp
1 -37.605530 22.862370 335.812408 0.061030 0.984516 -0.164327 0.507500 0.992500
1 2.317835 20.387508 335.812408 0.061030 0.984516 -0.164327 0.992500 0.992500
1 1.795175 11.956192 285.104492 0.061030 0.984516 -0.164327 0.992500 0.507500
birch_leaves.bmp
1 -37.605530 22.862370 335.812408 0.061030 0.984516 -0.164327 0.507500 0.992500
1 1.795175 11.956192 285.104492 0.061030 0.984516 -0.164327 0.992500 0.507500
1 -38.128189 14.431053 285.104492 0.061030 0.984516 -0.164327 0.507500 0.507500
birch_leaves.bmp
1 -15.562551 -2.774331 285.015961 0.988311 -0.061266 0.139601 0.007500 0.007500
1 -13.087690 37.149036 285.015961 0.988311 -0.061266 0.139601 0.492500 0.007500
1 -20.247805 37.592892 335.900909 0.988311 -0.061266 0.139601 0.492500 0.492500
birch_leaves.bmp
1 -15.562551 -2.774331 285.015961 0.988311 -0.061266 0.139601 0.007500 0.007500
1 -20.247805 37.592892 335.900909 0.988311 -0.061266 0.139601 0.492500 0.492500
1 -22.722666 -2.330474 335.900909 0.988311 -0.061266 0.139601 0.007500 0.492500
birch_leaves.bmp
1 -22.722666 -2.330474 335.900909 -0.988311 0.061266 -0.139601 0.007500 0.492500
1 -20.247805 37.592892 335.900909 -0.988311 0.061266 -0.139601 0.492500 0.492500
1 -13.087690 37.149036 285.015961 -0.988311 0.061266 -0.139601 0.492500 0.007500
birch_leaves.bmp
1 -22.722666 -2.330474 335.900909 -0.988311 0.061266 -0.139601 0.007500 0.492500
1 -13.087690 37.149036 285.015961 -0.988311 0.061266 -0.139601 0.492500 0.007500
1 -15.562551 -2.774331 285.015961 -0.988311 0.061266 -0.139601 0.007500 0.007500
birch_leaves.bmp
1 43.660183 10.513623 343.069580 0.157088 0.948172 0.276211 0.507500 0.507500
1 4.198099 17.051498 343.069580 0.157088 0.948172 0.276211 0.992500 0.507500
1 1.871768 3.009953 392.594147 0.157088 0.948172 0.276211 0.992500 0.992500
birch_leaves.bmp
1 43.660183 10.513623 343.069580 0.157088 0.948172 0.276211 0.507500 0.507500
1 1.871768 3.009953 392.594147 0.157088 0.948172 0.276211 0.992500 0.992500
1 41.333851 -3.527923 392.594147 0.157088 0.948172 0.276211 0.507500 0.992500
birch_leaves.bmp
1 41.333851 -3.527923 392.594147 -0.157088 -0.948172 -0.276211 0.507500 0.992500
1 1.871768 3.009953 392.594147 -0.157088 -0.948172 -0.276211 0.992500 0.992500
1 4.198099 17.051498 343.069580 -0.157088 -0.948172 -0.276211 0.992500 0.507500
birch_leaves.bmp
1 41.333851 -3.527923 392.594147 -0.157088 -0.948172 -0.276211 0.507500 0.992500
1 4.198099 17.051498 343.069580 -0.157088 -0.948172 -0.276211 0.992500 0.507500
1 43.660183 10.513623 343.069580 -0.157088 -0.948172 -0.276211 0.507500 0.507500
birch_leaves.bmp
1 14.755780 28.361500 344.576782 -0.885344 0.146679 0.441194 0.007500 0.507500
1 8.217904 -11.100587 344.576782 -0.885344 0.146679 0.441194 0.492500 0.507500
1 30.776173 -14.837924 391.086945 -0.885344 0.146679 0.441194 0.492500 0.992500
birch_leaves.bmp
1 14.755780 28.361500 344.576782 -0.885344 0.146679 0.441194 0.007500 0.507500
1 30.776173 -14.837924 391.086945 -0.885344 0.146679 0.441194 0.492500 0.992500
1 37.314049 24.624161 391.086945 -0.885344 0.146679 0.441194 0.007500 0.992500
birch_leaves.bmp
1 37.314049 24.624161 391.086945 0.885344 -0.146679 -0.441194 0.007500 0.992500
1 30.776173 -14.837924 391.086945 0.885344 -0.146679 -0.441194 0.492500 0.992500
1 8.217904 -11.100587 344.576782 0.885344 -0.146679 -0.441194 0.492500 0.507500
birch_leaves.bmp
1 37.314049 24.624161 391.086945 0.885344 -0.146679 -0.441194 0.007500 0.992500
1 8.217904 -11.100587 344.576782 0.885344 -0.146679 -0.441194 0.492500 0.507500
1 14.755780 28.361500 344.576782 0.885344 -0.146679 -0.441194 0.007500 0.507500
birch_leaves.bmp
1 5.442407 -3.785855 314.012360 0.468605 0.763068 0.445125 0.007500 0.007500
1 -28.643356 17.146429 314.012360 0.468605 0.763068 0.445125 0.492500 0.007500
1 -40.717834 -2.515434 360.429718 0.468605 0.763068 0.445125 0.492500 0.492500
birch_leaves.bmp
1 5.442407 -3.785855 314.012360 0.468605 0.763068 0.445125 0.007500 0.007500
1 -40.717834 -2.515434 360.429718 0.468605 0.763068 0.445125 0.492500 0.492500
1 -6.632070 -23.447720 360.429718 0.468605 0.763068 0.445125 0.007500 0.492500
birch_leaves.bmp
1 -6.632070 -23.447720 360.429718 -0.468605 -0.763068 -0.445125 0.007500 0.492500
1 -40.717834 -2.515434 360.429718 -0.468605 -0.763068 -0.445125 0.492500 0.492500
1 -28.643356 17.146429 314.012360 -0.468605 -0.763068 -0.445125 0.492500 0.007500
birch_leaves.bmp
1 -6.632070 -23.447720 360.429718 -0.468605 -0.763068 -0.445125 0.007500 0.492500
1 -28.643356 17.146429 314.012360 -0.468605 -0.763068 -0.445125 0.492500 0.007500
1 5.442407 -3.785855 314.012360 -0.468605 -0.763068 -0.445125 0.007500 0.007500
birch_leaves.bmp
1 -3.826100 11.837763 311.823853 -0.842142 0.517165 -0.152768 0.007500 0.007500
1 -24.758385 -22.248003 311.823853 -0.842142 0.517165 -0.152768 0.492500 0.007500
1 -31.449329 -18.139051 362.618225 -0.842142 0.517165 -0.152768 0.492500 0.492500
birch_leaves.bmp
1 -3.826100 11.837763 311.823853 -0.842142 0.517165 -0.152768 0.007500 0.007500
1 -31.449329 -18.139051 362.618225 -0.842142 0.517165 -0.152768 0.492500 0.492500
1 -10.517043 15.946714 362.618225 -0.842142 0.517165 -0.152768 0.007500 0.492500
birch_leaves.bmp
1 -10.517043 15.946714 362.618225 0.842142 -0.517165 0.152768 0.007500 0.492500
1 -31.449329 -18.139051 362.618225 0.842142 -0.517165 0.152768 0.492500 0.492500
1 -24.758385 -22.248003 311.823853 0.842142 -0.517165 0.152768 0.492500 0.007500
birch_leaves.bmp
1 -10.517043 15.946714 362.618225 0.842142 -0.517165 0.152767 0.007500 0.492500
1 -24.758385 -22.248003 311.823853 0.842142 -0.517165 0.152767 0.492500 0.007500
1 -3.826100 11.837763 311.823853 0.842142 -0.517165 0.152767 0.007500 0.007500
birch_leaves.bmp
1 2.531754 -11.662718 293.059326 0.491646 0.866730 -0.084045 0.507500 0.007500
1 -32.260544 8.072935 293.059326 0.491646 0.866730 -0.084045 0.992500 0.007500
1 -30.130913 11.827295 344.235046 0.491646 0.866730 -0.084045 0.992500 0.492500
birch_leaves.bmp
1 2.531754 -11.662718 293.059326 0.491646 0.866730 -0.084045 0.507500 0.007500
1 -30.130913 11.827295 344.235046 0.491646 0.866730 -0.084045 0.992500 0.492500
1 4.661385 -7.908358 344.235046 0.491646 0.866730 -0.084045 0.507500 0.492500
birch_leaves.bmp
1 4.661385 -7.908358 344.235046 -0.491646 -0.866730 0.084045 0.507500 0.492500
1 -30.130913 11.827295 344.235046 -0.491646 -0.866730 0.084045 0.992500 0.492500
1 -32.260544 8.072935 293.059326 -0.491646 -0.866730 0.084045 0.992500 0.007500
birch_leaves.bmp
1 4.661385 -7.908358 344.235046 -0.491646 -0.866730 0.084045 0.507500 0.492500
1 -32.260544 8.072935 293.059326 -0.491646 -0.866730 0.084045 0.992500 0.007500
1 2.531754 -11.662718 293.059326 -0.491646 -0.866730 0.084045 0.507500 0.007500
birch_leaves.bmp
1 3.231934 13.414893 294.200592 -0.824287 0.467570 -0.319264 0.007500 0.007500
1 -16.503719 -21.377403 294.200592 -0.824287 0.467570 -0.319264 0.492500 0.007500
1 -30.831093 -13.250316 343.093781 -0.824287 0.467570 -0.319264 0.492500 0.492500
birch_leaves.bmp
1 3.231934 13.414893 294.200592 -0.824287 0.467570 -0.319264 0.007500 0.007500
1 -30.831093 -13.250316 343.093781 -0.824287 0.467570 -0.319264 0.492500 0.492500
1 -11.095440 21.541981 343.093781 -0.824287 0.467570 -0.319264 0.007500 0.492500
birch_leaves.bmp
1 -11.095440 21.541981 343.093781 0.824287 -0.467570 0.319264 0.007500 0.492500
1 -30.831093 -13.250316 343.093781 0.824287 -0.467570 0.319264 0.492500 0.492500
1 -16.503719 -21.377403 294.200592 0.824287 -0.467570 0.319264 0.492500 0.007500
birch_leaves.bmp
1 -11.095440 21.541981 343.093781 0.824287 -0.467570 0.319264 0.007500 0.492500
1 -16.503719 -21.377403 294.200592 0.824287 -0.467570 0.319264 0.492500 0.007500
1 3.231934 13.414893 294.200592 0.824287 -0.467570 0.319264 0.007500 0.007500
birch_leaves.bmp
1 -29.354183 0.069231 300.869354 -0.912343 -0.345637 0.219464 0.507500 0.007500
1 -15.183209 -37.336426 300.869354 -0.912343 -0.345637 0.219464 0.992500 0.007500
1 -4.622245 -33.335449 351.074036 -0.912343 -0.345637 0.219464 0.992500 0.492500
birch_leaves.bmp
1 -29.354183 0.069231 300.869354 -0.912343 -0.345637 0.219464 0.507500 0.007500
1 -4.622245 -33.335449 351.074036 -0.912343 -0.345637 0.219464 0.992500 0.492500
1 -18.793221 4.070208 351.074036 -0.912343 -0.345637 0.219464 0.507500 0.492500
birch_leaves.bmp
1 -18.793221 4.070208 351.074036 0.912343 0.345637 -0.219464 0.507500 0.492500
1 -4.622245 -33.335449 351.074036 0.912343 0.345637 -0.219464 0.992500 0.492500
1 -15.183209 -37.336426 300.869354 0.912343 0.345637 -0.219464 0.992500 0.007500
birch_leaves.bmp
1 -18.793221 4.070208 351.074036 0.912343 0.345637 -0.219464 0.507500 0.492500
1 -15.183209 -37.336426 300.869354 0.912343 0.345637 -0.219464 0.992500 0.007500
1 -29.354183 0.069231 300.869354 0.912343 0.345637 -0.219464 0.507500 0.007500
birch_leaves.bmp
1 -37.590019 -18.706074 300.812653 0.346498 -0.914614 -0.208375 0.507500 0.007500
1 -0.184359 -4.535098 300.812653 0.346498 -0.914614 -0.208375 0.992500 0.007500
1 3.613588 -14.560147 351.130768 0.346498 -0.914614 -0.208375 0.992500 0.492500
birch_leaves.bmp
1 -37.590019 -18.706074 300.812653 0.346498 -0.914614 -0.208375 0.507500 0.007500
1 3.613588 -14.560147 351.130768 0.346498 -0.914614 -0.208375 0.992500 0.492500
1 -33.792068 -28.731121 351.130768 0.346498 -0.914614 -0.208375 0.507500 0.492500
birch_leaves.bmp
1 -33.792068 -28.731121 351.130768 -0.346498 0.914614 0.208375 0.507500 0.492500
1 3.613588 -14.560147 351.130768 -0.346498 0.914614 0.208375 0.992500 0.492500
1 -0.184359 -4.535098 300.812653 -0.346498 0.914614 0.208375 0.992500 0.007500
birch_leaves.bmp
1 -33.792068 -28.731121 351.130768 -0.346498 0.914614 0.208375 0.507500 0.492500
1 -0.184359 -4.535098 300.812653 -0.346498 0.914614 0.208375 0.992500 0.007500
1 -37.590019 -18.706074 300.812653 -0.346498 0.914614 0.208375 0.507500 0.007500
birch_leaves.bmp
1 9.378066 3.220723 350.939270 -0.232293 0.972526 0.015261 0.007500 0.007500
1 -29.527514 -6.072066 350.939270 -0.232293 0.972526 0.015261 0.492500 0.007500
1 -29.345488 -6.834146 402.273865 -0.232293 0.972526 0.015261 0.492500 0.492500
birch_leaves.bmp
1 9.378066 3.220723 350.939270 -0.232293 0.972526 0.015261 0.007500 0.007500
1 -29.345488 -6.834146 402.273865 -0.232293 0.972526 0.015261 0.492500 0.492500
1 9.560092 2.458644 402.273865 -0.232293 0.972526 0.015261 0.007500 0.492500
birch_leaves.bmp
1 9.560092 2.458644 402.273865 0.232293 -0.972526 -0.015261 0.007500 0.492500
1 -29.345488 -6.834146 402.273865 0.232293 -0.972526 -0.015261 0.492500 0.492500
1 -29.527514 -6.072066 350.939270 0.232293 -0.972526 -0.015261 0.492500 0.007500
birch_leaves.bmp
1 9.560092 2.458644 402.273865 0.232293 -0.972526 -0.015261 0.007500 0.492500
1 -29.527514 -6.072066 350.939270 0.232293 -0.972526 -0.015261 0.492500 0.007500
1 9.378066 3.220723 350.939270 0.232293 -0.972526 -0.015261 0.007500 0.007500
birch_leaves.bmp
1 -17.009644 17.077713 351.042145 -0.968216 -0.231263 0.095263 0.007500 0.507500
1 -7.716853 -21.827866 351.042145 -0.968216 -0.231263 0.095263 0.492500 0.507500
1 -2.957778 -20.691135 402.170990 -0.968216 -0.231263 0.095263 0.492500 0.992500
birch_leaves.bmp
1 -17.009644 17.077713 351.042145 -0.968216 -0.231263 0.095263 0.007500 0.507500
1 -2.957778 -20.691135 402.170990 -0.968216 -0.231263 0.095263 0.492500 0.992500
1 -12.250567 18.214443 402.170990 -0.968216 -0.231263 0.095263 0.007500 0.992500
birch_leaves.bmp
1 -12.250567 18.214443 402.170990 0.968216 0.231263 -0.095263 0.007500 0.992500
1 -2.957778 -20.691135 402.170990 0.968216 0.231263 -0.095263 0.492500 0.992500
1 -7.716853 -21.827866 351.042145 0.968216 0.231263 -0.095263 0.492500 0.507500
birch_leaves.bmp
1 -12.250567 18.214443 402.170990 0.968216 0.231263 -0.095263 0.007500 0.992500
1 -7.716853 -21.827866 351.042145 0.968216 0.231263 -0.095263 0.492500 0.507500
1 -17.009644 17.077713 351.042145 0.968216 0.231263 -0.095263 0.007500 0.507500
birch_leaves.bmp
1 -13.584940 27.829987 288.770111 -0.869932 0.347210 0.350233 0.007500 0.007500
1 -28.412477 -9.320306 288.770111 -0.869932 0.347210 0.350233 0.492500 0.007500
1 -11.613230 -16.025272 337.144318 -0.869932 0.347210 0.350233 0.492500 0.492500
birch_leaves.bmp
1 -13.584940 27.829987 288.770111 -0.869932 0.347210 0.350233 0.007500 0.007500
1 -11.613230 -16.025272 337.144318 -0.869932 0.347210 0.350233 0.492500 0.492500
1 3.214307 21.125019 337.144318 -0.869932 0.347210 0.350233 0.007500 0.492500
birch_leaves.bmp
1 3.214307 21.125019 337.144318 0.869932 -0.347210 -0.350233 0.007500 0.492500
1 -11.613230 -16.025272 337.144318 0.869932 -0.347210 -0.350233 0.492500 0.492500
1 -28.412477 -9.320306 288.770111 0.869932 -0.347210 -0.350233 0.492500 0.007500
birch_leaves.bmp
1 3.214307 21.125019 337.144318 0.869932 -0.347210 -0.350233 0.007500 0.492500
1 -28.412477 -9.320306 288.770111 0.869932 -0.347210 -0.350233 0.492500 0.007500
1 -13.584940 27.829987 288.770111 0.869932 -0.347210 -0.350233 0.007500 0.007500
birch_leaves.bmp
1 -29.458504 17.614870 287.667206 -0.364632 -0.913583 -0.180026 0.007500 0.007500
1 7.691789 2.787333 287.667206 -0.364632 -0.913583 -0.180026 0.492500 0.007500
1 4.260333 -5.810155 338.247223 -0.364632 -0.913583 -0.180026 0.492500 0.492500
birch_leaves.bmp
1 -29.458504 17.614870 287.667206 -0.364632 -0.913583 -0.180026 0.007500 0.007500
1 4.260333 -5.810155 338.247223 -0.364632 -0.913583 -0.180026 0.492500 0.492500
1 -32.889957 9.017382 338.247223 -0.364632 -0.913583 -0.180026 0.007500 0.492500
birch_leaves.bmp
1 -32.889957 9.017382 338.247223 0.364632 0.913583 0.180026 0.007500 0.492500
1 4.260333 -5.810155 338.247223 0.364632 0.913583 0.180026 0.492500 0.492500
1 7.691789 2.787333 287.667206 0.364632 0.913583 0.180026 0.492500 0.007500
birch_leaves.bmp
1 -32.889957 9.017382 338.247223 0.364632 0.913583 0.180026 0.007500 0.492500
1 7.691789 2.787333 287.667206 0.364632 0.913583 0.180026 0.492500 0.007500
1 -29.458504 17.614870 287.667206 0.364632 0.913583 0.180026 0.007500 0.007500
birch_leaves.bmp
1 19.558092 -4.524596 336.937988 0.563663 0.815728 -0.129894 0.507500 0.507500
1 -13.349816 18.214569 336.937988 0.563663 0.815728 -0.129894 0.992500 0.507500
1 -9.555694 23.705387 387.884308 0.563663 0.815728 -0.129894 0.992500 0.992500
birch_leaves.bmp
1 19.558092 -4.524596 336.937988 0.563663 0.815728 -0.129894 0.507500 0.507500
1 -9.555694 23.705387 387.884308 0.563663 0.815728 -0.129894 0.992500 0.992500
1 23.352217 0.966224 387.884308 0.563663 0.815728 -0.129894 0.507500 0.992500
birch_leaves.bmp
1 23.352217 0.966224 387.884308 -0.563663 -0.815728 0.129894 0.507500 0.992500
1 -9.555694 23.705387 387.884308 -0.563663 -0.815728 0.129894 0.992500 0.992500
1 -13.349816 18.214569 336.937988 -0.563663 -0.815728 0.129894 0.992500 0.507500
birch_leaves.bmp
1 23.352217 0.966224 387.884308 -0.563663 -0.815728 0.129894 0.507500 0.992500
1 -13.349816 18.214569 336.937988 -0.563663 -0.815728 0.129894 0.992500 0.507500
1 19.558092 -4.524596 336.937988 -0.563663 -0.815728 0.129894 0.507500 0.507500
birch_leaves.bmp
1 7.982185 31.840820 338.642029 -0.756067 0.522438 0.394236 0.007500 0.507500
1 -14.756979 -1.067089 338.642029 -0.756067 0.522438 0.394236 0.492500 0.507500
1 2.020213 -12.660028 386.180267 -0.756067 0.522438 0.394236 0.492500 0.992500
birch_leaves.bmp
1 7.982185 31.840820 338.642029 -0.756067 0.522438 0.394236 0.007500 0.507500
1 2.020213 -12.660028 386.180267 -0.756067 0.522438 0.394236 0.492500 0.992500
1 24.759377 20.247879 386.180267 -0.756067 0.522438 0.394236 0.007500 0.992500
birch_leaves.bmp
1 24.759377 20.247879 386.180267 0.756067 -0.522438 -0.394236 0.007500 0.992500
1 2.020213 -12.660028 386.180267 0.756067 -0.522438 -0.394236 0.492500 0.992500
1 -14.756979 -1.067089 338.642029 0.756067 -0.522438 -0.394236 0.492500 0.507500
birch_leaves.bmp
1 24.759377 20.247879 386.180267 0.756067 -0.522438 -0.394236 0.007500 0.992500
1 -14.756979 -1.067089 338.642029 0.756067 -0.522438 -0.394236 0.492500 0.507500
1 7.982185 31.840820 338.642029 0.756067 -0.522438 -0.394236 0.007500 0.507500
end
