version 1
nodes
0 "root" -1
1 "canopy" 0
end
skeleton
time 0
0 0 0 0 0 0 0
1 0 0 157.971291 0.000000 0.000000 0
end
triangles
pine_bark.bmp
0 -20.977669 0.000000 0.955924 -0.799460 -0.008251 -0.600662 0.000000 0.000000
0 -17.667349 -12.849744 0.805077 -0.646793 -0.508564 -0.568350 0.100000 0.000000
0 -10.248539 -9.625146 64.270866 -0.768888 -0.635040 0.074399 0.100000 0.542243
pine_bark.bmp
0 -20.977669 0.000000 0.955924 -0.799460 -0.008251 -0.600662 0.000000 0.000000
0 -10.248539 -9.625146 64.270866 -0.768888 -0.635040 0.074399 0.100000 0.542243
0 -13.342688 0.000000 64.175835 -0.997316 -0.014515 0.071768 0.000000 0.542243
pine_bark.bmp
0 -17.667349 -12.849744 0.805077 -0.646793 -0.508564 -0.568350 0.100000 0.000000
0 -6.128171 -18.880648 0.279252 -0.255361 -0.727290 -0.637055 0.200000 0.000000
0 -1.683507 -14.413632 64.318146 -0.317890 -0.945883 0.065197 0.200000 0.542243
pine_bark.bmp
0 -17.667349 -12.849744 0.805077 -0.646793 -0.508564 -0.568350 0.100000 0.000000
0 -1.683507 -14.413632 64.318146 -0.317890 -0.945883 0.065197 0.200000 0.542243
0 -10.248539 -9.625146 64.270866 -0.768888 -0.635040 0.074399 0.100000 0.542243
pine_bark.bmp
0 -6.128171 -18.880648 0.279252 -0.255361 -0.727290 -0.637055 0.200000 0.000000
0 6.688691 -20.607586 0.000000 0.191707 -0.767966 -0.611128 0.300000 0.000000
0 8.175535 -15.927865 64.333099 0.283487 -0.956862 0.063644 0.300000 0.542243
pine_bark.bmp
0 -6.128171 -18.880648 0.279252 -0.255361 -0.727290 -0.637055 0.200000 0.000000
0 8.175535 -15.927865 64.333099 0.283487 -0.956862 0.063644 0.300000 0.542243
0 -1.683507 -14.413632 64.318146 -0.317890 -0.945883 0.065197 0.200000 0.542243
pine_bark.bmp
0 6.688691 -20.607586 0.000000 0.191707 -0.767966 -0.611128 0.300000 0.000000
0 17.179342 -12.494809 0.000000 0.650933 -0.428931 -0.626342 0.400000 0.000000
0 15.820163 -9.313928 64.267792 0.843101 -0.535279 0.051545 0.400000 0.542243
pine_bark.bmp
0 6.688691 -20.607586 0.000000 0.191707 -0.767966 -0.611128 0.300000 0.000000
0 15.820163 -9.313928 64.267792 0.843101 -0.535279 0.051545 0.400000 0.542243
0 8.175535 -15.927865 64.333099 0.283487 -0.956862 0.063644 0.300000 0.542243
pine_bark.bmp
0 17.179342 -12.494809 0.000000 0.650933 -0.428931 -0.626342 0.400000 0.000000
0 19.967598 -0.000000 0.000000 0.745719 -0.028194 -0.665663 0.500000 0.000000
0 18.456039 -0.000000 64.175835 0.998038 -0.045626 0.042868 0.500000 0.542243
pine_bark.bmp
0 17.179342 -12.494809 0.000000 0.650933 -0.428931 -0.626342 0.400000 0.000000
0 18.456039 -0.000000 64.175835 0.998038 -0.045626 0.042868 0.500000 0.542243
0 15.820163 -9.313928 64.267792 0.843101 -0.535279 0.051545 0.400000 0.542243
pine_bark.bmp
0 19.967598 -0.000000 0.000000 0.745719 -0.028194 -0.665663 0.500000 0.000000
0 17.852156 12.984157 0.000000 0.636308 0.470444 -0.611388 0.600000 0.000000
0 16.654802 9.920299 64.077888 0.811365 0.582736 0.045894 0.600000 0.542243
pine_bark.bmp
0 19.967598 -0.000000 0.000000 0.745719 -0.028194 -0.665663 0.500000 0.000000
0 16.654802 9.920299 64.077888 0.811365 0.582736 0.045894 0.600000 0.542243
0 18.456039 -0.000000 64.175835 0.998038 -0.045626 0.042868 0.500000 0.542243
pine_bark.bmp
0 17.852156 12.984157 0.000000 0.636308 0.470444 -0.611388 0.600000 0.000000
0 6.346235 19.552494 0.000000 0.184177 0.752904 -0.631835 0.700000 0.000000
0 7.750713 14.620460 64.031487 0.272828 0.960960 0.046048 0.700000 0.542243
pine_bark.bmp
0 17.852156 12.984157 0.000000 0.636308 0.470444 -0.611388 0.600000 0.000000
0 7.750713 14.620460 64.031487 0.272828 0.960960 0.046048 0.700000 0.542243
0 16.654802 9.920299 64.077888 0.811365 0.582736 0.045894 0.600000 0.542243
pine_bark.bmp
0 6.346235 19.552494 0.000000 0.184177 0.752904 -0.631835 0.700000 0.000000
0 -6.327519 19.494831 0.288336 -0.213087 0.751807 -0.624003 0.800000 0.000000
0 -1.930801 15.174688 64.026009 -0.244269 0.968261 0.052946 0.800000 0.542243
pine_bark.bmp
0 6.346235 19.552494 0.000000 0.184177 0.752904 -0.631835 0.700000 0.000000
0 -1.930801 15.174688 64.026009 -0.244269 0.968261 0.052946 0.800000 0.542243
0 7.750713 14.620460 64.031487 0.272828 0.960960 0.046048 0.700000 0.542243
pine_bark.bmp
0 -6.327519 19.494831 0.288336 -0.213087 0.751807 -0.624003 0.800000 0.000000
0 -17.868452 12.996010 0.814241 -0.660983 0.489114 -0.569095 0.900000 0.000000
0 -10.498012 9.806389 64.079018 -0.793971 0.604461 0.065088 0.900000 0.542243
pine_bark.bmp
0 -6.327519 19.494831 0.288336 -0.213087 0.751807 -0.624003 0.800000 0.000000
0 -10.498012 9.806389 64.079018 -0.793971 0.604461 0.065088 0.900000 0.542243
0 -1.930801 15.174688 64.026009 -0.244269 0.968261 0.052946 0.800000 0.542243
pine_bark.bmp
0 -17.868452 12.996010 0.814241 -0.660983 0.489114 -0.569095 0.900000 0.000000
0 -20.977669 0.000000 0.955924 -0.799460 -0.008251 -0.600662 1.000000 0.000000
0 -13.342688 0.000000 64.175835 -0.997316 -0.014515 0.071768 1.000000 0.542243
pine_bark.bmp
0 -17.868452 12.996010 0.814241 -0.660983 0.489114 -0.569095 0.900000 0.000000
0 -13.342688 0.000000 64.175835 -0.997316 -0.014515 0.071768 1.000000 0.542243
0 -10.498012 9.806389 64.079018 -0.793971 0.604461 0.065088 0.900000 0.542243
pine_bark.bmp
0 -13.342688 0.000000 64.175835 -0.997316 -0.014515 0.071768 0.000000 0.542243
0 -10.248539 -9.625146 64.270866 -0.768888 -0.635040 0.074399 0.100000 0.542243
0 -8.917417 -4.480424 197.272018 -0.773433 -0.633659 0.016693 0.100000 1.667645
pine_bark.bmp
0 -13.342688 0.000000 64.175835 -0.997316 -0.014515 0.071768 0.000000 0.542243
0 -8.917417 -4.480424 197.272018 -0.773433 -0.633659 0.016693 0.100000 1.667645
0 -11.431280 2.000000 197.217865 -0.999826 -0.013796 0.012539 0.000000 1.667645
pine_bark.bmp
0 -10.248539 -9.625146 64.270866 -0.768888 -0.635040 0.074399 0.100000 0.542243
0 -1.683507 -14.413632 64.318146 -0.317890 -0.945883 0.065197 0.200000 0.542243
0 -3.253940 -8.016981 197.394012 -0.343044 -0.939001 0.024451 0.200000 1.667645
pine_bark.bmp
0 -10.248539 -9.625146 64.270866 -0.768888 -0.635040 0.074399 0.100000 0.542243
0 -3.253940 -8.016981 197.394012 -0.343044 -0.939001 0.024451 0.200000 1.667645
0 -8.917417 -4.480424 197.272018 -0.773433 -0.633659 0.016693 0.100000 1.667645
pine_bark.bmp
0 -1.683507 -14.413632 64.318146 -0.317890 -0.945883 0.065197 0.200000 0.542243
0 8.175535 -15.927865 64.333099 0.283487 -0.956862 0.063644 0.300000 0.542243
0 3.583078 -9.030204 197.541290 0.297853 -0.953688 0.041984 0.300000 1.667645
pine_bark.bmp
0 -1.683507 -14.413632 64.318146 -0.317890 -0.945883 0.065197 0.200000 0.542243
0 3.583078 -9.030204 197.541290 0.297853 -0.953688 0.041984 0.300000 1.667645
0 -3.253940 -8.016981 197.394012 -0.343044 -0.939001 0.024451 0.200000 1.667645
pine_bark.bmp
0 8.175535 -15.927865 64.333099 0.283487 -0.956862 0.063644 0.300000 0.542243
0 15.820163 -9.313928 64.267792 0.843101 -0.535279 0.051545 0.400000 0.542243
0 8.630859 -4.272178 197.650040 0.837857 -0.543492 0.051107 0.400000 1.667645
pine_bark.bmp
0 8.175535 -15.927865 64.333099 0.283487 -0.956862 0.063644 0.300000 0.542243
0 8.630859 -4.272178 197.650040 0.837857 -0.543492 0.051107 0.400000 1.667645
0 3.583078 -9.030204 197.541290 0.297853 -0.953688 0.041984 0.300000 1.667645
pine_bark.bmp
0 15.820163 -9.313928 64.267792 0.843101 -0.535279 0.051545 0.400000 0.542243
0 18.456039 -0.000000 64.175835 0.998038 -0.045626 0.042868 0.500000 0.542243
0 10.838166 2.000000 197.697586 0.997043 -0.054362 0.054323 0.500000 1.667645
pine_bark.bmp
0 15.820163 -9.313928 64.267792 0.843101 -0.535279 0.051545 0.400000 0.542243
0 10.838166 2.000000 197.697586 0.997043 -0.054362 0.054323 0.500000 1.667645
0 8.630859 -4.272178 197.650040 0.837857 -0.543492 0.051107 0.400000 1.667645
pine_bark.bmp
0 18.456039 -0.000000 64.175835 0.998038 -0.045626 0.042868 0.500000 0.542243
0 16.654802 9.920299 64.077888 0.811365 0.582736 0.045894 0.600000 0.542243
0 9.334926 8.783834 197.665207 0.790646 0.610037 0.052295 0.600000 1.667645
pine_bark.bmp
0 18.456039 -0.000000 64.175835 0.998038 -0.045626 0.042868 0.500000 0.542243
0 9.334926 8.783834 197.665207 0.790646 0.610037 0.052295 0.600000 1.667645
0 10.838166 2.000000 197.697586 0.997043 -0.054362 0.054323 0.500000 1.667645
pine_bark.bmp
0 16.654802 9.920299 64.077888 0.811365 0.582736 0.045894 0.600000 0.542243
0 7.750713 14.620460 64.031487 0.272828 0.960960 0.046048 0.700000 0.542243
0 3.224715 11.927013 197.533585 0.285285 0.957701 0.037695 0.700000 1.667645
pine_bark.bmp
0 16.654802 9.920299 64.077888 0.811365 0.582736 0.045894 0.600000 0.542243
0 3.224715 11.927013 197.533585 0.285285 0.957701 0.037695 0.700000 1.667645
0 9.334926 8.783834 197.665207 0.790646 0.610037 0.052295 0.600000 1.667645
pine_bark.bmp
0 7.750713 14.620460 64.031487 0.272828 0.960960 0.046048 0.700000 0.542243
0 -1.930801 15.174688 64.026009 -0.244269 0.968261 0.052946 0.800000 0.542243
0 -3.462548 12.659162 197.389526 -0.252593 0.967187 0.027331 0.800000 1.667645
pine_bark.bmp
0 7.750713 14.620460 64.031487 0.272828 0.960960 0.046048 0.700000 0.542243
0 -3.462548 12.659162 197.389526 -0.252593 0.967187 0.027331 0.800000 1.667645
0 3.224715 11.927013 197.533585 0.285285 0.957701 0.037695 0.700000 1.667645
pine_bark.bmp
0 -1.930801 15.174688 64.026009 -0.244269 0.968261 0.052946 0.800000 0.542243
0 -10.498012 9.806389 64.079018 -0.793971 0.604461 0.065088 0.900000 0.542243
0 -9.127861 8.633357 197.267487 -0.798589 0.601656 0.016312 0.900000 1.667645
pine_bark.bmp
0 -1.930801 15.174688 64.026009 -0.244269 0.968261 0.052946 0.800000 0.542243
0 -9.127861 8.633357 197.267487 -0.798589 0.601656 0.016312 0.900000 1.667645
0 -3.462548 12.659162 197.389526 -0.252593 0.967187 0.027331 0.800000 1.667645
pine_bark.bmp
0 -10.498012 9.806389 64.079018 -0.793971 0.604461 0.065088 0.900000 0.542243
0 -13.342688 0.000000 64.175835 -0.997316 -0.014515 0.071768 1.000000 0.542243
0 -11.431280 2.000000 197.217865 -0.999826 -0.013796 0.012539 1.000000 1.667645
pine_bark.bmp
0 -10.498012 9.806389 64.079018 -0.793971 0.604461 0.065088 0.900000 0.542243
0 -11.431280 2.000000 197.217865 -0.999826 -0.013796 0.012539 1.000000 1.667645
0 -9.127861 8.633357 197.267487 -0.798589 0.601656 0.016312 0.900000 1.667645
pine_bark.bmp
0 -11.431280 2.000000 197.217865 -0.999826 -0.013796 0.012539 0.000000 1.667645
0 -8.917417 -4.480424 197.272018 -0.773433 -0.633659 0.016693 0.100000 1.667645
0 -8.553860 -4.035030 335.663116 -0.773529 -0.633221 0.026166 0.100000 2.834698
pine_bark.bmp
0 -11.431280 2.000000 197.217865 -0.999826 -0.013796 0.012539 0.000000 1.667645
0 -8.553860 -4.035030 335.663116 -0.773529 -0.633221 0.026166 0.100000 2.834698
0 -10.358835 0.000000 335.688995 -0.999287 -0.020075 0.031961 0.000000 2.834698
pine_bark.bmp
0 -8.917417 -4.480424 197.272018 -0.773433 -0.633659 0.016693 0.100000 1.667645
0 -3.253940 -8.016981 197.394012 -0.343044 -0.939001 0.024451 0.200000 1.667645
0 -5.107844 -6.487142 335.647400 -0.358331 -0.933287 0.023967 0.200000 2.834698
pine_bark.bmp
0 -8.917417 -4.480424 197.272018 -0.773433 -0.633659 0.016693 0.100000 1.667645
0 -5.107844 -6.487142 335.647400 -0.358331 -0.933287 0.023967 0.200000 2.834698
0 -8.553860 -4.035030 335.663116 -0.773529 -0.633221 0.026166 0.100000 2.834698
pine_bark.bmp
0 -3.253940 -8.016981 197.394012 -0.343044 -0.939001 0.024451 0.200000 1.667645
0 3.583078 -9.030204 197.541290 0.297853 -0.953688 0.041984 0.300000 1.667645
0 -0.721492 -7.012379 335.644043 0.311977 -0.949685 0.027727 0.300000 2.834698
pine_bark.bmp
0 -3.253940 -8.016981 197.394012 -0.343044 -0.939001 0.024451 0.200000 1.667645
0 -0.721492 -7.012379 335.644043 0.311977 -0.949685 0.027727 0.300000 2.834698
0 -5.107844 -6.487142 335.647400 -0.358331 -0.933287 0.023967 0.200000 2.834698
pine_bark.bmp
0 3.583078 -9.030204 197.541290 0.297853 -0.953688 0.041984 0.300000 1.667645
0 8.630859 -4.272178 197.650040 0.837857 -0.543492 0.051107 0.400000 1.667645
0 2.405275 -3.927079 335.663818 0.828952 -0.558576 0.028855 0.400000 2.834698
pine_bark.bmp
0 3.583078 -9.030204 197.541290 0.297853 -0.953688 0.041984 0.300000 1.667645
0 2.405275 -3.927079 335.663818 0.828952 -0.558576 0.028855 0.400000 2.834698
0 -0.721492 -7.012379 335.644043 0.311977 -0.949685 0.027727 0.300000 2.834698
pine_bark.bmp
0 8.630859 -4.272178 197.650040 0.837857 -0.543492 0.051107 0.400000 1.667645
0 10.838166 2.000000 197.697586 0.997043 -0.054362 0.054323 0.500000 1.667645
0 4.051294 -0.000000 335.688995 0.997422 -0.063183 0.034012 0.500000 2.834698
pine_bark.bmp
0 8.630859 -4.272178 197.650040 0.837857 -0.543492 0.051107 0.400000 1.667645
0 4.051294 -0.000000 335.688995 0.997422 -0.063183 0.034012 0.500000 2.834698
0 2.405275 -3.927079 335.663818 0.828952 -0.558576 0.028855 0.400000 2.834698
pine_bark.bmp
0 10.838166 2.000000 197.697586 0.997043 -0.054362 0.054323 0.500000 1.667645
0 9.334926 8.783834 197.665207 0.790646 0.610037 0.052295 0.600000 1.667645
0 2.865665 4.261565 335.716309 0.781107 0.623124 0.039846 0.600000 2.834698
pine_bark.bmp
0 10.838166 2.000000 197.697586 0.997043 -0.054362 0.054323 0.500000 1.667645
0 2.865665 4.261565 335.716309 0.781107 0.623124 0.039846 0.600000 2.834698
0 4.051294 -0.000000 335.688995 0.997422 -0.063183 0.034012 0.500000 2.834698
pine_bark.bmp
0 9.334926 8.783834 197.665207 0.790646 0.610037 0.052295 0.600000 1.667645
0 3.224715 11.927013 197.533585 0.285285 0.957701 0.037695 0.700000 1.667645
0 -0.955826 6.291189 335.729340 0.302586 0.952359 0.038122 0.700000 2.834698
pine_bark.bmp
0 9.334926 8.783834 197.665207 0.790646 0.610037 0.052295 0.600000 1.667645
0 -0.955826 6.291189 335.729340 0.302586 0.952359 0.038122 0.700000 2.834698
0 2.865665 4.261565 335.716309 0.781107 0.623124 0.039846 0.600000 2.834698
pine_bark.bmp
0 3.224715 11.927013 197.533585 0.285285 0.957701 0.037695 0.700000 1.667645
0 -3.462548 12.659162 197.389526 -0.252593 0.967187 0.027331 0.800000 1.667645
0 -5.244253 6.906956 335.733276 -0.266498 0.963004 0.040031 0.800000 2.834698
pine_bark.bmp
0 3.224715 11.927013 197.533585 0.285285 0.957701 0.037695 0.700000 1.667645
0 -5.244253 6.906956 335.733276 -0.266498 0.963004 0.040031 0.800000 2.834698
0 -0.955826 6.291189 335.729340 0.302586 0.952359 0.038122 0.700000 2.834698
pine_bark.bmp
0 -3.462548 12.659162 197.389526 -0.252593 0.967187 0.027331 0.800000 1.667645
0 -9.127861 8.633357 197.267487 -0.798589 0.601656 0.016312 0.900000 1.667645
0 -8.691470 4.135008 335.715515 -0.803743 0.593898 0.035806 0.900000 2.834698
pine_bark.bmp
0 -3.462548 12.659162 197.389526 -0.252593 0.967187 0.027331 0.800000 1.667645
0 -8.691470 4.135008 335.715515 -0.803743 0.593898 0.035806 0.900000 2.834698
0 -5.244253 6.906956 335.733276 -0.266498 0.963004 0.040031 0.800000 2.834698
pine_bark.bmp
0 -9.127861 8.633357 197.267487 -0.798589 0.601656 0.016312 0.900000 1.667645
0 -11.431280 2.000000 197.217865 -0.999826 -0.013796 0.012539 1.000000 1.667645
0 -10.358835 0.000000 335.688995 -0.999287 -0.020075 0.031961 1.000000 2.834698
pine_bark.bmp
0 -9.127861 8.633357 197.267487 -0.798589 0.601656 0.016312 0.900000 1.667645
0 -10.358835 0.000000 335.688995 -0.999287 -0.020075 0.031961 1.000000 2.834698
0 -8.691470 4.135008 335.715515 -0.803743 0.593898 0.035806 0.900000 2.834698
pine_bark.bmp
0 -10.358835 0.000000 335.688995 -0.999287 -0.020075 0.031961 0.000000 2.834698
0 -8.553860 -4.035030 335.663116 -0.773529 -0.633221 0.026166 0.100000 2.834698
0 -0.778290 -0.565551 501.572571 -0.557046 -0.464795 0.688233 0.100000 4.234921
pine_bark.bmp
0 -10.358835 0.000000 335.688995 -0.999287 -0.020075 0.031961 0.000000 2.834698
0 -0.778290 -0.565551 501.572571 -0.557046 -0.464795 0.688233 0.100000 4.234921
0 -1.054808 0.000000 501.577423 -0.763487 -0.014578 0.645659 0.000000 4.234921
pine_bark.bmp
0 -8.553860 -4.035030 335.663116 -0.773529 -0.633221 0.026166 0.100000 2.834698
0 -5.107844 -6.487142 335.647400 -0.358331 -0.933287 0.023967 0.200000 2.834698
0 -0.307556 -0.946710 501.564270 -0.262415 -0.705266 0.658588 0.200000 4.234921
pine_bark.bmp
0 -8.553860 -4.035030 335.663116 -0.773529 -0.633221 0.026166 0.100000 2.834698
0 -0.307556 -0.946710 501.564270 -0.262415 -0.705266 0.658588 0.200000 4.234921
0 -0.778290 -0.565551 501.572571 -0.557046 -0.464795 0.688233 0.100000 4.234921
pine_bark.bmp
0 -5.107844 -6.487142 335.647400 -0.358331 -0.933287 0.023967 0.200000 2.834698
0 -0.721492 -7.012379 335.644043 0.311977 -0.949685 0.027727 0.300000 2.834698
0 0.322537 -0.992824 501.553162 0.261571 -0.724279 0.637966 0.300000 4.234921
pine_bark.bmp
0 -5.107844 -6.487142 335.647400 -0.358331 -0.933287 0.023967 0.200000 2.834698
0 0.322537 -0.992824 501.553162 0.261571 -0.724279 0.637966 0.300000 4.234921
0 -0.307556 -0.946710 501.564270 -0.262415 -0.705266 0.658588 0.200000 4.234921
pine_bark.bmp
0 -0.721492 -7.012379 335.644043 0.311977 -0.949685 0.027727 0.300000 2.834698
0 2.405275 -3.927079 335.663818 0.828952 -0.558576 0.028855 0.400000 2.834698
0 0.765247 -0.556073 501.545349 0.615362 -0.410619 0.672846 0.400000 4.234921
pine_bark.bmp
0 -0.721492 -7.012379 335.644043 0.311977 -0.949685 0.027727 0.300000 2.834698
0 0.765247 -0.556073 501.545349 0.615362 -0.410619 0.672846 0.400000 4.234921
0 0.322537 -0.992824 501.553162 0.261571 -0.724279 0.637966 0.300000 4.234921
pine_bark.bmp
0 2.405275 -3.927079 335.663818 0.828952 -0.558576 0.028855 0.400000 2.834698
0 4.051294 -0.000000 335.688995 0.997422 -0.063183 0.034012 0.500000 2.834698
0 1.027812 -0.000000 501.540741 0.779198 -0.047959 0.624940 0.500000 4.234921
pine_bark.bmp
0 2.405275 -3.927079 335.663818 0.828952 -0.558576 0.028855 0.400000 2.834698
0 1.027812 -0.000000 501.540741 0.779198 -0.047959 0.624940 0.500000 4.234921
0 0.765247 -0.556073 501.545349 0.615362 -0.410619 0.672846 0.400000 4.234921
pine_bark.bmp
0 4.051294 -0.000000 335.688995 0.997422 -0.063183 0.034012 0.500000 2.834698
0 2.865665 4.261565 335.716309 0.781107 0.623124 0.039846 0.600000 2.834698
0 0.822373 0.597585 501.544342 0.598811 0.474144 0.645456 0.600000 4.234921
pine_bark.bmp
0 4.051294 -0.000000 335.688995 0.997422 -0.063183 0.034012 0.500000 2.834698
0 0.822373 0.597585 501.544342 0.598811 0.474144 0.645456 0.600000 4.234921
0 1.027812 -0.000000 501.540741 0.779198 -0.047959 0.624940 0.500000 4.234921
pine_bark.bmp
0 2.865665 4.261565 335.716309 0.781107 0.623124 0.039846 0.600000 2.834698
0 -0.955826 6.291189 335.729340 0.302586 0.952359 0.038122 0.700000 2.834698
0 0.293460 0.903321 501.553680 0.241323 0.696728 0.675524 0.700000 4.234921
pine_bark.bmp
0 2.865665 4.261565 335.716309 0.781107 0.623124 0.039846 0.600000 2.834698
0 0.293460 0.903321 501.553680 0.241323 0.696728 0.675524 0.700000 4.234921
0 0.822373 0.597585 501.544342 0.598811 0.474144 0.645456 0.600000 4.234921
pine_bark.bmp
0 -0.955826 6.291189 335.729340 0.302586 0.952359 0.038122 0.700000 2.834698
0 -5.244253 6.906956 335.733276 -0.266498 0.963004 0.040031 0.800000 2.834698
0 -0.324482 0.998811 501.564575 -0.195586 0.746850 0.635579 0.800000 4.234921
pine_bark.bmp
0 -0.955826 6.291189 335.729340 0.302586 0.952359 0.038122 0.700000 2.834698
0 -0.324482 0.998811 501.564575 -0.195586 0.746850 0.635579 0.800000 4.234921
0 0.293460 0.903321 501.553680 0.241323 0.696728 0.675524 0.700000 4.234921
pine_bark.bmp
0 -5.244253 6.906956 335.733276 -0.266498 0.963004 0.040031 0.800000 2.834698
0 -8.691470 4.135008 335.715515 -0.803743 0.593898 0.035806 0.900000 2.834698
0 -0.795365 0.577959 501.572845 -0.577439 0.436227 0.690123 0.900000 4.234921
pine_bark.bmp
0 -5.244253 6.906956 335.733276 -0.266498 0.963004 0.040031 0.800000 2.834698
0 -0.795365 0.577959 501.572845 -0.577439 0.436227 0.690123 0.900000 4.234921
0 -0.324482 0.998811 501.564575 -0.195586 0.746850 0.635579 0.800000 4.234921
pine_bark.bmp
0 -8.691470 4.135008 335.715515 -0.803743 0.593898 0.035806 0.900000 2.834698
0 -10.358835 0.000000 335.688995 -0.999287 -0.020075 0.031961 1.000000 2.834698
0 -1.054808 0.000000 501.577423 -0.763487 -0.014578 0.645659 1.000000 4.234921
pine_bark.bmp
0 -8.691470 4.135008 335.715515 -0.803743 0.593898 0.035806 0.900000 2.834698
0 -1.054808 0.000000 501.577423 -0.763487 -0.014578 0.645659 1.000000 4.234921
0 -0.795365 0.577959 501.572845 -0.577439 0.436227 0.690123 0.900000 4.234921
pine_bark.bmp
0 -20.977669 0.000000 0.955924 -0.799460 -0.008251 -0.600662 0.950000 0.500000
0 -17.868452 12.996010 0.814241 -0.660983 0.489114 -0.569095 0.864058 0.235497
0 -6.327519 19.494831 0.288336 -0.213087 0.751807 -0.624003 0.639058 0.072025
pine_bark.bmp
0 -6.327519 19.494831 0.288336 -0.213087 0.751807 -0.624003 0.639058 0.072025
0 6.346235 19.552494 0.000000 0.184177 0.752904 -0.631835 0.360942 0.072025
0 17.852156 12.984157 0.000000 0.636308 0.470444 -0.611388 0.135942 0.235497
pine_bark.bmp
0 17.852156 12.984157 0.000000 0.636308 0.470444 -0.611388 0.135942 0.235497
0 19.967598 -0.000000 0.000000 0.745719 -0.028194 -0.665663 0.050000 0.500000
0 17.179342 -12.494809 0.000000 0.650933 -0.428931 -0.626342 0.135942 0.764503
pine_bark.bmp
0 17.179342 -12.494809 0.000000 0.650933 -0.428931 -0.626342 0.135942 0.764503
0 6.688691 -20.607586 0.000000 0.191707 -0.767966 -0.611128 0.360942 0.927975
0 -6.128171 -18.880648 0.279252 -0.255361 -0.727290 -0.637055 0.639058 0.927975
pine_bark.bmp
0 -6.128171 -18.880648 0.279252 -0.255361 -0.727290 -0.637055 0.639058 0.927975
0 -17.667349 -12.849744 0.805077 -0.646793 -0.508564 -0.568350 0.864058 0.764503
0 -20.977669 0.000000 0.955924 -0.799460 -0.008251 -0.600662 0.950000 0.500000
pine_bark.bmp
0 -20.977669 0.000000 0.955924 -0.799460 -0.008251 -0.600662 0.950000 0.500000
0 -6.327519 19.494831 0.288336 -0.213087 0.751807 -0.624003 0.639058 0.072025
0 17.852156 12.984157 0.000000 0.636308 0.470444 -0.611388 0.135942 0.235497
pine_bark.bmp
0 17.852156 12.984157 0.000000 0.636308 0.470444 -0.611388 0.135942 0.235497
0 17.179342 -12.494809 0.000000 0.650933 -0.428931 -0.626342 0.135942 0.764503
0 -6.128171 -18.880648 0.279252 -0.255361 -0.727290 -0.637055 0.639058 0.927975
pine_bark.bmp
0 17.852156 12.984157 0.000000 0.636308 0.470444 -0.611388 0.135942 0.235497
0 -6.128171 -18.880648 0.279252 -0.255361 -0.727290 -0.637055 0.639058 0.927975
0 -20.977669 0.000000 0.955924 -0.799460 -0.008251 -0.600662 0.950000 0.500000
pine_bark.bmp
0 -0.795365 0.577959 501.572845 -0.577439 0.436227 0.690123 0.864058 0.235497
0 -1.054808 0.000000 501.577423 -0.763487 -0.014578 0.645659 0.950000 0.500000
0 -0.778290 -0.565551 501.572571 -0.557046 -0.464795 0.688233 0.864058 0.764503
pine_bark.bmp
0 -0.778290 -0.565551 501.572571 -0.557046 -0.464795 0.688233 0.864058 0.764503
0 -0.307556 -0.946710 501.564270 -0.262415 -0.705266 0.658588 0.639058 0.927975
0 0.322537 -0.992824 501.553162 0.261571 -0.724279 0.637966 0.360942 0.927975
pine_bark.bmp
0 0.322537 -0.992824 501.553162 0.261571 -0.724279 0.637966 0.360942 0.927975
0 0.765247 -0.556073 501.545349 0.615362 -0.410619 0.672846 0.135942 0.764503
0 1.027812 -0.000000 501.540741 0.779198 -0.047959 0.624940 0.050000 0.500000
pine_bark.bmp
0 1.027812 -0.000000 501.540741 0.779198 -0.047959 0.624940 0.050000 0.500000
0 0.822373 0.597585 501.544342 0.598811 0.474144 0.645456 0.135942 0.235497
0 0.293460 0.903321 501.553680 0.241323 0.696728 0.675524 0.360942 0.072025
pine_bark.bmp
0 0.293460 0.903321 501.553680 0.241323 0.696728 0.675524 0.360942 0.072025
0 -0.324482 0.998811 501.564575 -0.195586 0.746850 0.635579 0.639058 0.072025
0 -0.795365 0.577959 501.572845 -0.577439 0.436227 0.690123 0.864058 0.235497
pine_bark.bmp
0 -0.795365 0.577959 501.572845 -0.577439 0.436227 0.690123 0.864058 0.235497
0 -0.778290 -0.565551 501.572571 -0.557046 -0.464795 0.688233 0.864058 0.764503
0 0.322537 -0.992824 501.553162 0.261571 -0.724279 0.637966 0.360942 0.927975
pine_bark.bmp
0 0.322537 -0.992824 501.553162 0.261571 -0.724279 0.637966 0.360942 0.927975
0 1.027812 -0.000000 501.540741 0.779198 -0.047959 0.624940 0.050000 0.500000
0 0.293460 0.903321 501.553680 0.241323 0.696728 0.675524 0.360942 0.072025
pine_bark.bmp
0 0.322537 -0.992824 501.553162 0.261571 -0.724279 0.637966 0.360942 0.927975
0 0.293460 0.903321 501.553680 0.241323 0.696728 0.675524 0.360942 0.072025
0 -0.795365 0.577959 501.572845 -0.577439 0.436227 0.690123 0.864058 0.235497
pine_bark.bmp
0 1.058182 0.000000 146.970062 -0.356142 -0.037245 0.933689 0.000000 0.000000
0 0.648383 -3.947355 144.303253 -0.431629 -0.824484 0.365955 0.200000 0.000000
0 79.181564 4.680791 122.377556 0.136765 -0.965628 0.221039 0.200000 0.684215
pine_bark.bmp
0 1.058182 0.000000 146.970062 -0.356142 -0.037245 0.933689 0.000000 0.000000
0 79.181564 4.680791 122.377556 0.136765 -0.965628 0.221039 0.200000 0.684215
0 79.246071 6.620970 123.777512 0.164958 0.009690 0.986253 0.000000 0.684215
pine_bark.bmp
0 0.648383 -3.947355 144.303253 -0.431629 -0.824484 0.365955 0.200000 0.000000
0 -0.636452 -2.215406 140.201859 -0.707938 -0.519243 -0.478759 0.400000 0.000000
0 78.770966 5.511201 120.277443 -0.050998 -0.565444 -0.823208 0.400000 0.684215
pine_bark.bmp
0 0.648383 -3.947355 144.303253 -0.431629 -0.824484 0.365955 0.200000 0.000000
0 78.770966 5.511201 120.277443 -0.050998 -0.565444 -0.823208 0.400000 0.684215
0 79.181564 4.680791 122.377556 0.136765 -0.965628 0.221039 0.200000 0.684215
pine_bark.bmp
0 -0.636452 -2.215406 140.201859 -0.707938 -0.519243 -0.478759 0.400000 0.000000
0 -1.071980 2.418040 140.033356 -0.773853 0.412302 -0.480789 0.600000 0.000000
0 78.554413 7.847326 120.150703 -0.142390 0.553224 -0.820773 0.600000 0.684215
pine_bark.bmp
0 -0.636452 -2.215406 140.201859 -0.707938 -0.519243 -0.478759 0.400000 0.000000
0 78.554413 7.847326 120.150703 -0.142390 0.553224 -0.820773 0.600000 0.684215
0 78.770966 5.511201 120.277443 -0.050998 -0.565444 -0.823208 0.400000 0.684215
pine_bark.bmp
0 -1.071980 2.418040 140.033356 -0.773853 0.412302 -0.480789 0.600000 0.000000
0 0.031537 3.838321 144.433929 -0.552840 0.720285 0.418995 0.800000 0.000000
0 78.866081 8.498415 122.407028 -0.015504 0.958479 0.284740 0.800000 0.684215
pine_bark.bmp
0 -1.071980 2.418040 140.033356 -0.773853 0.412302 -0.480789 0.600000 0.000000
0 78.866081 8.498415 122.407028 -0.015504 0.958479 0.284740 0.800000 0.684215
0 78.554413 7.847326 120.150703 -0.142390 0.553224 -0.820773 0.600000 0.684215
pine_bark.bmp
0 0.031537 3.838321 144.433929 -0.552840 0.720285 0.418995 0.800000 0.000000
0 1.058182 0.000000 146.970062 -0.356142 -0.037245 0.933689 1.000000 0.000000
0 79.246071 6.620970 123.777512 0.164958 0.009690 0.986253 1.000000 0.684215
pine_bark.bmp
0 0.031537 3.838321 144.433929 -0.552840 0.720285 0.418995 0.800000 0.000000
0 79.246071 6.620970 123.777512 0.164958 0.009690 0.986253 1.000000 0.684215
0 78.866081 8.498415 122.407028 -0.015504 0.958479 0.284740 0.800000 0.684215
pine_bark.bmp
0 79.246071 6.620970 123.777512 0.164958 0.009690 0.986253 0.000000 0.684215
0 79.181564 4.680791 122.377556 0.136765 -0.965628 0.221039 0.200000 0.684215
0 143.551926 11.420694 120.650764 0.674640 -0.709263 0.204468 0.200000 1.224332
pine_bark.bmp
0 79.246071 6.620970 123.777512 0.164958 0.009690 0.986253 0.000000 0.684215
0 143.551926 11.420694 120.650764 0.674640 -0.709263 0.204468 0.200000 1.224332
0 143.510071 12.038127 121.120041 0.607953 0.051889 0.792276 0.000000 1.224332
pine_bark.bmp
0 79.181564 4.680791 122.377556 0.136765 -0.965628 0.221039 0.200000 0.684215
0 78.770966 5.511201 120.277443 -0.050998 -0.565444 -0.823208 0.400000 0.684215
0 143.515991 11.673585 119.955460 0.630110 -0.412623 -0.657802 0.400000 1.224332
pine_bark.bmp
0 79.181564 4.680791 122.377556 0.136765 -0.965628 0.221039 0.200000 0.684215
0 143.515991 11.673585 119.955460 0.630110 -0.412623 -0.657802 0.400000 1.224332
0 143.551926 11.420694 120.650764 0.674640 -0.709263 0.204468 0.200000 1.224332
pine_bark.bmp
0 78.770966 5.511201 120.277443 -0.050998 -0.565444 -0.823208 0.400000 0.684215
0 78.554413 7.847326 120.150703 -0.142390 0.553224 -0.820773 0.600000 0.684215
0 143.450699 12.439543 119.906509 0.538721 0.516369 -0.665689 0.600000 1.224332
pine_bark.bmp
0 78.770966 5.511201 120.277443 -0.050998 -0.565444 -0.823208 0.400000 0.684215
0 143.450699 12.439543 119.906509 0.538721 0.516369 -0.665689 0.600000 1.224332
0 143.515991 11.673585 119.955460 0.630110 -0.412623 -0.657802 0.400000 1.224332
pine_bark.bmp
0 78.554413 7.847326 120.150703 -0.142390 0.553224 -0.820773 0.600000 0.684215
0 78.866081 8.498415 122.407028 -0.015504 0.958479 0.284740 0.800000 0.684215
0 143.449905 12.635718 120.646477 0.555423 0.794676 0.244941 0.800000 1.224332
pine_bark.bmp
0 78.554413 7.847326 120.150703 -0.142390 0.553224 -0.820773 0.600000 0.684215
0 143.449905 12.635718 120.646477 0.555423 0.794676 0.244941 0.800000 1.224332
0 143.450699 12.439543 119.906509 0.538721 0.516369 -0.665689 0.600000 1.224332
pine_bark.bmp
0 78.866081 8.498415 122.407028 -0.015504 0.958479 0.284740 0.800000 0.684215
0 79.246071 6.620970 123.777512 0.164958 0.009690 0.986253 1.000000 0.684215
0 143.510071 12.038127 121.120041 0.607953 0.051889 0.792276 1.000000 1.224332
pine_bark.bmp
0 78.866081 8.498415 122.407028 -0.015504 0.958479 0.284740 0.800000 0.684215
0 143.510071 12.038127 121.120041 0.607953 0.051889 0.792276 1.000000 1.224332
0 143.449905 12.635718 120.646477 0.555423 0.794676 0.244941 0.800000 1.224332
pine_bark.bmp
0 1.058182 0.000000 146.970062 -0.356142 -0.037245 0.933689 0.950000 0.500000
0 0.031537 3.838321 144.433929 -0.552840 0.720285 0.418995 0.639058 0.072025
0 -1.071980 2.418040 140.033356 -0.773853 0.412302 -0.480789 0.135942 0.235497
pine_bark.bmp
0 -1.071980 2.418040 140.033356 -0.773853 0.412302 -0.480789 0.135942 0.235497
0 -0.636452 -2.215406 140.201859 -0.707938 -0.519243 -0.478759 0.135942 0.764503
0 0.648383 -3.947355 144.303253 -0.431629 -0.824484 0.365955 0.639058 0.927975
pine_bark.bmp
0 -1.071980 2.418040 140.033356 -0.773853 0.412302 -0.480789 0.135942 0.235497
0 0.648383 -3.947355 144.303253 -0.431629 -0.824484 0.365955 0.639058 0.927975
0 1.058182 0.000000 146.970062 -0.356142 -0.037245 0.933689 0.950000 0.500000
pine_bark.bmp
0 143.449905 12.635718 120.646477 0.555423 0.794676 0.244941 0.639058 0.072025
0 143.510071 12.038127 121.120041 0.607953 0.051889 0.792276 0.950000 0.500000
0 143.551926 11.420694 120.650764 0.674640 -0.709263 0.204468 0.639058 0.927975
pine_bark.bmp
0 143.551926 11.420694 120.650764 0.674640 -0.709263 0.204468 0.639058 0.927975
0 143.515991 11.673585 119.955460 0.630110 -0.412623 -0.657802 0.135942 0.764503
0 143.450699 12.439543 119.906509 0.538721 0.516369 -0.665689 0.135942 0.235497
pine_bark.bmp
0 143.551926 11.420694 120.650764 0.674640 -0.709263 0.204468 0.639058 0.927975
0 143.450699 12.439543 119.906509 0.538721 0.516369 -0.665689 0.135942 0.235497
0 143.449905 12.635718 120.646477 0.555423 0.794676 0.244941 0.639058 0.072025
pine_needles.bmp
1 79.147820 13.099112 113.191216 0.381824 0.566669 0.730134 0.507500 0.507500
1 47.597931 34.357574 113.191216 0.381824 0.566669 0.730134 0.992500 0.507500
1 21.299341 -4.672422 157.235916 0.381824 0.566669 0.730134 0.992500 0.992500
pine_needles.bmp
1 79.147820 13.099112 113.191216 0.381824 0.566669 0.730134 0.507500 0.507500
1 21.299341 -4.672422 157.235916 0.381824 0.566669 0.730134 0.992500 0.992500
1 52.849236 -25.930883 157.235916 0.381824 0.566669 0.730134 0.507500 0.992500
pine_needles.bmp
1 52.849236 -25.930883 157.235916 -0.381824 -0.566669 -0.730134 0.507500 0.992500
1 21.299341 -4.672422 157.235916 -0.381824 -0.566669 -0.730134 0.992500 0.992500
1 47.597931 34.357574 113.191216 -0.381824 -0.566669 -0.730134 0.992500 0.507500
pine_needles.bmp
1 52.849236 -25.930883 157.235916 -0.381824 -0.566669 -0.730134 0.507500 0.992500
1 47.597931 34.357574 113.191216 -0.381824 -0.566669 -0.730134 0.992500 0.507500
1 79.147820 13.099112 113.191216 -0.381824 -0.566669 -0.730134 0.507500 0.507500
pine_needles.bmp
1 41.137859 33.272316 113.445107 -0.560059 0.377370 0.737513 0.507500 0.007500
1 19.879398 1.722423 113.445107 -0.560059 0.377370 0.737513 0.992500 0.007500
1 59.309307 -24.845627 156.982025 -0.560059 0.377370 0.737513 0.992500 0.492500
pine_needles.bmp
1 41.137859 33.272316 113.445107 -0.560059 0.377370 0.737513 0.507500 0.007500
1 59.309307 -24.845627 156.982025 -0.560059 0.377370 0.737513 0.992500 0.492500
1 80.567764 6.704268 156.982025 -0.560059 0.377370 0.737513 0.507500 0.492500
pine_needles.bmp
1 80.567764 6.704268 156.982025 0.560059 -0.377370 -0.737513 0.507500 0.492500
1 59.309307 -24.845627 156.982025 0.560059 -0.377370 -0.737513 0.992500 0.492500
1 19.879398 1.722423 113.445107 0.560059 -0.377370 -0.737513 0.992500 0.007500
pine_needles.bmp
1 80.567764 6.704268 156.982025 0.560059 -0.377370 -0.737513 0.507500 0.492500
1 19.879398 1.722423 113.445107 0.560059 -0.377370 -0.737513 0.992500 0.007500
1 41.137859 33.272316 113.445107 0.560059 -0.377370 -0.737513 0.507500 0.007500
pine_needles.bmp
1 68.839714 17.581688 102.592819 -0.783784 -0.358684 0.506980 0.507500 0.007500
1 83.873360 -15.269332 102.592819 -0.783784 -0.358684 0.506980 0.992500 0.007500
1 111.965172 -2.413648 155.117615 -0.783784 -0.358684 0.506980 0.992500 0.492500
pine_needles.bmp
1 68.839714 17.581688 102.592819 -0.783784 -0.358684 0.506980 0.507500 0.007500
1 111.965172 -2.413648 155.117615 -0.783784 -0.358684 0.506980 0.992500 0.492500
1 96.931526 30.437374 155.117615 -0.783784 -0.358684 0.506980 0.507500 0.492500
pine_needles.bmp
1 96.931526 30.437374 155.117615 0.783784 0.358684 -0.506980 0.507500 0.492500
1 111.965172 -2.413648 155.117615 0.783784 0.358684 -0.506980 0.992500 0.492500
1 83.873360 -15.269332 102.592819 0.783784 0.358684 -0.506980 0.992500 0.007500
pine_needles.bmp
1 96.931526 30.437374 155.117615 0.783784 0.358684 -0.506980 0.507500 0.492500
1 83.873360 -15.269332 102.592819 0.783784 0.358684 -0.506980 0.992500 0.007500
1 68.839714 17.581688 102.592819 0.783784 0.358684 -0.506980 0.507500 0.007500
pine_needles.bmp
1 84.527489 -22.987545 111.660210 0.233566 -0.510381 0.827622 0.007500 0.507500
1 117.378517 -7.953901 111.660210 0.233566 -0.510381 0.827622 0.492500 0.507500
1 96.277397 38.155586 146.050232 0.233566 -0.510381 0.827622 0.492500 0.992500
pine_needles.bmp
1 84.527489 -22.987545 111.660210 0.233566 -0.510381 0.827622 0.007500 0.507500
1 96.277397 38.155586 146.050232 0.233566 -0.510381 0.827622 0.492500 0.992500
1 63.426365 23.121941 146.050232 0.233566 -0.510381 0.827622 0.007500 0.992500
pine_needles.bmp
1 63.426365 23.121941 146.050232 -0.233566 0.510381 -0.827622 0.007500 0.992500
1 96.277397 38.155586 146.050232 -0.233566 0.510381 -0.827622 0.492500 0.992500
1 117.378517 -7.953901 111.660210 -0.233566 0.510381 -0.827622 0.492500 0.507500
pine_needles.bmp
1 63.426365 23.121941 146.050232 -0.233566 0.510381 -0.827622 0.007500 0.992500
1 117.378517 -7.953901 111.660210 -0.233566 0.510381 -0.827622 0.492500 0.507500
1 84.527489 -22.987545 111.660210 -0.233566 0.510381 -0.827622 0.007500 0.507500
pine_needles.bmp
1 103.965637 30.433502 97.949562 -0.714254 -0.103681 0.692164 0.507500 0.007500
1 110.602547 -15.287776 97.949562 -0.714254 -0.103681 0.692164 0.992500 0.007500
1 157.196991 -8.524112 147.044159 -0.714254 -0.103681 0.692164 0.992500 0.492500
pine_needles.bmp
1 103.965637 30.433502 97.949562 -0.714254 -0.103681 0.692164 0.507500 0.007500
1 157.196991 -8.524112 147.044159 -0.714254 -0.103681 0.692164 0.992500 0.492500
1 150.560074 37.197166 147.044159 -0.714254 -0.103681 0.692164 0.507500 0.492500
pine_needles.bmp
1 150.560074 37.197166 147.044159 0.714254 0.103681 -0.692164 0.507500 0.492500
1 157.196991 -8.524112 147.044159 0.714254 0.103681 -0.692164 0.992500 0.492500
1 110.602547 -15.287776 97.949562 0.714254 0.103681 -0.692164 0.992500 0.007500
pine_needles.bmp
1 150.560074 37.197166 147.044159 0.714254 0.103681 -0.692164 0.507500 0.492500
1 110.602547 -15.287776 97.949562 0.714254 0.103681 -0.692164 0.992500 0.007500
1 103.965637 30.433502 97.949562 0.714254 0.103681 -0.692164 0.507500 0.007500
pine_needles.bmp
1 111.485695 -18.300735 100.743500 0.091748 -0.632046 0.769481 0.507500 0.507500
1 157.206970 -11.663820 100.743500 0.091748 -0.632046 0.769481 0.992500 0.507500
1 149.676941 40.210129 144.250229 0.091748 -0.632046 0.769481 0.992500 0.992500
pine_needles.bmp
1 111.485695 -18.300735 100.743500 0.091748 -0.632046 0.769481 0.507500 0.507500
1 149.676941 40.210129 144.250229 0.091748 -0.632046 0.769481 0.992500 0.992500
1 103.955650 33.573212 144.250229 0.091748 -0.632046 0.769481 0.507500 0.992500
pine_needles.bmp
1 103.955650 33.573212 144.250229 -0.091748 0.632046 -0.769481 0.507500 0.992500
1 149.676941 40.210129 144.250229 -0.091748 0.632046 -0.769481 0.992500 0.992500
1 157.206970 -11.663820 100.743500 -0.091748 0.632046 -0.769481 0.992500 0.507500
pine_needles.bmp
1 103.955650 33.573212 144.250229 -0.091748 0.632046 -0.769481 0.507500 0.992500
1 157.206970 -11.663820 100.743500 -0.091748 0.632046 -0.769481 0.992500 0.507500
1 111.485695 -18.300735 100.743500 -0.091748 0.632046 -0.769481 0.507500 0.507500
pine_bark.bmp
0 1.287728 0.000000 146.900513 -0.214823 -0.315878 0.924160 0.000000 0.000000
0 2.565279 -3.243716 143.642136 0.055133 -0.966424 0.250968 0.200000 0.000000
0 64.914734 45.528114 122.178574 0.619539 -0.777302 0.109420 0.200000 0.684215
pine_bark.bmp
0 1.287728 0.000000 146.900513 -0.214823 -0.315878 0.924160 0.000000 0.000000
0 64.914734 45.528114 122.178574 0.619539 -0.777302 0.109420 0.200000 0.684215
0 64.068108 47.103813 123.764259 0.204672 -0.001621 0.978829 0.000000 0.684215
pine_bark.bmp
0 2.565279 -3.243716 143.642136 0.055133 -0.966424 0.250968 0.200000 0.000000
0 0.222383 -1.820497 139.896561 -0.403380 -0.740986 -0.536865 0.400000 0.000000
0 64.012802 46.202526 120.175919 0.189121 -0.437377 -0.879167 0.400000 0.684215
pine_bark.bmp
0 2.565279 -3.243716 143.642136 0.055133 -0.966424 0.250968 0.200000 0.000000
0 64.012802 46.202526 120.175919 0.189121 -0.437377 -0.879167 0.400000 0.684215
0 64.914734 45.528114 122.178574 0.619539 -0.777302 0.109420 0.200000 0.684215
pine_bark.bmp
0 0.222383 -1.820497 139.896561 -0.403380 -0.740986 -0.536865 0.400000 0.000000
0 -2.392598 1.987010 140.482666 -0.913330 0.030671 -0.406063 0.600000 0.000000
0 62.631107 48.099789 120.284866 -0.454065 0.473835 -0.754523 0.600000 0.684215
pine_bark.bmp
0 0.222383 -1.820497 139.896561 -0.403380 -0.740986 -0.536865 0.400000 0.000000
0 62.631107 48.099789 120.284866 -0.454065 0.473835 -0.754523 0.600000 0.684215
0 64.012802 46.202526 120.175919 0.189121 -0.437377 -0.879167 0.400000 0.684215
pine_bark.bmp
0 -2.392598 1.987010 140.482666 -0.913330 0.030671 -0.406063 0.600000 0.000000
0 -1.688805 3.154118 145.033279 -0.796180 0.299854 0.525533 0.800000 0.000000
0 62.704109 48.628563 122.591629 -0.477780 0.786335 0.391669 0.800000 0.684215
pine_bark.bmp
0 -2.392598 1.987010 140.482666 -0.913330 0.030671 -0.406063 0.600000 0.000000
0 62.704109 48.628563 122.591629 -0.477780 0.786335 0.391669 0.800000 0.684215
0 62.631107 48.099789 120.284866 -0.454065 0.473835 -0.754523 0.600000 0.684215
pine_bark.bmp
0 -1.688805 3.154118 145.033279 -0.796180 0.299854 0.525533 0.800000 0.000000
0 1.287728 0.000000 146.900513 -0.214823 -0.315878 0.924160 1.000000 0.000000
0 64.068108 47.103813 123.764259 0.204672 -0.001621 0.978829 1.000000 0.684215
pine_bark.bmp
0 -1.688805 3.154118 145.033279 -0.796180 0.299854 0.525533 0.800000 0.000000
0 64.068108 47.103813 123.764259 0.204672 -0.001621 0.978829 1.000000 0.684215
0 62.704109 48.628563 122.591629 -0.477780 0.786335 0.391669 0.800000 0.684215
pine_bark.bmp
0 64.068108 47.103813 123.764259 0.204672 -0.001621 0.978829 0.000000 0.684215
0 64.914734 45.528114 122.178574 0.619539 -0.777302 0.109420 0.200000 0.684215
0 116.137184 85.145134 120.642387 0.954632 -0.261505 0.142454 0.200000 1.224332
pine_bark.bmp
0 64.068108 47.103813 123.764259 0.204672 -0.001621 0.978829 0.000000 0.684215
0 116.137184 85.145134 120.642387 0.954632 -0.261505 0.142454 0.200000 1.224332
0 115.781166 85.643295 121.119957 0.528078 0.312138 0.789749 0.000000 1.224332
pine_bark.bmp
0 64.914734 45.528114 122.178574 0.619539 -0.777302 0.109420 0.200000 0.684215
0 64.012802 46.202526 120.175919 0.189121 -0.437377 -0.879167 0.400000 0.684215
0 115.968071 85.349174 119.950584 0.720735 0.021789 -0.692868 0.400000 1.224332
pine_bark.bmp
0 64.914734 45.528114 122.178574 0.619539 -0.777302 0.109420 0.200000 0.684215
0 115.968071 85.349174 119.950584 0.720735 0.021789 -0.692868 0.400000 1.224332
0 116.137184 85.145134 120.642387 0.954632 -0.261505 0.142454 0.200000 1.224332
pine_bark.bmp
0 64.012802 46.202526 120.175919 0.189121 -0.437377 -0.879167 0.400000 0.684215
0 62.631107 48.099789 120.284866 -0.454065 0.473835 -0.754523 0.600000 0.684215
0 115.509857 85.967171 119.912010 0.158214 0.763599 -0.626007 0.600000 1.224332
pine_bark.bmp
0 64.012802 46.202526 120.175919 0.189121 -0.437377 -0.879167 0.400000 0.684215
0 115.509857 85.967171 119.912010 0.158214 0.763599 -0.626007 0.600000 1.224332
0 115.968071 85.349174 119.950584 0.720735 0.021789 -0.692868 0.400000 1.224332
pine_bark.bmp
0 62.631107 48.099789 120.284866 -0.454065 0.473835 -0.754523 0.600000 0.684215
0 62.704109 48.628563 122.591629 -0.477780 0.786335 0.391669 0.800000 0.684215
0 115.412247 86.125450 120.654549 0.069531 0.950079 0.304163 0.800000 1.224332
pine_bark.bmp
0 62.631107 48.099789 120.284866 -0.454065 0.473835 -0.754523 0.600000 0.684215
0 115.412247 86.125450 120.654549 0.069531 0.950079 0.304163 0.800000 1.224332
0 115.509857 85.967171 119.912010 0.158214 0.763599 -0.626007 0.600000 1.224332
pine_bark.bmp
0 62.704109 48.628563 122.591629 -0.477780 0.786335 0.391669 0.800000 0.684215
0 64.068108 47.103813 123.764259 0.204672 -0.001621 0.978829 1.000000 0.684215
0 115.781166 85.643295 121.119957 0.528078 0.312138 0.789749 1.000000 1.224332
pine_bark.bmp
0 62.704109 48.628563 122.591629 -0.477780 0.786335 0.391669 0.800000 0.684215
0 115.781166 85.643295 121.119957 0.528078 0.312138 0.789749 1.000000 1.224332
0 115.412247 86.125450 120.654549 0.069531 0.950079 0.304163 0.800000 1.224332
pine_bark.bmp
0 1.287728 0.000000 146.900513 -0.214823 -0.315878 0.924160 0.950000 0.500000
0 -1.688805 3.154118 145.033279 -0.796180 0.299854 0.525533 0.639058 0.072025
0 -2.392598 1.987010 140.482666 -0.913330 0.030671 -0.406063 0.135942 0.235497
pine_bark.bmp
0 -2.392598 1.987010 140.482666 -0.913330 0.030671 -0.406063 0.135942 0.235497
0 0.222383 -1.820497 139.896561 -0.403380 -0.740986 -0.536865 0.135942 0.764503
0 2.565279 -3.243716 143.642136 0.055133 -0.966424 0.250968 0.639058 0.927975
pine_bark.bmp
0 -2.392598 1.987010 140.482666 -0.913330 0.030671 -0.406063 0.135942 0.235497
0 2.565279 -3.243716 143.642136 0.055133 -0.966424 0.250968 0.639058 0.927975
0 1.287728 0.000000 146.900513 -0.214823 -0.315878 0.924160 0.950000 0.500000
pine_bark.bmp
0 115.412247 86.125450 120.654549 0.069531 0.950079 0.304163 0.639058 0.072025
0 115.781166 85.643295 121.119957 0.528078 0.312138 0.789749 0.950000 0.500000
0 116.137184 85.145134 120.642387 0.954632 -0.261505 0.142454 0.639058 0.927975
pine_bark.bmp
0 116.137184 85.145134 120.642387 0.954632 -0.261505 0.142454 0.639058 0.927975
0 115.968071 85.349174 119.950584 0.720735 0.021789 -0.692868 0.135942 0.764503
0 115.509857 85.967171 119.912010 0.158214 0.763599 -0.626007 0.135942 0.235497
pine_bark.bmp
0 116.137184 85.145134 120.642387 0.954632 -0.261505 0.142454 0.639058 0.927975
0 115.509857 85.967171 119.912010 0.158214 0.763599 -0.626007 0.135942 0.235497
0 115.412247 86.125450 120.654549 0.069531 0.950079 0.304163 0.639058 0.072025
pine_needles.bmp
1 43.701382 -6.123418 115.349075 0.381651 -0.419552 0.823601 0.007500 0.507500
1 76.154083 23.397600 115.349075 0.381651 -0.419552 0.823601 0.492500 0.507500
1 37.333187 66.073730 155.078064 0.381651 -0.419552 0.823601 0.492500 0.992500
pine_needles.bmp
1 43.701382 -6.123418 115.349075 0.381651 -0.419552 0.823601 0.007500 0.507500
1 37.333187 66.073730 155.078064 0.381651 -0.419552 0.823601 0.492500 0.992500
1 4.880489 36.552711 155.078064 0.381651 -0.419552 0.823601 0.007500 0.992500
pine_needles.bmp
1 4.880489 36.552711 155.078064 -0.381651 0.419552 -0.823601 0.007500 0.992500
1 37.333187 66.073730 155.078064 -0.381651 0.419552 -0.823601 0.492500 0.992500
1 76.154083 23.397600 115.349075 -0.381651 0.419552 -0.823601 0.492500 0.507500
pine_needles.bmp
1 4.880489 36.552711 155.078064 -0.381651 0.419552 -0.823601 0.007500 0.992500
1 76.154083 23.397600 115.349075 -0.381651 0.419552 -0.823601 0.492500 0.507500
1 43.701382 -6.123418 115.349075 -0.381651 0.419552 -0.823601 0.007500 0.507500
pine_needles.bmp
1 70.215187 27.336798 106.784264 0.603080 0.548600 0.579079 0.007500 0.507500
1 40.694168 59.789497 106.784264 0.603080 0.548600 0.579079 0.492500 0.507500
1 10.819383 32.613510 163.642868 0.603080 0.548600 0.579079 0.492500 0.992500
pine_needles.bmp
1 70.215187 27.336798 106.784264 0.603080 0.548600 0.579079 0.007500 0.507500
1 10.819383 32.613510 163.642868 0.603080 0.548600 0.579079 0.492500 0.992500
1 40.340401 0.160814 163.642868 0.603080 0.548600 0.579079 0.007500 0.992500
pine_needles.bmp
1 40.340401 0.160814 163.642868 -0.603080 -0.548600 -0.579079 0.007500 0.992500
1 10.819383 32.613510 163.642868 -0.603080 -0.548600 -0.579079 0.492500 0.992500
1 40.694168 59.789497 106.784264 -0.603080 -0.548600 -0.579079 0.492500 0.507500
pine_needles.bmp
1 40.340401 0.160814 163.642868 -0.603080 -0.548600 -0.579079 0.007500 0.992500
1 40.694168 59.789497 106.784264 -0.603080 -0.548600 -0.579079 0.492500 0.507500
1 70.215187 27.336798 106.784264 -0.603080 -0.548600 -0.579079 0.007500 0.507500
pine_needles.bmp
1 80.193924 81.326866 104.511200 -0.573257 0.624199 0.530803 0.507500 0.007500
1 45.041580 49.043388 104.511200 -0.573257 0.624199 0.530803 0.992500 0.007500
1 65.668297 26.583687 153.199234 -0.573257 0.624199 0.530803 0.992500 0.492500
pine_needles.bmp
1 80.193924 81.326866 104.511200 -0.573257 0.624199 0.530803 0.507500 0.007500
1 65.668297 26.583687 153.199234 -0.573257 0.624199 0.530803 0.992500 0.492500
1 100.820633 58.867165 153.199234 -0.573257 0.624199 0.530803 0.507500 0.492500
pine_needles.bmp
1 100.820633 58.867165 153.199234 0.573257 -0.624199 -0.530803 0.507500 0.492500
1 65.668297 26.583687 153.199234 0.573257 -0.624199 -0.530803 0.992500 0.492500
1 45.041580 49.043388 104.511200 0.573257 -0.624199 -0.530803 0.992500 0.007500
pine_needles.bmp
1 100.820633 58.867165 153.199234 0.573257 -0.624199 -0.530803 0.507500 0.492500
1 45.041580 49.043388 104.511200 0.573257 -0.624199 -0.530803 0.992500 0.007500
1 80.193924 81.326866 104.511200 0.573257 -0.624199 -0.530803 0.507500 0.007500
pine_needles.bmp
1 42.751820 58.639534 107.287949 -0.551900 -0.506859 0.662194 0.507500 0.007500
1 75.035294 23.487194 107.287949 -0.551900 -0.506859 0.662194 0.992500 0.007500
1 103.110397 49.271023 150.422485 -0.551900 -0.506859 0.662194 0.992500 0.492500
pine_needles.bmp
1 42.751820 58.639534 107.287949 -0.551900 -0.506859 0.662194 0.507500 0.007500
1 103.110397 49.271023 150.422485 -0.551900 -0.506859 0.662194 0.992500 0.492500
1 70.826920 84.423363 150.422485 -0.551900 -0.506859 0.662194 0.507500 0.492500
pine_needles.bmp
1 70.826920 84.423363 150.422485 0.551900 0.506859 -0.662194 0.507500 0.492500
1 103.110397 49.271023 150.422485 0.551900 0.506859 -0.662194 0.992500 0.492500
1 75.035294 23.487194 107.287949 0.551900 0.506859 -0.662194 0.992500 0.007500
pine_needles.bmp
1 70.826920 84.423363 150.422485 0.551900 0.506859 -0.662194 0.507500 0.492500
1 75.035294 23.487194 107.287949 0.551900 0.506859 -0.662194 0.992500 0.007500
1 42.751820 58.639534 107.287949 0.551900 0.506859 -0.662194 0.507500 0.007500
pine_needles.bmp
1 135.012482 84.943207 98.696869 0.232324 0.815696 0.529779 0.007500 0.007500
1 83.821915 99.523178 98.696869 0.232324 0.815696 0.529779 0.492500 0.007500
1 75.677399 70.927597 146.296844 0.232324 0.815696 0.529779 0.492500 0.492500
pine_needles.bmp
1 135.012482 84.943207 98.696869 0.232324 0.815696 0.529779 0.007500 0.007500
1 75.677399 70.927597 146.296844 0.232324 0.815696 0.529779 0.492500 0.492500
1 126.867958 56.347626 146.296844 0.232324 0.815696 0.529779 0.007500 0.492500
pine_needles.bmp
1 126.867958 56.347626 146.296844 -0.232325 -0.815696 -0.529779 0.007500 0.492500
1 75.677399 70.927597 146.296844 -0.232325 -0.815696 -0.529779 0.492500 0.492500
1 83.821915 99.523178 98.696869 -0.232325 -0.815696 -0.529779 0.492500 0.007500
pine_needles.bmp
1 126.867958 56.347626 146.296844 -0.232324 -0.815696 -0.529779 0.007500 0.492500
1 83.821915 99.523178 98.696869 -0.232324 -0.815696 -0.529779 0.492500 0.007500
1 135.012482 84.943207 98.696869 -0.232324 -0.815696 -0.529779 0.007500 0.007500
pine_needles.bmp
1 97.822227 107.749603 99.031090 -0.804033 0.229003 0.548716 0.507500 0.507500
1 83.242256 56.559036 99.031090 -0.804033 0.229003 0.548716 0.992500 0.507500
1 112.867653 48.121201 145.962631 -0.804033 0.229003 0.548716 0.992500 0.992500
pine_needles.bmp
1 97.822227 107.749603 99.031090 -0.804033 0.229003 0.548716 0.507500 0.507500
1 112.867653 48.121201 145.962631 -0.804033 0.229003 0.548716 0.992500 0.992500
1 127.447624 99.311768 145.962631 -0.804033 0.229003 0.548716 0.507500 0.992500
pine_needles.bmp
1 127.447624 99.311768 145.962631 0.804033 -0.229003 -0.548716 0.507500 0.992500
1 112.867653 48.121201 145.962631 0.804033 -0.229003 -0.548716 0.992500 0.992500
1 83.242256 56.559036 99.031090 0.804033 -0.229003 -0.548716 0.992500 0.507500
pine_needles.bmp
1 127.447624 99.311768 145.962631 0.804033 -0.229003 -0.548716 0.507500 0.992500
1 83.242256 56.559036 99.031090 0.804033 -0.229003 -0.548716 0.992500 0.507500
1 97.822227 107.749603 99.031090 0.804033 -0.229003 -0.548716 0.507500 0.507500
pine_bark.bmp
0 3.643992 0.000000 144.790207 0.634538 -0.545442 0.547590 0.000000 0.000000
0 2.735578 -1.146276 140.275879 0.496539 -0.774732 -0.391459 0.200000 0.000000
0 11.469419 78.202789 120.679611 0.786719 -0.174381 -0.592169 0.200000 0.684215
pine_bark.bmp
0 3.643992 0.000000 144.790207 0.634538 -0.545442 0.547590 0.000000 0.000000
0 11.469419 78.202789 120.679611 0.786719 -0.174381 -0.592169 0.200000 0.684215
0 11.415854 78.591225 123.021301 0.799520 -0.003475 0.600630 0.000000 0.684215
pine_bark.bmp
0 2.735578 -1.146276 140.275879 0.496539 -0.774732 -0.391459 0.200000 0.000000
0 -1.909527 -0.643334 140.002258 -0.423169 -0.720958 -0.548768 0.400000 0.000000
0 9.257710 78.369041 120.007538 -0.256512 -0.081208 -0.963123 0.400000 0.684215
pine_bark.bmp
0 2.735578 -1.146276 140.275879 0.496539 -0.774732 -0.391459 0.200000 0.000000
0 9.257710 78.369041 120.007538 -0.256512 -0.081208 -0.963123 0.400000 0.684215
0 11.469419 78.202789 120.679611 0.786719 -0.174381 -0.592169 0.200000 0.684215
pine_bark.bmp
0 -1.909527 -0.643334 140.002258 -0.423169 -0.720958 -0.548768 0.400000 0.000000
0 -3.999499 0.702177 143.890488 -0.869755 -0.438311 0.226737 0.600000 0.000000
0 7.723598 78.836746 121.702919 -0.981313 0.149561 -0.121064 0.600000 0.684215
pine_bark.bmp
0 -1.909527 -0.643334 140.002258 -0.423169 -0.720958 -0.548768 0.400000 0.000000
0 7.723598 78.836746 121.702919 -0.981313 0.149561 -0.121064 0.600000 0.684215
0 9.257710 78.369041 120.007538 -0.256512 -0.081208 -0.963123 0.400000 0.684215
pine_bark.bmp
0 -3.999499 0.702177 143.890488 -0.869755 -0.438311 0.226737 0.600000 0.000000
0 -0.380296 1.114614 146.986343 -0.195683 -0.332213 0.922682 0.800000 0.000000
0 9.154260 78.967102 123.596893 -0.342353 0.205380 0.916850 0.800000 0.684215
pine_bark.bmp
0 -3.999499 0.702177 143.890488 -0.869755 -0.438311 0.226737 0.600000 0.000000
0 9.154260 78.967102 123.596893 -0.342353 0.205380 0.916850 0.800000 0.684215
0 7.723598 78.836746 121.702919 -0.981313 0.149561 -0.121064 0.600000 0.684215
pine_bark.bmp
0 -0.380296 1.114614 146.986343 -0.195683 -0.332213 0.922682 0.800000 0.000000
0 3.643992 0.000000 144.790207 0.634538 -0.545442 0.547590 1.000000 0.000000
0 11.415854 78.591225 123.021301 0.799520 -0.003475 0.600630 1.000000 0.684215
pine_bark.bmp
0 -0.380296 1.114614 146.986343 -0.195683 -0.332213 0.922682 0.800000 0.000000
0 11.415854 78.591225 123.021301 0.799520 -0.003475 0.600630 1.000000 0.684215
0 9.154260 78.967102 123.596893 -0.342353 0.205380 0.916850 0.800000 0.684215
pine_bark.bmp
0 11.415854 78.591225 123.021301 0.799520 -0.003475 0.600630 0.000000 0.684215
0 11.469419 78.202789 120.679611 0.786719 -0.174381 -0.592169 0.200000 0.684215
0 18.459589 142.815384 120.548363 0.787966 0.508666 -0.346941 0.200000 1.224332
pine_bark.bmp
0 11.415854 78.591225 123.021301 0.799520 -0.003475 0.600630 0.000000 0.684215
0 18.459589 142.815384 120.548363 0.787966 0.508666 -0.346941 0.200000 1.224332
0 17.932159 142.893127 121.110931 0.591972 0.540831 0.597554 0.000000 1.224332
pine_bark.bmp
0 11.469419 78.202789 120.679611 0.786719 -0.174381 -0.592169 0.200000 0.684215
0 9.257710 78.369041 120.007538 -0.256512 -0.081208 -0.963123 0.400000 0.684215
0 18.094297 142.847229 119.903389 0.009464 0.593964 -0.804436 0.400000 1.224332
pine_bark.bmp
0 11.469419 78.202789 120.679611 0.786719 -0.174381 -0.592169 0.200000 0.684215
0 18.094297 142.847229 119.903389 0.009464 0.593964 -0.804436 0.400000 1.224332
0 18.459589 142.815384 120.548363 0.787966 0.508666 -0.346941 0.200000 1.224332
pine_bark.bmp
0 9.257710 78.369041 120.007538 -0.256512 -0.081208 -0.963123 0.400000 0.684215
0 7.723598 78.836746 121.702919 -0.981313 0.149561 -0.121064 0.600000 0.684215
0 17.333851 142.943665 119.978798 -0.698355 0.686493 -0.202554 0.600000 1.224332
pine_bark.bmp
0 9.257710 78.369041 120.007538 -0.256512 -0.081208 -0.963123 0.400000 0.684215
0 17.333851 142.943665 119.978798 -0.698355 0.686493 -0.202554 0.600000 1.224332
0 18.094297 142.847229 119.903389 0.009464 0.593964 -0.804436 0.400000 1.224332
pine_bark.bmp
0 7.723598 78.836746 121.702919 -0.981313 0.149561 -0.121064 0.600000 0.684215
0 9.154260 78.967102 123.596893 -0.342353 0.205380 0.916850 0.800000 0.684215
0 17.265644 142.968369 120.740334 -0.315673 0.672075 0.669825 0.800000 1.224332
pine_bark.bmp
0 7.723598 78.836746 121.702919 -0.981313 0.149561 -0.121064 0.600000 0.684215
0 17.265644 142.968369 120.740334 -0.315673 0.672075 0.669825 0.800000 1.224332
0 17.333851 142.943665 119.978798 -0.698355 0.686493 -0.202554 0.600000 1.224332
pine_bark.bmp
0 9.154260 78.967102 123.596893 -0.342353 0.205380 0.916850 0.800000 0.684215
0 11.415854 78.591225 123.021301 0.799520 -0.003475 0.600630 1.000000 0.684215
0 17.932159 142.893127 121.110931 0.591972 0.540831 0.597554 1.000000 1.224332
pine_bark.bmp
0 9.154260 78.967102 123.596893 -0.342353 0.205380 0.916850 0.800000 0.684215
0 17.932159 142.893127 121.110931 0.591972 0.540831 0.597554 1.000000 1.224332
0 17.265644 142.968369 120.740334 -0.315673 0.672075 0.669825 0.800000 1.224332
pine_bark.bmp
0 3.643992 0.000000 144.790207 0.634538 -0.545442 0.547590 0.950000 0.500000
0 -0.380296 1.114614 146.986343 -0.195683 -0.332213 0.922682 0.639058 0.072025
0 -3.999499 0.702177 143.890488 -0.869755 -0.438311 0.226737 0.135942 0.235497
pine_bark.bmp
0 -3.999499 0.702177 143.890488 -0.869755 -0.438311 0.226737 0.135942 0.235497
0 -1.909527 -0.643334 140.002258 -0.423169 -0.720958 -0.548768 0.135942 0.764503
0 2.735578 -1.146276 140.275879 0.496539 -0.774732 -0.391459 0.639058 0.927975
pine_bark.bmp
0 -3.999499 0.702177 143.890488 -0.869755 -0.438311 0.226737 0.135942 0.235497
0 2.735578 -1.146276 140.275879 0.496539 -0.774732 -0.391459 0.639058 0.927975
0 3.643992 0.000000 144.790207 0.634538 -0.545442 0.547590 0.950000 0.500000
pine_bark.bmp
0 17.265644 142.968369 120.740334 -0.315673 0.672075 0.669825 0.639058 0.072025
0 17.932159 142.893127 121.110931 0.591972 0.540831 0.597554 0.950000 0.500000
0 18.459589 142.815384 120.548363 0.787966 0.508666 -0.346941 0.639058 0.927975
pine_bark.bmp
0 18.459589 142.815384 120.548363 0.787966 0.508666 -0.346941 0.639058 0.927975
0 18.094297 142.847229 119.903389 0.009464 0.593964 -0.804436 0.135942 0.764503
0 17.333851 142.943665 119.978798 -0.698355 0.686493 -0.202554 0.135942 0.235497
pine_bark.bmp
0 18.459589 142.815384 120.548363 0.787966 0.508666 -0.346941 0.639058 0.927975
0 17.333851 142.943665 119.978798 -0.698355 0.686493 -0.202554 0.135942 0.235497
0 17.265644 142.968369 120.740334 -0.315673 0.672075 0.669825 0.639058 0.072025
pine_needles.bmp
1 -24.330658 41.645416 115.470650 -0.255941 -0.681859 0.685246 0.007500 0.007500
1 23.749119 23.598265 115.470650 -0.255941 -0.681859 0.685246 0.492500 0.007500
1 36.804653 58.379776 154.956482 -0.255941 -0.681859 0.685246 0.492500 0.492500
pine_needles.bmp
1 -24.330658 41.645416 115.470650 -0.255941 -0.681859 0.685246 0.007500 0.007500
1 36.804653 58.379776 154.956482 -0.255941 -0.681859 0.685246 0.492500 0.492500
1 -11.275123 76.426926 154.956482 -0.255941 -0.681859 0.685246 0.007500 0.492500
pine_needles.bmp
1 -11.275123 76.426926 154.956482 0.255941 0.681859 -0.685246 0.007500 0.492500
1 36.804653 58.379776 154.956482 0.255941 0.681859 -0.685246 0.492500 0.492500
1 23.749119 23.598265 115.470650 0.255941 0.681859 -0.685246 0.492500 0.007500
pine_needles.bmp
1 -11.275123 76.426926 154.956482 0.255941 0.681859 -0.685246 0.007500 0.492500
1 23.749119 23.598265 115.470650 0.255941 0.681859 -0.685246 0.492500 0.007500
1 -24.330658 41.645416 115.470650 0.255941 0.681859 -0.685246 0.007500 0.007500
pine_needles.bmp
1 10.209041 21.094692 112.012009 0.803411 -0.301567 0.513408 0.507500 0.007500
1 28.256191 69.174469 112.012009 0.803411 -0.301567 0.513408 0.992500 0.007500
1 2.264955 78.930496 158.415115 0.803411 -0.301567 0.513408 0.992500 0.492500
pine_needles.bmp
1 10.209041 21.094692 112.012009 0.803411 -0.301567 0.513408 0.507500 0.007500
1 2.264955 78.930496 158.415115 0.803411 -0.301567 0.513408 0.992500 0.492500
1 -15.782197 30.850723 158.415115 0.803411 -0.301567 0.513408 0.507500 0.492500
pine_needles.bmp
1 -15.782197 30.850723 158.415115 -0.803411 0.301567 -0.513408 0.507500 0.492500
1 2.264955 78.930496 158.415115 -0.803411 0.301567 -0.513408 0.992500 0.492500
1 28.256191 69.174469 112.012009 -0.803411 0.301567 -0.513408 0.992500 0.007500
pine_needles.bmp
1 -15.782197 30.850723 158.415115 -0.803411 0.301567 -0.513408 0.507500 0.492500
1 28.256191 69.174469 112.012009 -0.803411 0.301567 -0.513408 0.992500 0.007500
1 10.209041 21.094692 112.012009 -0.803411 0.301567 -0.513408 0.507500 0.007500
pine_needles.bmp
1 -23.006258 92.312500 107.477867 -0.508496 -0.377638 0.773835 0.007500 0.507500
1 3.523924 56.589146 107.477867 -0.508496 -0.377638 0.773835 0.492500 0.507500
1 45.459450 87.732834 150.232574 -0.508496 -0.377638 0.773835 0.492500 0.992500
pine_needles.bmp
1 -23.006258 92.312500 107.477867 -0.508496 -0.377638 0.773835 0.007500 0.507500
1 45.459450 87.732834 150.232574 -0.508496 -0.377638 0.773835 0.492500 0.992500
1 18.929266 123.456192 150.232574 -0.508496 -0.377638 0.773835 0.007500 0.992500
pine_needles.bmp
1 18.929266 123.456192 150.232574 0.508496 0.377638 -0.773835 0.007500 0.992500
1 45.459450 87.732834 150.232574 0.508496 0.377638 -0.773835 0.492500 0.992500
1 3.523924 56.589146 107.477867 0.508496 0.377638 -0.773835 0.492500 0.507500
pine_needles.bmp
1 18.929266 123.456192 150.232574 0.508496 0.377638 -0.773835 0.007500 0.992500
1 3.523924 56.589146 107.477867 0.508496 0.377638 -0.773835 0.492500 0.507500
1 -23.006258 92.312500 107.477867 0.508496 0.377638 -0.773835 0.007500 0.507500
pine_needles.bmp
1 8.581877 56.267673 106.788185 0.389954 -0.525080 0.756457 0.507500 0.007500
1 44.305229 82.797852 106.788185 0.389954 -0.525080 0.756457 0.992500 0.007500
1 13.871313 123.777664 150.922256 0.389954 -0.525080 0.756457 0.992500 0.492500
pine_needles.bmp
1 8.581877 56.267673 106.788185 0.389954 -0.525080 0.756457 0.507500 0.007500
1 13.871313 123.777664 150.922256 0.389954 -0.525080 0.756457 0.992500 0.492500
1 -21.852041 97.247482 150.922256 0.389954 -0.525080 0.756457 0.507500 0.492500
pine_needles.bmp
1 -21.852041 97.247482 150.922256 -0.389954 0.525080 -0.756457 0.507500 0.492500
1 13.871313 123.777664 150.922256 -0.389954 0.525080 -0.756457 0.992500 0.492500
1 44.305229 82.797852 106.788185 -0.389954 0.525080 -0.756457 0.992500 0.007500
pine_needles.bmp
1 -21.852041 97.247482 150.922256 -0.389954 0.525080 -0.756457 0.507500 0.492500
1 44.305229 82.797852 106.788185 -0.389954 0.525080 -0.756457 0.992500 0.007500
1 8.581877 56.267673 106.788185 -0.389954 0.525080 -0.756457 0.507500 0.007500
pine_needles.bmp
1 -18.752705 148.418839 101.734818 -0.566582 -0.166237 0.807063 0.507500 0.507500
1 -3.275309 95.667740 101.734818 -0.566582 -0.166237 0.807063 0.992500 0.507500
1 51.185089 111.646652 143.258911 -0.566582 -0.166237 0.807063 0.992500 0.992500
pine_needles.bmp
1 -18.752705 148.418839 101.734818 -0.566582 -0.166237 0.807063 0.507500 0.507500
1 51.185089 111.646652 143.258911 -0.566582 -0.166237 0.807063 0.992500 0.992500
1 35.707695 164.397751 143.258911 -0.566582 -0.166237 0.807063 0.507500 0.992500
pine_needles.bmp
1 35.707695 164.397751 143.258911 0.566582 0.166237 -0.807063 0.507500 0.992500
1 51.185089 111.646652 143.258911 0.566582 0.166237 -0.807063 0.992500 0.992500
1 -3.275309 95.667740 101.734818 0.566582 0.166237 -0.807063 0.992500 0.507500
pine_needles.bmp
1 35.707695 164.397751 143.258911 0.566582 0.166237 -0.807063 0.507500 0.992500
1 -3.275309 95.667740 101.734818 0.566582 0.166237 -0.807063 0.992500 0.507500
1 -18.752705 148.418839 101.734818 0.566582 0.166237 -0.807063 0.507500 0.507500
pine_needles.bmp
1 -2.936882 97.677933 98.527054 0.192210 -0.655102 0.730682 0.507500 0.507500
1 49.814217 113.155319 98.527054 0.192210 -0.655102 0.730682 0.992500 0.507500
1 35.369270 162.387558 146.466660 0.192210 -0.655102 0.730682 0.992500 0.992500
pine_needles.bmp
1 -2.936882 97.677933 98.527054 0.192210 -0.655102 0.730682 0.507500 0.507500
1 35.369270 162.387558 146.466660 0.192210 -0.655102 0.730682 0.992500 0.992500
1 -17.381828 146.910156 146.466660 0.192210 -0.655102 0.730682 0.507500 0.992500
pine_needles.bmp
1 -17.381828 146.910156 146.466660 -0.192210 0.655102 -0.730682 0.507500 0.992500
1 35.369270 162.387558 146.466660 -0.192210 0.655102 -0.730682 0.992500 0.992500
1 49.814217 113.155319 98.527054 -0.192210 0.655102 -0.730682 0.992500 0.507500
pine_needles.bmp
1 -17.381828 146.910156 146.466660 -0.192210 0.655102 -0.730682 0.507500 0.992500
1 49.814217 113.155319 98.527054 -0.192210 0.655102 -0.730682 0.992500 0.507500
1 -2.936882 97.677933 98.527054 -0.192210 0.655102 -0.730682 0.507500 0.507500
pine_bark.bmp
0 1.762178 0.000000 139.616089 0.651059 -0.492331 -0.577696 0.000000 0.000000
0 -2.281197 -2.370374 140.641037 -0.169485 -0.936860 -0.305888 0.200000 0.000000
0 -45.478199 64.660248 120.751175 -0.657400 -0.516104 -0.549055 0.200000 0.684215
pine_bark.bmp
0 1.762178 0.000000 139.616089 0.651059 -0.492331 -0.577696 0.000000 0.000000
0 -45.478199 64.660248 120.751175 -0.657400 -0.516104 -0.549055 0.200000 0.684215
0 -43.554768 65.774292 119.847191 0.273402 0.044970 -0.960848 0.000000 0.684215
pine_bark.bmp
0 -2.281197 -2.370374 140.641037 -0.169485 -0.936860 -0.305888 0.200000 0.000000
0 -2.946164 -1.330344 145.098541 -0.292679 -0.739976 0.605619 0.400000 0.000000
0 -45.418129 65.137070 122.992126 -0.716679 -0.358558 0.598169 0.400000 0.684215
pine_bark.bmp
0 -2.281197 -2.370374 140.641037 -0.169485 -0.936860 -0.305888 0.200000 0.000000
0 -45.418129 65.137070 122.992126 -0.716679 -0.358558 0.598169 0.400000 0.684215
0 -45.478199 64.660248 120.751175 -0.657400 -0.516104 -0.549055 0.200000 0.684215
pine_bark.bmp
0 -2.946164 -1.330344 145.098541 -0.292679 -0.739976 0.605619 0.400000 0.000000
0 0.273664 1.452026 146.966324 0.384187 -0.171985 0.907095 0.600000 0.000000
0 -43.614582 66.478462 123.668091 0.216446 0.336857 0.916340 0.600000 0.684215
pine_bark.bmp
0 -2.946164 -1.330344 145.098541 -0.292679 -0.739976 0.605619 0.400000 0.000000
0 -43.614582 66.478462 123.668091 0.216446 0.336857 0.916340 0.600000 0.684215
0 -45.418129 65.137070 122.992126 -0.716679 -0.358558 0.598169 0.400000 0.684215
pine_bark.bmp
0 0.273664 1.452026 146.966324 0.384187 -0.171985 0.907095 0.600000 0.000000
0 3.320623 2.304900 143.394272 0.987398 -0.014615 0.157581 0.800000 0.000000
0 -42.464008 66.852318 121.625481 0.816146 0.565808 -0.117328 0.800000 0.684215
pine_bark.bmp
0 0.273664 1.452026 146.966324 0.384187 -0.171985 0.907095 0.600000 0.000000
0 -42.464008 66.852318 121.625481 0.816146 0.565808 -0.117328 0.800000 0.684215
0 -43.614582 66.478462 123.668091 0.216446 0.336857 0.916340 0.600000 0.684215
pine_bark.bmp
0 3.320623 2.304900 143.394272 0.987398 -0.014615 0.157581 0.800000 0.000000
0 1.762178 0.000000 139.616089 0.651059 -0.492331 -0.577696 1.000000 0.000000
0 -43.554768 65.774292 119.847191 0.273402 0.044970 -0.960848 1.000000 0.684215
pine_bark.bmp
0 3.320623 2.304900 143.394272 0.987398 -0.014615 0.157581 0.800000 0.000000
0 -43.554768 65.774292 119.847191 0.273402 0.044970 -0.960848 1.000000 0.684215
0 -42.464008 66.852318 121.625481 0.816146 0.565808 -0.117328 0.800000 0.684215
pine_bark.bmp
0 -43.554768 65.774292 119.847191 0.273402 0.044970 -0.960848 0.000000 0.684215
0 -45.478199 64.660248 120.751175 -0.657400 -0.516104 -0.549055 0.200000 0.684215
0 -80.720802 119.244308 120.235497 -0.922150 0.104036 -0.372580 0.200000 1.224332
pine_bark.bmp
0 -43.554768 65.774292 119.847191 0.273402 0.044970 -0.960848 0.000000 0.684215
0 -80.720802 119.244308 120.235497 -0.922150 0.104036 -0.372580 0.200000 1.224332
0 -80.188972 119.589622 119.786499 -0.195276 0.563331 -0.802823 0.000000 1.224332
pine_bark.bmp
0 -45.478199 64.660248 120.751175 -0.657400 -0.516104 -0.549055 0.200000 0.684215
0 -45.418129 65.137070 122.992126 -0.716679 -0.358558 0.598169 0.400000 0.684215
0 -80.536575 119.385742 120.938683 -0.824891 0.192672 0.531444 0.400000 1.224332
pine_bark.bmp
0 -45.478199 64.660248 120.751175 -0.657400 -0.516104 -0.549055 0.200000 0.684215
0 -80.536575 119.385742 120.938683 -0.824891 0.192672 0.531444 0.400000 1.224332
0 -80.720802 119.244308 120.235497 -0.922150 0.104036 -0.372580 0.200000 1.224332
pine_bark.bmp
0 -45.418129 65.137070 122.992126 -0.716679 -0.358558 0.598169 0.400000 0.684215
0 -43.614582 66.478462 123.668091 0.216446 0.336857 0.916340 0.600000 0.684215
0 -79.900711 119.814125 121.012474 -0.057299 0.694465 0.717241 0.600000 1.224332
pine_bark.bmp
0 -45.418129 65.137070 122.992126 -0.716679 -0.358558 0.598169 0.400000 0.684215
0 -79.900711 119.814125 121.012474 -0.057299 0.694465 0.717241 0.600000 1.224332
0 -80.536575 119.385742 120.938683 -0.824891 0.192672 0.531444 0.400000 1.224332
pine_bark.bmp
0 -43.614582 66.478462 123.668091 0.216446 0.336857 0.916340 0.600000 0.684215
0 -42.464008 66.852318 121.625481 0.816146 0.565808 -0.117328 0.800000 0.684215
0 -79.709366 119.923836 120.279236 0.306809 0.943359 -0.126265 0.800000 1.224332
pine_bark.bmp
0 -43.614582 66.478462 123.668091 0.216446 0.336857 0.916340 0.600000 0.684215
0 -79.709366 119.923836 120.279236 0.306809 0.943359 -0.126265 0.800000 1.224332
0 -79.900711 119.814125 121.012474 -0.057299 0.694465 0.717241 0.600000 1.224332
pine_bark.bmp
0 -42.464008 66.852318 121.625481 0.816146 0.565808 -0.117328 0.800000 0.684215
0 -43.554768 65.774292 119.847191 0.273402 0.044970 -0.960848 1.000000 0.684215
0 -80.188972 119.589622 119.786499 -0.195276 0.563331 -0.802823 1.000000 1.224332
pine_bark.bmp
0 -42.464008 66.852318 121.625481 0.816146 0.565808 -0.117328 0.800000 0.684215
0 -80.188972 119.589622 119.786499 -0.195276 0.563331 -0.802823 1.000000 1.224332
0 -79.709366 119.923836 120.279236 0.306809 0.943359 -0.126265 0.800000 1.224332
pine_bark.bmp
0 1.762178 0.000000 139.616089 0.651059 -0.492331 -0.577696 0.950000 0.500000
0 3.320623 2.304900 143.394272 0.987398 -0.014615 0.157581 0.639058 0.072025
0 0.273664 1.452026 146.966324 0.384187 -0.171985 0.907095 0.135942 0.235497
pine_bark.bmp
0 0.273664 1.452026 146.966324 0.384187 -0.171985 0.907095 0.135942 0.235497
0 -2.946164 -1.330344 145.098541 -0.292679 -0.739976 0.605619 0.135942 0.764503
0 -2.281197 -2.370374 140.641037 -0.169485 -0.936860 -0.305888 0.639058 0.927975
pine_bark.bmp
0 0.273664 1.452026 146.966324 0.384187 -0.171985 0.907095 0.135942 0.235497
0 -2.281197 -2.370374 140.641037 -0.169485 -0.936860 -0.305888 0.639058 0.927975
0 1.762178 0.000000 139.616089 0.651059 -0.492331 -0.577696 0.950000 0.500000
pine_bark.bmp
0 -79.709366 119.923836 120.279236 0.306809 0.943359 -0.126265 0.639058 0.072025
0 -80.188972 119.589622 119.786499 -0.195276 0.563331 -0.802823 0.950000 0.500000
0 -80.720802 119.244308 120.235497 -0.922150 0.104036 -0.372580 0.639058 0.927975
pine_bark.bmp
0 -80.720802 119.244308 120.235497 -0.922150 0.104036 -0.372580 0.639058 0.927975
0 -80.536575 119.385742 120.938683 -0.824891 0.192672 0.531444 0.135942 0.764503
0 -79.900711 119.814125 121.012474 -0.057299 0.694465 0.717241 0.135942 0.235497
pine_bark.bmp
0 -80.720802 119.244308 120.235497 -0.922150 0.104036 -0.372580 0.639058 0.927975
0 -79.900711 119.814125 121.012474 -0.057299 0.694465 0.717241 0.135942 0.235497
0 -79.709366 119.923836 120.279236 0.306809 0.943359 -0.126265 0.639058 0.072025
pine_needles.bmp
1 -51.834122 34.240593 106.975937 -0.323467 -0.809234 0.490418 0.507500 0.507500
1 -16.111778 19.961655 106.975937 -0.323467 -0.809234 0.490418 0.992500 0.507500
1 -4.315841 49.472145 163.451187 -0.323467 -0.809234 0.490418 0.992500 0.992500
pine_needles.bmp
1 -51.834122 34.240593 106.975937 -0.323467 -0.809234 0.490418 0.507500 0.507500
1 -4.315841 49.472145 163.451187 -0.323467 -0.809234 0.490418 0.992500 0.992500
1 -40.038185 63.751083 163.451187 -0.323467 -0.809234 0.490418 0.507500 0.992500
pine_needles.bmp
1 -40.038185 63.751083 163.451187 0.323467 0.809234 -0.490418 0.507500 0.992500
1 -4.315841 49.472145 163.451187 0.323467 0.809234 -0.490418 0.992500 0.992500
1 -16.111778 19.961655 106.975937 0.323467 0.809234 -0.490418 0.992500 0.507500
pine_needles.bmp
1 -40.038185 63.751083 163.451187 0.323467 0.809234 -0.490418 0.507500 0.992500
1 -16.111778 19.961655 106.975937 0.323467 0.809234 -0.490418 0.992500 0.507500
1 -51.834122 34.240593 106.975937 0.323467 0.809234 -0.490418 0.507500 0.507500
pine_needles.bmp
1 -23.266354 19.219301 105.513229 0.852041 -0.340578 0.397532 0.507500 0.507500
1 -8.987414 54.941647 105.513229 0.852041 -0.340578 0.397532 0.992500 0.507500
1 -32.883610 64.493439 164.913895 0.852041 -0.340578 0.397532 0.992500 0.992500
pine_needles.bmp
1 -23.266354 19.219301 105.513229 0.852041 -0.340578 0.397532 0.507500 0.507500
1 -32.883610 64.493439 164.913895 0.852041 -0.340578 0.397532 0.992500 0.992500
1 -47.162548 28.771093 164.913895 0.852041 -0.340578 0.397532 0.507500 0.992500
pine_needles.bmp
1 -47.162548 28.771093 164.913895 -0.852041 0.340578 -0.397532 0.507500 0.992500
1 -32.883610 64.493439 164.913895 -0.852041 0.340578 -0.397532 0.992500 0.992500
1 -8.987414 54.941647 105.513229 -0.852041 0.340578 -0.397532 0.992500 0.507500
pine_needles.bmp
1 -47.162548 28.771093 164.913895 -0.852041 0.340578 -0.397532 0.507500 0.992500
1 -8.987414 54.941647 105.513229 -0.852041 0.340578 -0.397532 0.992500 0.507500
1 -23.266354 19.219301 105.513229 -0.852041 0.340578 -0.397532 0.507500 0.507500
pine_needles.bmp
1 -62.852875 98.520790 105.023170 -0.863912 0.055565 0.500568 0.507500 0.007500
1 -65.720802 53.931126 105.023170 -0.863912 0.055565 0.500568 0.992500 0.007500
1 -38.217049 52.162128 152.687271 -0.863912 0.055565 0.500568 0.992500 0.492500
pine_needles.bmp
1 -62.852875 98.520790 105.023170 -0.863912 0.055565 0.500568 0.507500 0.007500
1 -38.217049 52.162128 152.687271 -0.863912 0.055565 0.500568 0.992500 0.492500
1 -35.349121 96.751793 152.687271 -0.863912 0.055565 0.500568 0.507500 0.492500
pine_needles.bmp
1 -35.349121 96.751793 152.687271 0.863912 -0.055565 -0.500568 0.507500 0.492500
1 -38.217049 52.162128 152.687271 0.863912 -0.055565 -0.500568 0.992500 0.492500
1 -65.720802 53.931126 105.023170 0.863912 -0.055565 -0.500568 0.992500 0.007500
pine_needles.bmp
1 -35.349121 96.751793 152.687271 0.863912 -0.055565 -0.500568 0.507500 0.492500
1 -65.720802 53.931126 105.023170 0.863912 -0.055565 -0.500568 0.992500 0.007500
1 -62.852875 98.520790 105.023170 0.863912 -0.055565 -0.500568 0.507500 0.007500
pine_needles.bmp
1 -74.082703 57.295574 109.319481 -0.045404 -0.705931 0.706824 0.007500 0.507500
1 -29.493038 54.427639 109.319481 -0.045404 -0.705931 0.706824 0.492500 0.507500
1 -26.987217 93.387344 148.390961 -0.045404 -0.705931 0.706824 0.492500 0.992500
pine_needles.bmp
1 -74.082703 57.295574 109.319481 -0.045404 -0.705931 0.706824 0.007500 0.507500
1 -26.987217 93.387344 148.390961 -0.045404 -0.705931 0.706824 0.492500 0.992500
1 -71.576889 96.255280 148.390961 -0.045404 -0.705931 0.706824 0.007500 0.992500
pine_needles.bmp
1 -71.576889 96.255280 148.390961 0.045404 0.705931 -0.706824 0.007500 0.992500
1 -26.987217 93.387344 148.390961 0.045404 0.705931 -0.706824 0.492500 0.992500
1 -29.493038 54.427639 109.319481 0.045404 0.705931 -0.706824 0.492500 0.507500
pine_needles.bmp
1 -71.576889 96.255280 148.390961 0.045404 0.705931 -0.706824 0.007500 0.992500
1 -29.493038 54.427639 109.319481 0.045404 0.705931 -0.706824 0.492500 0.507500
1 -74.082703 57.295574 109.319481 0.045404 0.705931 -0.706824 0.007500 0.507500
pine_needles.bmp
1 -45.888462 112.759468 100.797356 0.466500 0.560437 0.684316 0.007500 0.507500
1 -74.045204 136.196747 100.797356 0.466500 0.560437 0.684316 0.492500 0.507500
1 -100.101433 104.893654 144.196381 0.466500 0.560437 0.684316 0.492500 0.992500
pine_needles.bmp
1 -45.888462 112.759468 100.797356 0.466500 0.560437 0.684316 0.007500 0.507500
1 -100.101433 104.893654 144.196381 0.466500 0.560437 0.684316 0.492500 0.992500
1 -71.944695 81.456383 144.196381 0.466500 0.560437 0.684316 0.007500 0.992500
pine_needles.bmp
1 -71.944695 81.456383 144.196381 -0.466500 -0.560437 -0.684316 0.007500 0.992500
1 -100.101433 104.893654 144.196381 -0.466500 -0.560437 -0.684316 0.492500 0.992500
1 -74.045204 136.196747 100.797356 -0.466500 -0.560437 -0.684316 0.492500 0.507500
pine_needles.bmp
1 -71.944695 81.456383 144.196381 -0.466500 -0.560437 -0.684316 0.007500 0.992500
1 -74.045204 136.196747 100.797356 -0.466500 -0.560437 -0.684316 0.492500 0.507500
1 -45.888462 112.759468 100.797356 -0.466500 -0.560437 -0.684316 0.007500 0.507500
pine_needles.bmp
1 -76.704231 135.746902 100.534668 -0.567317 0.472226 0.674651 0.007500 0.507500
1 -100.141487 107.590149 100.534668 -0.567317 0.472226 0.674651 0.492500 0.507500
1 -69.285667 81.906219 144.459061 -0.567317 0.472226 0.674651 0.492500 0.992500
pine_needles.bmp
1 -76.704231 135.746902 100.534668 -0.567317 0.472226 0.674651 0.007500 0.507500
1 -69.285667 81.906219 144.459061 -0.567317 0.472226 0.674651 0.492500 0.992500
1 -45.848404 110.062973 144.459061 -0.567317 0.472226 0.674651 0.007500 0.992500
pine_needles.bmp
1 -45.848404 110.062973 144.459061 0.567317 -0.472226 -0.674651 0.007500 0.992500
1 -69.285667 81.906219 144.459061 0.567317 -0.472226 -0.674651 0.492500 0.992500
1 -100.141487 107.590149 100.534668 0.567317 -0.472226 -0.674651 0.492500 0.507500
pine_needles.bmp
1 -45.848404 110.062973 144.459061 0.567317 -0.472226 -0.674651 0.007500 0.992500
1 -100.141487 107.590149 100.534668 0.567317 -0.472226 -0.674651 0.492500 0.507500
1 -76.704231 135.746902 100.534668 0.567317 -0.472226 -0.674651 0.007500 0.507500
pine_bark.bmp
0 1.084761 0.000000 139.360199 0.772989 -0.137359 -0.619371 0.000000 0.000000
0 -0.541663 -3.850640 141.690903 0.427257 -0.896404 -0.117951 0.200000 0.000000
0 -77.198288 17.293343 121.095070 -0.195251 -0.908469 -0.369542 0.200000 0.684215
pine_bark.bmp
0 1.084761 0.000000 139.360199 0.772989 -0.137359 -0.619371 0.000000 0.000000
0 -77.198288 17.293343 121.095070 -0.195251 -0.908469 -0.369542 0.200000 0.684215
0 -76.509735 19.183657 119.795853 0.130844 0.021425 -0.991171 0.000000 0.684215
pine_bark.bmp
0 -0.541663 -3.850640 141.690903 0.427257 -0.896404 -0.117951 0.200000 0.000000
0 -1.329477 -2.161125 145.929672 0.275156 -0.591041 0.758261 0.400000 0.000000
0 -77.353348 18.102409 123.236450 -0.281739 -0.595983 0.751949 0.400000 0.684215
pine_bark.bmp
0 -0.541663 -3.850640 141.690903 0.427257 -0.896404 -0.117951 0.200000 0.000000
0 -77.353348 18.102409 123.236450 -0.281739 -0.595983 0.751949 0.400000 0.684215
0 -77.198288 17.293343 121.095070 -0.195251 -0.908469 -0.369542 0.200000 0.684215
pine_bark.bmp
0 -1.329477 -2.161125 145.929672 0.275156 -0.591041 0.758261 0.400000 0.000000
0 -0.359940 2.358795 146.486404 0.471264 0.319203 0.822204 0.600000 0.000000
0 -76.826271 20.378494 123.483231 -0.002610 0.578135 0.815937 0.600000 0.684215
pine_bark.bmp
0 -1.329477 -2.161125 145.929672 0.275156 -0.591041 0.758261 0.400000 0.000000
0 -76.826271 20.378494 123.483231 -0.002610 0.578135 0.815937 0.600000 0.684215
0 -77.353348 18.102409 123.236450 -0.281739 -0.595983 0.751949 0.400000 0.684215
pine_bark.bmp
0 -0.359940 2.358795 146.486404 0.471264 0.319203 0.822204 0.600000 0.000000
0 1.205339 3.744277 142.213333 0.791016 0.609500 -0.052956 0.800000 0.000000
0 -76.297523 21.012850 121.261940 0.249751 0.914961 -0.316971 0.800000 0.684215
pine_bark.bmp
0 -0.359940 2.358795 146.486404 0.471264 0.319203 0.822204 0.600000 0.000000
0 -76.297523 21.012850 121.261940 0.249751 0.914961 -0.316971 0.800000 0.684215
0 -76.826271 20.378494 123.483231 -0.002610 0.578135 0.815937 0.600000 0.684215
pine_bark.bmp
0 1.205339 3.744277 142.213333 0.791016 0.609500 -0.052956 0.800000 0.000000
0 1.084761 0.000000 139.360199 0.772989 -0.137359 -0.619371 1.000000 0.000000
0 -76.509735 19.183657 119.795853 0.130844 0.021425 -0.991171 1.000000 0.684215
pine_bark.bmp
0 1.205339 3.744277 142.213333 0.791016 0.609500 -0.052956 0.800000 0.000000
0 -76.509735 19.183657 119.795853 0.130844 0.021425 -0.991171 1.000000 0.684215
0 -76.297523 21.012850 121.261940 0.249751 0.914961 -0.316971 0.800000 0.684215
pine_bark.bmp
0 -76.509735 19.183657 119.795853 0.130844 0.021425 -0.991171 0.000000 0.684215
0 -77.198288 17.293343 121.095070 -0.195251 -0.908469 -0.369542 0.200000 0.684215
0 -139.857635 34.278217 120.251205 -0.767396 -0.584758 -0.262987 0.200000 1.224332
pine_bark.bmp
0 -76.509735 19.183657 119.795853 0.130844 0.021425 -0.991171 0.000000 0.684215
0 -139.857635 34.278217 120.251205 -0.767396 -0.584758 -0.262987 0.200000 1.224332
0 -139.697433 34.879375 119.786186 -0.550737 0.172017 -0.816761 0.000000 1.224332
pine_bark.bmp
0 -77.198288 17.293343 121.095070 -0.195251 -0.908469 -0.369542 0.200000 0.684215
0 -77.353348 18.102409 123.236450 -0.281739 -0.595983 0.751949 0.400000 0.684215
0 -139.811325 34.524441 120.948242 -0.720815 -0.325757 0.611808 0.400000 1.224332
pine_bark.bmp
0 -77.198288 17.293343 121.095070 -0.195251 -0.908469 -0.369542 0.200000 0.684215
0 -139.811325 34.524441 120.948242 -0.720815 -0.325757 0.611808 0.400000 1.224332
0 -139.857635 34.278217 120.251205 -0.767396 -0.584758 -0.262987 0.200000 1.224332
pine_bark.bmp
0 -77.353348 18.102409 123.236450 -0.281739 -0.595983 0.751949 0.400000 0.684215
0 -76.826271 20.378494 123.483231 -0.002610 0.578135 0.815937 0.600000 0.684215
0 -139.626312 35.270210 121.002457 -0.482493 0.577490 0.658564 0.600000 1.224332
pine_bark.bmp
0 -77.353348 18.102409 123.236450 -0.281739 -0.595983 0.751949 0.400000 0.684215
0 -139.626312 35.270210 121.002457 -0.482493 0.577490 0.658564 0.600000 1.224332
0 -139.811325 34.524441 120.948242 -0.720815 -0.325757 0.611808 0.400000 1.224332
pine_bark.bmp
0 -76.826271 20.378494 123.483231 -0.002610 0.578135 0.815937 0.600000 0.684215
0 -76.297523 21.012850 121.261940 0.249751 0.914961 -0.316971 0.800000 0.684215
0 -139.562576 35.461216 120.263847 -0.408708 0.880045 -0.241825 0.800000 1.224332
pine_bark.bmp
0 -76.826271 20.378494 123.483231 -0.002610 0.578135 0.815937 0.600000 0.684215
0 -139.562576 35.461216 120.263847 -0.408708 0.880045 -0.241825 0.800000 1.224332
0 -139.626312 35.270210 121.002457 -0.482493 0.577490 0.658564 0.600000 1.224332
pine_bark.bmp
0 -76.297523 21.012850 121.261940 0.249751 0.914961 -0.316971 0.800000 0.684215
0 -76.509735 19.183657 119.795853 0.130844 0.021425 -0.991171 1.000000 0.684215
0 -139.697433 34.879375 119.786186 -0.550737 0.172017 -0.816761 1.000000 1.224332
pine_bark.bmp
0 -76.297523 21.012850 121.261940 0.249751 0.914961 -0.316971 0.800000 0.684215
0 -139.697433 34.879375 119.786186 -0.550737 0.172017 -0.816761 1.000000 1.224332
0 -139.562576 35.461216 120.263847 -0.408708 0.880045 -0.241825 0.800000 1.224332
pine_bark.bmp
0 1.084761 0.000000 139.360199 0.772989 -0.137359 -0.619371 0.950000 0.500000
0 1.205339 3.744277 142.213333 0.791016 0.609500 -0.052956 0.639058 0.072025
0 -0.359940 2.358795 146.486404 0.471264 0.319203 0.822204 0.135942 0.235497
pine_bark.bmp
0 -0.359940 2.358795 146.486404 0.471264 0.319203 0.822204 0.135942 0.235497
0 -1.329477 -2.161125 145.929672 0.275156 -0.591041 0.758261 0.135942 0.764503
0 -0.541663 -3.850640 141.690903 0.427257 -0.896404 -0.117951 0.639058 0.927975
pine_bark.bmp
0 -0.359940 2.358795 146.486404 0.471264 0.319203 0.822204 0.135942 0.235497
0 -0.541663 -3.850640 141.690903 0.427257 -0.896404 -0.117951 0.639058 0.927975
0 1.084761 0.000000 139.360199 0.772989 -0.137359 -0.619371 0.950000 0.500000
pine_bark.bmp
0 -139.562576 35.461216 120.263847 -0.408708 0.880045 -0.241825 0.639058 0.072025
0 -139.697433 34.879375 119.786186 -0.550737 0.172017 -0.816761 0.950000 0.500000
0 -139.857635 34.278217 120.251205 -0.767396 -0.584758 -0.262987 0.639058 0.927975
pine_bark.bmp
0 -139.857635 34.278217 120.251205 -0.767396 -0.584758 -0.262987 0.639058 0.927975
0 -139.811325 34.524441 120.948242 -0.720815 -0.325757 0.611808 0.135942 0.764503
0 -139.626312 35.270210 121.002457 -0.482493 0.577490 0.658564 0.135942 0.235497
pine_bark.bmp
0 -139.857635 34.278217 120.251205 -0.767396 -0.584758 -0.262987 0.639058 0.927975
0 -139.626312 35.270210 121.002457 -0.482493 0.577490 0.658564 0.135942 0.235497
0 -139.562576 35.461216 120.263847 -0.408708 0.880045 -0.241825 0.639058 0.072025
pine_needles.bmp
1 -34.075413 47.157185 118.312386 -0.128627 0.475426 0.870302 0.007500 0.007500
1 -79.322144 34.915676 118.312386 -0.128627 0.475426 0.870302 0.492500 0.007500
1 -63.722958 -22.741619 152.114746 -0.128627 0.475426 0.870302 0.492500 0.492500
pine_needles.bmp
1 -34.075413 47.157185 118.312386 -0.128627 0.475426 0.870302 0.007500 0.007500
1 -63.722958 -22.741619 152.114746 -0.128627 0.475426 0.870302 0.492500 0.492500
1 -18.476227 -10.500111 152.114746 -0.128627 0.475426 0.870302 0.007500 0.492500
pine_needles.bmp
1 -18.476227 -10.500111 152.114746 0.128627 -0.475426 -0.870302 0.007500 0.492500
1 -63.722958 -22.741619 152.114746 0.128627 -0.475426 -0.870302 0.492500 0.492500
1 -79.322144 34.915676 118.312386 0.128627 -0.475426 -0.870302 0.492500 0.007500
pine_needles.bmp
1 -18.476227 -10.500111 152.114746 0.128627 -0.475426 -0.870302 0.007500 0.492500
1 -79.322144 34.915676 118.312386 0.128627 -0.475426 -0.870302 0.492500 0.007500
1 -34.075413 47.157185 118.312386 0.128627 -0.475426 -0.870302 0.007500 0.007500
pine_needles.bmp
1 -69.717102 30.854826 104.732048 -0.863559 -0.233636 0.446857 0.007500 0.007500
1 -57.475594 -14.391903 104.732048 -0.863559 -0.233636 0.446857 0.492500 0.007500
1 -28.081268 -6.439264 165.695084 -0.863559 -0.233636 0.446857 0.492500 0.492500
pine_needles.bmp
1 -69.717102 30.854826 104.732048 -0.863559 -0.233636 0.446857 0.007500 0.007500
1 -28.081268 -6.439264 165.695084 -0.863559 -0.233636 0.446857 0.492500 0.492500
1 -40.322777 38.807465 165.695084 -0.863559 -0.233636 0.446857 0.007500 0.492500
pine_needles.bmp
1 -40.322777 38.807465 165.695084 0.863559 0.233636 -0.446857 0.007500 0.492500
1 -28.081268 -6.439264 165.695084 0.863559 0.233636 -0.446857 0.492500 0.492500
1 -57.475594 -14.391903 104.732048 0.863559 0.233636 -0.446857 0.492500 0.007500
pine_needles.bmp
1 -40.322777 38.807465 165.695084 0.863559 0.233636 -0.446857 0.007500 0.492500
1 -57.475594 -14.391903 104.732048 0.863559 0.233636 -0.446857 0.492500 0.007500
1 -69.717102 30.854826 104.732048 0.863559 0.233636 -0.446857 0.007500 0.007500
pine_needles.bmp
1 -68.517097 47.655830 109.707367 -0.244005 0.691908 0.679503 0.507500 0.007500
1 -119.315964 29.741369 109.707367 -0.244005 0.691908 0.679503 0.992500 0.007500
1 -107.519943 -3.707819 148.003067 -0.244005 0.691908 0.679503 0.992500 0.492500
pine_needles.bmp
1 -68.517097 47.655830 109.707367 -0.244005 0.691908 0.679503 0.507500 0.007500
1 -107.519943 -3.707819 148.003067 -0.244005 0.691908 0.679503 0.992500 0.492500
1 -56.721085 14.206644 148.003067 -0.244005 0.691908 0.679503 0.507500 0.492500
pine_needles.bmp
1 -56.721085 14.206644 148.003067 0.244005 -0.691908 -0.679503 0.507500 0.492500
1 -107.519943 -3.707819 148.003067 0.244005 -0.691908 -0.679503 0.992500 0.492500
1 -119.315964 29.741369 109.707367 0.244005 -0.691908 -0.679503 0.992500 0.007500
pine_needles.bmp
1 -56.721085 14.206644 148.003067 0.244005 -0.691908 -0.679503 0.507500 0.492500
1 -119.315964 29.741369 109.707367 0.244005 -0.691908 -0.679503 0.992500 0.007500
1 -68.517097 47.655830 109.707367 0.244005 -0.691908 -0.679503 0.507500 0.007500
pine_needles.bmp
1 -115.953987 40.680676 112.168327 -0.601975 -0.212289 0.769779 0.007500 0.507500
1 -98.039528 -10.118191 112.168327 -0.601975 -0.212289 0.769779 0.492500 0.507500
1 -60.083061 3.267338 145.542099 -0.601975 -0.212289 0.769779 0.492500 0.992500
pine_needles.bmp
1 -115.953987 40.680676 112.168327 -0.601975 -0.212289 0.769779 0.007500 0.507500
1 -60.083061 3.267338 145.542099 -0.601975 -0.212289 0.769779 0.492500 0.992500
1 -77.997520 54.066204 145.542099 -0.601975 -0.212289 0.769779 0.007500 0.992500
pine_needles.bmp
1 -77.997520 54.066204 145.542099 0.601975 0.212289 -0.769779 0.007500 0.992500
1 -60.083061 3.267338 145.542099 0.601975 0.212289 -0.769779 0.492500 0.992500
1 -98.039528 -10.118191 112.168327 0.601975 0.212289 -0.769779 0.492500 0.507500
pine_needles.bmp
1 -77.997520 54.066204 145.542099 0.601975 0.212289 -0.769779 0.007500 0.992500
1 -98.039528 -10.118191 112.168327 0.601975 0.212289 -0.769779 0.492500 0.507500
1 -115.953987 40.680676 112.168327 0.601975 0.212289 -0.769779 0.007500 0.507500
pine_needles.bmp
1 -103.190086 48.961037 102.258011 -0.037988 0.782798 0.621116 0.507500 0.007500
1 -152.640610 46.561264 102.258011 -0.037988 0.782798 0.621116 0.992500 0.007500
1 -151.085648 14.519430 142.735703 -0.037988 0.782798 0.621116 0.992500 0.492500
pine_needles.bmp
1 -103.190086 48.961037 102.258011 -0.037988 0.782798 0.621116 0.507500 0.007500
1 -151.085648 14.519430 142.735703 -0.037988 0.782798 0.621116 0.992500 0.492500
1 -101.635139 16.919199 142.735703 -0.037988 0.782798 0.621116 0.507500 0.492500
pine_needles.bmp
1 -101.635139 16.919199 142.735703 0.037988 -0.782798 -0.621116 0.507500 0.492500
1 -151.085648 14.519430 142.735703 0.037988 -0.782798 -0.621116 0.992500 0.492500
1 -152.640610 46.561264 102.258011 0.037988 -0.782798 -0.621116 0.992500 0.007500
pine_needles.bmp
1 -101.635139 16.919199 142.735703 0.037988 -0.782797 -0.621116 0.507500 0.492500
1 -152.640610 46.561264 102.258011 0.037988 -0.782797 -0.621116 0.992500 0.007500
1 -103.190086 48.961037 102.258011 0.037988 -0.782797 -0.621116 0.507500 0.007500
pine_needles.bmp
1 -149.741867 55.426769 107.910599 -0.562027 -0.027274 0.826669 0.007500 0.507500
1 -147.342102 5.976264 107.910599 -0.562027 -0.027274 0.826669 0.492500 0.507500
1 -104.533875 8.053693 137.083130 -0.562027 -0.027274 0.826669 0.492500 0.992500
pine_needles.bmp
1 -149.741867 55.426769 107.910599 -0.562027 -0.027274 0.826669 0.007500 0.507500
1 -104.533875 8.053693 137.083130 -0.562027 -0.027274 0.826669 0.492500 0.992500
1 -106.933640 57.504200 137.083130 -0.562027 -0.027274 0.826669 0.007500 0.992500
pine_needles.bmp
1 -106.933640 57.504200 137.083130 0.562027 0.027274 -0.826669 0.007500 0.992500
1 -104.533875 8.053693 137.083130 0.562027 0.027274 -0.826669 0.492500 0.992500
1 -147.342102 5.976264 107.910599 0.562027 0.027274 -0.826669 0.492500 0.507500
pine_needles.bmp
1 -106.933640 57.504200 137.083130 0.562027 0.027274 -0.826669 0.007500 0.992500
1 -147.342102 5.976264 107.910599 0.562027 0.027274 -0.826669 0.492500 0.507500
1 -149.741867 55.426769 107.910599 0.562027 0.027274 -0.826669 0.007500 0.507500
pine_bark.bmp
0 1.080593 0.000000 139.359039 0.771128 0.143092 -0.620392 0.000000 0.000000
0 1.176754 -3.865489 142.167953 0.771759 -0.634961 -0.034825 0.200000 0.000000
0 -76.631378 -19.751848 121.238907 0.231700 -0.927872 -0.292179 0.200000 0.684215
pine_bark.bmp
0 1.080593 0.000000 139.359039 0.771128 0.143092 -0.620392 0.000000 0.000000
0 -76.631378 -19.751848 121.238907 0.231700 -0.927872 -0.292179 0.200000 0.684215
0 -76.830887 -17.853872 119.795639 0.125351 -0.000745 -0.992112 0.000000 0.684215
pine_bark.bmp
0 1.176754 -3.865489 142.167953 0.771759 -0.634961 -0.034825 0.200000 0.000000
0 -0.361097 -2.169460 146.198517 0.484529 -0.334670 0.808225 0.400000 0.000000
0 -77.164726 -18.939501 123.318924 -0.004453 -0.593974 0.804472 0.400000 0.684215
pine_bark.bmp
0 1.176754 -3.865489 142.167953 0.771759 -0.634961 -0.034825 0.200000 0.000000
0 -77.164726 -18.939501 123.318924 -0.004453 -0.593974 0.804472 0.400000 0.684215
0 -76.631378 -19.751848 121.238907 0.231700 -0.927872 -0.292179 0.200000 0.684215
pine_bark.bmp
0 -0.361097 -2.169460 146.198517 0.484529 -0.334670 0.808225 0.400000 0.000000
0 -1.409937 2.367892 146.194885 0.270919 0.573327 0.773239 0.600000 0.000000
0 -77.705719 -16.654192 123.392456 -0.272221 0.584305 0.764516 0.600000 0.684215
pine_bark.bmp
0 -0.361097 -2.169460 146.198517 0.484529 -0.334670 0.808225 0.400000 0.000000
0 -77.705719 -16.654192 123.392456 -0.272221 0.584305 0.764516 0.600000 0.684215
0 -77.164726 -18.939501 123.318924 -0.004453 -0.593974 0.804472 0.400000 0.684215
pine_bark.bmp
0 -1.409937 2.367892 146.194885 0.270919 0.573327 0.773239 0.600000 0.000000
0 -0.468219 3.758717 141.748718 0.455817 0.879780 -0.134973 0.800000 0.000000
0 -77.476196 -16.017265 121.122627 -0.173428 0.902760 -0.393633 0.800000 0.684215
pine_bark.bmp
0 -1.409937 2.367892 146.194885 0.270919 0.573327 0.773239 0.600000 0.000000
0 -77.476196 -16.017265 121.122627 -0.173428 0.902760 -0.393633 0.800000 0.684215
0 -77.705719 -16.654192 123.392456 -0.272221 0.584305 0.764516 0.600000 0.684215
pine_bark.bmp
0 -0.468219 3.758717 141.748718 0.455817 0.879780 -0.134973 0.800000 0.000000
0 1.080593 0.000000 139.359039 0.771128 0.143092 -0.620392 1.000000 0.000000
0 -76.830887 -17.853872 119.795639 0.125351 -0.000745 -0.992112 1.000000 0.684215
pine_bark.bmp
0 -0.468219 3.758717 141.748718 0.455817 0.879780 -0.134973 0.800000 0.000000
0 -76.830887 -17.853872 119.795639 0.125351 -0.000745 -0.992112 1.000000 0.684215
0 -77.476196 -16.017265 121.122627 -0.173428 0.902760 -0.393633 0.800000 0.684215
pine_bark.bmp
0 -76.830887 -17.853872 119.795639 0.125351 -0.000745 -0.992112 0.000000 0.684215
0 -76.631378 -19.751848 121.238907 0.231700 -0.927872 -0.292179 0.200000 0.684215
0 -140.149506 -33.065247 120.257332 -0.415706 -0.882982 -0.218014 0.200000 1.224332
pine_bark.bmp
0 -76.830887 -17.853872 119.795639 0.125351 -0.000745 -0.992112 0.000000 0.684215
0 -140.149506 -33.065247 120.257332 -0.415706 -0.882982 -0.218014 0.200000 1.224332
0 -140.278976 -32.461586 119.786186 -0.558106 -0.143017 -0.817352 0.000000 1.224332
pine_bark.bmp
0 -76.631378 -19.751848 121.238907 0.231700 -0.927872 -0.292179 0.200000 0.684215
0 -77.164726 -18.939501 123.318924 -0.004453 -0.593974 0.804472 0.400000 0.684215
0 -140.221756 -32.817997 120.951859 -0.502665 -0.581396 0.639770 0.400000 1.224332
pine_bark.bmp
0 -76.631378 -19.751848 121.238907 0.231700 -0.927872 -0.292179 0.200000 0.684215
0 -140.221756 -32.817997 120.951859 -0.502665 -0.581396 0.639770 0.400000 1.224332
0 -140.149506 -33.065247 120.257332 -0.415706 -0.882982 -0.218014 0.200000 1.224332
pine_bark.bmp
0 -77.164726 -18.939501 123.318924 -0.004453 -0.593974 0.804472 0.400000 0.684215
0 -77.705719 -16.654192 123.392456 -0.272221 0.584305 0.764516 0.600000 0.684215
0 -140.396042 -32.069126 120.998482 -0.700748 0.332549 0.631161 0.600000 1.224332
pine_bark.bmp
0 -77.164726 -18.939501 123.318924 -0.004453 -0.593974 0.804472 0.400000 0.684215
0 -140.396042 -32.069126 120.998482 -0.700748 0.332549 0.631161 0.600000 1.224332
0 -140.221756 -32.817997 120.951859 -0.502665 -0.581396 0.639770 0.400000 1.224332
pine_bark.bmp
0 -77.705719 -16.654192 123.392456 -0.272221 0.584305 0.764516 0.600000 0.684215
0 -77.476196 -16.017265 121.122627 -0.173428 0.902760 -0.393633 0.800000 0.684215
0 -140.424393 -31.877325 120.257919 -0.759760 0.583832 -0.286190 0.800000 1.224332
pine_bark.bmp
0 -77.705719 -16.654192 123.392456 -0.272221 0.584305 0.764516 0.600000 0.684215
0 -140.424393 -31.877325 120.257919 -0.759760 0.583832 -0.286190 0.800000 1.224332
0 -140.396042 -32.069126 120.998482 -0.700748 0.332549 0.631161 0.600000 1.224332
pine_bark.bmp
0 -77.476196 -16.017265 121.122627 -0.173428 0.902760 -0.393633 0.800000 0.684215
0 -76.830887 -17.853872 119.795639 0.125351 -0.000745 -0.992112 1.000000 0.684215
0 -140.278976 -32.461586 119.786186 -0.558106 -0.143017 -0.817352 1.000000 1.224332
pine_bark.bmp
0 -77.476196 -16.017265 121.122627 -0.173428 0.902760 -0.393633 0.800000 0.684215
0 -140.278976 -32.461586 119.786186 -0.558106 -0.143017 -0.817352 1.000000 1.224332
0 -140.424393 -31.877325 120.257919 -0.759760 0.583832 -0.286190 0.800000 1.224332
pine_bark.bmp
0 1.080593 0.000000 139.359039 0.771128 0.143092 -0.620392 0.950000 0.500000
0 -0.468219 3.758717 141.748718 0.455817 0.879780 -0.134973 0.639058 0.072025
0 -1.409937 2.367892 146.194885 0.270919 0.573327 0.773239 0.135942 0.235497
pine_bark.bmp
0 -1.409937 2.367892 146.194885 0.270919 0.573327 0.773239 0.135942 0.235497
0 -0.361097 -2.169460 146.198517 0.484529 -0.334670 0.808225 0.135942 0.764503
0 1.176754 -3.865489 142.167953 0.771759 -0.634961 -0.034825 0.639058 0.927975
pine_bark.bmp
0 -1.409937 2.367892 146.194885 0.270919 0.573327 0.773239 0.135942 0.235497
0 1.176754 -3.865489 142.167953 0.771759 -0.634961 -0.034825 0.639058 0.927975
0 1.080593 0.000000 139.359039 0.771128 0.143092 -0.620392 0.950000 0.500000
pine_bark.bmp
0 -140.424393 -31.877325 120.257919 -0.759760 0.583832 -0.286190 0.639058 0.072025
0 -140.278976 -32.461586 119.786186 -0.558106 -0.143017 -0.817352 0.950000 0.500000
0 -140.149506 -33.065247 120.257332 -0.415706 -0.882982 -0.218014 0.639058 0.927975
pine_bark.bmp
0 -140.149506 -33.065247 120.257332 -0.415706 -0.882982 -0.218014 0.639058 0.927975
0 -140.221756 -32.817997 120.951859 -0.502665 -0.581396 0.639770 0.135942 0.764503
0 -140.396042 -32.069126 120.998482 -0.700748 0.332549 0.631161 0.135942 0.235497
pine_bark.bmp
0 -140.149506 -33.065247 120.257332 -0.415706 -0.882982 -0.218014 0.639058 0.927975
0 -140.396042 -32.069126 120.998482 -0.700748 0.332549 0.631161 0.135942 0.235497
0 -140.424393 -31.877325 120.257919 -0.759760 0.583832 -0.286190 0.639058 0.072025
pine_needles.bmp
1 -19.910944 -29.763300 122.660355 0.417474 0.043076 0.907667 0.507500 0.507500
1 -24.283434 12.613152 122.660355 0.417474 0.043076 0.907667 0.992500 0.507500
1 -78.294464 7.040186 147.766785 0.417474 0.043076 0.907667 0.992500 0.992500
pine_needles.bmp
1 -19.910944 -29.763300 122.660355 0.417474 0.043076 0.907667 0.507500 0.507500
1 -78.294464 7.040186 147.766785 0.417474 0.043076 0.907667 0.992500 0.992500
1 -73.921974 -35.336266 147.766785 0.417474 0.043076 0.907667 0.507500 0.992500
pine_needles.bmp
1 -73.921974 -35.336266 147.766785 -0.417474 -0.043076 -0.907667 0.507500 0.992500
1 -78.294464 7.040186 147.766785 -0.417474 -0.043076 -0.907667 0.992500 0.992500
1 -24.283434 12.613152 122.660355 -0.417474 -0.043076 -0.907667 0.992500 0.507500
pine_needles.bmp
1 -73.921974 -35.336266 147.766785 -0.417474 -0.043076 -0.907667 0.507500 0.992500
1 -24.283434 12.613152 122.660355 -0.417474 -0.043076 -0.907667 0.992500 0.507500
1 -19.910944 -29.763300 122.660355 -0.417474 -0.043076 -0.907667 0.507500 0.507500
pine_needles.bmp
1 -29.126530 2.571421 108.008194 -0.094150 0.912464 0.398178 0.507500 0.007500
1 -71.502975 -1.801065 108.008194 -0.094150 0.912464 0.398178 0.992500 0.007500
1 -69.078873 -25.294533 162.418930 -0.094150 0.912464 0.398178 0.992500 0.492500
pine_needles.bmp
1 -29.126530 2.571421 108.008194 -0.094150 0.912464 0.398178 0.507500 0.007500
1 -69.078873 -25.294533 162.418930 -0.094150 0.912464 0.398178 0.992500 0.492500
1 -26.702427 -20.922047 162.418930 -0.094150 0.912464 0.398178 0.507500 0.492500
pine_needles.bmp
1 -26.702427 -20.922047 162.418930 0.094150 -0.912464 -0.398178 0.507500 0.492500
1 -69.078873 -25.294533 162.418930 0.094150 -0.912464 -0.398178 0.992500 0.492500
1 -71.502975 -1.801065 108.008194 0.094150 -0.912464 -0.398178 0.992500 0.007500
pine_needles.bmp
1 -26.702427 -20.922047 162.418930 0.094150 -0.912464 -0.398178 0.507500 0.492500
1 -71.502975 -1.801065 108.008194 0.094150 -0.912464 -0.398178 0.992500 0.007500
1 -29.126530 2.571421 108.008194 0.094150 -0.912464 -0.398178 0.507500 0.007500
pine_needles.bmp
1 -112.004211 -32.941288 105.360832 -0.121025 -0.820905 0.558093 0.507500 0.507500
1 -69.374985 -39.226078 105.360832 -0.121025 -0.820905 0.558093 0.992500 0.507500
1 -64.765503 -7.960311 152.349609 -0.121025 -0.820905 0.558093 0.992500 0.992500
pine_needles.bmp
1 -112.004211 -32.941288 105.360832 -0.121025 -0.820905 0.558093 0.507500 0.507500
1 -64.765503 -7.960311 152.349609 -0.121025 -0.820905 0.558093 0.992500 0.992500
1 -107.394730 -1.675521 152.349609 -0.121025 -0.820905 0.558093 0.507500 0.992500
pine_needles.bmp
1 -107.394730 -1.675521 152.349609 0.121025 0.820905 -0.558093 0.507500 0.992500
1 -64.765503 -7.960311 152.349609 0.121025 0.820905 -0.558093 0.992500 0.992500
1 -69.374985 -39.226078 105.360832 0.121025 0.820905 -0.558093 0.992500 0.507500
pine_needles.bmp
1 -107.394730 -1.675521 152.349609 0.121025 0.820905 -0.558093 0.507500 0.992500
1 -69.374985 -39.226078 105.360832 0.121025 0.820905 -0.558093 0.992500 0.507500
1 -112.004211 -32.941288 105.360832 0.121025 0.820905 -0.558093 0.507500 0.507500
pine_needles.bmp
1 -76.267113 -44.015202 105.118004 0.829543 -0.122299 0.544887 0.007500 0.507500
1 -69.982323 -1.385975 105.118004 0.829543 -0.122299 0.544887 0.492500 0.507500
1 -100.502602 3.113602 152.592438 0.829543 -0.122299 0.544887 0.492500 0.992500
pine_needles.bmp
1 -76.267113 -44.015202 105.118004 0.829543 -0.122299 0.544886 0.007500 0.507500
1 -100.502602 3.113602 152.592438 0.829543 -0.122299 0.544886 0.492500 0.992500
1 -106.787392 -39.515621 152.592438 0.829543 -0.122299 0.544886 0.007500 0.992500
pine_needles.bmp
1 -106.787392 -39.515621 152.592438 -0.829543 0.122299 -0.544886 0.007500 0.992500
1 -100.502602 3.113602 152.592438 -0.829543 0.122299 -0.544886 0.492500 0.992500
1 -69.982323 -1.385975 105.118004 -0.829543 0.122299 -0.544886 0.492500 0.507500
pine_needles.bmp
1 -106.787392 -39.515621 152.592438 -0.829543 0.122299 -0.544887 0.007500 0.992500
1 -69.982323 -1.385975 105.118004 -0.829543 0.122299 -0.544887 0.492500 0.507500
1 -76.267113 -44.015202 105.118004 -0.829543 0.122299 -0.544887 0.007500 0.507500
pine_needles.bmp
1 -157.006607 -42.104313 92.733078 -0.057914 -0.898001 0.436165 0.007500 0.507500
1 -100.184372 -45.768917 92.733078 -0.057914 -0.898001 0.436165 0.492500 0.507500
1 -98.327438 -16.975777 152.260651 -0.057914 -0.898001 0.436165 0.492500 0.992500
pine_needles.bmp
1 -157.006607 -42.104313 92.733078 -0.057914 -0.898001 0.436165 0.007500 0.507500
1 -98.327438 -16.975777 152.260651 -0.057914 -0.898001 0.436165 0.492500 0.992500
1 -155.149673 -13.311172 152.260651 -0.057914 -0.898001 0.436165 0.007500 0.992500
pine_needles.bmp
1 -155.149673 -13.311172 152.260651 0.057914 0.898001 -0.436165 0.007500 0.992500
1 -98.327438 -16.975777 152.260651 0.057914 0.898001 -0.436165 0.492500 0.992500
1 -100.184372 -45.768917 92.733078 0.057914 0.898001 -0.436165 0.492500 0.507500
pine_needles.bmp
1 -155.149673 -13.311172 152.260651 0.057914 0.898001 -0.436165 0.007500 0.992500
1 -100.184372 -45.768917 92.733078 0.057914 0.898001 -0.436165 0.492500 0.507500
1 -157.006607 -42.104313 92.733078 0.057914 0.898001 -0.436165 0.007500 0.507500
pine_needles.bmp
1 -106.758217 -59.417786 98.361031 0.725605 -0.046796 0.686518 0.007500 0.507500
1 -103.093613 -2.595561 98.361031 0.725605 -0.046796 0.686518 0.492500 0.507500
1 -148.575836 0.337698 146.632690 0.725605 -0.046796 0.686518 0.492500 0.992500
pine_needles.bmp
1 -106.758217 -59.417786 98.361031 0.725605 -0.046796 0.686518 0.007500 0.507500
1 -148.575836 0.337698 146.632690 0.725605 -0.046796 0.686518 0.492500 0.992500
1 -152.240433 -56.484528 146.632690 0.725605 -0.046796 0.686518 0.007500 0.992500
pine_needles.bmp
1 -152.240433 -56.484528 146.632690 -0.725605 0.046796 -0.686518 0.007500 0.992500
1 -148.575836 0.337698 146.632690 -0.725605 0.046796 -0.686518 0.492500 0.992500
1 -103.093613 -2.595561 98.361031 -0.725605 0.046796 -0.686518 0.492500 0.507500
pine_needles.bmp
1 -152.240433 -56.484528 146.632690 -0.725605 0.046796 -0.686518 0.007500 0.992500
1 -103.093613 -2.595561 98.361031 -0.725605 0.046796 -0.686518 0.492500 0.507500
1 -106.758217 -59.417786 98.361031 -0.725605 0.046796 -0.686518 0.007500 0.507500
pine_bark.bmp
0 2.082153 0.000000 139.789429 0.633275 0.538671 -0.555694 0.000000 0.000000
0 3.585281 -2.006108 143.831589 0.959962 0.109934 0.257658 0.200000 0.000000
0 -33.681477 -71.707054 121.766968 0.878140 -0.478251 -0.012109 0.200000 0.684215
pine_bark.bmp
0 2.082153 0.000000 139.789429 0.633275 0.538671 -0.555694 0.000000 0.000000
0 -33.681477 -71.707054 121.766968 0.878140 -0.478251 -0.012109 0.200000 0.684215
0 -34.826977 -70.791985 119.886002 0.322087 -0.036731 -0.945997 0.000000 0.684215
pine_bark.bmp
0 3.585281 -2.006108 143.831589 0.959962 0.109934 0.257658 0.200000 0.000000
0 0.043839 -1.125904 146.725327 0.308386 0.256320 0.916078 0.400000 0.000000
0 -35.100876 -71.315399 123.537163 0.205452 -0.281613 0.937275 0.400000 0.684215
pine_bark.bmp
0 3.585281 -2.006108 143.831589 0.959962 0.109934 0.257658 0.200000 0.000000
0 -35.100876 -71.315399 123.537163 0.205452 -0.281613 0.937275 0.400000 0.684215
0 -33.681477 -71.707054 121.766968 0.878140 -0.478251 -0.012109 0.200000 0.684215
pine_bark.bmp
0 0.043839 -1.125904 146.725327 0.308386 0.256320 0.916078 0.400000 0.000000
0 -3.524025 1.228886 144.901337 -0.420671 0.717116 0.555681 0.600000 0.000000
0 -37.103989 -70.213585 123.001427 -0.786118 0.288715 0.546500 0.600000 0.684215
pine_bark.bmp
0 0.043839 -1.125904 146.725327 0.308386 0.256320 0.916078 0.400000 0.000000
0 -37.103989 -70.213585 123.001427 -0.786118 0.288715 0.546500 0.600000 0.684215
0 -35.100876 -71.315399 123.537163 0.205452 -0.281613 0.937275 0.400000 0.684215
pine_bark.bmp
0 -3.524025 1.228886 144.901337 -0.420671 0.717116 0.555681 0.600000 0.000000
0 -2.183632 1.950695 140.400299 -0.211227 0.900501 -0.380108 0.800000 0.000000
0 -36.873463 -69.906509 120.665794 -0.654642 0.413578 -0.632769 0.800000 0.684215
pine_bark.bmp
0 -3.524025 1.228886 144.901337 -0.420671 0.717116 0.555681 0.600000 0.000000
0 -36.873463 -69.906509 120.665794 -0.654642 0.413578 -0.632769 0.800000 0.684215
0 -37.103989 -70.213585 123.001427 -0.786118 0.288715 0.546500 0.600000 0.684215
pine_bark.bmp
0 -2.183632 1.950695 140.400299 -0.211227 0.900501 -0.380108 0.800000 0.000000
0 2.082153 0.000000 139.789429 0.633275 0.538671 -0.555694 1.000000 0.000000
0 -34.826977 -70.791985 119.886002 0.322087 -0.036731 -0.945997 1.000000 0.684215
pine_bark.bmp
0 -2.183632 1.950695 140.400299 -0.211227 0.900501 -0.380108 0.800000 0.000000
0 -34.826977 -70.791985 119.886002 0.322087 -0.036731 -0.945997 1.000000 0.684215
0 -36.873463 -69.906509 120.665794 -0.654642 0.413578 -0.632769 0.800000 0.684215
pine_bark.bmp
0 -34.826977 -70.791985 119.886002 0.322087 -0.036731 -0.945997 0.000000 0.684215
0 -33.681477 -71.707054 121.766968 0.878140 -0.478251 -0.012109 0.200000 0.684215
0 -64.005676 -128.990753 120.279922 0.435227 -0.898708 -0.053866 0.200000 1.224332
pine_bark.bmp
0 -34.826977 -70.791985 119.886002 0.322087 -0.036731 -0.945997 0.000000 0.684215
0 -64.005676 -128.990753 120.279922 0.435227 -0.898708 -0.053866 0.200000 1.224332
0 -64.536766 -128.712692 119.786751 -0.098840 -0.595812 -0.797019 0.000000 1.224332
pine_bark.bmp
0 -33.681477 -71.707054 121.766968 0.878140 -0.478251 -0.012109 0.200000 0.684215
0 -35.100876 -71.315399 123.537163 0.205452 -0.281613 0.937275 0.400000 0.684215
0 -64.264931 -128.876862 120.964684 -0.003263 -0.694129 0.719843 0.400000 1.224332
pine_bark.bmp
0 -33.681477 -71.707054 121.766968 0.878140 -0.478251 -0.012109 0.200000 0.684215
0 -64.264931 -128.876862 120.964684 -0.003263 -0.694129 0.719843 0.400000 1.224332
0 -64.005676 -128.990753 120.279922 0.435227 -0.898708 -0.053866 0.200000 1.224332
pine_bark.bmp
0 -35.100876 -71.315399 123.537163 0.205452 -0.281613 0.937275 0.400000 0.684215
0 -37.103989 -70.213585 123.001427 -0.786118 0.288715 0.546500 0.600000 0.684215
0 -64.953453 -128.531921 120.983429 -0.812025 -0.271483 0.516635 0.600000 1.224332
pine_bark.bmp
0 -35.100876 -71.315399 123.537163 0.205452 -0.281613 0.937275 0.400000 0.684215
0 -64.953453 -128.531921 120.983429 -0.812025 -0.271483 0.516635 0.600000 1.224332
0 -64.264931 -128.876862 120.964684 -0.003263 -0.694129 0.719843 0.400000 1.224332
pine_bark.bmp
0 -37.103989 -70.213585 123.001427 -0.786118 0.288715 0.546500 0.600000 0.684215
0 -36.873463 -69.906509 120.665794 -0.654642 0.413578 -0.632769 0.800000 0.684215
0 -65.094414 -128.443573 120.236382 -0.867609 -0.241492 -0.434667 0.800000 1.224332
pine_bark.bmp
0 -37.103989 -70.213585 123.001427 -0.786118 0.288715 0.546500 0.600000 0.684215
0 -65.094414 -128.443573 120.236382 -0.867609 -0.241492 -0.434667 0.800000 1.224332
0 -64.953453 -128.531921 120.983429 -0.812025 -0.271483 0.516635 0.600000 1.224332
pine_bark.bmp
0 -36.873463 -69.906509 120.665794 -0.654642 0.413578 -0.632769 0.800000 0.684215
0 -34.826977 -70.791985 119.886002 0.322087 -0.036731 -0.945997 1.000000 0.684215
0 -64.536766 -128.712692 119.786751 -0.098840 -0.595812 -0.797019 1.000000 1.224332
pine_bark.bmp
0 -36.873463 -69.906509 120.665794 -0.654642 0.413578 -0.632769 0.800000 0.684215
0 -64.536766 -128.712692 119.786751 -0.098840 -0.595812 -0.797019 1.000000 1.224332
0 -65.094414 -128.443573 120.236382 -0.867609 -0.241492 -0.434667 0.800000 1.224332
pine_bark.bmp
0 2.082153 0.000000 139.789429 0.633275 0.538671 -0.555694 0.950000 0.500000
0 -2.183632 1.950695 140.400299 -0.211227 0.900501 -0.380108 0.639058 0.072025
0 -3.524025 1.228886 144.901337 -0.420671 0.717116 0.555681 0.135942 0.235497
pine_bark.bmp
0 -3.524025 1.228886 144.901337 -0.420671 0.717116 0.555681 0.135942 0.235497
0 0.043839 -1.125904 146.725327 0.308386 0.256320 0.916078 0.135942 0.764503
0 3.585281 -2.006108 143.831589 0.959962 0.109934 0.257658 0.639058 0.927975
pine_bark.bmp
0 -3.524025 1.228886 144.901337 -0.420671 0.717116 0.555681 0.135942 0.235497
0 3.585281 -2.006108 143.831589 0.959962 0.109934 0.257658 0.639058 0.927975
0 2.082153 0.000000 139.789429 0.633275 0.538671 -0.555694 0.950000 0.500000
pine_bark.bmp
0 -65.094414 -128.443573 120.236382 -0.867609 -0.241492 -0.434667 0.639058 0.072025
0 -64.536766 -128.712692 119.786751 -0.098840 -0.595812 -0.797019 0.950000 0.500000
0 -64.005676 -128.990753 120.279922 0.435227 -0.898708 -0.053866 0.639058 0.927975
pine_bark.bmp
0 -64.005676 -128.990753 120.279922 0.435227 -0.898708 -0.053866 0.639058 0.927975
0 -64.264931 -128.876862 120.964684 -0.003263 -0.694129 0.719843 0.135942 0.764503
0 -64.953453 -128.531921 120.983429 -0.812025 -0.271483 0.516635 0.135942 0.235497
pine_bark.bmp
0 -64.005676 -128.990753 120.279922 0.435227 -0.898708 -0.053866 0.639058 0.927975
0 -64.953453 -128.531921 120.983429 -0.812025 -0.271483 0.516635 0.135942 0.235497
0 -65.094414 -128.443573 120.236382 -0.867609 -0.241492 -0.434667 0.639058 0.072025
pine_needles.bmp
1 -19.698946 -14.820828 111.385391 -0.663806 0.501237 0.555088 0.507500 0.507500
1 -50.878937 -56.113586 111.385391 -0.663806 0.501237 0.555088 0.992500 0.507500
1 -25.498743 -75.278061 159.041748 -0.663806 0.501237 0.555088 0.992500 0.992500
pine_needles.bmp
1 -19.698946 -14.820828 111.385391 -0.663806 0.501237 0.555088 0.507500 0.507500
1 -25.498743 -75.278061 159.041748 -0.663806 0.501237 0.555088 0.992500 0.992500
1 5.681246 -33.985306 159.041748 -0.663806 0.501237 0.555088 0.507500 0.992500
pine_needles.bmp
1 5.681246 -33.985306 159.041748 0.663806 -0.501237 -0.555088 0.507500 0.992500
1 -25.498743 -75.278061 159.041748 0.663806 -0.501237 -0.555088 0.992500 0.992500
1 -50.878937 -56.113586 111.385391 0.663806 -0.501237 -0.555088 0.992500 0.507500
pine_needles.bmp
1 5.681246 -33.985306 159.041748 0.663806 -0.501237 -0.555088 0.507500 0.992500
1 -50.878937 -56.113586 111.385391 0.663806 -0.501237 -0.555088 0.992500 0.507500
1 -19.698946 -14.820828 111.385391 0.663806 -0.501237 -0.555088 0.507500 0.507500
pine_needles.bmp
1 -57.894665 -48.860222 119.780998 -0.322959 -0.427706 0.844254 0.507500 0.007500
1 -16.601906 -80.040215 119.780998 -0.322959 -0.427706 0.844254 0.992500 0.007500
1 12.696975 -41.238670 150.646133 -0.322959 -0.427706 0.844254 0.992500 0.492500
pine_needles.bmp
1 -57.894665 -48.860222 119.780998 -0.322959 -0.427706 0.844254 0.507500 0.007500
1 12.696975 -41.238670 150.646133 -0.322959 -0.427706 0.844254 0.992500 0.492500
1 -28.595783 -10.058681 150.646133 -0.322959 -0.427706 0.844254 0.507500 0.492500
pine_needles.bmp
1 -28.595783 -10.058681 150.646133 0.322959 0.427706 -0.844254 0.507500 0.492500
1 12.696975 -41.238670 150.646133 0.322959 0.427706 -0.844254 0.992500 0.492500
1 -16.601906 -80.040215 119.780998 0.322959 0.427706 -0.844254 0.992500 0.007500
pine_needles.bmp
1 -28.595783 -10.058681 150.646133 0.322959 0.427706 -0.844254 0.507500 0.492500
1 -16.601906 -80.040215 119.780998 0.322959 0.427706 -0.844254 0.992500 0.007500
1 -57.894665 -48.860222 119.780998 0.322959 0.427706 -0.844254 0.507500 0.007500
pine_needles.bmp
1 -27.220369 -52.892639 104.382057 -0.221921 0.697396 0.681462 0.507500 0.507500
1 -67.955536 -65.855103 104.382057 -0.221921 0.697396 0.681462 0.992500 0.507500
1 -54.135464 -109.285355 153.328384 -0.221921 0.697396 0.681462 0.992500 0.992500
pine_needles.bmp
1 -27.220369 -52.892639 104.382057 -0.221921 0.697396 0.681462 0.507500 0.507500
1 -54.135464 -109.285355 153.328384 -0.221921 0.697396 0.681462 0.992500 0.992500
1 -13.400293 -96.322891 153.328384 -0.221921 0.697396 0.681462 0.507500 0.992500
pine_needles.bmp
1 -13.400293 -96.322891 153.328384 0.221921 -0.697396 -0.681462 0.507500 0.992500
1 -54.135464 -109.285355 153.328384 0.221921 -0.697396 -0.681462 0.992500 0.992500
1 -67.955536 -65.855103 104.382057 0.221921 -0.697396 -0.681462 0.992500 0.507500
pine_needles.bmp
1 -13.400293 -96.322891 153.328384 0.221921 -0.697396 -0.681462 0.507500 0.992500
1 -67.955536 -65.855103 104.382057 0.221921 -0.697396 -0.681462 0.992500 0.507500
1 -27.220369 -52.892639 104.382057 0.221921 -0.697396 -0.681462 0.507500 0.507500
pine_needles.bmp
1 -72.697548 -68.848068 108.730804 -0.572191 -0.182079 0.799653 0.507500 0.007500
1 -59.735085 -109.583237 108.730804 -0.572191 -0.182079 0.799653 0.992500 0.007500
1 -8.658285 -93.329926 148.979630 -0.572191 -0.182079 0.799653 0.992500 0.492500
pine_needles.bmp
1 -72.697548 -68.848068 108.730804 -0.572191 -0.182079 0.799653 0.507500 0.007500
1 -8.658285 -93.329926 148.979630 -0.572191 -0.182079 0.799653 0.992500 0.492500
1 -21.620749 -52.594757 148.979630 -0.572191 -0.182079 0.799653 0.507500 0.492500
pine_needles.bmp
1 -21.620749 -52.594757 148.979630 0.572191 0.182079 -0.799653 0.507500 0.492500
1 -8.658285 -93.329926 148.979630 0.572191 0.182079 -0.799653 0.992500 0.492500
1 -59.735085 -109.583237 108.730804 0.572191 0.182079 -0.799653 0.992500 0.007500
pine_needles.bmp
1 -21.620749 -52.594757 148.979630 0.572191 0.182079 -0.799653 0.507500 0.492500
1 -59.735085 -109.583237 108.730804 0.572191 0.182079 -0.799653 0.992500 0.007500
1 -72.697548 -68.848068 108.730804 0.572191 0.182079 -0.799653 0.507500 0.007500
pine_needles.bmp
1 -34.046135 -129.840759 103.229950 0.671441 0.245395 0.699248 0.007500 0.507500
1 -48.066757 -91.478111 103.229950 0.671441 0.245395 0.699248 0.492500 0.507500
1 -83.467850 -104.416359 141.763779 0.671441 0.245395 0.699248 0.492500 0.992500
pine_needles.bmp
1 -34.046135 -129.840759 103.229950 0.671441 0.245395 0.699248 0.007500 0.507500
1 -83.467850 -104.416359 141.763779 0.671441 0.245395 0.699248 0.492500 0.992500
1 -69.447227 -142.778992 141.763779 0.671441 0.245395 0.699248 0.007500 0.992500
pine_needles.bmp
1 -69.447227 -142.778992 141.763779 -0.671441 -0.245395 -0.699248 0.007500 0.992500
1 -83.467850 -104.416359 141.763779 -0.671441 -0.245395 -0.699248 0.492500 0.992500
1 -48.066757 -91.478111 103.229950 -0.671441 -0.245395 -0.699248 0.492500 0.507500
pine_needles.bmp
1 -69.447227 -142.778992 141.763779 -0.671441 -0.245395 -0.699248 0.007500 0.992500
1 -48.066757 -91.478111 103.229950 -0.671441 -0.245395 -0.699248 0.492500 0.507500
1 -34.046135 -129.840759 103.229950 -0.671441 -0.245395 -0.699248 0.007500 0.507500
pine_needles.bmp
1 -46.406757 -91.427299 104.292824 -0.231694 0.633951 0.737851 0.007500 0.007500
1 -84.769409 -105.447914 104.292824 -0.231694 0.633951 0.737851 0.492500 0.007500
1 -71.107224 -142.829803 140.700912 -0.231694 0.633951 0.737851 0.492500 0.492500
pine_needles.bmp
1 -46.406757 -91.427299 104.292824 -0.231694 0.633951 0.737851 0.007500 0.007500
1 -71.107224 -142.829803 140.700912 -0.231694 0.633951 0.737851 0.492500 0.492500
1 -32.744579 -128.809189 140.700912 -0.231694 0.633951 0.737851 0.007500 0.492500
pine_needles.bmp
1 -32.744579 -128.809189 140.700912 0.231694 -0.633951 -0.737851 0.007500 0.492500
1 -71.107224 -142.829803 140.700912 0.231694 -0.633951 -0.737851 0.492500 0.492500
1 -84.769409 -105.447914 104.292824 0.231694 -0.633951 -0.737851 0.492500 0.007500
pine_needles.bmp
1 -32.744579 -128.809189 140.700912 0.231694 -0.633951 -0.737851 0.007500 0.492500
1 -84.769409 -105.447914 104.292824 0.231694 -0.633951 -0.737851 0.492500 0.007500
1 -46.406757 -91.427299 104.292824 0.231694 -0.633951 -0.737851 0.007500 0.007500
pine_bark.bmp
0 2.830163 0.000000 145.952332 0.376747 0.527182 0.761670 0.000000 0.000000
0 -1.686556 -1.475895 146.626495 -0.550273 0.240273 0.799668 0.200000 0.000000
0 20.346531 -76.799080 123.247093 -0.640108 -0.321984 0.697558 0.200000 0.684215
pine_bark.bmp
0 2.830163 0.000000 145.952332 0.376747 0.527182 0.761670 0.000000 0.000000
0 20.346531 -76.799080 123.247093 -0.640108 -0.321984 0.697558 0.200000 0.684215
0 22.654972 -76.190987 123.526909 0.555207 0.017072 0.831537 0.000000 0.684215
pine_bark.bmp
0 -1.686556 -1.475895 146.626495 -0.550273 0.240273 0.799668 0.200000 0.000000
0 -3.622045 -0.828328 142.467865 -0.916877 0.395820 -0.051610 0.400000 0.000000
0 19.936413 -76.538811 121.007217 -0.876153 -0.222824 -0.427440 0.400000 0.684215
pine_bark.bmp
0 -1.686556 -1.475895 146.626495 -0.550273 0.240273 0.799668 0.200000 0.000000
0 19.936413 -76.538811 121.007217 -0.876153 -0.222824 -0.427440 0.400000 0.684215
0 20.346531 -76.799080 123.247093 -0.640108 -0.321984 0.697558 0.200000 0.684215
pine_bark.bmp
0 -3.622045 -0.828328 142.467865 -0.916877 0.395820 -0.051610 0.400000 0.000000
0 -0.771646 0.904092 139.259201 -0.260946 0.733522 -0.627576 0.600000 0.000000
0 21.777197 -75.806618 119.759811 0.034309 0.135884 -0.990130 0.600000 0.684215
pine_bark.bmp
0 -3.622045 -0.828328 142.467865 -0.916877 0.395820 -0.051610 0.400000 0.000000
0 21.777197 -75.806618 119.759811 0.034309 0.135884 -0.990130 0.600000 0.684215
0 19.936413 -76.538811 121.007217 -0.876153 -0.222824 -0.427440 0.400000 0.684215
pine_bark.bmp
0 -0.771646 0.904092 139.259201 -0.260946 0.733522 -0.627576 0.600000 0.000000
0 3.410549 1.435128 141.538162 0.560156 0.820733 -0.112351 0.800000 0.000000
0 23.477226 -75.602554 121.415421 0.923264 0.290738 -0.251108 0.800000 0.684215
pine_bark.bmp
0 -0.771646 0.904092 139.259201 -0.260946 0.733522 -0.627576 0.600000 0.000000
0 23.477226 -75.602554 121.415421 0.923264 0.290738 -0.251108 0.800000 0.684215
0 21.777197 -75.806618 119.759811 0.034309 0.135884 -0.990130 0.600000 0.684215
pine_bark.bmp
0 3.410549 1.435128 141.538162 0.560156 0.820733 -0.112351 0.800000 0.000000
0 2.830163 0.000000 145.952332 0.376747 0.527182 0.761670 1.000000 0.000000
0 22.654972 -76.190987 123.526909 0.555207 0.017072 0.831537 1.000000 0.684215
pine_bark.bmp
0 3.410549 1.435128 141.538162 0.560156 0.820733 -0.112351 0.800000 0.000000
0 22.654972 -76.190987 123.526909 0.555207 0.017072 0.831537 1.000000 0.684215
0 23.477226 -75.602554 121.415421 0.923264 0.290738 -0.251108 0.800000 0.684215
pine_bark.bmp
0 22.654972 -76.190987 123.526909 0.555207 0.017072 0.831537 0.000000 0.684215
0 20.346531 -76.799080 123.247093 -0.640108 -0.321984 0.697558 0.200000 0.684215
0 38.736450 -138.698685 120.696068 -0.422533 -0.762128 0.490537 0.200000 1.224332
pine_bark.bmp
0 22.654972 -76.190987 123.526909 0.555207 0.017072 0.831537 0.000000 0.684215
0 38.736450 -138.698685 120.696068 -0.422533 -0.762128 0.490537 0.200000 1.224332
0 39.366745 -138.529068 121.118256 0.472560 -0.500216 0.725583 0.000000 1.224332
pine_bark.bmp
0 20.346531 -76.799080 123.247093 -0.640108 -0.321984 0.697558 0.200000 0.684215
0 19.936413 -76.538811 121.007217 -0.876153 -0.222824 -0.427440 0.400000 0.684215
0 38.926201 -138.629211 119.983856 -0.490283 -0.763529 -0.420293 0.400000 1.224332
pine_bark.bmp
0 20.346531 -76.799080 123.247093 -0.640108 -0.321984 0.697558 0.200000 0.684215
0 38.926201 -138.629211 119.983856 -0.490283 -0.763529 -0.420293 0.400000 1.224332
0 38.736450 -138.698685 120.696068 -0.422533 -0.762128 0.490537 0.200000 1.224332
pine_bark.bmp
0 19.936413 -76.538811 121.007217 -0.876153 -0.222824 -0.427440 0.400000 0.684215
0 21.777197 -75.806618 119.759811 0.034309 0.135884 -0.990130 0.600000 0.684215
0 39.659466 -138.418793 119.878181 0.325061 -0.506677 -0.798507 0.600000 1.224332
pine_bark.bmp
0 19.936413 -76.538811 121.007217 -0.876153 -0.222824 -0.427440 0.400000 0.684215
0 39.659466 -138.418793 119.878181 0.325061 -0.506677 -0.798507 0.600000 1.224332
0 38.926201 -138.629211 119.983856 -0.490283 -0.763529 -0.420293 0.400000 1.224332
pine_bark.bmp
0 21.777197 -75.806618 119.759811 0.034309 0.135884 -0.990130 0.600000 0.684215
0 23.477226 -75.602554 121.415421 0.923264 0.290738 -0.251108 0.800000 0.684215
0 39.905273 -138.364899 120.601601 0.923572 -0.376200 -0.074080 0.800000 1.224332
pine_bark.bmp
0 21.777197 -75.806618 119.759811 0.034309 0.135884 -0.990130 0.600000 0.684215
0 39.905273 -138.364899 120.601601 0.923572 -0.376200 -0.074080 0.800000 1.224332
0 39.659466 -138.418793 119.878181 0.325061 -0.506677 -0.798507 0.600000 1.224332
pine_bark.bmp
0 23.477226 -75.602554 121.415421 0.923264 0.290738 -0.251108 0.800000 0.684215
0 22.654972 -76.190987 123.526909 0.555207 0.017072 0.831537 1.000000 0.684215
0 39.366745 -138.529068 121.118256 0.472560 -0.500216 0.725583 1.000000 1.224332
pine_bark.bmp
0 23.477226 -75.602554 121.415421 0.923264 0.290738 -0.251108 0.800000 0.684215
0 39.366745 -138.529068 121.118256 0.472560 -0.500216 0.725583 1.000000 1.224332
0 39.905273 -138.364899 120.601601 0.923572 -0.376200 -0.074080 0.800000 1.224332
pine_bark.bmp
0 2.830163 0.000000 145.952332 0.376747 0.527182 0.761670 0.950000 0.500000
0 3.410549 1.435128 141.538162 0.560156 0.820733 -0.112351 0.639058 0.072025
0 -0.771646 0.904092 139.259201 -0.260946 0.733522 -0.627576 0.135942 0.235497
pine_bark.bmp
0 -0.771646 0.904092 139.259201 -0.260946 0.733522 -0.627576 0.135942 0.235497
0 -3.622045 -0.828328 142.467865 -0.916877 0.395820 -0.051610 0.135942 0.764503
0 -1.686556 -1.475895 146.626495 -0.550273 0.240273 0.799668 0.639058 0.927975
pine_bark.bmp
0 -0.771646 0.904092 139.259201 -0.260946 0.733522 -0.627576 0.135942 0.235497
0 -1.686556 -1.475895 146.626495 -0.550273 0.240273 0.799668 0.639058 0.927975
0 2.830163 0.000000 145.952332 0.376747 0.527182 0.761670 0.950000 0.500000
pine_bark.bmp
0 39.905273 -138.364899 120.601601 0.923572 -0.376200 -0.074080 0.639058 0.072025
0 39.366745 -138.529068 121.118256 0.472560 -0.500216 0.725583 0.950000 0.500000
0 38.736450 -138.698685 120.696068 -0.422533 -0.762128 0.490537 0.639058 0.927975
pine_bark.bmp
0 38.736450 -138.698685 120.696068 -0.422533 -0.762128 0.490537 0.639058 0.927975
0 38.926201 -138.629211 119.983856 -0.490283 -0.763529 -0.420293 0.135942 0.764503
0 39.659466 -138.418793 119.878181 0.325061 -0.506677 -0.798507 0.135942 0.235497
pine_bark.bmp
0 38.736450 -138.698685 120.696068 -0.422533 -0.762128 0.490537 0.639058 0.927975
0 39.659466 -138.418793 119.878181 0.325061 -0.506677 -0.798507 0.135942 0.235497
0 39.905273 -138.364899 120.601601 0.923572 -0.376200 -0.074080 0.639058 0.072025
pine_needles.bmp
1 38.323032 -70.066856 112.433838 0.733066 0.129550 0.667706 0.507500 0.007500
1 29.438303 -19.792046 112.433838 0.733066 0.129550 0.667706 0.992500 0.007500
1 -10.802294 -26.903496 157.993286 0.733066 0.129550 0.667706 0.992500 0.492500
pine_needles.bmp
1 38.323032 -70.066856 112.433838 0.733066 0.129550 0.667706 0.507500 0.007500
1 -10.802294 -26.903496 157.993286 0.733066 0.129550 0.667706 0.992500 0.492500
1 -1.917564 -77.178307 157.993286 0.733066 0.129550 0.667706 0.507500 0.492500
pine_needles.bmp
1 -1.917564 -77.178307 157.993286 -0.733066 -0.129550 -0.667706 0.507500 0.492500
1 -10.802294 -26.903496 157.993286 -0.733066 -0.129550 -0.667706 0.992500 0.492500
1 29.438303 -19.792046 112.433838 -0.733066 -0.129550 -0.667706 0.992500 0.007500
pine_needles.bmp
1 -1.917564 -77.178307 157.993286 -0.733066 -0.129550 -0.667706 0.507500 0.492500
1 29.438303 -19.792046 112.433838 -0.733066 -0.129550 -0.667706 0.992500 0.007500
1 38.323032 -70.066856 112.433838 -0.733066 -0.129550 -0.667706 0.507500 0.007500
pine_needles.bmp
1 35.487686 -24.746613 111.728043 -0.133624 0.756120 0.640646 0.507500 0.507500
1 -14.787123 -33.631340 111.728043 -0.133624 0.756120 0.640646 0.992500 0.507500
1 -7.966949 -72.223740 158.699081 -0.133624 0.756120 0.640646 0.992500 0.992500
pine_needles.bmp
1 35.487686 -24.746613 111.728043 -0.133624 0.756120 0.640646 0.507500 0.507500
1 -7.966949 -72.223740 158.699081 -0.133624 0.756120 0.640646 0.992500 0.992500
1 42.307861 -63.339012 158.699081 -0.133624 0.756120 0.640646 0.507500 0.992500
pine_needles.bmp
1 42.307861 -63.339012 158.699081 0.133624 -0.756120 -0.640646 0.507500 0.992500
1 -7.966949 -72.223740 158.699081 0.133624 -0.756120 -0.640646 0.992500 0.992500
1 -14.787123 -33.631340 111.728043 0.133624 -0.756120 -0.640646 0.992500 0.507500
pine_needles.bmp
1 42.307861 -63.339012 158.699081 0.133624 -0.756120 -0.640646 0.507500 0.992500
1 -14.787123 -33.631340 111.728043 0.133624 -0.756120 -0.640646 0.992500 0.507500
1 35.487686 -24.746613 111.728043 0.133624 -0.756120 -0.640646 0.507500 0.507500
pine_needles.bmp
1 17.224066 -51.471577 107.607376 -0.560009 0.332379 0.758890 0.007500 0.007500
1 -10.272560 -97.799377 107.607376 -0.560009 0.332379 0.758890 0.492500 0.007500
1 32.313259 -123.075058 150.103073 -0.560009 0.332379 0.758890 0.492500 0.492500
pine_needles.bmp
1 17.224066 -51.471577 107.607376 -0.560009 0.332379 0.758890 0.007500 0.007500
1 32.313259 -123.075058 150.103073 -0.560009 0.332379 0.758890 0.492500 0.492500
1 59.809883 -76.747253 150.103073 -0.560009 0.332379 0.758890 0.007500 0.492500
pine_needles.bmp
1 59.809883 -76.747253 150.103073 0.560009 -0.332379 -0.758890 0.007500 0.492500
1 32.313259 -123.075058 150.103073 0.560009 -0.332379 -0.758890 0.492500 0.492500
1 -10.272560 -97.799377 107.607376 0.560009 -0.332379 -0.758890 0.492500 0.007500
pine_needles.bmp
1 59.809883 -76.747253 150.103073 0.560009 -0.332379 -0.758890 0.007500 0.492500
1 -10.272560 -97.799377 107.607376 0.560009 -0.332379 -0.758890 0.492500 0.007500
1 17.224066 -51.471577 107.607376 0.560009 -0.332379 -0.758890 0.007500 0.007500
pine_needles.bmp
1 -8.358313 -90.311325 102.822868 -0.408345 -0.688002 0.599923 0.507500 0.507500
1 37.969498 -117.807953 102.822868 -0.408345 -0.688002 0.599923 0.992500 0.507500
1 57.895638 -84.235306 154.887558 -0.408345 -0.688002 0.599923 0.992500 0.992500
pine_needles.bmp
1 -8.358313 -90.311325 102.822868 -0.408345 -0.688002 0.599923 0.507500 0.507500
1 57.895638 -84.235306 154.887558 -0.408345 -0.688002 0.599923 0.992500 0.992500
1 11.567831 -56.738678 154.887558 -0.408345 -0.688002 0.599923 0.507500 0.992500
pine_needles.bmp
1 11.567831 -56.738678 154.887558 0.408345 0.688002 -0.599923 0.507500 0.992500
1 57.895638 -84.235306 154.887558 0.408345 0.688002 -0.599923 0.992500 0.992500
1 37.969498 -117.807953 102.822868 0.408345 0.688002 -0.599923 0.992500 0.507500
pine_needles.bmp
1 11.567831 -56.738678 154.887558 0.408345 0.688002 -0.599923 0.507500 0.992500
1 37.969498 -117.807953 102.822868 0.408345 0.688002 -0.599923 0.992500 0.507500
1 -8.358313 -90.311325 102.822868 0.408345 0.688002 -0.599923 0.507500 0.507500
pine_needles.bmp
1 61.447311 -144.976639 97.373123 0.765386 0.252396 0.592014 0.007500 0.507500
1 45.160362 -95.586823 97.373123 0.765386 0.252396 0.592014 0.492500 0.507500
1 10.106607 -107.146271 147.620605 0.765386 0.252396 0.592014 0.492500 0.992500
pine_needles.bmp
1 61.447311 -144.976639 97.373123 0.765386 0.252396 0.592014 0.007500 0.507500
1 10.106607 -107.146271 147.620605 0.765386 0.252396 0.592014 0.492500 0.992500
1 26.393557 -156.536087 147.620605 0.765386 0.252396 0.592014 0.007500 0.992500
pine_needles.bmp
1 26.393557 -156.536087 147.620605 -0.765386 -0.252396 -0.592014 0.007500 0.992500
1 10.106607 -107.146271 147.620605 -0.765386 -0.252396 -0.592014 0.492500 0.992500
1 45.160362 -95.586823 97.373123 -0.765386 -0.252396 -0.592014 0.492500 0.507500
pine_needles.bmp
1 26.393557 -156.536087 147.620605 -0.765386 -0.252396 -0.592014 0.007500 0.992500
1 45.160362 -95.586823 97.373123 -0.765386 -0.252396 -0.592014 0.492500 0.507500
1 61.447311 -144.976639 97.373123 -0.765386 -0.252396 -0.592014 0.007500 0.507500
pine_needles.bmp
1 53.615677 -97.126724 100.225571 -0.223339 0.677270 0.701017 0.507500 0.507500
1 4.225857 -113.413681 100.225571 -0.223339 0.677270 0.701017 0.992500 0.507500
1 17.938240 -154.996170 144.768158 -0.223339 0.677270 0.701017 0.992500 0.992500
pine_needles.bmp
1 53.615677 -97.126724 100.225571 -0.223339 0.677270 0.701017 0.507500 0.507500
1 17.938240 -154.996170 144.768158 -0.223339 0.677270 0.701017 0.992500 0.992500
1 67.328064 -138.709229 144.768158 -0.223339 0.677270 0.701017 0.507500 0.992500
pine_needles.bmp
1 67.328064 -138.709229 144.768158 0.223339 -0.677270 -0.701017 0.507500 0.992500
1 17.938240 -154.996170 144.768158 0.223339 -0.677270 -0.701017 0.992500 0.992500
1 4.225857 -113.413681 100.225571 0.223339 -0.677270 -0.701017 0.992500 0.507500
pine_needles.bmp
1 67.328064 -138.709229 144.768158 0.223339 -0.677270 -0.701017 0.507500 0.992500
1 4.225857 -113.413681 100.225571 0.223339 -0.677270 -0.701017 0.992500 0.507500
1 53.615677 -97.126724 100.225571 0.223339 -0.677270 -0.701017 0.507500 0.507500
pine_bark.bmp
0 1.408332 0.000000 146.857895 -0.141730 0.378612 0.914640 0.000000 0.000000
0 -2.003193 -2.965935 145.262817 -0.819014 -0.206886 0.535177 0.200000 0.000000
0 56.399719 -55.838100 122.675888 -0.567843 -0.724841 0.390077 0.200000 0.684215
pine_bark.bmp
0 1.408332 0.000000 146.857895 -0.141730 0.378612 0.914640 0.000000 0.000000
0 56.399719 -55.838100 122.675888 -0.567843 -0.724841 0.390077 0.200000 0.684215
0 57.992336 -54.407726 123.755905 0.242263 0.020531 0.969993 0.000000 0.684215
pine_bark.bmp
0 -2.003193 -2.965935 145.262817 -0.819014 -0.206886 0.535177 0.200000 0.000000
0 -2.455631 -1.664595 140.846451 -0.931062 0.057433 -0.360313 0.400000 0.000000
0 56.486977 -55.225891 120.468124 -0.533489 -0.450843 -0.715632 0.400000 0.684215
pine_bark.bmp
0 -2.003193 -2.965935 145.262817 -0.819014 -0.206886 0.535177 0.200000 0.000000
0 56.486977 -55.225891 120.468124 -0.533489 -0.450843 -0.715632 0.400000 0.684215
0 56.399719 -55.838100 122.675888 -0.567843 -0.724841 0.390077 0.200000 0.684215
pine_bark.bmp
0 -2.455631 -1.664595 140.846451 -0.931062 0.057433 -0.360313 0.400000 0.000000
0 0.329012 1.816850 139.517075 -0.339138 0.749135 -0.569018 0.600000 0.000000
0 58.005516 -53.503609 119.975815 0.203282 0.375875 -0.904099 0.600000 0.684215
pine_bark.bmp
0 -2.455631 -1.664595 140.846451 -0.931062 0.057433 -0.360313 0.400000 0.000000
0 58.005516 -53.503609 119.975815 0.203282 0.375875 -0.904099 0.600000 0.684215
0 56.486977 -55.225891 120.468124 -0.533489 -0.450843 -0.715632 0.400000 0.684215
pine_bark.bmp
0 0.329012 1.816850 139.517075 -0.339138 0.749135 -0.569018 0.600000 0.000000
0 2.828928 2.884010 143.430679 0.162428 0.956723 0.241449 0.800000 0.000000
0 58.933369 -53.023602 122.105400 0.706859 0.698569 0.111143 0.800000 0.684215
pine_bark.bmp
0 0.329012 1.816850 139.517075 -0.339138 0.749135 -0.569018 0.600000 0.000000
0 58.933369 -53.023602 122.105400 0.706859 0.698569 0.111143 0.800000 0.684215
0 58.005516 -53.503609 119.975815 0.203282 0.375875 -0.904099 0.600000 0.684215
pine_bark.bmp
0 2.828928 2.884010 143.430679 0.162428 0.956723 0.241449 0.800000 0.000000
0 1.408332 0.000000 146.857895 -0.141730 0.378612 0.914640 1.000000 0.000000
0 57.992336 -54.407726 123.755905 0.242263 0.020531 0.969993 1.000000 0.684215
pine_bark.bmp
0 2.828928 2.884010 143.430679 0.162428 0.956723 0.241449 0.800000 0.000000
0 57.992336 -54.407726 123.755905 0.242263 0.020531 0.969993 1.000000 0.684215
0 58.933369 -53.023602 122.105400 0.706859 0.698569 0.111143 0.800000 0.684215
pine_bark.bmp
0 57.992336 -54.407726 123.755905 0.242263 0.020531 0.969993 0.000000 0.684215
0 56.399719 -55.838100 122.675888 -0.567843 -0.724841 0.390077 0.200000 0.684215
0 104.223656 -99.373482 120.663834 -0.054962 -0.952768 0.298686 0.200000 1.224332
pine_bark.bmp
0 57.992336 -54.407726 123.755905 0.242263 0.020531 0.969993 0.000000 0.684215
0 104.223656 -99.373482 120.663834 -0.054962 -0.952768 0.298686 0.200000 1.224332
0 104.662628 -98.923134 121.119919 0.512788 -0.345769 0.785807 0.000000 1.224332
pine_bark.bmp
0 56.399719 -55.838100 122.675888 -0.567843 -0.724841 0.390077 0.200000 0.684215
0 56.486977 -55.225891 120.468124 -0.533489 -0.450843 -0.715632 0.400000 0.684215
0 104.377686 -99.189026 119.963295 0.061371 -0.801696 -0.594573 0.400000 1.224332
pine_bark.bmp
0 56.399719 -55.838100 122.675888 -0.567843 -0.724841 0.390077 0.200000 0.684215
0 104.377686 -99.189026 119.963295 0.061371 -0.801696 -0.594573 0.400000 1.224332
0 104.223656 -99.373482 120.663834 -0.054962 -0.952768 0.298686 0.200000 1.224332
pine_bark.bmp
0 56.486977 -55.225891 120.468124 -0.533489 -0.450843 -0.715632 0.400000 0.684215
0 58.005516 -53.503609 119.975815 0.203282 0.375875 -0.904099 0.600000 0.684215
0 104.903931 -98.630348 119.898094 0.684600 -0.117579 -0.719374 0.600000 1.224332
pine_bark.bmp
0 56.486977 -55.225891 120.468124 -0.533489 -0.450843 -0.715632 0.400000 0.684215
0 104.903931 -98.630348 119.898094 0.684600 -0.117579 -0.719374 0.600000 1.224332
0 104.377686 -99.189026 119.963295 0.061371 -0.801696 -0.594573 0.400000 1.224332
pine_bark.bmp
0 58.005516 -53.503609 119.975815 0.203282 0.375875 -0.904099 0.600000 0.684215
0 58.933369 -53.023602 122.105400 0.706859 0.698569 0.111143 0.800000 0.684215
0 105.060555 -98.487259 120.633759 0.979430 0.136151 0.148929 0.800000 1.224332
pine_bark.bmp
0 58.005516 -53.503609 119.975815 0.203282 0.375875 -0.904099 0.600000 0.684215
0 105.060555 -98.487259 120.633759 0.979430 0.136151 0.148929 0.800000 1.224332
0 104.903931 -98.630348 119.898094 0.684600 -0.117579 -0.719374 0.600000 1.224332
pine_bark.bmp
0 58.933369 -53.023602 122.105400 0.706859 0.698569 0.111143 0.800000 0.684215
0 57.992336 -54.407726 123.755905 0.242263 0.020531 0.969993 1.000000 0.684215
0 104.662628 -98.923134 121.119919 0.512788 -0.345769 0.785807 1.000000 1.224332
pine_bark.bmp
0 58.933369 -53.023602 122.105400 0.706859 0.698569 0.111143 0.800000 0.684215
0 104.662628 -98.923134 121.119919 0.512788 -0.345769 0.785807 1.000000 1.224332
0 105.060555 -98.487259 120.633759 0.979430 0.136151 0.148929 0.800000 1.224332
pine_bark.bmp
0 1.408332 0.000000 146.857895 -0.141730 0.378612 0.914640 0.950000 0.500000
0 2.828928 2.884010 143.430679 0.162428 0.956723 0.241449 0.639058 0.072025
0 0.329012 1.816850 139.517075 -0.339138 0.749135 -0.569018 0.135942 0.235497
pine_bark.bmp
0 0.329012 1.816850 139.517075 -0.339138 0.749135 -0.569018 0.135942 0.235497
0 -2.455631 -1.664595 140.846451 -0.931062 0.057433 -0.360313 0.135942 0.764503
0 -2.003193 -2.965935 145.262817 -0.819014 -0.206886 0.535177 0.639058 0.927975
pine_bark.bmp
0 0.329012 1.816850 139.517075 -0.339138 0.749135 -0.569018 0.135942 0.235497
0 -2.003193 -2.965935 145.262817 -0.819014 -0.206886 0.535177 0.639058 0.927975
0 1.408332 0.000000 146.857895 -0.141730 0.378612 0.914640 0.950000 0.500000
pine_bark.bmp
0 105.060555 -98.487259 120.633759 0.979430 0.136151 0.148929 0.639058 0.072025
0 104.662628 -98.923134 121.119919 0.512788 -0.345769 0.785807 0.950000 0.500000
0 104.223656 -99.373482 120.663834 -0.054962 -0.952768 0.298686 0.639058 0.927975
pine_bark.bmp
0 104.223656 -99.373482 120.663834 -0.054962 -0.952768 0.298686 0.639058 0.927975
0 104.377686 -99.189026 119.963295 0.061371 -0.801696 -0.594573 0.135942 0.764503
0 104.903931 -98.630348 119.898094 0.684600 -0.117579 -0.719374 0.135942 0.235497
pine_bark.bmp
0 104.223656 -99.373482 120.663834 -0.054962 -0.952768 0.298686 0.639058 0.927975
0 104.903931 -98.630348 119.898094 0.684600 -0.117579 -0.719374 0.135942 0.235497
0 105.060555 -98.487259 120.633759 0.979430 0.136151 0.148929 0.639058 0.072025
pine_needles.bmp
1 10.481216 -13.510543 121.116707 -0.442146 0.050428 0.895525 0.007500 0.507500
1 6.398598 -49.306450 121.116707 -0.442146 0.050428 0.895525 0.492500 0.507500
1 62.769073 -55.735657 149.310425 -0.442146 0.050428 0.895525 0.492500 0.992500
pine_needles.bmp
1 10.481216 -13.510543 121.116707 -0.442146 0.050428 0.895525 0.007500 0.507500
1 62.769073 -55.735657 149.310425 -0.442146 0.050428 0.895525 0.492500 0.992500
1 66.851692 -19.939751 149.310425 -0.442146 0.050428 0.895525 0.007500 0.992500
pine_needles.bmp
1 66.851692 -19.939751 149.310425 0.442146 -0.050428 -0.895525 0.007500 0.992500
1 62.769073 -55.735657 149.310425 0.442146 -0.050428 -0.895525 0.492500 0.992500
1 6.398598 -49.306450 121.116707 0.442146 -0.050428 -0.895525 0.492500 0.507500
pine_needles.bmp
1 66.851692 -19.939751 149.310425 0.442146 -0.050428 -0.895525 0.007500 0.992500
1 6.398598 -49.306450 121.116707 0.442146 -0.050428 -0.895525 0.492500 0.507500
1 10.481216 -13.510543 121.116707 0.442146 -0.050428 -0.895525 0.007500 0.507500
pine_needles.bmp
1 15.909601 -57.286072 115.706566 -0.069945 -0.613271 0.786769 0.507500 0.507500
1 51.705505 -61.368690 115.706566 -0.069945 -0.613271 0.786769 0.992500 0.507500
1 57.340691 -11.960131 154.720551 -0.069945 -0.613271 0.786769 0.992500 0.992500
pine_needles.bmp
1 15.909601 -57.286072 115.706566 -0.069945 -0.613271 0.786769 0.507500 0.507500
1 57.340691 -11.960131 154.720551 -0.069945 -0.613271 0.786769 0.992500 0.992500
1 21.544783 -7.877512 154.720551 -0.069945 -0.613271 0.786769 0.507500 0.992500
pine_needles.bmp
1 21.544783 -7.877512 154.720551 0.069945 0.613271 -0.786769 0.507500 0.992500
1 57.340691 -11.960131 154.720551 0.069945 0.613271 -0.786769 0.992500 0.992500
1 51.705505 -61.368690 115.706566 0.069945 0.613271 -0.786769 0.992500 0.507500
pine_needles.bmp
1 21.544783 -7.877512 154.720551 0.069945 0.613271 -0.786769 0.507500 0.992500
1 51.705505 -61.368690 115.706566 0.069945 0.613271 -0.786769 0.992500 0.507500
1 15.909601 -57.286072 115.706566 0.069945 0.613271 -0.786769 0.507500 0.507500
pine_needles.bmp
1 89.020569 -83.010162 106.361084 0.772365 0.210710 0.599211 0.007500 0.507500
1 75.314713 -32.770790 106.361084 0.772365 0.210710 0.599211 0.492500 0.507500
1 42.829945 -41.632988 151.349350 0.772365 0.210710 0.599211 0.492500 0.992500
pine_needles.bmp
1 89.020569 -83.010162 106.361084 0.772365 0.210710 0.599211 0.007500 0.507500
1 42.829945 -41.632988 151.349350 0.772365 0.210710 0.599211 0.492500 0.992500
1 56.535801 -91.872360 151.349350 0.772365 0.210710 0.599211 0.007500 0.992500
pine_needles.bmp
1 56.535801 -91.872360 151.349350 -0.772365 -0.210710 -0.599211 0.007500 0.992500
1 42.829945 -41.632988 151.349350 -0.772365 -0.210710 -0.599211 0.492500 0.992500
1 75.314713 -32.770790 106.361084 -0.772365 -0.210710 -0.599211 0.492500 0.507500
pine_needles.bmp
1 56.535801 -91.872360 151.349350 -0.772365 -0.210710 -0.599211 0.007500 0.992500
1 75.314713 -32.770790 106.361084 -0.772365 -0.210710 -0.599211 0.492500 0.507500
1 89.020569 -83.010162 106.361084 -0.772365 -0.210710 -0.599211 0.007500 0.507500
pine_needles.bmp
1 88.056000 -44.512573 103.231522 -0.240619 0.882000 0.405190 0.507500 0.007500
1 37.816631 -58.218426 103.231522 -0.240619 0.882000 0.405190 0.992500 0.007500
1 43.794506 -80.130577 154.478912 -0.240619 0.882000 0.405190 0.992500 0.492500
pine_needles.bmp
1 88.056000 -44.512573 103.231522 -0.240619 0.882000 0.405190 0.507500 0.007500
1 43.794506 -80.130577 154.478912 -0.240619 0.882000 0.405190 0.992500 0.492500
1 94.033875 -66.424721 154.478912 -0.240619 0.882000 0.405190 0.507500 0.492500
pine_needles.bmp
1 94.033875 -66.424721 154.478912 0.240619 -0.882000 -0.405190 0.507500 0.492500
1 43.794506 -80.130577 154.478912 0.240619 -0.882000 -0.405190 0.992500 0.492500
1 37.816631 -58.218426 103.231522 0.240619 -0.882000 -0.405190 0.992500 0.007500
pine_needles.bmp
1 94.033875 -66.424721 154.478912 0.240619 -0.882000 -0.405189 0.507500 0.492500
1 37.816631 -58.218426 103.231522 0.240619 -0.882000 -0.405189 0.992500 0.007500
1 88.056000 -44.512573 103.231522 0.240619 -0.882000 -0.405189 0.507500 0.007500
pine_needles.bmp
1 66.300499 -85.003532 99.874062 -0.614007 -0.350063 0.707426 0.507500 0.507500
1 84.808540 -117.466438 99.874062 -0.614007 -0.350063 0.707426 0.992500 0.507500
1 124.150246 -95.036583 145.119675 -0.614007 -0.350063 0.707426 0.992500 0.992500
pine_needles.bmp
1 66.300499 -85.003532 99.874062 -0.614007 -0.350063 0.707426 0.507500 0.507500
1 124.150246 -95.036583 145.119675 -0.614007 -0.350063 0.707426 0.992500 0.992500
1 105.642204 -62.573681 145.119675 -0.614007 -0.350063 0.707426 0.507500 0.992500
pine_needles.bmp
1 105.642204 -62.573681 145.119675 0.614007 0.350063 -0.707426 0.507500 0.992500
1 124.150246 -95.036583 145.119675 0.614007 0.350063 -0.707426 0.992500 0.992500
1 84.808540 -117.466438 99.874062 0.614007 0.350063 -0.707426 0.992500 0.507500
pine_needles.bmp
1 105.642204 -62.573681 145.119675 0.614007 0.350063 -0.707426 0.507500 0.992500
1 84.808540 -117.466438 99.874062 0.614007 0.350063 -0.707426 0.992500 0.507500
1 66.300499 -85.003532 99.874062 0.614007 0.350063 -0.707426 0.507500 0.507500
pine_needles.bmp
1 93.269531 -124.313339 108.292473 0.218943 -0.384023 0.896990 0.507500 0.507500
1 125.732437 -105.805298 108.292473 0.218943 -0.384023 0.896990 0.992500 0.507500
1 97.181213 -55.726780 136.701248 0.218943 -0.384023 0.896990 0.992500 0.992500
pine_needles.bmp
1 93.269531 -124.313339 108.292473 0.218943 -0.384023 0.896990 0.507500 0.507500
1 97.181213 -55.726780 136.701248 0.218943 -0.384023 0.896990 0.992500 0.992500
1 64.718307 -74.234818 136.701248 0.218943 -0.384023 0.896990 0.507500 0.992500
pine_needles.bmp
1 64.718307 -74.234818 136.701248 -0.218943 0.384023 -0.896990 0.507500 0.992500
1 97.181213 -55.726780 136.701248 -0.218943 0.384023 -0.896990 0.992500 0.992500
1 125.732437 -105.805298 108.292473 -0.218943 0.384023 -0.896990 0.992500 0.507500
pine_needles.bmp
1 64.718307 -74.234818 136.701248 -0.218943 0.384023 -0.896990 0.507500 0.992500
1 125.732437 -105.805298 108.292473 -0.218943 0.384023 -0.896990 0.992500 0.507500
1 93.269531 -124.313339 108.292473 -0.218943 0.384023 -0.896990 0.507500 0.507500
pine_bark.bmp
0 1.166125 0.000000 186.162811 -0.280272 -0.194580 0.939992 0.000000 0.000000
0 1.649590 -3.451353 183.370041 -0.167123 -0.933791 0.316393 0.200000 0.000000
0 66.806267 25.178905 161.757263 0.416956 -0.895966 0.152945 0.200000 0.620795
pine_bark.bmp
0 1.166125 0.000000 186.162811 -0.280272 -0.194580 0.939992 0.000000 0.000000
0 66.806267 25.178905 161.757263 0.416956 -0.895966 0.152945 0.200000 0.620795
0 66.359123 26.985418 163.259674 0.193607 0.002130 0.981077 0.000000 0.620795
pine_bark.bmp
0 1.649590 -3.451353 183.370041 -0.167123 -0.933791 0.316393 0.200000 0.000000
0 -0.176580 -1.937031 179.739258 -0.563045 -0.664556 -0.491269 0.400000 0.000000
0 66.093475 25.952105 159.715454 0.083124 -0.511574 -0.855209 0.400000 0.620795
pine_bark.bmp
0 1.649590 -3.451353 183.370041 -0.167123 -0.933791 0.316393 0.200000 0.000000
0 66.093475 25.952105 159.715454 0.083124 -0.511574 -0.855209 0.400000 0.620795
0 66.806267 25.178905 161.757263 0.416956 -0.895966 0.152945 0.200000 0.620795
pine_bark.bmp
0 -0.176580 -1.937031 179.739258 -0.563045 -0.664556 -0.491269 0.400000 0.000000
0 -1.754127 2.114203 179.978516 -0.883112 0.209758 -0.419661 0.600000 0.000000
0 65.204994 28.127287 159.721771 -0.324353 0.527740 -0.785039 0.600000 0.620795
pine_bark.bmp
0 -0.176580 -1.937031 179.739258 -0.563045 -0.664556 -0.491269 0.400000 0.000000
0 65.204994 28.127287 159.721771 -0.324353 0.527740 -0.785039 0.600000 0.620795
0 66.093475 25.952105 159.715454 0.083124 -0.511574 -0.855209 0.400000 0.620795
pine_bark.bmp
0 -1.754127 2.114203 179.978516 -0.883112 0.209758 -0.419661 0.600000 0.000000
0 -0.874485 3.356020 184.153290 -0.706027 0.508705 0.492691 0.800000 0.000000
0 65.400032 28.733521 162.002914 -0.279837 0.897928 0.339731 0.800000 0.620795
pine_bark.bmp
0 -1.754127 2.114203 179.978516 -0.883112 0.209758 -0.419661 0.600000 0.000000
0 65.400032 28.733521 162.002914 -0.279837 0.897928 0.339731 0.800000 0.620795
0 65.204994 28.127287 159.721771 -0.324353 0.527740 -0.785039 0.600000 0.620795
pine_bark.bmp
0 -0.874485 3.356020 184.153290 -0.706027 0.508705 0.492691 0.800000 0.000000
0 1.166125 0.000000 186.162811 -0.280272 -0.194580 0.939992 1.000000 0.000000
0 66.359123 26.985418 163.259674 0.193607 0.002130 0.981077 1.000000 0.620795
pine_bark.bmp
0 -0.874485 3.356020 184.153290 -0.706027 0.508705 0.492691 0.800000 0.000000
0 66.359123 26.985418 163.259674 0.193607 0.002130 0.981077 1.000000 0.620795
0 65.400032 28.733521 162.002914 -0.279837 0.897928 0.339731 0.800000 0.620795
pine_bark.bmp
0 66.359123 26.985418 163.259674 0.193607 0.002130 0.981077 0.000000 0.620795
0 66.806267 25.178905 161.757263 0.416956 -0.895966 0.152945 0.200000 0.620795
0 120.192986 48.490887 160.138840 0.860180 -0.481575 0.167854 0.200000 1.106925
pine_bark.bmp
0 66.359123 26.985418 163.259674 0.193607 0.002130 0.981077 0.000000 0.620795
0 120.192986 48.490887 160.138840 0.860180 -0.481575 0.167854 0.200000 1.106925
0 119.970406 49.064396 160.612793 0.580435 0.199397 0.789516 0.000000 1.106925
pine_bark.bmp
0 66.806267 25.178905 161.757263 0.416956 -0.895966 0.152945 0.200000 0.620795
0 66.093475 25.952105 159.715454 0.083124 -0.511574 -0.855209 0.400000 0.620795
0 120.079338 48.725788 159.445541 0.712109 -0.177478 -0.679267 0.400000 1.106925
pine_bark.bmp
0 66.806267 25.178905 161.757263 0.416956 -0.895966 0.152945 0.200000 0.620795
0 120.079338 48.725788 159.445541 0.712109 -0.177478 -0.679267 0.400000 1.106925
0 120.192986 48.490887 160.138840 0.860180 -0.481575 0.167854 0.200000 1.106925
pine_bark.bmp
0 66.093475 25.952105 159.715454 0.083124 -0.511574 -0.855209 0.400000 0.620795
0 65.204994 28.127287 159.721771 -0.324353 0.527740 -0.785039 0.600000 0.620795
0 119.787239 49.437256 159.402451 0.348447 0.680163 -0.644952 0.600000 1.106925
pine_bark.bmp
0 66.093475 25.952105 159.715454 0.083124 -0.511574 -0.855209 0.400000 0.620795
0 119.787239 49.437256 159.402451 0.348447 0.680163 -0.644952 0.600000 1.106925
0 120.079338 48.725788 159.445541 0.712109 -0.177478 -0.679267 0.400000 1.106925
pine_bark.bmp
0 65.204994 28.127287 159.721771 -0.324353 0.527740 -0.785039 0.600000 0.620795
0 65.400032 28.733521 162.002914 -0.279837 0.897928 0.339731 0.800000 0.620795
0 119.731483 49.619473 160.143860 0.298556 0.913390 0.276736 0.800000 1.106925
pine_bark.bmp
0 65.204994 28.127287 159.721771 -0.324353 0.527740 -0.785039 0.600000 0.620795
0 119.731483 49.619473 160.143860 0.298556 0.913390 0.276736 0.800000 1.106925
0 119.787239 49.437256 159.402451 0.348447 0.680163 -0.644952 0.600000 1.106925
pine_bark.bmp
0 65.400032 28.733521 162.002914 -0.279837 0.897928 0.339731 0.800000 0.620795
0 66.359123 26.985418 163.259674 0.193607 0.002130 0.981077 1.000000 0.620795
0 119.970406 49.064396 160.612793 0.580435 0.199397 0.789516 1.000000 1.106925
pine_bark.bmp
0 65.400032 28.733521 162.002914 -0.279837 0.897928 0.339731 0.800000 0.620795
0 119.970406 49.064396 160.612793 0.580435 0.199397 0.789516 1.000000 1.106925
0 119.731483 49.619473 160.143860 0.298556 0.913390 0.276736 0.800000 1.106925
pine_bark.bmp
0 1.166125 0.000000 186.162811 -0.280272 -0.194580 0.939992 0.950000 0.500000
0 -0.874485 3.356020 184.153290 -0.706027 0.508705 0.492691 0.639058 0.072025
0 -1.754127 2.114203 179.978516 -0.883112 0.209758 -0.419661 0.135942 0.235497
pine_bark.bmp
0 -1.754127 2.114203 179.978516 -0.883112 0.209758 -0.419661 0.135942 0.235497
0 -0.176580 -1.937031 179.739258 -0.563045 -0.664556 -0.491269 0.135942 0.764503
0 1.649590 -3.451353 183.370041 -0.167123 -0.933791 0.316393 0.639058 0.927975
pine_bark.bmp
0 -1.754127 2.114203 179.978516 -0.883112 0.209758 -0.419661 0.135942 0.235497
0 1.649590 -3.451353 183.370041 -0.167123 -0.933791 0.316393 0.639058 0.927975
0 1.166125 0.000000 186.162811 -0.280272 -0.194580 0.939992 0.950000 0.500000
pine_bark.bmp
0 119.731483 49.619473 160.143860 0.298556 0.913390 0.276736 0.639058 0.072025
0 119.970406 49.064396 160.612793 0.580435 0.199397 0.789516 0.950000 0.500000
0 120.192986 48.490887 160.138840 0.860180 -0.481575 0.167854 0.639058 0.927975
pine_bark.bmp
0 120.192986 48.490887 160.138840 0.860180 -0.481575 0.167854 0.639058 0.927975
0 120.079338 48.725788 159.445541 0.712109 -0.177478 -0.679267 0.135942 0.764503
0 119.787239 49.437256 159.402451 0.348447 0.680163 -0.644952 0.135942 0.235497
pine_bark.bmp
0 120.192986 48.490887 160.138840 0.860180 -0.481575 0.167854 0.639058 0.927975
0 119.787239 49.437256 159.402451 0.348447 0.680163 -0.644952 0.135942 0.235497
0 119.731483 49.619473 160.143860 0.298556 0.913390 0.276736 0.639058 0.072025
pine_needles.bmp
1 65.033394 43.969322 159.380371 -0.057632 0.532538 0.844442 0.507500 0.507500
1 13.734928 38.417763 159.380371 -0.057632 0.532538 0.844442 0.992500 0.507500
1 18.934074 -9.624243 190.032379 -0.057632 0.532538 0.844442 0.992500 0.992500
pine_needles.bmp
1 65.033394 43.969322 159.380371 -0.057632 0.532538 0.844442 0.507500 0.507500
1 18.934074 -9.624243 190.032379 -0.057632 0.532538 0.844442 0.992500 0.992500
1 70.232536 -4.072680 190.032379 -0.057632 0.532538 0.844442 0.507500 0.992500
pine_needles.bmp
1 70.232536 -4.072680 190.032379 0.057632 -0.532538 -0.844442 0.507500 0.992500
1 18.934074 -9.624243 190.032379 0.057632 -0.532538 -0.844442 0.992500 0.992500
1 13.734928 38.417763 159.380371 0.057632 -0.532538 -0.844442 0.992500 0.507500
pine_needles.bmp
1 70.232536 -4.072680 190.032379 0.057632 -0.532538 -0.844442 0.507500 0.992500
1 13.734928 38.417763 159.380371 0.057632 -0.532538 -0.844442 0.992500 0.507500
1 65.033394 43.969322 159.380371 0.057632 -0.532538 -0.844442 0.507500 0.507500
pine_needles.bmp
1 18.622440 40.593990 155.058990 -0.684329 -0.074059 0.725402 0.507500 0.507500
1 24.174000 -10.704473 155.058990 -0.684329 -0.074059 0.725402 0.992500 0.507500
1 65.345032 -6.248911 194.353760 -0.684329 -0.074059 0.725402 0.992500 0.992500
pine_needles.bmp
1 18.622440 40.593990 155.058990 -0.684329 -0.074059 0.725402 0.507500 0.507500
1 65.345032 -6.248911 194.353760 -0.684329 -0.074059 0.725402 0.992500 0.992500
1 59.793468 45.049557 194.353760 -0.684329 -0.074059 0.725402 0.507500 0.992500
pine_needles.bmp
1 59.793468 45.049557 194.353760 0.684329 0.074059 -0.725402 0.507500 0.992500
1 65.345032 -6.248911 194.353760 0.684329 0.074059 -0.725402 0.992500 0.992500
1 24.174000 -10.704473 155.058990 0.684329 0.074059 -0.725402 0.992500 0.507500
pine_needles.bmp
1 59.793468 45.049557 194.353760 0.684329 0.074059 -0.725402 0.507500 0.992500
1 24.174000 -10.704473 155.058990 0.684329 0.074059 -0.725402 0.992500 0.507500
1 18.622440 40.593990 155.058990 0.684329 0.074059 -0.725402 0.507500 0.507500
pine_needles.bmp
1 104.641212 30.221189 146.316650 0.492980 0.598195 0.631771 0.007500 0.507500
1 69.339531 59.313759 146.316650 0.492980 0.598195 0.631771 0.492500 0.507500
1 46.500225 31.599947 190.379425 0.492980 0.598195 0.631771 0.492500 0.992500
pine_needles.bmp
1 104.641212 30.221189 146.316650 0.492980 0.598195 0.631771 0.007500 0.507500
1 46.500225 31.599947 190.379425 0.492980 0.598195 0.631771 0.492500 0.992500
1 81.801903 2.507380 190.379425 0.492980 0.598195 0.631771 0.007500 0.992500
pine_needles.bmp
1 81.801903 2.507380 190.379425 -0.492980 -0.598195 -0.631771 0.007500 0.992500
1 46.500225 31.599947 190.379425 -0.492980 -0.598195 -0.631771 0.492500 0.992500
1 69.339531 59.313759 146.316650 -0.492980 -0.598195 -0.631771 0.492500 0.507500
pine_needles.bmp
1 81.801903 2.507380 190.379425 -0.492980 -0.598195 -0.631771 0.007500 0.992500
1 69.339531 59.313759 146.316650 -0.492980 -0.598195 -0.631771 0.492500 0.507500
1 104.641212 30.221189 146.316650 -0.492980 -0.598195 -0.631771 0.007500 0.507500
pine_needles.bmp
1 79.980927 56.914673 143.218170 -0.683925 0.563631 0.463213 0.507500 0.507500
1 50.888367 21.612988 143.218170 -0.683925 0.563631 0.463213 0.992500 0.507500
1 71.160500 4.906464 193.477905 -0.683925 0.563631 0.463213 0.992500 0.992500
pine_needles.bmp
1 79.980927 56.914673 143.218170 -0.683925 0.563631 0.463213 0.507500 0.507500
1 71.160500 4.906464 193.477905 -0.683925 0.563631 0.463213 0.992500 0.992500
1 100.253067 40.208145 193.477905 -0.683925 0.563631 0.463213 0.507500 0.992500
pine_needles.bmp
1 100.253067 40.208145 193.477905 0.683925 -0.563631 -0.463213 0.507500 0.992500
1 71.160500 4.906464 193.477905 0.683925 -0.563631 -0.463213 0.992500 0.992500
1 50.888367 21.612988 143.218170 0.683925 -0.563631 -0.463213 0.992500 0.507500
pine_needles.bmp
1 100.253067 40.208145 193.477905 0.683925 -0.563631 -0.463213 0.507500 0.992500
1 50.888367 21.612988 143.218170 0.683925 -0.563631 -0.463213 0.992500 0.507500
1 79.980927 56.914673 143.218170 0.683925 -0.563631 -0.463213 0.507500 0.507500
pine_needles.bmp
1 76.948326 49.079193 135.064041 -0.559556 -0.601262 0.570423 0.507500 0.507500
1 115.888329 12.840233 135.064041 -0.559556 -0.601262 0.570423 0.992500 0.507500
1 141.367065 40.218014 188.915314 -0.559556 -0.601262 0.570423 0.992500 0.992500
pine_needles.bmp
1 76.948326 49.079193 135.064041 -0.559556 -0.601262 0.570423 0.507500 0.507500
1 141.367065 40.218014 188.915314 -0.559556 -0.601262 0.570423 0.992500 0.992500
1 102.427071 76.456970 188.915314 -0.559556 -0.601262 0.570423 0.507500 0.992500
pine_needles.bmp
1 102.427071 76.456970 188.915314 0.559556 0.601262 -0.570423 0.507500 0.992500
1 141.367065 40.218014 188.915314 0.559556 0.601262 -0.570423 0.992500 0.992500
1 115.888329 12.840233 135.064041 0.559556 0.601262 -0.570423 0.992500 0.507500
pine_needles.bmp
1 102.427071 76.456970 188.915314 0.559556 0.601262 -0.570423 0.507500 0.992500
1 115.888329 12.840233 135.064041 0.559556 0.601262 -0.570423 0.992500 0.507500
1 76.948326 49.079193 135.064041 0.559556 0.601262 -0.570423 0.507500 0.507500
pine_needles.bmp
1 111.094467 6.513546 143.710342 0.406280 -0.378099 0.831852 0.507500 0.007500
1 147.333420 45.453545 143.710342 0.406280 -0.378099 0.831852 0.992500 0.007500
1 107.220932 82.783653 180.269012 0.406280 -0.378099 0.831852 0.992500 0.492500
pine_needles.bmp
1 111.094467 6.513546 143.710342 0.406280 -0.378099 0.831852 0.507500 0.007500
1 107.220932 82.783653 180.269012 0.406280 -0.378099 0.831852 0.992500 0.492500
1 70.981979 43.843658 180.269012 0.406280 -0.378099 0.831852 0.507500 0.492500
pine_needles.bmp
1 70.981979 43.843658 180.269012 -0.406280 0.378099 -0.831852 0.507500 0.492500
1 107.220932 82.783653 180.269012 -0.406280 0.378099 -0.831852 0.992500 0.492500
1 147.333420 45.453545 143.710342 -0.406280 0.378099 -0.831852 0.992500 0.007500
pine_needles.bmp
1 70.981979 43.843658 180.269012 -0.406280 0.378099 -0.831852 0.507500 0.492500
1 147.333420 45.453545 143.710342 -0.406280 0.378099 -0.831852 0.992500 0.007500
1 111.094467 6.513546 143.710342 -0.406280 0.378099 -0.831852 0.507500 0.007500
pine_bark.bmp
0 1.925456 0.000000 185.819931 0.088252 -0.456859 0.885150 0.000000 0.000000
0 3.239664 -2.090263 182.119064 0.406312 -0.910012 0.082390 0.200000 0.000000
0 37.821457 60.463318 161.327576 0.861101 -0.502431 -0.077897 0.200000 0.620795
pine_bark.bmp
0 1.925456 0.000000 185.819931 0.088252 -0.456859 0.885150 0.000000 0.000000
0 37.821457 60.463318 161.327576 0.861101 -0.502431 -0.077897 0.200000 0.620795
0 36.728043 61.490776 163.181992 0.355466 -0.011996 0.934612 0.000000 0.620795
pine_bark.bmp
0 3.239664 -2.090263 182.119064 0.406312 -0.910012 0.082390 0.200000 0.000000
0 -0.002001 -1.173135 179.361298 -0.248917 -0.779498 -0.574825 0.400000 0.000000
0 36.436710 60.903076 159.541718 0.189786 -0.265586 -0.945222 0.400000 0.620795
pine_bark.bmp
0 3.239664 -2.090263 182.119064 0.406312 -0.910012 0.082390 0.200000 0.000000
0 36.436710 60.903076 159.541718 0.189786 -0.265586 -0.945222 0.400000 0.620795
0 37.821457 60.463318 161.327576 0.861101 -0.502431 -0.077897 0.200000 0.620795
pine_bark.bmp
0 -0.002001 -1.173135 179.361298 -0.248917 -0.779498 -0.574825 0.400000 0.000000
0 -3.212384 1.280437 180.963470 -0.938971 -0.242567 -0.243915 0.600000 0.000000
0 34.504616 62.140217 160.042572 -0.701857 0.332735 -0.629828 0.600000 0.620795
pine_bark.bmp
0 -0.002001 -1.173135 179.361298 -0.248917 -0.779498 -0.574825 0.400000 0.000000
0 34.504616 62.140217 160.042572 -0.701857 0.332735 -0.629828 0.600000 0.620795
0 36.436710 60.903076 159.541718 0.189786 -0.265586 -0.945222 0.400000 0.620795
pine_bark.bmp
0 -3.212384 1.280437 180.963470 -0.938971 -0.242567 -0.243915 0.600000 0.000000
0 -1.945593 2.032526 185.155212 -0.725116 -0.041028 0.687403 0.800000 0.000000
0 34.744438 62.485012 162.372177 -0.652757 0.522412 0.548629 0.800000 0.620795
pine_bark.bmp
0 -3.212384 1.280437 180.963470 -0.938971 -0.242567 -0.243915 0.600000 0.000000
0 34.744438 62.485012 162.372177 -0.652757 0.522412 0.548629 0.800000 0.620795
0 34.504616 62.140217 160.042572 -0.701857 0.332735 -0.629828 0.600000 0.620795
pine_bark.bmp
0 -1.945593 2.032526 185.155212 -0.725116 -0.041028 0.687403 0.800000 0.000000
0 1.925456 0.000000 185.819931 0.088252 -0.456859 0.885150 1.000000 0.000000
0 36.728043 61.490776 163.181992 0.355466 -0.011996 0.934612 1.000000 0.620795
pine_bark.bmp
0 -1.945593 2.032526 185.155212 -0.725116 -0.041028 0.687403 0.800000 0.000000
0 36.728043 61.490776 163.181992 0.355466 -0.011996 0.934612 1.000000 0.620795
0 34.744438 62.485012 162.372177 -0.652757 0.522412 0.548629 0.800000 0.620795
pine_bark.bmp
0 36.728043 61.490776 163.181992 0.355466 -0.011996 0.934612 0.000000 0.620795
0 37.821457 60.463318 161.327576 0.861101 -0.502431 -0.077897 0.200000 0.620795
0 66.091499 111.487785 160.120377 0.991277 0.127314 0.034077 0.200000 1.106925
pine_bark.bmp
0 36.728043 61.490776 163.181992 0.355466 -0.011996 0.934612 0.000000 0.620795
0 66.091499 111.487785 160.120377 0.991277 0.127314 0.034077 0.200000 1.106925
0 65.579384 111.801407 160.612320 0.456437 0.442701 0.771803 0.000000 1.106925
pine_bark.bmp
0 37.821457 60.463318 161.327576 0.861101 -0.502431 -0.077897 0.200000 0.620795
0 36.436710 60.903076 159.541718 0.189786 -0.265586 -0.945222 0.400000 0.620795
0 65.840637 111.616241 159.435089 0.570953 0.349084 -0.743070 0.400000 1.106925
pine_bark.bmp
0 37.821457 60.463318 161.327576 0.861101 -0.502431 -0.077897 0.200000 0.620795
0 65.840637 111.616241 159.435089 0.570953 0.349084 -0.743070 0.400000 1.106925
0 66.091499 111.487785 160.120377 0.991277 0.127314 0.034077 0.200000 1.106925
pine_bark.bmp
0 36.436710 60.903076 159.541718 0.189786 -0.265586 -0.945222 0.400000 0.620795
0 34.504616 62.140217 160.042572 -0.701857 0.332735 -0.629828 0.600000 0.620795
0 65.176094 112.005302 159.414780 -0.219080 0.804861 -0.551545 0.600000 1.106925
pine_bark.bmp
0 36.436710 60.903076 159.541718 0.189786 -0.265586 -0.945222 0.400000 0.620795
0 65.176094 112.005302 159.414780 -0.219080 0.804861 -0.551545 0.600000 1.106925
0 65.840637 111.616241 159.435089 0.570953 0.349084 -0.743070 0.400000 1.106925
pine_bark.bmp
0 34.504616 62.140217 160.042572 -0.701857 0.332735 -0.629828 0.600000 0.620795
0 34.744438 62.485012 162.372177 -0.652757 0.522412 0.548629 0.800000 0.620795
0 65.040749 112.104950 160.161453 -0.264215 0.878814 0.397337 0.800000 1.106925
pine_bark.bmp
0 34.504616 62.140217 160.042572 -0.701857 0.332735 -0.629828 0.600000 0.620795
0 65.040749 112.104950 160.161453 -0.264215 0.878814 0.397337 0.800000 1.106925
0 65.176094 112.005302 159.414780 -0.219080 0.804861 -0.551545 0.600000 1.106925
pine_bark.bmp
0 34.744438 62.485012 162.372177 -0.652757 0.522412 0.548629 0.800000 0.620795
0 36.728043 61.490776 163.181992 0.355466 -0.011996 0.934612 1.000000 0.620795
0 65.579384 111.801407 160.612320 0.456437 0.442701 0.771803 1.000000 1.106925
pine_bark.bmp
0 34.744438 62.485012 162.372177 -0.652757 0.522412 0.548629 0.800000 0.620795
0 65.579384 111.801407 160.612320 0.456437 0.442701 0.771803 1.000000 1.106925
0 65.040749 112.104950 160.161453 -0.264215 0.878814 0.397337 0.800000 1.106925
pine_bark.bmp
0 1.925456 0.000000 185.819931 0.088252 -0.456859 0.885150 0.950000 0.500000
0 -1.945593 2.032526 185.155212 -0.725116 -0.041028 0.687403 0.639058 0.072025
0 -3.212384 1.280437 180.963470 -0.938971 -0.242567 -0.243915 0.135942 0.235497
pine_bark.bmp
0 -3.212384 1.280437 180.963470 -0.938971 -0.242567 -0.243915 0.135942 0.235497
0 -0.002001 -1.173135 179.361298 -0.248917 -0.779498 -0.574825 0.135942 0.764503
0 3.239664 -2.090263 182.119064 0.406312 -0.910012 0.082390 0.639058 0.927975
pine_bark.bmp
0 -3.212384 1.280437 180.963470 -0.938971 -0.242567 -0.243915 0.135942 0.235497
0 3.239664 -2.090263 182.119064 0.406312 -0.910012 0.082390 0.639058 0.927975
0 1.925456 0.000000 185.819931 0.088252 -0.456859 0.885150 0.950000 0.500000
pine_bark.bmp
0 65.040749 112.104950 160.161453 -0.264215 0.878814 0.397337 0.639058 0.072025
0 65.579384 111.801407 160.612320 0.456437 0.442701 0.771803 0.950000 0.500000
0 66.091499 111.487785 160.120377 0.991277 0.127314 0.034077 0.639058 0.927975
pine_bark.bmp
0 66.091499 111.487785 160.120377 0.991277 0.127314 0.034077 0.639058 0.927975
0 65.840637 111.616241 159.435089 0.570953 0.349084 -0.743070 0.135942 0.764503
0 65.176094 112.005302 159.414780 -0.219080 0.804861 -0.551545 0.135942 0.235497
pine_bark.bmp
0 66.091499 111.487785 160.120377 0.991277 0.127314 0.034077 0.639058 0.927975
0 65.176094 112.005302 159.414780 -0.219080 0.804861 -0.551545 0.135942 0.235497
0 65.040749 112.104950 160.161453 -0.264215 0.878814 0.397337 0.639058 0.072025
pine_needles.bmp
1 10.020029 61.751598 143.511185 -0.861662 0.168110 0.478830 0.007500 0.507500
1 2.464605 23.025576 143.511185 -0.861662 0.168110 0.478830 0.492500 0.507500
1 35.863922 16.509390 205.901566 -0.861662 0.168110 0.478830 0.492500 0.992500
pine_needles.bmp
1 10.020029 61.751598 143.511185 -0.861662 0.168110 0.478830 0.007500 0.507500
1 35.863922 16.509390 205.901566 -0.861662 0.168110 0.478830 0.492500 0.992500
1 43.419342 55.235409 205.901566 -0.861662 0.168110 0.478830 0.007500 0.992500
pine_needles.bmp
1 43.419342 55.235409 205.901566 0.861662 -0.168110 -0.478830 0.007500 0.992500
1 35.863922 16.509390 205.901566 0.861662 -0.168110 -0.478830 0.492500 0.992500
1 2.464605 23.025576 143.511185 0.861662 -0.168110 -0.478830 0.492500 0.507500
pine_needles.bmp
1 43.419342 55.235409 205.901566 0.861662 -0.168110 -0.478830 0.007500 0.992500
1 2.464605 23.025576 143.511185 0.861662 -0.168110 -0.478830 0.492500 0.507500
1 10.020029 61.751598 143.511185 0.861662 -0.168110 -0.478830 0.007500 0.507500
pine_needles.bmp
1 -1.738614 15.652475 152.264908 -0.120359 -0.616912 0.777775 0.007500 0.007500
1 36.987408 8.097048 152.264908 -0.120359 -0.616912 0.777775 0.492500 0.007500
1 47.622562 62.608513 197.147827 -0.120359 -0.616912 0.777775 0.492500 0.492500
pine_needles.bmp
1 -1.738614 15.652475 152.264908 -0.120359 -0.616912 0.777775 0.007500 0.007500
1 47.622562 62.608513 197.147827 -0.120359 -0.616912 0.777775 0.492500 0.492500
1 8.896542 70.163940 197.147827 -0.120359 -0.616912 0.777775 0.007500 0.492500
pine_needles.bmp
1 8.896542 70.163940 197.147827 0.120359 0.616912 -0.777775 0.007500 0.492500
1 47.622562 62.608513 197.147827 0.120359 0.616912 -0.777775 0.492500 0.492500
1 36.987408 8.097048 152.264908 0.120359 0.616912 -0.777775 0.492500 0.007500
pine_needles.bmp
1 8.896542 70.163940 197.147827 0.120359 0.616912 -0.777775 0.007500 0.492500
1 36.987408 8.097048 152.264908 0.120359 0.616912 -0.777775 0.492500 0.007500
1 -1.738614 15.652475 152.264908 0.120359 0.616912 -0.777775 0.007500 0.007500
pine_needles.bmp
1 18.922148 50.384865 138.482071 0.066017 -0.850631 0.521602 0.007500 0.507500
1 66.494545 54.076912 138.482071 0.066017 -0.850631 0.521602 0.492500 0.507500
1 63.668957 90.484901 198.214005 0.066017 -0.850631 0.521602 0.492500 0.992500
pine_needles.bmp
1 18.922148 50.384865 138.482071 0.066017 -0.850631 0.521602 0.007500 0.507500
1 63.668957 90.484901 198.214005 0.066017 -0.850631 0.521602 0.492500 0.992500
1 16.096563 86.792854 198.214005 0.066017 -0.850631 0.521602 0.007500 0.992500
pine_needles.bmp
1 16.096563 86.792854 198.214005 -0.066017 0.850631 -0.521602 0.007500 0.992500
1 63.668957 90.484901 198.214005 -0.066017 0.850631 -0.521602 0.492500 0.992500
1 66.494545 54.076912 138.482071 -0.066017 0.850631 -0.521602 0.492500 0.507500
pine_needles.bmp
1 16.096563 86.792854 198.214005 -0.066017 0.850631 -0.521602 0.007500 0.992500
1 66.494545 54.076912 138.482071 -0.066017 0.850631 -0.521602 0.492500 0.507500
1 18.922148 50.384865 138.482071 -0.066017 0.850631 -0.521602 0.007500 0.507500
pine_needles.bmp
1 73.048019 48.969696 149.913101 0.522026 0.040514 0.851967 0.507500 0.007500
1 69.355980 96.542084 149.913101 0.522026 0.040514 0.851967 0.992500 0.007500
1 9.543085 91.900070 186.782990 0.522026 0.040514 0.851967 0.992500 0.492500
pine_needles.bmp
1 73.048019 48.969696 149.913101 0.522026 0.040514 0.851967 0.507500 0.007500
1 9.543085 91.900070 186.782990 0.522026 0.040514 0.851967 0.992500 0.492500
1 13.235125 44.327682 186.782990 0.522026 0.040514 0.851967 0.507500 0.492500
pine_needles.bmp
1 13.235125 44.327682 186.782990 -0.522026 -0.040514 -0.851967 0.507500 0.492500
1 9.543085 91.900070 186.782990 -0.522026 -0.040514 -0.851967 0.992500 0.492500
1 69.355980 96.542084 149.913101 -0.522026 -0.040514 -0.851967 0.992500 0.007500
pine_needles.bmp
1 13.235125 44.327682 186.782990 -0.522026 -0.040514 -0.851967 0.507500 0.492500
1 69.355980 96.542084 149.913101 -0.522026 -0.040514 -0.851967 0.992500 0.007500
1 73.048019 48.969696 149.913101 -0.522026 -0.040514 -0.851967 0.507500 0.007500
pine_needles.bmp
1 92.649231 91.854752 140.707886 0.575702 0.237386 0.782442 0.007500 0.007500
1 76.091156 132.010895 140.707886 0.575702 0.237386 0.782442 0.492500 0.007500
1 26.649021 111.623810 183.271469 0.575702 0.237386 0.782442 0.492500 0.492500
pine_needles.bmp
1 92.649231 91.854752 140.707886 0.575702 0.237386 0.782442 0.007500 0.007500
1 26.649021 111.623810 183.271469 0.575702 0.237386 0.782442 0.492500 0.492500
1 43.207104 71.467667 183.271469 0.575702 0.237386 0.782442 0.007500 0.492500
pine_needles.bmp
1 43.207104 71.467667 183.271469 -0.575702 -0.237386 -0.782442 0.007500 0.492500
1 26.649021 111.623810 183.271469 -0.575702 -0.237386 -0.782442 0.492500 0.492500
1 76.091156 132.010895 140.707886 -0.575702 -0.237386 -0.782442 0.492500 0.007500
pine_needles.bmp
1 43.207104 71.467667 183.271469 -0.575702 -0.237386 -0.782442 0.007500 0.492500
1 76.091156 132.010895 140.707886 -0.575702 -0.237386 -0.782442 0.492500 0.007500
1 92.649231 91.854752 140.707886 -0.575702 -0.237386 -0.782442 0.007500 0.007500
pine_needles.bmp
1 67.822014 138.890396 147.876480 -0.156985 0.380714 0.911270 0.507500 0.007500
1 27.665874 122.332314 147.876480 -0.156985 0.380714 0.911270 0.992500 0.007500
1 51.476246 64.588158 176.102875 -0.156985 0.380714 0.911270 0.992500 0.492500
pine_needles.bmp
1 67.822014 138.890396 147.876480 -0.156985 0.380714 0.911270 0.507500 0.007500
1 51.476246 64.588158 176.102875 -0.156985 0.380714 0.911270 0.992500 0.492500
1 91.632378 81.146248 176.102875 -0.156985 0.380714 0.911270 0.507500 0.492500
pine_needles.bmp
1 91.632378 81.146248 176.102875 0.156985 -0.380714 -0.911270 0.507500 0.492500
1 51.476246 64.588158 176.102875 0.156985 -0.380714 -0.911270 0.992500 0.492500
1 27.665874 122.332314 147.876480 0.156985 -0.380714 -0.911270 0.992500 0.007500
pine_needles.bmp
1 91.632378 81.146248 176.102875 0.156985 -0.380714 -0.911270 0.507500 0.492500
1 27.665874 122.332314 147.876480 0.156985 -0.380714 -0.911270 0.992500 0.007500
1 67.822014 138.890396 147.876480 0.156985 -0.380714 -0.911270 0.507500 0.007500
pine_bark.bmp
0 2.533959 0.000000 179.938431 0.694382 -0.558613 -0.453635 0.000000 0.000000
0 -1.644999 -1.588309 179.543106 -0.227175 -0.864984 -0.447430 0.200000 0.000000
0 -24.796000 66.576225 159.882050 -0.611661 -0.321699 -0.722759 0.200000 0.620795
pine_bark.bmp
0 2.533959 0.000000 179.938431 0.694382 -0.558613 -0.453635 0.000000 0.000000
0 -24.796000 66.576225 159.882050 -0.611661 -0.321699 -0.722759 0.200000 0.620795
0 -22.534082 67.293991 159.502823 0.472292 0.048106 -0.880128 0.000000 0.620795
pine_bark.bmp
0 -1.644999 -1.588309 179.543106 -0.227175 -0.864984 -0.447430 0.200000 0.000000
0 -3.318706 -0.891419 183.475632 -0.554872 -0.717621 0.420877 0.400000 0.000000
0 -25.140194 66.883438 162.126953 -0.890688 -0.236345 0.388350 0.400000 0.620795
pine_bark.bmp
0 -1.644999 -1.588309 179.543106 -0.227175 -0.864984 -0.447430 0.200000 0.000000
0 -25.140194 66.883438 162.126953 -0.890688 -0.236345 0.388350 0.400000 0.620795
0 -24.796000 66.576225 159.882050 -0.611661 -0.321699 -0.722759 0.200000 0.620795
pine_bark.bmp
0 -3.318706 -0.891419 183.475632 -0.554872 -0.717621 0.420877 0.400000 0.000000
0 -0.608215 0.972954 186.292038 0.099387 -0.306753 0.946586 0.600000 0.000000
0 -23.297794 67.747681 163.286575 0.062289 0.214756 0.974679 0.600000 0.620795
pine_bark.bmp
0 -3.318706 -0.891419 183.475632 -0.554872 -0.717621 0.420877 0.400000 0.000000
0 -23.297794 67.747681 163.286575 0.062289 0.214756 0.974679 0.600000 0.620795
0 -25.140194 66.883438 162.126953 -0.890688 -0.236345 0.388350 0.400000 0.620795
pine_bark.bmp
0 -0.608215 0.972954 186.292038 0.099387 -0.306753 0.946586 0.600000 0.000000
0 3.184832 1.544436 183.980484 0.894944 -0.207268 0.395114 0.800000 0.000000
0 -21.670189 67.988548 161.566101 0.917660 0.382113 0.109038 0.800000 0.620795
pine_bark.bmp
0 -0.608215 0.972954 186.292038 0.099387 -0.306753 0.946586 0.600000 0.000000
0 -21.670189 67.988548 161.566101 0.917660 0.382113 0.109038 0.800000 0.620795
0 -23.297794 67.747681 163.286575 0.062289 0.214756 0.974679 0.600000 0.620795
pine_bark.bmp
0 3.184832 1.544436 183.980484 0.894944 -0.207268 0.395114 0.800000 0.000000
0 2.533959 0.000000 179.938431 0.694382 -0.558613 -0.453635 1.000000 0.000000
0 -22.534082 67.293991 159.502823 0.472292 0.048106 -0.880128 1.000000 0.620795
pine_bark.bmp
0 3.184832 1.544436 183.980484 0.894944 -0.207268 0.395114 0.800000 0.000000
0 -22.534082 67.293991 159.502823 0.472292 0.048106 -0.880128 1.000000 0.620795
0 -21.670189 67.988548 161.566101 0.917660 0.382113 0.109038 0.800000 0.620795
pine_bark.bmp
0 -22.534082 67.293991 159.502823 0.472292 0.048106 -0.880128 0.000000 0.620795
0 -24.796000 66.576225 159.882050 -0.611661 -0.321699 -0.722759 0.200000 0.620795
0 -43.300694 122.147964 159.707214 -0.791767 0.355449 -0.496751 0.200000 1.106925
pine_bark.bmp
0 -22.534082 67.293991 159.502823 0.472292 0.048106 -0.880128 0.000000 0.620795
0 -43.300694 122.147964 159.707214 -0.791767 0.355449 -0.496751 0.200000 1.106925
0 -42.684116 122.352707 159.280502 0.084246 0.640969 -0.762930 0.000000 1.106925
pine_bark.bmp
0 -24.796000 66.576225 159.882050 -0.611661 -0.321699 -0.722759 0.200000 0.620795
0 -25.140194 66.883438 162.126953 -0.890688 -0.236345 0.388350 0.400000 0.620795
0 -43.111122 122.231827 160.417953 -0.833174 0.365850 0.414698 0.400000 1.106925
pine_bark.bmp
0 -24.796000 66.576225 159.882050 -0.611661 -0.321699 -0.722759 0.200000 0.620795
0 -43.111122 122.231827 160.417953 -0.833174 0.365850 0.414698 0.400000 1.106925
0 -43.300694 122.147964 159.707214 -0.791767 0.355449 -0.496751 0.200000 1.106925
pine_bark.bmp
0 -25.140194 66.883438 162.126953 -0.890688 -0.236345 0.388350 0.400000 0.620795
0 -23.297794 67.747681 163.286575 0.062289 0.214756 0.974679 0.600000 0.620795
0 -42.390999 122.485817 160.518295 -0.011542 0.644273 0.764709 0.600000 1.106925
pine_bark.bmp
0 -25.140194 66.883438 162.126953 -0.890688 -0.236345 0.388350 0.400000 0.620795
0 -42.390999 122.485817 160.518295 -0.011542 0.644273 0.764709 0.600000 1.106925
0 -43.111122 122.231827 160.417953 -0.833174 0.365850 0.414698 0.400000 1.106925
pine_bark.bmp
0 -23.297794 67.747681 163.286575 0.062289 0.214756 0.974679 0.600000 0.620795
0 -21.670189 67.988548 161.566101 0.917660 0.382113 0.109038 0.800000 0.620795
0 -42.153175 122.550873 159.793152 0.539251 0.841981 0.016649 0.800000 1.106925
pine_bark.bmp
0 -23.297794 67.747681 163.286575 0.062289 0.214756 0.974679 0.600000 0.620795
0 -42.153175 122.550873 159.793152 0.539251 0.841981 0.016649 0.800000 1.106925
0 -42.390999 122.485817 160.518295 -0.011542 0.644273 0.764709 0.600000 1.106925
pine_bark.bmp
0 -21.670189 67.988548 161.566101 0.917660 0.382113 0.109038 0.800000 0.620795
0 -22.534082 67.293991 159.502823 0.472292 0.048106 -0.880128 1.000000 0.620795
0 -42.684116 122.352707 159.280502 0.084246 0.640969 -0.762930 1.000000 1.106925
pine_bark.bmp
0 -21.670189 67.988548 161.566101 0.917660 0.382113 0.109038 0.800000 0.620795
0 -42.684116 122.352707 159.280502 0.084246 0.640969 -0.762930 1.000000 1.106925
0 -42.153175 122.550873 159.793152 0.539251 0.841981 0.016649 0.800000 1.106925
pine_bark.bmp
0 2.533959 0.000000 179.938431 0.694382 -0.558613 -0.453635 0.950000 0.500000
0 3.184832 1.544436 183.980484 0.894944 -0.207268 0.395114 0.639058 0.072025
0 -0.608215 0.972954 186.292038 0.099387 -0.306753 0.946586 0.135942 0.235497
pine_bark.bmp
0 -0.608215 0.972954 186.292038 0.099387 -0.306753 0.946586 0.135942 0.235497
0 -3.318706 -0.891419 183.475632 -0.554872 -0.717621 0.420877 0.135942 0.764503
0 -1.644999 -1.588309 179.543106 -0.227175 -0.864984 -0.447430 0.639058 0.927975
pine_bark.bmp
0 -0.608215 0.972954 186.292038 0.099387 -0.306753 0.946586 0.135942 0.235497
0 -1.644999 -1.588309 179.543106 -0.227175 -0.864984 -0.447430 0.639058 0.927975
0 2.533959 0.000000 179.938431 0.694382 -0.558613 -0.453635 0.950000 0.500000
pine_bark.bmp
0 -42.153175 122.550873 159.793152 0.539251 0.841981 0.016649 0.639058 0.072025
0 -42.684116 122.352707 159.280502 0.084246 0.640969 -0.762930 0.950000 0.500000
0 -43.300694 122.147964 159.707214 -0.791767 0.355449 -0.496751 0.639058 0.927975
pine_bark.bmp
0 -43.300694 122.147964 159.707214 -0.791767 0.355449 -0.496751 0.639058 0.927975
0 -43.111122 122.231827 160.417953 -0.833174 0.365850 0.414698 0.135942 0.764503
0 -42.390999 122.485817 160.518295 -0.011542 0.644273 0.764709 0.135942 0.235497
pine_bark.bmp
0 -43.300694 122.147964 159.707214 -0.791767 0.355449 -0.496751 0.639058 0.927975
0 -42.390999 122.485817 160.518295 -0.011542 0.644273 0.764709 0.135942 0.235497
0 -42.153175 122.550873 159.793152 0.539251 0.841981 0.016649 0.639058 0.072025
pine_needles.bmp
1 -49.057243 38.961887 152.040649 -0.450456 -0.471609 0.758073 0.507500 0.007500
1 -17.249695 8.581003 152.040649 -0.450456 -0.471609 0.758073 0.992500 0.007500
1 19.145237 46.685013 197.372101 -0.450456 -0.471609 0.758073 0.992500 0.492500
pine_needles.bmp
1 -49.057243 38.961887 152.040649 -0.450456 -0.471609 0.758073 0.507500 0.007500
1 19.145237 46.685013 197.372101 -0.450456 -0.471609 0.758073 0.992500 0.492500
1 -12.662312 77.065903 197.372101 -0.450456 -0.471609 0.758073 0.507500 0.492500
pine_needles.bmp
1 -12.662312 77.065903 197.372101 0.450456 0.471609 -0.758073 0.507500 0.492500
1 19.145237 46.685013 197.372101 0.450456 0.471609 -0.758073 0.992500 0.492500
1 -17.249695 8.581003 152.040649 0.450456 0.471609 -0.758073 0.992500 0.007500
pine_needles.bmp
1 -12.662312 77.065903 197.372101 0.450456 0.471609 -0.758073 0.507500 0.492500
1 -17.249695 8.581003 152.040649 0.450456 0.471609 -0.758073 0.992500 0.007500
1 -49.057243 38.961887 152.040649 0.450456 0.471609 -0.758073 0.507500 0.007500
pine_needles.bmp
1 -13.198450 10.731850 149.114731 0.533295 -0.509376 0.675376 0.007500 0.507500
1 17.182436 42.539398 149.114731 0.533295 -0.509376 0.675376 0.492500 0.507500
1 -16.713556 74.915054 200.298004 0.533295 -0.509376 0.675376 0.492500 0.992500
pine_needles.bmp
1 -13.198450 10.731850 149.114731 0.533295 -0.509376 0.675376 0.007500 0.507500
1 -16.713556 74.915054 200.298004 0.533295 -0.509376 0.675376 0.492500 0.992500
1 -47.094444 43.107506 200.298004 0.533295 -0.509376 0.675376 0.007500 0.992500
pine_needles.bmp
1 -47.094444 43.107506 200.298004 -0.533295 0.509376 -0.675376 0.007500 0.992500
1 -16.713556 74.915054 200.298004 -0.533295 0.509376 -0.675376 0.492500 0.992500
1 17.182436 42.539398 149.114731 -0.533295 0.509376 -0.675376 0.492500 0.507500
pine_needles.bmp
1 -47.094444 43.107506 200.298004 -0.533295 0.509376 -0.675376 0.007500 0.992500
1 17.182436 42.539398 149.114731 -0.533295 0.509376 -0.675376 0.492500 0.507500
1 -13.198450 10.731850 149.114731 -0.533295 0.509376 -0.675376 0.007500 0.507500
pine_needles.bmp
1 -57.996956 62.524139 155.407501 -0.183274 -0.405008 0.895756 0.007500 0.507500
1 -17.344719 44.128250 155.407501 -0.183274 -0.405008 0.895756 0.492500 0.507500
1 4.155351 91.640274 181.288574 -0.183274 -0.405008 0.895756 0.492500 0.992500
pine_needles.bmp
1 -57.996956 62.524139 155.407501 -0.183274 -0.405008 0.895756 0.007500 0.507500
1 4.155351 91.640274 181.288574 -0.183274 -0.405008 0.895756 0.492500 0.992500
1 -36.496887 110.036163 181.288574 -0.183274 -0.405008 0.895756 0.007500 0.992500
pine_needles.bmp
1 -36.496887 110.036163 181.288574 0.183274 0.405008 -0.895756 0.007500 0.992500
1 4.155351 91.640274 181.288574 0.183274 0.405008 -0.895756 0.492500 0.992500
1 -17.344719 44.128250 155.407501 0.183274 0.405008 -0.895756 0.492500 0.507500
pine_needles.bmp
1 -36.496887 110.036163 181.288574 0.183274 0.405008 -0.895756 0.007500 0.992500
1 -17.344719 44.128250 155.407501 0.183274 0.405008 -0.895756 0.492500 0.507500
1 -57.996956 62.524139 155.407501 0.183274 0.405008 -0.895756 0.007500 0.507500
pine_needles.bmp
1 -20.802790 49.825333 144.795044 0.741546 -0.335563 0.580954 0.007500 0.007500
1 -2.406900 90.477570 144.795044 0.741546 -0.335563 0.580954 0.492500 0.007500
1 -33.038818 104.339081 191.901031 0.741546 -0.335563 0.580954 0.492500 0.492500
pine_needles.bmp
1 -20.802790 49.825333 144.795044 0.741546 -0.335563 0.580953 0.007500 0.007500
1 -33.038818 104.339081 191.901031 0.741546 -0.335563 0.580953 0.492500 0.492500
1 -51.434708 63.686844 191.901031 0.741546 -0.335563 0.580953 0.007500 0.492500
pine_needles.bmp
1 -51.434708 63.686844 191.901031 -0.741546 0.335563 -0.580954 0.007500 0.492500
1 -33.038818 104.339081 191.901031 -0.741546 0.335563 -0.580954 0.492500 0.492500
1 -2.406900 90.477570 144.795044 -0.741546 0.335563 -0.580954 0.492500 0.007500
pine_needles.bmp
1 -51.434708 63.686844 191.901031 -0.741546 0.335563 -0.580954 0.007500 0.492500
1 -2.406900 90.477570 144.795044 -0.741546 0.335563 -0.580954 0.492500 0.007500
1 -20.802790 49.825333 144.795044 -0.741546 0.335563 -0.580954 0.007500 0.007500
pine_needles.bmp
1 -12.527065 101.453621 145.414246 0.572116 0.186096 0.798781 0.507500 0.507500
1 -23.387905 134.843170 145.414246 0.572116 0.186096 0.798781 0.992500 0.507500
1 -65.244141 121.228310 178.565109 0.572116 0.186096 0.798781 0.992500 0.992500
pine_needles.bmp
1 -12.527065 101.453621 145.414246 0.572116 0.186096 0.798781 0.507500 0.507500
1 -65.244141 121.228310 178.565109 0.572116 0.186096 0.798781 0.992500 0.992500
1 -54.383305 87.838768 178.565109 0.572116 0.186096 0.798781 0.507500 0.992500
pine_needles.bmp
1 -54.383305 87.838768 178.565109 -0.572116 -0.186096 -0.798781 0.507500 0.992500
1 -65.244141 121.228310 178.565109 -0.572116 -0.186096 -0.798781 0.992500 0.992500
1 -23.387905 134.843170 145.414246 -0.572116 -0.186096 -0.798781 0.992500 0.507500
pine_needles.bmp
1 -54.383305 87.838768 178.565109 -0.572116 -0.186096 -0.798781 0.507500 0.992500
1 -23.387905 134.843170 145.414246 -0.572116 -0.186096 -0.798781 0.992500 0.507500
1 -12.527065 101.453621 145.414246 -0.572116 -0.186096 -0.798781 0.507500 0.507500
pine_needles.bmp
1 -29.118635 138.069580 145.930405 -0.180249 0.554141 0.812673 0.507500 0.507500
1 -62.508186 127.208740 145.930405 -0.180249 0.554141 0.812673 0.992500 0.507500
1 -48.652573 84.612350 178.048950 -0.180249 0.554141 0.812673 0.992500 0.992500
pine_needles.bmp
1 -29.118635 138.069580 145.930405 -0.180249 0.554141 0.812673 0.507500 0.507500
1 -48.652573 84.612350 178.048950 -0.180249 0.554141 0.812673 0.992500 0.992500
1 -15.263025 95.473190 178.048950 -0.180249 0.554141 0.812673 0.507500 0.992500
pine_needles.bmp
1 -15.263025 95.473190 178.048950 0.180249 -0.554141 -0.812673 0.507500 0.992500
1 -48.652573 84.612350 178.048950 0.180249 -0.554141 -0.812673 0.992500 0.992500
1 -62.508186 127.208740 145.930405 0.180249 -0.554141 -0.812673 0.992500 0.507500
pine_needles.bmp
1 -15.263025 95.473190 178.048950 0.180249 -0.554141 -0.812673 0.507500 0.992500
1 -62.508186 127.208740 145.930405 0.180249 -0.554141 -0.812673 0.992500 0.507500
1 -29.118635 138.069580 145.930405 0.180249 -0.554141 -0.812673 0.507500 0.507500
pine_bark.bmp
0 1.261600 0.000000 179.178146 0.746693 -0.310918 -0.588030 0.000000 0.000000
0 -1.363826 -3.190164 180.909988 0.167068 -0.971008 -0.170975 0.200000 0.000000
0 -61.285248 36.159721 160.461746 -0.433729 -0.786198 -0.440196 0.200000 0.620795
pine_bark.bmp
0 1.261600 0.000000 179.178146 0.746693 -0.310918 -0.588030 0.000000 0.000000
0 -61.285248 36.159721 160.461746 -0.433729 -0.786198 -0.440196 0.200000 0.620795
0 -60.000774 37.819759 159.304688 0.180796 0.034703 -0.982908 0.000000 0.620795
pine_bark.bmp
0 -1.363826 -3.190164 180.909988 0.167068 -0.971008 -0.170975 0.200000 0.000000
0 -1.958080 -1.790441 184.961487 0.042601 -0.693964 0.718749 0.400000 0.000000
0 -61.302898 36.870228 162.642258 -0.485394 -0.530054 0.695295 0.400000 0.620795
pine_bark.bmp
0 -1.363826 -3.190164 180.909988 0.167068 -0.971008 -0.170975 0.200000 0.000000
0 -61.302898 36.870228 162.642258 -0.485394 -0.530054 0.695295 0.400000 0.620795
0 -61.285248 36.159721 160.461746 -0.433729 -0.786198 -0.440196 0.200000 0.620795
pine_bark.bmp
0 -1.958080 -1.790441 184.961487 0.042601 -0.693964 0.718749 0.400000 0.000000
0 0.030924 1.954206 185.939560 0.480855 0.115959 0.869099 0.600000 0.000000
0 -60.137272 38.869041 163.045639 0.124536 0.506496 0.853201 0.600000 0.620795
pine_bark.bmp
0 -1.958080 -1.790441 184.961487 0.042601 -0.693964 0.718749 0.400000 0.000000
0 -60.137272 38.869041 163.045639 0.124536 0.506496 0.853201 0.600000 0.620795
0 -61.302898 36.870228 162.642258 -0.485394 -0.530054 0.695295 0.400000 0.620795
pine_bark.bmp
0 0.030924 1.954206 185.939560 0.480855 0.115959 0.869099 0.600000 0.000000
0 2.115424 3.102045 182.175735 0.931823 0.360726 0.039775 0.800000 0.000000
0 -59.330688 39.426121 160.886429 0.523065 0.814888 -0.249722 0.800000 0.620795
pine_bark.bmp
0 0.030924 1.954206 185.939560 0.480855 0.115959 0.869099 0.600000 0.000000
0 -59.330688 39.426121 160.886429 0.523065 0.814888 -0.249722 0.800000 0.620795
0 -60.137272 38.869041 163.045639 0.124536 0.506496 0.853201 0.600000 0.620795
pine_bark.bmp
0 2.115424 3.102045 182.175735 0.931823 0.360726 0.039775 0.800000 0.000000
0 1.261600 0.000000 179.178146 0.746693 -0.310918 -0.588030 1.000000 0.000000
0 -60.000774 37.819759 159.304688 0.180796 0.034703 -0.982908 1.000000 0.620795
pine_bark.bmp
0 2.115424 3.102045 182.175735 0.931823 0.360726 0.039775 0.800000 0.000000
0 -60.000774 37.819759 159.304688 0.180796 0.034703 -0.982908 1.000000 0.620795
0 -59.330688 39.426121 160.886429 0.523065 0.814888 -0.249722 0.800000 0.620795
pine_bark.bmp
0 -60.000774 37.819759 159.304688 0.180796 0.034703 -0.982908 0.000000 0.620795
0 -61.285248 36.159721 160.461746 -0.433729 -0.786198 -0.440196 0.200000 0.620795
0 -110.176506 68.237946 159.738373 -0.901900 -0.305983 -0.304878 0.200000 1.106925
pine_bark.bmp
0 -60.000774 37.819759 159.304688 0.180796 0.034703 -0.982908 0.000000 0.620795
0 -110.176506 68.237946 159.738373 -0.901900 -0.305983 -0.304878 0.200000 1.106925
0 -109.835014 68.763199 159.279099 -0.446750 0.369731 -0.814686 0.000000 1.106925
pine_bark.bmp
0 -61.285248 36.159721 160.461746 -0.433729 -0.786198 -0.440196 0.200000 0.620795
0 -61.302898 36.870228 162.642258 -0.485394 -0.530054 0.695295 0.400000 0.620795
0 -110.061180 68.453079 160.437653 -0.804998 -0.113185 0.582381 0.400000 1.106925
pine_bark.bmp
0 -61.285248 36.159721 160.461746 -0.433729 -0.786198 -0.440196 0.200000 0.620795
0 -110.061180 68.453079 160.437653 -0.804998 -0.113185 0.582381 0.400000 1.106925
0 -110.176506 68.237946 159.738373 -0.901900 -0.305983 -0.304878 0.200000 1.106925
pine_bark.bmp
0 -61.302898 36.870228 162.642258 -0.485394 -0.530054 0.695295 0.400000 0.620795
0 -60.137272 38.869041 163.045639 0.124536 0.506496 0.853201 0.600000 0.620795
0 -109.655006 69.104683 160.498901 -0.301956 0.668508 0.679647 0.600000 1.106925
pine_bark.bmp
0 -61.302898 36.870228 162.642258 -0.485394 -0.530054 0.695295 0.400000 0.620795
0 -109.655006 69.104683 160.498901 -0.301956 0.668508 0.679647 0.600000 1.106925
0 -110.061180 68.453079 160.437653 -0.804998 -0.113185 0.582381 0.400000 1.106925
pine_bark.bmp
0 -60.137272 38.869041 163.045639 0.124536 0.506496 0.853201 0.600000 0.620795
0 -59.330688 39.426121 160.886429 0.523065 0.814888 -0.249722 0.800000 0.620795
0 -109.530167 69.271568 159.762192 -0.112099 0.972932 -0.202083 0.800000 1.106925
pine_bark.bmp
0 -60.137272 38.869041 163.045639 0.124536 0.506496 0.853201 0.600000 0.620795
0 -109.530167 69.271568 159.762192 -0.112099 0.972932 -0.202083 0.800000 1.106925
0 -109.655006 69.104683 160.498901 -0.301956 0.668508 0.679647 0.600000 1.106925
pine_bark.bmp
0 -59.330688 39.426121 160.886429 0.523065 0.814888 -0.249722 0.800000 0.620795
0 -60.000774 37.819759 159.304688 0.180796 0.034703 -0.982908 1.000000 0.620795
0 -109.835014 68.763199 159.279099 -0.446750 0.369731 -0.814686 1.000000 1.106925
pine_bark.bmp
0 -59.330688 39.426121 160.886429 0.523065 0.814888 -0.249722 0.800000 0.620795
0 -109.835014 68.763199 159.279099 -0.446750 0.369731 -0.814686 1.000000 1.106925
0 -109.530167 69.271568 159.762192 -0.112099 0.972932 -0.202083 0.800000 1.106925
pine_bark.bmp
0 1.261600 0.000000 179.178146 0.746693 -0.310918 -0.588030 0.950000 0.500000
0 2.115424 3.102045 182.175735 0.931823 0.360726 0.039775 0.639058 0.072025
0 0.030924 1.954206 185.939560 0.480855 0.115959 0.869099 0.135942 0.235497
pine_bark.bmp
0 0.030924 1.954206 185.939560 0.480855 0.115959 0.869099 0.135942 0.235497
0 -1.958080 -1.790441 184.961487 0.042601 -0.693964 0.718749 0.135942 0.764503
0 -1.363826 -3.190164 180.909988 0.167068 -0.971008 -0.170975 0.639058 0.927975
pine_bark.bmp
0 0.030924 1.954206 185.939560 0.480855 0.115959 0.869099 0.135942 0.235497
0 -1.363826 -3.190164 180.909988 0.167068 -0.971008 -0.170975 0.639058 0.927975
0 1.261600 0.000000 179.178146 0.746693 -0.310918 -0.588030 0.950000 0.500000
pine_bark.bmp
0 -109.530167 69.271568 159.762192 -0.112099 0.972932 -0.202083 0.639058 0.072025
0 -109.835014 68.763199 159.279099 -0.446750 0.369731 -0.814686 0.950000 0.500000
0 -110.176506 68.237946 159.738373 -0.901900 -0.305983 -0.304878 0.639058 0.927975
pine_bark.bmp
0 -110.176506 68.237946 159.738373 -0.901900 -0.305983 -0.304878 0.639058 0.927975
0 -110.061180 68.453079 160.437653 -0.804998 -0.113185 0.582381 0.135942 0.764503
0 -109.655006 69.104683 160.498901 -0.301956 0.668508 0.679647 0.135942 0.235497
pine_bark.bmp
0 -110.176506 68.237946 159.738373 -0.901900 -0.305983 -0.304878 0.639058 0.927975
0 -109.655006 69.104683 160.498901 -0.301956 0.668508 0.679647 0.135942 0.235497
0 -109.530167 69.271568 159.762192 -0.112099 0.972932 -0.202083 0.639058 0.072025
pine_needles.bmp
1 -24.174429 -4.809171 152.113464 0.579992 -0.304467 0.755585 0.007500 0.007500
1 -6.574469 28.717712 152.113464 0.579992 -0.304467 0.755585 0.492500 0.007500
1 -52.723000 52.943413 197.299286 0.579992 -0.304467 0.755585 0.492500 0.492500
pine_needles.bmp
1 -24.174429 -4.809171 152.113464 0.579992 -0.304467 0.755585 0.007500 0.007500
1 -52.723000 52.943413 197.299286 0.579992 -0.304467 0.755585 0.492500 0.492500
1 -70.322960 19.416531 197.299286 0.579992 -0.304467 0.755585 0.007500 0.492500
pine_needles.bmp
1 -70.322960 19.416531 197.299286 -0.579992 0.304467 -0.755585 0.007500 0.492500
1 -52.723000 52.943413 197.299286 -0.579992 0.304467 -0.755585 0.492500 0.492500
1 -6.574469 28.717712 152.113464 -0.579992 0.304467 -0.755585 0.492500 0.007500
pine_needles.bmp
1 -70.322960 19.416531 197.299286 -0.579992 0.304467 -0.755585 0.007500 0.492500
1 -6.574469 28.717712 152.113464 -0.579992 0.304467 -0.755585 0.492500 0.007500
1 -24.174429 -4.809171 152.113464 -0.579992 0.304467 -0.755585 0.007500 0.007500
pine_needles.bmp
1 -11.417763 34.826149 148.309616 0.356451 0.679019 0.641776 0.007500 0.507500
1 -44.944649 52.426105 148.309616 0.356451 0.679019 0.641776 0.492500 0.507500
1 -65.479668 13.308094 201.103119 0.356451 0.679019 0.641776 0.492500 0.992500
pine_needles.bmp
1 -11.417763 34.826149 148.309616 0.356451 0.679019 0.641776 0.007500 0.507500
1 -65.479668 13.308094 201.103119 0.356451 0.679019 0.641776 0.492500 0.992500
1 -31.952785 -4.291863 201.103119 0.356451 0.679019 0.641776 0.007500 0.992500
pine_needles.bmp
1 -31.952785 -4.291863 201.103119 -0.356451 -0.679019 -0.641776 0.007500 0.992500
1 -65.479668 13.308094 201.103119 -0.356451 -0.679019 -0.641776 0.492500 0.992500
1 -44.944649 52.426105 148.309616 -0.356451 -0.679019 -0.641776 0.492500 0.507500
pine_needles.bmp
1 -31.952785 -4.291863 201.103119 -0.356451 -0.679019 -0.641776 0.007500 0.992500
1 -44.944649 52.426105 148.309616 -0.356451 -0.679019 -0.641776 0.492500 0.507500
1 -11.417763 34.826149 148.309616 -0.356451 -0.679019 -0.641776 0.007500 0.507500
pine_needles.bmp
1 -54.640335 65.998909 146.779861 -0.238317 0.745296 0.622687 0.007500 0.007500
1 -94.230240 53.339561 146.779861 -0.238317 0.745296 0.622687 0.492500 0.007500
1 -83.775024 20.642721 189.916229 -0.238317 0.745296 0.622687 0.492500 0.492500
pine_needles.bmp
1 -54.640335 65.998909 146.779861 -0.238317 0.745296 0.622687 0.007500 0.007500
1 -83.775024 20.642721 189.916229 -0.238317 0.745296 0.622687 0.492500 0.492500
1 -44.185120 33.302071 189.916229 -0.238317 0.745296 0.622687 0.007500 0.492500
pine_needles.bmp
1 -44.185120 33.302071 189.916229 0.238317 -0.745296 -0.622687 0.007500 0.492500
1 -83.775024 20.642721 189.916229 0.238317 -0.745296 -0.622687 0.492500 0.492500
1 -94.230240 53.339561 146.779861 0.238317 -0.745296 -0.622687 0.492500 0.007500
pine_needles.bmp
1 -44.185120 33.302071 189.916229 0.238317 -0.745296 -0.622687 0.007500 0.492500
1 -94.230240 53.339561 146.779861 0.238317 -0.745296 -0.622687 0.492500 0.007500
1 -54.640335 65.998909 146.779861 0.238317 -0.745296 -0.622687 0.007500 0.007500
pine_needles.bmp
1 -97.235435 56.177544 152.647949 -0.540514 -0.172836 0.823390 0.007500 0.007500
1 -84.576088 16.587639 152.647949 -0.540514 -0.172836 0.823390 0.492500 0.007500
1 -41.179924 30.464088 184.048126 -0.540514 -0.172836 0.823390 0.492500 0.492500
pine_needles.bmp
1 -97.235435 56.177544 152.647949 -0.540514 -0.172836 0.823390 0.007500 0.007500
1 -41.179924 30.464088 184.048126 -0.540514 -0.172836 0.823390 0.492500 0.492500
1 -53.839272 70.053993 184.048126 -0.540514 -0.172836 0.823390 0.007500 0.492500
pine_needles.bmp
1 -53.839272 70.053993 184.048126 0.540514 0.172836 -0.823390 0.007500 0.492500
1 -41.179924 30.464088 184.048126 0.540514 0.172836 -0.823390 0.492500 0.492500
1 -84.576088 16.587639 152.647949 0.540514 0.172836 -0.823390 0.492500 0.007500
pine_needles.bmp
1 -53.839272 70.053993 184.048126 0.540514 0.172836 -0.823390 0.007500 0.492500
1 -84.576088 16.587639 152.647949 0.540514 0.172836 -0.823390 0.492500 0.007500
1 -97.235435 56.177544 152.647949 0.540514 0.172836 -0.823390 0.007500 0.007500
pine_needles.bmp
1 -118.452087 88.543442 134.268677 -0.779285 0.104810 0.617843 0.507500 0.007500
1 -124.656479 42.412441 134.268677 -0.779285 0.104810 0.617843 0.992500 0.007500
1 -81.481216 36.605579 189.710678 -0.779285 0.104810 0.617843 0.992500 0.492500
pine_needles.bmp
1 -118.452087 88.543442 134.268677 -0.779285 0.104810 0.617843 0.507500 0.007500
1 -81.481216 36.605579 189.710678 -0.779285 0.104810 0.617843 0.992500 0.492500
1 -75.276825 82.736588 189.710678 -0.779285 0.104810 0.617843 0.507500 0.492500
pine_needles.bmp
1 -75.276825 82.736588 189.710678 0.779285 -0.104810 -0.617843 0.507500 0.492500
1 -81.481216 36.605579 189.710678 0.779285 -0.104810 -0.617843 0.992500 0.492500
1 -124.656479 42.412441 134.268677 0.779285 -0.104810 -0.617843 0.992500 0.007500
pine_needles.bmp
1 -75.276825 82.736588 189.710678 0.779285 -0.104810 -0.617843 0.507500 0.492500
1 -124.656479 42.412441 134.268677 0.779285 -0.104810 -0.617843 0.992500 0.007500
1 -118.452087 88.543442 134.268677 0.779285 -0.104810 -0.617843 0.507500 0.007500
pine_needles.bmp
1 -125.373138 48.270935 131.489105 -0.115514 -0.858870 0.498998 0.007500 0.007500
1 -79.242142 42.066551 131.489105 -0.115514 -0.858870 0.498998 0.492500 0.007500
1 -74.560165 76.878082 192.490250 -0.115514 -0.858870 0.498998 0.492500 0.492500
pine_needles.bmp
1 -125.373138 48.270935 131.489105 -0.115514 -0.858870 0.498998 0.007500 0.007500
1 -74.560165 76.878082 192.490250 -0.115514 -0.858870 0.498998 0.492500 0.492500
1 -120.691162 83.082474 192.490250 -0.115514 -0.858870 0.498998 0.007500 0.492500
pine_needles.bmp
1 -120.691162 83.082474 192.490250 0.115514 0.858870 -0.498998 0.007500 0.492500
1 -74.560165 76.878082 192.490250 0.115514 0.858870 -0.498998 0.492500 0.492500
1 -79.242142 42.066551 131.489105 0.115514 0.858870 -0.498998 0.492500 0.007500
pine_needles.bmp
1 -120.691162 83.082474 192.490250 0.115514 0.858870 -0.498998 0.007500 0.492500
1 -79.242142 42.066551 131.489105 0.115514 0.858870 -0.498998 0.492500 0.007500
1 -125.373138 48.270935 131.489105 0.115514 0.858870 -0.498998 0.007500 0.007500
pine_bark.bmp
0 1.087018 0.000000 179.121124 0.801200 -0.000017 -0.598396 0.000000 0.000000
0 0.303630 -3.702523 181.503906 0.612167 -0.788445 -0.060055 0.200000 0.000000
0 -71.188522 -0.978307 160.659393 0.015909 -0.941757 -0.335918 0.200000 0.620795
pine_bark.bmp
0 1.087018 0.000000 179.121124 0.801200 -0.000017 -0.598396 0.000000 0.000000
0 -71.188522 -0.978307 160.659393 0.015909 -0.941757 -0.335918 0.200000 0.620795
0 -70.916428 0.968343 159.292923 0.136896 0.010841 -0.990526 0.000000 0.620795
pine_bark.bmp
0 0.303630 -3.702523 181.503906 0.612167 -0.788445 -0.060055 0.200000 0.000000
0 -0.857201 -2.077997 185.348740 0.375045 -0.477624 0.794492 0.400000 0.000000
0 -71.555931 -0.145127 162.766235 -0.154040 -0.613892 0.774215 0.400000 0.620795
pine_bark.bmp
0 0.303630 -3.702523 181.503906 0.612167 -0.788445 -0.060055 0.200000 0.000000
0 -71.555931 -0.145127 162.766235 -0.154040 -0.613892 0.774215 0.400000 0.620795
0 -71.188522 -0.978307 160.659393 0.015909 -0.941757 -0.335918 0.200000 0.620795
pine_bark.bmp
0 -0.857201 -2.077997 185.348740 0.375045 -0.477624 0.794492 0.400000 0.000000
0 -0.879182 2.268063 185.612091 0.370227 0.455362 0.809677 0.600000 0.000000
0 -71.553200 2.198789 162.928177 -0.142480 0.599921 0.787270 0.600000 0.620795
pine_bark.bmp
0 -0.857201 -2.077997 185.348740 0.375045 -0.477624 0.794492 0.400000 0.000000
0 -71.553200 2.198789 162.928177 -0.142480 0.599921 0.787270 0.600000 0.620795
0 -71.555931 -0.145127 162.766235 -0.154040 -0.613892 0.774215 0.400000 0.620795
pine_bark.bmp
0 -0.879182 2.268063 185.612091 0.370227 0.455362 0.809677 0.600000 0.000000
0 0.384807 3.600252 181.562531 0.644006 0.761292 -0.075438 0.800000 0.000000
0 -71.141640 2.852050 160.688126 0.045361 0.932590 -0.358075 0.800000 0.620795
pine_bark.bmp
0 -0.879182 2.268063 185.612091 0.370227 0.455362 0.809677 0.600000 0.000000
0 -71.141640 2.852050 160.688126 0.045361 0.932590 -0.358075 0.800000 0.620795
0 -71.553200 2.198789 162.928177 -0.142480 0.599921 0.787270 0.600000 0.620795
pine_bark.bmp
0 0.384807 3.600252 181.562531 0.644006 0.761292 -0.075438 0.800000 0.000000
0 1.087018 0.000000 179.121124 0.801200 -0.000017 -0.598396 1.000000 0.000000
0 -70.916428 0.968343 159.292923 0.136896 0.010841 -0.990526 1.000000 0.620795
pine_bark.bmp
0 0.384807 3.600252 181.562531 0.644006 0.761292 -0.075438 0.800000 0.000000
0 -70.916428 0.968343 159.292923 0.136896 0.010841 -0.990526 1.000000 0.620795
0 -71.141640 2.852050 160.688126 0.045361 0.932590 -0.358075 0.800000 0.620795
pine_bark.bmp
0 -70.916428 0.968343 159.292923 0.136896 0.010841 -0.990526 0.000000 0.620795
0 -71.188522 -0.978307 160.659393 0.015909 -0.941757 -0.335918 0.200000 0.620795
0 -129.591797 1.141080 159.747025 -0.614171 -0.750939 -0.242662 0.200000 1.106925
pine_bark.bmp
0 -70.916428 0.968343 159.292923 0.136896 0.010841 -0.990526 0.000000 0.620795
0 -129.591797 1.141080 159.747025 -0.614171 -0.750939 -0.242662 0.200000 1.106925
0 -129.572403 1.760623 159.279037 -0.574481 0.018370 -0.818312 0.000000 1.106925
pine_bark.bmp
0 -71.188522 -0.978307 160.659393 0.015909 -0.941757 -0.335918 0.200000 0.620795
0 -71.555931 -0.145127 162.766235 -0.154040 -0.613892 0.774215 0.400000 0.620795
0 -129.604660 1.394835 160.442810 -0.629204 -0.463593 0.623846 0.400000 1.106925
pine_bark.bmp
0 -71.188522 -0.978307 160.659393 0.015909 -0.941757 -0.335918 0.200000 0.620795
0 -129.604660 1.394835 160.442810 -0.629204 -0.463593 0.623846 0.400000 1.106925
0 -129.591797 1.141080 159.747025 -0.614171 -0.750939 -0.242662 0.200000 1.106925
pine_bark.bmp
0 -71.555931 -0.145127 162.766235 -0.154040 -0.613892 0.774215 0.400000 0.620795
0 -71.553200 2.198789 162.928177 -0.142480 0.599921 0.787270 0.600000 0.620795
0 -129.595413 2.163411 160.493317 -0.603903 0.470293 0.643526 0.600000 1.106925
pine_bark.bmp
0 -71.555931 -0.145127 162.766235 -0.154040 -0.613892 0.774215 0.400000 0.620795
0 -129.595413 2.163411 160.493317 -0.603903 0.470293 0.643526 0.600000 1.106925
0 -129.604660 1.394835 160.442810 -0.629204 -0.463593 0.623846 0.400000 1.106925
pine_bark.bmp
0 -71.553200 2.198789 162.928177 -0.142480 0.599921 0.787270 0.600000 0.620795
0 -71.141640 2.852050 160.688126 0.045361 0.932590 -0.358075 0.800000 0.620795
0 -129.575394 2.360258 159.753784 -0.599285 0.755347 -0.265157 0.800000 1.106925
pine_bark.bmp
0 -71.553200 2.198789 162.928177 -0.142480 0.599921 0.787270 0.600000 0.620795
0 -129.575394 2.360258 159.753784 -0.599285 0.755347 -0.265157 0.800000 1.106925
0 -129.595413 2.163411 160.493317 -0.603903 0.470293 0.643526 0.600000 1.106925
pine_bark.bmp
0 -71.141640 2.852050 160.688126 0.045361 0.932590 -0.358075 0.800000 0.620795
0 -70.916428 0.968343 159.292923 0.136896 0.010841 -0.990526 1.000000 0.620795
0 -129.572403 1.760623 159.279037 -0.574481 0.018370 -0.818312 1.000000 1.106925
pine_bark.bmp
0 -71.141640 2.852050 160.688126 0.045361 0.932590 -0.358075 0.800000 0.620795
0 -129.572403 1.760623 159.279037 -0.574481 0.018370 -0.818312 1.000000 1.106925
0 -129.575394 2.360258 159.753784 -0.599285 0.755347 -0.265157 0.800000 1.106925
pine_bark.bmp
0 1.087018 0.000000 179.121124 0.801200 -0.000017 -0.598396 0.950000 0.500000
0 0.384807 3.600252 181.562531 0.644006 0.761292 -0.075438 0.639058 0.072025
0 -0.879182 2.268063 185.612091 0.370227 0.455362 0.809677 0.135942 0.235497
pine_bark.bmp
0 -0.879182 2.268063 185.612091 0.370227 0.455362 0.809677 0.135942 0.235497
0 -0.857201 -2.077997 185.348740 0.375045 -0.477624 0.794492 0.135942 0.764503
0 0.303630 -3.702523 181.503906 0.612167 -0.788445 -0.060055 0.639058 0.927975
pine_bark.bmp
0 -0.879182 2.268063 185.612091 0.370227 0.455362 0.809677 0.135942 0.235497
0 0.303630 -3.702523 181.503906 0.612167 -0.788445 -0.060055 0.639058 0.927975
0 1.087018 0.000000 179.121124 0.801200 -0.000017 -0.598396 0.950000 0.500000
pine_bark.bmp
0 -129.575394 2.360258 159.753784 -0.599285 0.755347 -0.265157 0.639058 0.072025
0 -129.572403 1.760623 159.279037 -0.574481 0.018370 -0.818312 0.950000 0.500000
0 -129.591797 1.141080 159.747025 -0.614171 -0.750939 -0.242662 0.639058 0.927975
pine_bark.bmp
0 -129.591797 1.141080 159.747025 -0.614171 -0.750939 -0.242662 0.639058 0.927975
0 -129.604660 1.394835 160.442810 -0.629204 -0.463593 0.623846 0.135942 0.764503
0 -129.595413 2.163411 160.493317 -0.603903 0.470293 0.643526 0.135942 0.235497
pine_bark.bmp
0 -129.591797 1.141080 159.747025 -0.614171 -0.750939 -0.242662 0.639058 0.927975
0 -129.595413 2.163411 160.493317 -0.603903 0.470293 0.643526 0.135942 0.235497
0 -129.575394 2.360258 159.753784 -0.599285 0.755347 -0.265157 0.639058 0.072025
pine_needles.bmp
1 -13.550987 -15.056902 155.433044 0.586780 0.239551 0.773501 0.507500 0.507500
1 -33.606857 34.070007 155.433044 0.586780 0.239551 0.773501 0.992500 0.507500
1 -77.160652 16.289339 193.979706 0.586780 0.239551 0.773501 0.992500 0.992500
pine_needles.bmp
1 -13.550987 -15.056902 155.433044 0.586780 0.239551 0.773501 0.507500 0.507500
1 -77.160652 16.289339 193.979706 0.586780 0.239551 0.773501 0.992500 0.992500
1 -57.104782 -32.837570 193.979706 0.586780 0.239551 0.773501 0.507500 0.992500
pine_needles.bmp
1 -57.104782 -32.837570 193.979706 -0.586780 -0.239551 -0.773501 0.507500 0.992500
1 -77.160652 16.289339 193.979706 -0.586780 -0.239551 -0.773501 0.992500 0.992500
1 -33.606857 34.070007 155.433044 -0.586780 -0.239551 -0.773501 0.992500 0.507500
pine_needles.bmp
1 -57.104782 -32.837570 193.979706 -0.586780 -0.239551 -0.773501 0.507500 0.992500
1 -33.606857 34.070007 155.433044 -0.586780 -0.239551 -0.773501 0.992500 0.507500
1 -13.550987 -15.056902 155.433044 -0.586780 -0.239551 -0.773501 0.507500 0.507500
pine_needles.bmp
1 -30.825449 35.220219 159.743027 -0.185599 0.454625 0.871131 0.507500 0.007500
1 -79.952354 15.164351 159.743027 -0.185599 0.454625 0.871131 0.992500 0.007500
1 -59.886192 -33.987782 189.669708 -0.185599 0.454625 0.871131 0.992500 0.492500
pine_needles.bmp
1 -30.825449 35.220219 159.743027 -0.185599 0.454625 0.871131 0.507500 0.007500
1 -59.886192 -33.987782 189.669708 -0.185599 0.454625 0.871131 0.992500 0.492500
1 -10.759283 -13.931914 189.669708 -0.185599 0.454625 0.871131 0.507500 0.492500
pine_needles.bmp
1 -10.759283 -13.931914 189.669708 0.185599 -0.454625 -0.871131 0.507500 0.492500
1 -59.886192 -33.987782 189.669708 0.185599 -0.454625 -0.871131 0.992500 0.492500
1 -79.952354 15.164351 159.743027 0.185599 -0.454625 -0.871131 0.992500 0.007500
pine_needles.bmp
1 -10.759283 -13.931914 189.669708 0.185599 -0.454625 -0.871131 0.507500 0.492500
1 -79.952354 15.164351 159.743027 0.185599 -0.454625 -0.871131 0.992500 0.007500
1 -30.825449 35.220219 159.743027 0.185599 -0.454625 -0.871131 0.507500 0.007500
pine_needles.bmp
1 -99.297348 -16.558655 144.832214 0.027361 -0.808953 0.587236 0.007500 0.007500
1 -62.830139 -15.325225 144.832214 0.027361 -0.808953 0.587236 0.492500 0.007500
1 -63.983582 18.777039 191.863861 0.027361 -0.808953 0.587236 0.492500 0.492500
pine_needles.bmp
1 -99.297348 -16.558655 144.832214 0.027361 -0.808953 0.587236 0.007500 0.007500
1 -63.983582 18.777039 191.863861 0.027361 -0.808953 0.587236 0.492500 0.492500
1 -100.450790 17.543610 191.863861 0.027361 -0.808953 0.587236 0.007500 0.492500
pine_needles.bmp
1 -100.450790 17.543610 191.863861 -0.027361 0.808953 -0.587236 0.007500 0.492500
1 -63.983582 18.777039 191.863861 -0.027361 0.808953 -0.587236 0.492500 0.492500
1 -62.830139 -15.325225 144.832214 -0.027361 0.808953 -0.587236 0.492500 0.007500
pine_needles.bmp
1 -100.450790 17.543610 191.863861 -0.027361 0.808953 -0.587236 0.007500 0.492500
1 -62.830139 -15.325225 144.832214 -0.027361 0.808953 -0.587236 0.492500 0.007500
1 -99.297348 -16.558655 144.832214 -0.027361 0.808953 -0.587236 0.007500 0.007500
pine_needles.bmp
1 -67.729698 -16.674767 142.574844 0.888122 0.030039 0.458625 0.507500 0.507500
1 -68.963127 19.792439 142.574844 0.888122 0.030039 0.458625 0.992500 0.507500
1 -95.551231 18.893150 194.121246 0.888122 0.030039 0.458625 0.992500 0.992500
pine_needles.bmp
1 -67.729698 -16.674767 142.574844 0.888122 0.030039 0.458625 0.507500 0.507500
1 -95.551231 18.893150 194.121246 0.888122 0.030039 0.458625 0.992500 0.992500
1 -94.317802 -17.574055 194.121246 0.888122 0.030039 0.458625 0.507500 0.992500
pine_needles.bmp
1 -94.317802 -17.574055 194.121246 -0.888122 -0.030039 -0.458625 0.507500 0.992500
1 -95.551231 18.893150 194.121246 -0.888122 -0.030039 -0.458625 0.992500 0.992500
1 -68.963127 19.792439 142.574844 -0.888122 -0.030039 -0.458625 0.992500 0.507500
pine_needles.bmp
1 -94.317802 -17.574055 194.121246 -0.888122 -0.030039 -0.458625 0.507500 0.992500
1 -68.963127 19.792439 142.574844 -0.888122 -0.030039 -0.458625 0.992500 0.507500
1 -67.729698 -16.674767 142.574844 -0.888122 -0.030039 -0.458625 0.507500 0.507500
pine_needles.bmp
1 -99.054214 -32.671066 141.782486 0.535170 -0.190552 0.822972 0.507500 0.007500
1 -81.640182 16.236679 141.782486 0.535170 -0.190552 0.822972 0.992500 0.007500
1 -136.796036 35.875401 182.196884 0.535170 -0.190552 0.822972 0.992500 0.492500
pine_needles.bmp
1 -99.054214 -32.671066 141.782486 0.535170 -0.190552 0.822972 0.507500 0.007500
1 -136.796036 35.875401 182.196884 0.535170 -0.190552 0.822972 0.992500 0.492500
1 -154.210068 -13.032344 182.196884 0.535170 -0.190552 0.822972 0.507500 0.492500
pine_needles.bmp
1 -154.210068 -13.032344 182.196884 -0.535170 0.190552 -0.822972 0.507500 0.492500
1 -136.796036 35.875401 182.196884 -0.535170 0.190552 -0.822972 0.992500 0.492500
1 -81.640182 16.236679 141.782486 -0.535170 0.190552 -0.822972 0.992500 0.007500
pine_needles.bmp
1 -154.210068 -13.032344 182.196884 -0.535170 0.190552 -0.822972 0.507500 0.492500
1 -81.640182 16.236679 141.782486 -0.535170 0.190552 -0.822972 0.992500 0.007500
1 -99.054214 -32.671066 141.782486 -0.535170 0.190552 -0.822972 0.507500 0.007500
pine_needles.bmp
1 -84.563255 17.913479 138.405746 0.222731 0.625545 0.747720 0.507500 0.507500
1 -133.471008 35.327511 138.405746 0.222731 0.625545 0.747720 0.992500 0.507500
1 -151.286987 -14.709145 185.573608 0.222731 0.625545 0.747720 0.992500 0.992500
pine_needles.bmp
1 -84.563255 17.913479 138.405746 0.222731 0.625545 0.747720 0.507500 0.507500
1 -151.286987 -14.709145 185.573608 0.222731 0.625545 0.747720 0.992500 0.992500
1 -102.379250 -32.123177 185.573608 0.222731 0.625545 0.747720 0.507500 0.992500
pine_needles.bmp
1 -102.379250 -32.123177 185.573608 -0.222731 -0.625545 -0.747720 0.507500 0.992500
1 -151.286987 -14.709145 185.573608 -0.222731 -0.625545 -0.747720 0.992500 0.992500
1 -133.471008 35.327511 138.405746 -0.222731 -0.625545 -0.747720 0.992500 0.507500
pine_needles.bmp
1 -102.379250 -32.123177 185.573608 -0.222731 -0.625545 -0.747720 0.507500 0.992500
1 -133.471008 35.327511 138.405746 -0.222731 -0.625545 -0.747720 0.992500 0.507500
1 -84.563255 17.913479 138.405746 -0.222731 -0.625545 -0.747720 0.507500 0.507500
pine_bark.bmp
0 1.647396 0.000000 179.339249 0.674285 0.475427 -0.565075 0.000000 0.000000
0 3.027989 -2.443073 182.797989 0.980898 -0.073349 0.180163 0.200000 0.000000
0 -42.504356 -57.214359 161.088058 0.770196 -0.628520 -0.108444 0.200000 0.620795
pine_bark.bmp
0 1.647396 0.000000 179.339249 0.674285 0.475427 -0.565075 0.000000 0.000000
0 -42.504356 -57.214359 161.088058 0.770196 -0.628520 -0.108444 0.200000 0.620795
0 -43.562840 -55.979923 159.339996 0.251565 -0.031635 -0.967323 0.000000 0.620795
pine_bark.bmp
0 3.027989 -2.443073 182.797989 0.980898 -0.073349 0.180163 0.200000 0.000000
0 0.142061 -1.371145 185.868820 0.413881 0.118050 0.902644 0.400000 0.000000
0 -43.720440 -56.686012 162.967773 0.211070 -0.381497 0.899950 0.400000 0.620795
pine_bark.bmp
0 3.027989 -2.443073 182.797989 0.980898 -0.073349 0.180163 0.200000 0.000000
0 -43.720440 -56.686012 162.967773 0.211070 -0.381497 0.899950 0.400000 0.620795
0 -42.504356 -57.214359 161.088058 0.770196 -0.628520 -0.108444 0.200000 0.620795
pine_bark.bmp
0 0.142061 -1.371145 185.868820 0.413881 0.118050 0.902644 0.400000 0.000000
0 -2.905400 1.496559 184.680283 -0.248789 0.723326 0.644130 0.600000 0.000000
0 -45.507263 -55.199654 162.627411 -0.683373 0.389570 0.617443 0.600000 0.620795
pine_bark.bmp
0 0.142061 -1.371145 185.868820 0.413881 0.118050 0.902644 0.400000 0.000000
0 -45.507263 -55.199654 162.627411 -0.683373 0.389570 0.617443 0.600000 0.620795
0 -43.720440 -56.686012 162.967773 0.211070 -0.381497 0.899950 0.400000 0.620795
pine_bark.bmp
0 -2.905400 1.496559 184.680283 -0.248789 0.723326 0.644130 0.600000 0.000000
0 -1.913721 2.375591 180.440674 -0.080694 0.953842 -0.289263 0.800000 0.000000
0 -45.357456 -54.785400 160.301514 -0.601457 0.566845 -0.562971 0.800000 0.620795
pine_bark.bmp
0 -2.905400 1.496559 184.680283 -0.248789 0.723326 0.644130 0.600000 0.000000
0 -45.357456 -54.785400 160.301514 -0.601457 0.566845 -0.562971 0.800000 0.620795
0 -45.507263 -55.199654 162.627411 -0.683373 0.389570 0.617443 0.600000 0.620795
pine_bark.bmp
0 -1.913721 2.375591 180.440674 -0.080694 0.953842 -0.289263 0.800000 0.000000
0 1.647396 0.000000 179.339249 0.674285 0.475427 -0.565075 1.000000 0.000000
0 -43.562840 -55.979923 159.339996 0.251565 -0.031635 -0.967323 1.000000 0.620795
pine_bark.bmp
0 -1.913721 2.375591 180.440674 -0.080694 0.953842 -0.289263 0.800000 0.000000
0 -43.562840 -55.979923 159.339996 0.251565 -0.031635 -0.967323 1.000000 0.620795
0 -45.357456 -54.785400 160.301514 -0.601457 0.566845 -0.562971 0.800000 0.620795
pine_bark.bmp
0 -43.562840 -55.979923 159.339996 0.251565 -0.031635 -0.967323 0.000000 0.620795
0 -42.504356 -57.214359 161.088058 0.770196 -0.628520 -0.108444 0.200000 0.620795
0 -79.735077 -102.165405 159.765259 0.241631 -0.964193 -0.109297 0.200000 1.106925
pine_bark.bmp
0 -43.562840 -55.979923 159.339996 0.251565 -0.031635 -0.967323 0.000000 0.620795
0 -79.735077 -102.165405 159.765259 0.241631 -0.964193 -0.109297 0.200000 1.106925
0 -80.203491 -101.781677 159.279327 -0.257533 -0.529379 -0.808353 0.000000 1.106925
pine_bark.bmp
0 -42.504356 -57.214359 161.088058 0.770196 -0.628520 -0.108444 0.200000 0.620795
0 -43.720440 -56.686012 162.967773 0.211070 -0.381497 0.899950 0.400000 0.620795
0 -79.960533 -102.008240 160.453308 -0.106079 -0.710813 0.695336 0.400000 1.106925
pine_bark.bmp
0 -42.504356 -57.214359 161.088058 0.770196 -0.628520 -0.108444 0.200000 0.620795
0 -79.960533 -102.008240 160.453308 -0.106079 -0.710813 0.695336 0.400000 1.106925
0 -79.735077 -102.165405 159.765259 0.241631 -0.964193 -0.109297 0.200000 1.106925
pine_bark.bmp
0 -43.720440 -56.686012 162.967773 0.211070 -0.381497 0.899950 0.400000 0.620795
0 -45.507263 -55.199654 162.627411 -0.683373 0.389570 0.617443 0.600000 0.620795
0 -80.565506 -101.532204 160.481293 -0.822202 -0.127791 0.554664 0.600000 1.106925
pine_bark.bmp
0 -43.720440 -56.686012 162.967773 0.211070 -0.381497 0.899950 0.400000 0.620795
0 -80.565506 -101.532204 160.481293 -0.822202 -0.127791 0.554664 0.600000 1.106925
0 -79.960533 -102.008240 160.453308 -0.106079 -0.710813 0.695336 0.400000 1.106925
pine_bark.bmp
0 -45.507263 -55.199654 162.627411 -0.683373 0.389570 0.617443 0.600000 0.620795
0 -45.357456 -54.785400 160.301514 -0.601457 0.566845 -0.562971 0.800000 0.620795
0 -80.691971 -101.410278 159.736313 -0.919750 -0.046677 -0.389720 0.800000 1.106925
pine_bark.bmp
0 -45.507263 -55.199654 162.627411 -0.683373 0.389570 0.617443 0.600000 0.620795
0 -80.691971 -101.410278 159.736313 -0.919750 -0.046677 -0.389720 0.800000 1.106925
0 -80.565506 -101.532204 160.481293 -0.822202 -0.127791 0.554664 0.600000 1.106925
pine_bark.bmp
0 -45.357456 -54.785400 160.301514 -0.601457 0.566845 -0.562971 0.800000 0.620795
0 -43.562840 -55.979923 159.339996 0.251565 -0.031635 -0.967323 1.000000 0.620795
0 -80.203491 -101.781677 159.279327 -0.257533 -0.529379 -0.808353 1.000000 1.106925
pine_bark.bmp
0 -45.357456 -54.785400 160.301514 -0.601457 0.566845 -0.562971 0.800000 0.620795
0 -80.203491 -101.781677 159.279327 -0.257533 -0.529379 -0.808353 1.000000 1.106925
0 -80.691971 -101.410278 159.736313 -0.919750 -0.046677 -0.389720 0.800000 1.106925
pine_bark.bmp
0 1.647396 0.000000 179.339249 0.674285 0.475427 -0.565075 0.950000 0.500000
0 -1.913721 2.375591 180.440674 -0.080694 0.953842 -0.289263 0.639058 0.072025
0 -2.905400 1.496559 184.680283 -0.248789 0.723326 0.644130 0.135942 0.235497
pine_bark.bmp
0 -2.905400 1.496559 184.680283 -0.248789 0.723326 0.644130 0.135942 0.235497
0 0.142061 -1.371145 185.868820 0.413881 0.118050 0.902644 0.135942 0.764503
0 3.027989 -2.443073 182.797989 0.980898 -0.073349 0.180163 0.639058 0.927975
pine_bark.bmp
0 -2.905400 1.496559 184.680283 -0.248789 0.723326 0.644130 0.135942 0.235497
0 3.027989 -2.443073 182.797989 0.980898 -0.073349 0.180163 0.639058 0.927975
0 1.647396 0.000000 179.339249 0.674285 0.475427 -0.565075 0.950000 0.500000
pine_bark.bmp
0 -80.691971 -101.410278 159.736313 -0.919750 -0.046677 -0.389720 0.639058 0.072025
0 -80.203491 -101.781677 159.279327 -0.257533 -0.529379 -0.808353 0.950000 0.500000
0 -79.735077 -102.165405 159.765259 0.241631 -0.964193 -0.109297 0.639058 0.927975
pine_bark.bmp
0 -79.735077 -102.165405 159.765259 0.241631 -0.964193 -0.109297 0.639058 0.927975
0 -79.960533 -102.008240 160.453308 -0.106079 -0.710813 0.695336 0.135942 0.764503
0 -80.565506 -101.532204 160.481293 -0.822202 -0.127791 0.554664 0.135942 0.235497
pine_bark.bmp
0 -79.735077 -102.165405 159.765259 0.241631 -0.964193 -0.109297 0.639058 0.927975
0 -80.565506 -101.532204 160.481293 -0.822202 -0.127791 0.554664 0.135942 0.235497
0 -80.691971 -101.410278 159.736313 -0.919750 -0.046677 -0.389720 0.639058 0.072025
pine_needles.bmp
1 -63.747154 -24.887020 156.711380 -0.484456 -0.171638 0.857813 0.007500 0.007500
1 -49.032463 -66.419891 156.711380 -0.484456 -0.171638 0.857813 0.492500 0.007500
1 7.587032 -46.360157 192.701370 -0.484456 -0.171638 0.857813 0.492500 0.492500
pine_needles.bmp
1 -63.747154 -24.887020 156.711380 -0.484456 -0.171638 0.857813 0.007500 0.007500
1 7.587032 -46.360157 192.701370 -0.484456 -0.171638 0.857813 0.492500 0.492500
1 -7.127657 -4.827289 192.701370 -0.484456 -0.171638 0.857813 0.007500 0.492500
pine_needles.bmp
1 -7.127657 -4.827289 192.701370 0.484456 0.171638 -0.857813 0.007500 0.492500
1 7.587032 -46.360157 192.701370 0.484456 0.171638 -0.857813 0.492500 0.492500
1 -49.032463 -66.419891 156.711380 0.484456 0.171638 -0.857813 0.492500 0.007500
pine_needles.bmp
1 -7.127657 -4.827289 192.701370 0.484456 0.171638 -0.857813 0.007500 0.492500
1 -49.032463 -66.419891 156.711380 0.484456 0.171638 -0.857813 0.492500 0.007500
1 -63.747154 -24.887020 156.711380 0.484456 0.171638 -0.857813 0.007500 0.007500
pine_needles.bmp
1 -38.341763 -72.631012 159.260132 0.147196 -0.415466 0.897620 0.007500 0.007500
1 3.191106 -57.916321 159.260132 0.147196 -0.415466 0.897620 0.492500 0.007500
1 -17.818356 1.383833 190.152618 0.147196 -0.415466 0.897620 0.492500 0.492500
pine_needles.bmp
1 -38.341763 -72.631012 159.260132 0.147196 -0.415466 0.897620 0.007500 0.007500
1 -17.818356 1.383833 190.152618 0.147196 -0.415466 0.897620 0.492500 0.492500
1 -59.351223 -13.330856 190.152618 0.147196 -0.415466 0.897620 0.007500 0.492500
pine_needles.bmp
1 -59.351223 -13.330856 190.152618 -0.147196 0.415466 -0.897620 0.007500 0.492500
1 -17.818356 1.383833 190.152618 -0.147196 0.415466 -0.897620 0.492500 0.492500
1 3.191106 -57.916321 159.260132 -0.147196 0.415466 -0.897620 0.492500 0.007500
pine_needles.bmp
1 -59.351223 -13.330856 190.152618 -0.147196 0.415466 -0.897620 0.007500 0.492500
1 3.191106 -57.916321 159.260132 -0.147196 0.415466 -0.897620 0.492500 0.007500
1 -38.341763 -72.631012 159.260132 -0.147196 0.415466 -0.897620 0.007500 0.007500
pine_needles.bmp
1 -80.971405 -74.217163 145.161591 -0.398542 -0.525400 0.751745 0.507500 0.507500
1 -52.064438 -96.144524 145.161591 -0.398542 -0.525400 0.751745 0.992500 0.507500
1 -20.116800 -54.027763 191.534500 -0.398542 -0.525400 0.751745 0.992500 0.992500
pine_needles.bmp
1 -80.971405 -74.217163 145.161591 -0.398541 -0.525400 0.751745 0.507500 0.507500
1 -20.116800 -54.027763 191.534500 -0.398541 -0.525400 0.751745 0.992500 0.992500
1 -49.023773 -32.100399 191.534500 -0.398541 -0.525400 0.751745 0.507500 0.992500
pine_needles.bmp
1 -49.023773 -32.100399 191.534500 0.398541 0.525400 -0.751745 0.507500 0.992500
1 -20.116800 -54.027763 191.534500 0.398541 0.525400 -0.751745 0.992500 0.992500
1 -52.064438 -96.144524 145.161591 0.398541 0.525400 -0.751745 0.992500 0.507500
pine_needles.bmp
1 -49.023773 -32.100399 191.534500 0.398541 0.525400 -0.751745 0.507500 0.992500
1 -52.064438 -96.144524 145.161591 0.398541 0.525400 -0.751745 0.992500 0.507500
1 -80.971405 -74.217163 145.161591 0.398541 0.525400 -0.751745 0.507500 0.507500
pine_needles.bmp
1 -38.106567 -96.326920 148.914810 0.439618 -0.333472 0.833986 0.007500 0.507500
1 -16.179205 -67.419952 148.914810 0.439618 -0.333472 0.833986 0.492500 0.507500
1 -62.981644 -31.917994 187.781281 0.439618 -0.333472 0.833986 0.492500 0.992500
pine_needles.bmp
1 -38.106567 -96.326920 148.914810 0.439618 -0.333472 0.833986 0.007500 0.507500
1 -62.981644 -31.917994 187.781281 0.439618 -0.333472 0.833986 0.492500 0.992500
1 -84.909004 -60.824966 187.781281 0.439618 -0.333472 0.833986 0.007500 0.992500
pine_needles.bmp
1 -84.909004 -60.824966 187.781281 -0.439618 0.333472 -0.833986 0.007500 0.992500
1 -62.981644 -31.917994 187.781281 -0.439618 0.333472 -0.833986 0.492500 0.992500
1 -16.179205 -67.419952 148.914810 -0.439618 0.333472 -0.833986 0.492500 0.507500
pine_needles.bmp
1 -84.909004 -60.824966 187.781281 -0.439618 0.333472 -0.833986 0.007500 0.992500
1 -16.179205 -67.419952 148.914810 -0.439618 0.333472 -0.833986 0.492500 0.507500
1 -38.106567 -96.326920 148.914810 -0.439618 0.333472 -0.833986 0.007500 0.507500
pine_needles.bmp
1 -42.024094 -107.757362 148.154099 0.448194 0.106119 0.887615 0.007500 0.507500
1 -52.100632 -65.198936 148.154099 0.448194 0.106119 0.887615 0.492500 0.507500
1 -103.992218 -77.485298 175.825256 0.448194 0.106119 0.887615 0.492500 0.992500
pine_needles.bmp
1 -42.024094 -107.757362 148.154099 0.448194 0.106119 0.887615 0.007500 0.507500
1 -103.992218 -77.485298 175.825256 0.448194 0.106119 0.887615 0.492500 0.992500
1 -93.915680 -120.043724 175.825256 0.448194 0.106119 0.887615 0.007500 0.992500
pine_needles.bmp
1 -93.915680 -120.043724 175.825256 -0.448194 -0.106119 -0.887615 0.007500 0.992500
1 -103.992218 -77.485298 175.825256 -0.448194 -0.106119 -0.887615 0.492500 0.992500
1 -52.100632 -65.198936 148.154099 -0.448194 -0.106119 -0.887615 0.492500 0.507500
pine_needles.bmp
1 -93.915680 -120.043724 175.825256 -0.448194 -0.106119 -0.887615 0.007500 0.992500
1 -52.100632 -65.198936 148.154099 -0.448194 -0.106119 -0.887615 0.492500 0.507500
1 -42.024094 -107.757362 148.154099 -0.448194 -0.106119 -0.887615 0.007500 0.507500
pine_needles.bmp
1 -55.022236 -73.673820 135.812057 -0.202218 0.854070 0.479242 0.507500 0.007500
1 -97.580658 -83.750359 135.812057 -0.202218 0.854070 0.479242 0.992500 0.007500
1 -90.994080 -111.568840 188.167297 -0.202218 0.854070 0.479242 0.992500 0.492500
pine_needles.bmp
1 -55.022236 -73.673820 135.812057 -0.202218 0.854070 0.479242 0.507500 0.007500
1 -90.994080 -111.568840 188.167297 -0.202218 0.854070 0.479242 0.992500 0.492500
1 -48.435658 -101.492302 188.167297 -0.202218 0.854070 0.479242 0.507500 0.492500
pine_needles.bmp
1 -48.435658 -101.492302 188.167297 0.202218 -0.854070 -0.479242 0.507500 0.492500
1 -90.994080 -111.568840 188.167297 0.202218 -0.854070 -0.479242 0.992500 0.492500
1 -97.580658 -83.750359 135.812057 0.202218 -0.854070 -0.479242 0.992500 0.007500
pine_needles.bmp
1 -48.435658 -101.492302 188.167297 0.202218 -0.854070 -0.479242 0.507500 0.492500
1 -97.580658 -83.750359 135.812057 0.202218 -0.854070 -0.479242 0.992500 0.007500
1 -55.022236 -73.673820 135.812057 0.202218 -0.854070 -0.479242 0.507500 0.007500
pine_bark.bmp
0 3.167039 0.000000 180.690201 0.748980 0.582190 -0.316361 0.000000 0.000000
0 2.868750 -1.270811 184.930252 0.737368 0.283064 0.613321 0.200000 0.000000
0 -11.790599 -70.470184 162.086868 0.883251 -0.278367 0.377333 0.200000 0.620795
pine_bark.bmp
0 3.167039 0.000000 180.690201 0.748980 0.582190 -0.316361 0.000000 0.000000
0 -11.790599 -70.470184 162.086868 0.883251 -0.278367 0.377333 0.200000 0.620795
0 -12.207820 -69.970711 159.802032 0.647147 -0.039381 -0.761348 0.000000 0.620795
pine_bark.bmp
0 2.868750 -1.270811 184.930252 0.737368 0.283064 0.613321 0.200000 0.000000
0 -1.383899 -0.713228 185.788422 -0.141944 0.379047 0.914426 0.400000 0.000000
0 -13.855026 -70.256401 163.110596 -0.141222 -0.151206 0.978362 0.400000 0.620795
pine_bark.bmp
0 2.868750 -1.270811 184.930252 0.737368 0.283064 0.613321 0.200000 0.000000
0 -13.855026 -70.256401 163.110596 -0.141222 -0.151206 0.978362 0.400000 0.620795
0 -11.790599 -70.470184 162.086868 0.883251 -0.278367 0.377333 0.200000 0.620795
pine_bark.bmp
0 -1.383899 -0.713228 185.788422 -0.141944 0.379047 0.914426 0.400000 0.000000
0 -3.776926 0.778464 182.512634 -0.691717 0.687561 0.220878 0.600000 0.000000
0 -15.623610 -69.655006 161.703430 -0.974389 0.156490 0.161481 0.600000 0.620795
pine_bark.bmp
0 -1.383899 -0.713228 185.788422 -0.141944 0.379047 0.914426 0.400000 0.000000
0 -15.623610 -69.655006 161.703430 -0.974389 0.156490 0.161481 0.600000 0.620795
0 -13.855026 -70.256401 163.110596 -0.141222 -0.151206 0.978362 0.400000 0.620795
pine_bark.bmp
0 -3.776926 0.778464 182.512634 -0.691717 0.687561 0.220878 0.600000 0.000000
0 -0.808177 1.235709 179.212448 -0.122457 0.820151 -0.558889 0.800000 0.000000
0 -14.515478 -69.487389 159.611908 -0.432589 0.211569 -0.876416 0.800000 0.620795
pine_bark.bmp
0 -3.776926 0.778464 182.512634 -0.691717 0.687561 0.220878 0.600000 0.000000
0 -14.515478 -69.487389 159.611908 -0.432589 0.211569 -0.876416 0.800000 0.620795
0 -15.623610 -69.655006 161.703430 -0.974389 0.156490 0.161481 0.600000 0.620795
pine_bark.bmp
0 -0.808177 1.235709 179.212448 -0.122457 0.820151 -0.558889 0.800000 0.000000
0 3.167039 0.000000 180.690201 0.748980 0.582190 -0.316361 1.000000 0.000000
0 -12.207820 -69.970711 159.802032 0.647147 -0.039381 -0.761348 1.000000 0.620795
pine_bark.bmp
0 -0.808177 1.235709 179.212448 -0.122457 0.820151 -0.558889 0.800000 0.000000
0 -12.207820 -69.970711 159.802032 0.647147 -0.039381 -0.761348 1.000000 0.620795
0 -14.515478 -69.487389 159.611908 -0.432589 0.211569 -0.876416 0.800000 0.620795
pine_bark.bmp
0 -12.207820 -69.970711 159.802032 0.647147 -0.039381 -0.761348 0.000000 0.620795
0 -11.790599 -70.470184 162.086868 0.883251 -0.278367 0.377333 0.200000 0.620795
0 -24.097904 -127.338524 159.820923 0.627172 -0.749428 0.212161 0.200000 1.106925
pine_bark.bmp
0 -12.207820 -69.970711 159.802032 0.647147 -0.039381 -0.761348 0.000000 0.620795
0 -24.097904 -127.338524 159.820923 0.627172 -0.749428 0.212161 0.200000 1.106925
0 -24.644402 -127.219475 159.283707 0.308960 -0.651502 -0.692884 0.000000 1.106925
pine_bark.bmp
0 -11.790599 -70.470184 162.086868 0.883251 -0.278367 0.377333 0.200000 0.620795
0 -13.855026 -70.256401 163.110596 -0.141222 -0.151206 0.978362 0.400000 0.620795
0 -24.430037 -127.289764 160.482132 -0.073256 -0.623553 0.778341 0.400000 1.106925
pine_bark.bmp
0 -11.790599 -70.470184 162.086868 0.883251 -0.278367 0.377333 0.200000 0.620795
0 -24.430037 -127.289764 160.482132 -0.073256 -0.623553 0.778341 0.400000 1.106925
0 -24.097904 -127.338524 159.820923 0.627172 -0.749428 0.212161 0.200000 1.106925
pine_bark.bmp
0 -13.855026 -70.256401 163.110596 -0.141222 -0.151206 0.978362 0.400000 0.620795
0 -15.623610 -69.655006 161.703430 -0.974389 0.156490 0.161481 0.600000 0.620795
0 -25.185005 -127.142082 160.442352 -0.845615 -0.453293 0.281888 0.600000 1.106925
pine_bark.bmp
0 -13.855026 -70.256401 163.110596 -0.141222 -0.151206 0.978362 0.400000 0.620795
0 -25.185005 -127.142082 160.442352 -0.845615 -0.453293 0.281888 0.600000 1.106925
0 -24.430037 -127.289764 160.482132 -0.073256 -0.623553 0.778341 0.400000 1.106925
pine_bark.bmp
0 -15.623610 -69.655006 161.703430 -0.974389 0.156490 0.161481 0.600000 0.620795
0 -14.515478 -69.487389 159.611908 -0.432589 0.211569 -0.876416 0.800000 0.620795
0 -25.286545 -127.104256 159.684967 -0.592865 -0.495457 -0.634849 0.800000 1.106925
pine_bark.bmp
0 -15.623610 -69.655006 161.703430 -0.974389 0.156490 0.161481 0.600000 0.620795
0 -25.286545 -127.104256 159.684967 -0.592865 -0.495457 -0.634849 0.800000 1.106925
0 -25.185005 -127.142082 160.442352 -0.845615 -0.453293 0.281888 0.600000 1.106925
pine_bark.bmp
0 -14.515478 -69.487389 159.611908 -0.432589 0.211569 -0.876416 0.800000 0.620795
0 -12.207820 -69.970711 159.802032 0.647147 -0.039381 -0.761348 1.000000 0.620795
0 -24.644402 -127.219475 159.283707 0.308960 -0.651502 -0.692884 1.000000 1.106925
pine_bark.bmp
0 -14.515478 -69.487389 159.611908 -0.432589 0.211569 -0.876416 0.800000 0.620795
0 -24.644402 -127.219475 159.283707 0.308960 -0.651502 -0.692884 1.000000 1.106925
0 -25.286545 -127.104256 159.684967 -0.592865 -0.495457 -0.634849 0.800000 1.106925
pine_bark.bmp
0 3.167039 0.000000 180.690201 0.748980 0.582190 -0.316361 0.950000 0.500000
0 -0.808177 1.235709 179.212448 -0.122457 0.820151 -0.558889 0.639058 0.072025
0 -3.776926 0.778464 182.512634 -0.691717 0.687561 0.220878 0.135942 0.235497
pine_bark.bmp
0 -3.776926 0.778464 182.512634 -0.691717 0.687561 0.220878 0.135942 0.235497
0 -1.383899 -0.713228 185.788422 -0.141944 0.379047 0.914426 0.135942 0.764503
0 2.868750 -1.270811 184.930252 0.737368 0.283064 0.613321 0.639058 0.927975
pine_bark.bmp
0 -3.776926 0.778464 182.512634 -0.691717 0.687561 0.220878 0.135942 0.235497
0 2.868750 -1.270811 184.930252 0.737368 0.283064 0.613321 0.639058 0.927975
0 3.167039 0.000000 180.690201 0.748980 0.582190 -0.316361 0.950000 0.500000
pine_bark.bmp
0 -25.286545 -127.104256 159.684967 -0.592865 -0.495457 -0.634849 0.639058 0.072025
0 -24.644402 -127.219475 159.283707 0.308960 -0.651502 -0.692884 0.950000 0.500000
0 -24.097904 -127.338524 159.820923 0.627172 -0.749428 0.212161 0.639058 0.927975
pine_bark.bmp
0 -24.097904 -127.338524 159.820923 0.627172 -0.749428 0.212161 0.639058 0.927975
0 -24.430037 -127.289764 160.482132 -0.073256 -0.623553 0.778341 0.135942 0.764503
0 -25.185005 -127.142082 160.442352 -0.845615 -0.453293 0.281888 0.135942 0.235497
pine_bark.bmp
0 -24.097904 -127.338524 159.820923 0.627172 -0.749428 0.212161 0.639058 0.927975
0 -25.185005 -127.142082 160.442352 -0.845615 -0.453293 0.281888 0.135942 0.235497
0 -25.286545 -127.104256 159.684967 -0.592865 -0.495457 -0.634849 0.639058 0.072025
pine_needles.bmp
1 24.214287 -58.843941 150.250046 0.647782 0.270749 0.712091 0.507500 0.007500
1 4.250046 -11.078485 150.250046 0.647782 0.270749 0.712091 0.992500 0.007500
1 -41.522335 -30.209692 199.162704 0.647782 0.270749 0.712091 0.992500 0.492500
pine_needles.bmp
1 24.214287 -58.843941 150.250046 0.647782 0.270749 0.712091 0.507500 0.007500
1 -41.522335 -30.209692 199.162704 0.647782 0.270749 0.712091 0.992500 0.492500
1 -21.558094 -77.975151 199.162704 0.647782 0.270749 0.712091 0.507500 0.492500
pine_needles.bmp
1 -21.558094 -77.975151 199.162704 -0.647782 -0.270749 -0.712091 0.507500 0.492500
1 -41.522335 -30.209692 199.162704 -0.647782 -0.270749 -0.712091 0.992500 0.492500
1 4.250046 -11.078485 150.250046 -0.647782 -0.270749 -0.712091 0.992500 0.007500
pine_needles.bmp
1 -21.558094 -77.975151 199.162704 -0.647782 -0.270749 -0.712091 0.507500 0.492500
1 4.250046 -11.078485 150.250046 -0.647782 -0.270749 -0.712091 0.992500 0.007500
1 24.214287 -58.843941 150.250046 -0.647782 -0.270749 -0.712091 0.507500 0.007500
pine_needles.bmp
1 9.488409 -20.810749 143.371124 -0.348331 0.833399 0.429082 0.507500 0.007500
1 -38.277046 -40.774990 143.371124 -0.348331 0.833399 0.429082 0.992500 0.007500
1 -26.796455 -68.242889 206.041611 -0.348331 0.833399 0.429082 0.992500 0.492500
pine_needles.bmp
1 9.488409 -20.810749 143.371124 -0.348331 0.833399 0.429082 0.507500 0.007500
1 -26.796455 -68.242889 206.041611 -0.348331 0.833399 0.429082 0.992500 0.492500
1 20.969000 -48.278645 206.041611 -0.348331 0.833399 0.429082 0.507500 0.492500
pine_needles.bmp
1 20.969000 -48.278645 206.041611 0.348331 -0.833399 -0.429082 0.507500 0.492500
1 -26.796455 -68.242889 206.041611 0.348331 -0.833399 -0.429082 0.992500 0.492500
1 -38.277046 -40.774990 143.371124 0.348331 -0.833399 -0.429082 0.992500 0.007500
pine_needles.bmp
1 20.969000 -48.278645 206.041611 0.348331 -0.833399 -0.429082 0.507500 0.492500
1 -38.277046 -40.774990 143.371124 0.348331 -0.833399 -0.429082 0.992500 0.007500
1 9.488409 -20.810749 143.371124 0.348331 -0.833399 -0.429082 0.507500 0.007500
pine_needles.bmp
1 0.170355 -105.402985 141.983765 0.837251 -0.046691 0.544823 0.007500 0.007500
1 2.880731 -56.801090 141.983765 0.837251 -0.046691 0.544823 0.492500 0.007500
1 -31.324841 -54.893551 194.712311 0.837251 -0.046691 0.544823 0.492500 0.492500
pine_needles.bmp
1 0.170355 -105.402985 141.983765 0.837251 -0.046691 0.544823 0.007500 0.007500
1 -31.324841 -54.893551 194.712311 0.837251 -0.046691 0.544823 0.492500 0.492500
1 -34.035217 -103.495453 194.712311 0.837251 -0.046691 0.544823 0.007500 0.492500
pine_needles.bmp
1 -34.035217 -103.495453 194.712311 -0.837251 0.046691 -0.544823 0.007500 0.492500
1 -31.324841 -54.893551 194.712311 -0.837251 0.046691 -0.544823 0.492500 0.492500
1 2.880731 -56.801090 141.983765 -0.837251 0.046691 -0.544823 0.492500 0.007500
pine_needles.bmp
1 -34.035217 -103.495453 194.712311 -0.837251 0.046691 -0.544822 0.007500 0.492500
1 2.880731 -56.801090 141.983765 -0.837251 0.046691 -0.544822 0.492500 0.007500
1 0.170355 -105.402985 141.983765 -0.837251 0.046691 -0.544822 0.007500 0.007500
pine_needles.bmp
1 10.292439 -53.373276 153.949081 0.025339 0.454379 0.890448 0.507500 0.007500
1 -38.309460 -50.662903 153.949081 0.025339 0.454379 0.890448 0.992500 0.007500
1 -41.446926 -106.923264 182.747009 0.025339 0.454379 0.890448 0.992500 0.492500
pine_needles.bmp
1 10.292439 -53.373276 153.949081 0.025339 0.454379 0.890448 0.507500 0.007500
1 -41.446926 -106.923264 182.747009 0.025339 0.454379 0.890448 0.992500 0.492500
1 7.154974 -109.633636 182.747009 0.025339 0.454379 0.890448 0.507500 0.492500
pine_needles.bmp
1 7.154974 -109.633636 182.747009 -0.025339 -0.454379 -0.890448 0.507500 0.492500
1 -41.446926 -106.923264 182.747009 -0.025339 -0.454379 -0.890448 0.992500 0.492500
1 -38.309460 -50.662903 153.949081 -0.025339 -0.454379 -0.890448 0.992500 0.007500
pine_needles.bmp
1 7.154974 -109.633636 182.747009 -0.025339 -0.454379 -0.890448 0.507500 0.492500
1 -38.309460 -50.662903 153.949081 -0.025339 -0.454379 -0.890448 0.992500 0.007500
1 10.292439 -53.373276 153.949081 -0.025339 -0.454379 -0.890448 0.507500 0.007500
pine_needles.bmp
1 -44.428921 -92.016953 142.577621 -0.699660 -0.064390 0.711569 0.007500 0.507500
1 -39.725361 -143.125778 142.577621 -0.699660 -0.064390 0.711569 0.492500 0.507500
1 -0.572006 -139.522476 181.401733 -0.699660 -0.064390 0.711569 0.492500 0.992500
pine_needles.bmp
1 -44.428921 -92.016953 142.577621 -0.699660 -0.064390 0.711569 0.007500 0.507500
1 -0.572006 -139.522476 181.401733 -0.699660 -0.064390 0.711569 0.492500 0.992500
1 -5.275566 -88.413666 181.401733 -0.699660 -0.064390 0.711569 0.007500 0.992500
pine_needles.bmp
1 -5.275566 -88.413666 181.401733 0.699660 0.064390 -0.711569 0.007500 0.992500
1 -0.572006 -139.522476 181.401733 0.699660 0.064390 -0.711569 0.492500 0.992500
1 -39.725361 -143.125778 142.577621 0.699660 0.064390 -0.711569 0.492500 0.507500
pine_needles.bmp
1 -5.275566 -88.413666 181.401733 0.699660 0.064390 -0.711569 0.007500 0.992500
1 -39.725361 -143.125778 142.577621 0.699660 0.064390 -0.711569 0.492500 0.507500
1 -44.428921 -92.016953 142.577621 0.699660 0.064390 -0.711569 0.007500 0.507500
pine_needles.bmp
1 -46.647770 -133.411133 139.103683 0.076102 -0.826929 0.557132 0.007500 0.007500
1 4.461059 -128.707581 139.103683 0.076102 -0.826929 0.557132 0.492500 0.007500
1 1.646840 -98.128311 184.875671 0.076102 -0.826929 0.557132 0.492500 0.492500
pine_needles.bmp
1 -46.647770 -133.411133 139.103683 0.076102 -0.826929 0.557132 0.007500 0.007500
1 1.646840 -98.128311 184.875671 0.076102 -0.826929 0.557132 0.492500 0.492500
1 -49.461987 -102.831863 184.875671 0.076102 -0.826929 0.557132 0.007500 0.492500
pine_needles.bmp
1 -49.461987 -102.831863 184.875671 -0.076102 0.826929 -0.557132 0.007500 0.492500
1 1.646840 -98.128311 184.875671 -0.076102 0.826929 -0.557132 0.492500 0.492500
1 4.461059 -128.707581 139.103683 -0.076102 0.826929 -0.557132 0.492500 0.007500
pine_needles.bmp
1 -49.461987 -102.831863 184.875671 -0.076102 0.826929 -0.557132 0.007500 0.492500
1 4.461059 -128.707581 139.103683 -0.076102 0.826929 -0.557132 0.492500 0.007500
1 -46.647770 -133.411133 139.103683 -0.076102 0.826929 -0.557132 0.007500 0.007500
pine_bark.bmp
0 1.669207 0.000000 185.958710 -0.005937 0.429176 0.903201 0.000000 0.000000
0 -1.977835 -2.411150 184.955643 -0.784623 -0.075680 0.615336 0.200000 0.000000
0 42.126564 -57.753288 162.298401 -0.636327 -0.621531 0.456932 0.200000 0.620795
pine_bark.bmp
0 1.669207 0.000000 185.958710 -0.005937 0.429176 0.903201 0.000000 0.000000
0 42.126564 -57.753288 162.298401 -0.636327 -0.621531 0.456932 0.200000 0.620795
0 43.980816 -56.537361 163.215210 0.315161 0.023950 0.948736 0.000000 0.620795
pine_bark.bmp
0 -1.977835 -2.411150 184.955643 -0.784623 -0.075680 0.615336 0.200000 0.000000
0 -2.688016 -1.353229 180.822098 -0.945944 0.165658 -0.278833 0.400000 0.000000
0 42.145538 -57.232861 160.066208 -0.638768 -0.393826 -0.660966 0.400000 0.620795
pine_bark.bmp
0 -1.977835 -2.411150 184.955643 -0.784623 -0.075680 0.615336 0.200000 0.000000
0 42.145538 -57.232861 160.066208 -0.638768 -0.393826 -0.660966 0.400000 0.620795
0 42.126564 -57.753288 162.298401 -0.636327 -0.621531 0.456932 0.200000 0.620795
pine_bark.bmp
0 -2.688016 -1.353229 180.822098 -0.945944 0.165658 -0.278833 0.400000 0.000000
0 0.147120 1.477004 179.137360 -0.292905 0.764988 -0.573586 0.600000 0.000000
0 43.858074 -55.768795 159.407898 0.190616 0.309216 -0.931693 0.600000 0.620795
pine_bark.bmp
0 -2.688016 -1.353229 180.822098 -0.945944 0.165658 -0.278833 0.400000 0.000000
0 43.858074 -55.768795 159.407898 0.190616 0.309216 -0.931693 0.600000 0.620795
0 42.145538 -57.232861 160.066208 -0.638768 -0.393826 -0.660966 0.400000 0.620795
pine_bark.bmp
0 0.147120 1.477004 179.137360 -0.292905 0.764988 -0.573586 0.600000 0.000000
0 2.967477 2.344549 182.483810 0.304634 0.935850 0.177150 0.800000 0.000000
0 44.993031 -55.360752 161.452621 0.804712 0.593062 0.026771 0.800000 0.620795
pine_bark.bmp
0 0.147120 1.477004 179.137360 -0.292905 0.764988 -0.573586 0.600000 0.000000
0 44.993031 -55.360752 161.452621 0.804712 0.593062 0.026771 0.800000 0.620795
0 43.858074 -55.768795 159.407898 0.190616 0.309216 -0.931693 0.600000 0.620795
pine_bark.bmp
0 2.967477 2.344549 182.483810 0.304634 0.935850 0.177150 0.800000 0.000000
0 1.669207 0.000000 185.958710 -0.005937 0.429176 0.903201 1.000000 0.000000
0 43.980816 -56.537361 163.215210 0.315161 0.023950 0.948736 1.000000 0.620795
pine_bark.bmp
0 2.967477 2.344549 182.483810 0.304634 0.935850 0.177150 0.800000 0.000000
0 43.980816 -56.537361 163.215210 0.315161 0.023950 0.948736 1.000000 0.620795
0 44.993031 -55.360752 161.452621 0.804712 0.593062 0.026771 0.800000 0.620795
pine_bark.bmp
0 43.980816 -56.537361 163.215210 0.315161 0.023950 0.948736 0.000000 0.620795
0 42.126564 -57.753288 162.298401 -0.636327 -0.621531 0.456932 0.200000 0.620795
0 78.442650 -103.172699 160.162979 -0.187317 -0.921811 0.339378 0.200000 1.106925
pine_bark.bmp
0 43.980816 -56.537361 163.215210 0.315161 0.023950 0.948736 0.000000 0.620795
0 78.442650 -103.172699 160.162979 -0.187317 -0.921811 0.339378 0.200000 1.106925
0 78.951630 -102.795197 160.612534 0.490048 -0.396254 0.776425 0.000000 1.106925
pine_bark.bmp
0 42.126564 -57.753288 162.298401 -0.636327 -0.621531 0.456932 0.200000 0.620795
0 42.145538 -57.232861 160.066208 -0.638768 -0.393826 -0.660966 0.400000 0.620795
0 78.616966 -103.018082 159.460052 -0.091409 -0.821402 -0.562977 0.400000 1.106925
pine_bark.bmp
0 42.126564 -57.753288 162.298401 -0.636327 -0.621531 0.456932 0.200000 0.620795
0 78.616966 -103.018082 159.460052 -0.091409 -0.821402 -0.562977 0.400000 1.106925
0 78.442650 -103.172699 160.162979 -0.187317 -0.921811 0.339378 0.200000 1.106925
pine_bark.bmp
0 42.145538 -57.232861 160.066208 -0.638768 -0.393826 -0.660966 0.400000 0.620795
0 43.858074 -55.768795 159.407898 0.190616 0.309216 -0.931693 0.600000 0.620795
0 79.224098 -102.549767 159.386932 0.622834 -0.248680 -0.741779 0.600000 1.106925
pine_bark.bmp
0 42.145538 -57.232861 160.066208 -0.638768 -0.393826 -0.660966 0.400000 0.620795
0 79.224098 -102.549767 159.386932 0.622834 -0.248680 -0.741779 0.600000 1.106925
0 78.616966 -103.018082 159.460052 -0.091409 -0.821402 -0.562977 0.400000 1.106925
pine_bark.bmp
0 43.858074 -55.768795 159.407898 0.190616 0.309216 -0.931693 0.600000 0.620795
0 44.993031 -55.360752 161.452621 0.804712 0.593062 0.026771 0.800000 0.620795
0 79.408554 -102.429825 160.120346 0.994741 -0.016206 0.101136 0.800000 1.106925
pine_bark.bmp
0 43.858074 -55.768795 159.407898 0.190616 0.309216 -0.931693 0.600000 0.620795
0 79.408554 -102.429825 160.120346 0.994741 -0.016206 0.101136 0.800000 1.106925
0 79.224098 -102.549767 159.386932 0.622834 -0.248680 -0.741779 0.600000 1.106925
pine_bark.bmp
0 44.993031 -55.360752 161.452621 0.804712 0.593062 0.026771 0.800000 0.620795
0 43.980816 -56.537361 163.215210 0.315161 0.023950 0.948736 1.000000 0.620795
0 78.951630 -102.795197 160.612534 0.490048 -0.396254 0.776425 1.000000 1.106925
pine_bark.bmp
0 44.993031 -55.360752 161.452621 0.804712 0.593062 0.026771 0.800000 0.620795
0 78.951630 -102.795197 160.612534 0.490048 -0.396254 0.776425 1.000000 1.106925
0 79.408554 -102.429825 160.120346 0.994741 -0.016206 0.101136 0.800000 1.106925
pine_bark.bmp
0 1.669207 0.000000 185.958710 -0.005937 0.429176 0.903201 0.950000 0.500000
0 2.967477 2.344549 182.483810 0.304634 0.935850 0.177150 0.639058 0.072025
0 0.147120 1.477004 179.137360 -0.292905 0.764988 -0.573586 0.135942 0.235497
pine_bark.bmp
0 0.147120 1.477004 179.137360 -0.292905 0.764988 -0.573586 0.135942 0.235497
0 -2.688016 -1.353229 180.822098 -0.945944 0.165658 -0.278833 0.135942 0.764503
0 -1.977835 -2.411150 184.955643 -0.784623 -0.075680 0.615336 0.639058 0.927975
pine_bark.bmp
0 0.147120 1.477004 179.137360 -0.292905 0.764988 -0.573586 0.135942 0.235497
0 -1.977835 -2.411150 184.955643 -0.784623 -0.075680 0.615336 0.639058 0.927975
0 1.669207 0.000000 185.958710 -0.005937 0.429176 0.903201 0.950000 0.500000
pine_bark.bmp
0 79.408554 -102.429825 160.120346 0.994741 -0.016206 0.101136 0.639058 0.072025
0 78.951630 -102.795197 160.612534 0.490048 -0.396254 0.776425 0.950000 0.500000
0 78.442650 -103.172699 160.162979 -0.187317 -0.921811 0.339378 0.639058 0.927975
pine_bark.bmp
0 78.442650 -103.172699 160.162979 -0.187317 -0.921811 0.339378 0.639058 0.927975
0 78.616966 -103.018082 159.460052 -0.091409 -0.821402 -0.562977 0.135942 0.764503
0 79.224098 -102.549767 159.386932 0.622834 -0.248680 -0.741779 0.135942 0.235497
pine_bark.bmp
0 78.442650 -103.172699 160.162979 -0.187317 -0.921811 0.339378 0.639058 0.927975
0 79.224098 -102.549767 159.386932 0.622834 -0.248680 -0.741779 0.135942 0.235497
0 79.408554 -102.429825 160.120346 0.994741 -0.016206 0.101136 0.639058 0.072025
pine_needles.bmp
1 64.421669 -35.551235 160.163681 0.345469 0.316519 0.883441 0.507500 0.007500
1 31.261890 0.641489 160.163681 0.345469 0.316519 0.883441 0.992500 0.007500
1 -9.173489 -36.405411 189.249054 0.345469 0.316519 0.883441 0.992500 0.492500
pine_needles.bmp
1 64.421669 -35.551235 160.163681 0.345469 0.316519 0.883441 0.507500 0.007500
1 -9.173489 -36.405411 189.249054 0.345469 0.316519 0.883441 0.992500 0.492500
1 23.986290 -72.598129 189.249054 0.345469 0.316519 0.883441 0.507500 0.492500
pine_needles.bmp
1 23.986290 -72.598129 189.249054 -0.345469 -0.316519 -0.883441 0.507500 0.492500
1 -9.173489 -36.405411 189.249054 -0.345469 -0.316519 -0.883441 0.992500 0.492500
1 31.261890 0.641489 160.163681 -0.345469 -0.316519 -0.883441 0.992500 0.007500
pine_needles.bmp
1 23.986290 -72.598129 189.249054 -0.345469 -0.316519 -0.883440 0.507500 0.492500
1 31.261890 0.641489 160.163681 -0.345469 -0.316519 -0.883440 0.992500 0.007500
1 64.421669 -35.551235 160.163681 -0.345469 -0.316519 -0.883440 0.507500 0.007500
pine_needles.bmp
1 30.710506 -3.015608 153.185181 -0.469994 0.512982 0.718300 0.507500 0.507500
1 -5.482217 -36.175388 153.185181 -0.469994 0.512982 0.718300 0.992500 0.507500
1 24.537674 -68.941040 196.227570 -0.469994 0.512982 0.718300 0.992500 0.992500
pine_needles.bmp
1 30.710506 -3.015608 153.185181 -0.469994 0.512982 0.718300 0.507500 0.507500
1 24.537674 -68.941040 196.227570 -0.469994 0.512982 0.718300 0.992500 0.992500
1 60.730396 -35.781258 196.227570 -0.469994 0.512982 0.718300 0.507500 0.992500
pine_needles.bmp
1 60.730396 -35.781258 196.227570 0.469994 -0.512982 -0.718300 0.507500 0.992500
1 24.537674 -68.941040 196.227570 0.469994 -0.512982 -0.718300 0.992500 0.992500
1 -5.482217 -36.175388 153.185181 0.469994 -0.512982 -0.718300 0.992500 0.507500
pine_needles.bmp
1 60.730396 -35.781258 196.227570 0.469994 -0.512982 -0.718300 0.507500 0.992500
1 -5.482217 -36.175388 153.185181 0.469994 -0.512982 -0.718300 0.992500 0.507500
1 30.710506 -3.015608 153.185181 0.469994 -0.512982 -0.718300 0.507500 0.507500
pine_needles.bmp
1 77.962677 -66.835815 137.732285 0.579283 0.651271 0.490181 0.507500 0.007500
1 44.369892 -36.956211 137.732285 0.579283 0.651271 0.490181 0.992500 0.007500
1 21.484035 -62.686123 198.963791 0.579283 0.651271 0.490181 0.992500 0.492500
pine_needles.bmp
1 77.962677 -66.835815 137.732285 0.579283 0.651271 0.490181 0.507500 0.007500
1 21.484035 -62.686123 198.963791 0.579283 0.651271 0.490181 0.992500 0.492500
1 55.076824 -92.565735 198.963791 0.579283 0.651271 0.490181 0.507500 0.492500
pine_needles.bmp
1 55.076824 -92.565735 198.963791 -0.579283 -0.651271 -0.490181 0.507500 0.492500
1 21.484035 -62.686123 198.963791 -0.579283 -0.651271 -0.490181 0.992500 0.492500
1 44.369892 -36.956211 137.732285 -0.579283 -0.651271 -0.490181 0.992500 0.007500
pine_needles.bmp
1 55.076824 -92.565735 198.963791 -0.579283 -0.651271 -0.490181 0.507500 0.492500
1 44.369892 -36.956211 137.732285 -0.579283 -0.651271 -0.490181 0.992500 0.007500
1 77.962677 -66.835815 137.732285 -0.579283 -0.651271 -0.490181 0.507500 0.007500
pine_needles.bmp
1 48.501900 -33.589703 140.594345 -0.589357 0.524213 0.614702 0.007500 0.007500
1 18.622292 -67.182487 140.594345 -0.589357 0.524213 0.614702 0.492500 0.007500
1 50.944817 -95.932243 196.101730 -0.589357 0.524213 0.614702 0.492500 0.492500
pine_needles.bmp
1 48.501900 -33.589703 140.594345 -0.589357 0.524213 0.614702 0.007500 0.007500
1 50.944817 -95.932243 196.101730 -0.589357 0.524213 0.614702 0.492500 0.492500
1 80.824425 -62.339451 196.101730 -0.589357 0.524213 0.614702 0.007500 0.492500
pine_needles.bmp
1 80.824425 -62.339451 196.101730 0.589357 -0.524213 -0.614702 0.007500 0.492500
1 50.944817 -95.932243 196.101730 0.589357 -0.524213 -0.614702 0.492500 0.492500
1 18.622292 -67.182487 140.594345 0.589357 -0.524213 -0.614702 0.492500 0.007500
pine_needles.bmp
1 80.824425 -62.339451 196.101730 0.589357 -0.524213 -0.614702 0.007500 0.492500
1 18.622292 -67.182487 140.594345 0.589357 -0.524213 -0.614702 0.492500 0.007500
1 48.501900 -33.589703 140.594345 0.589357 -0.524213 -0.614702 0.007500 0.007500
pine_needles.bmp
1 101.417465 -99.557800 141.160980 0.556383 0.534471 0.636222 0.507500 0.507500
1 67.001816 -63.731155 141.160980 0.556383 0.534471 0.636222 0.992500 0.507500
1 42.227798 -87.529465 182.818375 0.556383 0.534471 0.636222 0.992500 0.992500
pine_needles.bmp
1 101.417465 -99.557800 141.160980 0.556383 0.534471 0.636222 0.507500 0.507500
1 42.227798 -87.529465 182.818375 0.556383 0.534471 0.636222 0.992500 0.992500
1 76.643448 -123.356110 182.818375 0.556383 0.534471 0.636222 0.507500 0.992500
pine_needles.bmp
1 76.643448 -123.356110 182.818375 -0.556383 -0.534471 -0.636222 0.507500 0.992500
1 42.227798 -87.529465 182.818375 -0.556383 -0.534471 -0.636222 0.992500 0.992500
1 67.001816 -63.731155 141.160980 -0.556383 -0.534471 -0.636222 0.992500 0.507500
pine_needles.bmp
1 76.643448 -123.356110 182.818375 -0.556383 -0.534471 -0.636222 0.507500 0.992500
1 67.001816 -63.731155 141.160980 -0.556383 -0.534471 -0.636222 0.992500 0.507500
1 101.417465 -99.557800 141.160980 -0.556383 -0.534471 -0.636222 0.507500 0.507500
pine_needles.bmp
1 75.860229 -61.891182 143.814026 -0.465539 0.484626 0.740548 0.507500 0.007500
1 40.033569 -96.306831 143.814026 -0.465539 0.484626 0.740548 0.992500 0.007500
1 67.785042 -125.196083 180.165329 -0.465539 0.484626 0.740548 0.992500 0.492500
pine_needles.bmp
1 75.860229 -61.891182 143.814026 -0.465539 0.484626 0.740548 0.507500 0.007500
1 67.785042 -125.196083 180.165329 -0.465539 0.484626 0.740548 0.992500 0.492500
1 103.611694 -90.780434 180.165329 -0.465539 0.484626 0.740548 0.507500 0.492500
pine_needles.bmp
1 103.611694 -90.780434 180.165329 0.465539 -0.484626 -0.740548 0.507500 0.492500
1 67.785042 -125.196083 180.165329 0.465539 -0.484626 -0.740548 0.992500 0.492500
1 40.033569 -96.306831 143.814026 0.465539 -0.484626 -0.740548 0.992500 0.007500
pine_needles.bmp
1 103.611694 -90.780434 180.165329 0.465539 -0.484626 -0.740548 0.507500 0.492500
1 40.033569 -96.306831 143.814026 0.465539 -0.484626 -0.740548 0.992500 0.007500
1 75.860229 -61.891182 143.814026 0.465539 -0.484626 -0.740548 0.507500 0.007500
pine_bark.bmp
0 1.121345 0.000000 186.177002 -0.305756 0.145062 0.940994 0.000000 0.000000
0 -0.507762 -3.589180 184.057022 -0.649938 -0.616962 0.443778 0.200000 0.000000
0 68.516602 -20.198753 161.980927 -0.177147 -0.943900 0.278696 0.200000 0.620795
pine_bark.bmp
0 1.121345 0.000000 186.177002 -0.305756 0.145062 0.940994 0.000000 0.000000
0 68.516602 -20.198753 161.980927 -0.177147 -0.943900 0.278696 0.200000 0.620795
0 69.255753 -18.315264 163.262589 0.190876 0.016642 0.981473 0.000000 0.620795
pine_bark.bmp
0 -0.507762 -3.589180 184.057022 -0.649938 -0.616962 0.443778 0.200000 0.000000
0 -1.345035 -2.014385 180.111389 -0.856663 -0.303123 -0.417427 0.400000 0.000000
0 68.332863 -19.392607 159.840683 -0.255891 -0.562614 -0.786120 0.400000 0.620795
pine_bark.bmp
0 -0.507762 -3.589180 184.057022 -0.649938 -0.616962 0.443778 0.200000 0.000000
0 68.332863 -19.392607 159.840683 -0.255891 -0.562614 -0.786120 0.400000 0.620795
0 68.516602 -20.198753 161.980927 -0.177147 -0.943900 0.278696 0.200000 0.620795
pine_bark.bmp
0 -1.345035 -2.014385 180.111389 -0.856663 -0.303123 -0.417427 0.400000 0.000000
0 -0.404036 2.198632 179.548630 -0.628677 0.598846 -0.496133 0.600000 0.000000
0 68.887085 -17.124741 159.578568 0.019652 0.519730 -0.854104 0.600000 0.620795
pine_bark.bmp
0 -1.345035 -2.014385 180.111389 -0.856663 -0.303123 -0.417427 0.400000 0.000000
0 68.887085 -17.124741 159.578568 0.019652 0.519730 -0.854104 0.600000 0.620795
0 68.332863 -19.392607 159.840683 -0.255891 -0.562614 -0.786120 0.400000 0.620795
pine_bark.bmp
0 -0.404036 2.198632 179.548630 -0.628677 0.598846 -0.496133 0.600000 0.000000
0 1.195262 3.490040 183.494186 -0.280117 0.886348 0.368676 0.800000 0.000000
0 69.466118 -16.492676 161.788239 0.305198 0.927508 0.215831 0.800000 0.620795
pine_bark.bmp
0 -0.404036 2.198632 179.548630 -0.628677 0.598846 -0.496133 0.600000 0.000000
0 69.466118 -16.492676 161.788239 0.305198 0.927508 0.215831 0.800000 0.620795
0 68.887085 -17.124741 159.578568 0.019652 0.519730 -0.854104 0.600000 0.620795
pine_bark.bmp
0 1.195262 3.490040 183.494186 -0.280117 0.886348 0.368676 0.800000 0.000000
0 1.121345 0.000000 186.177002 -0.305756 0.145062 0.940994 1.000000 0.000000
0 69.255753 -18.315264 163.262589 0.190876 0.016642 0.981473 1.000000 0.620795
pine_bark.bmp
0 1.195262 3.490040 183.494186 -0.280117 0.886348 0.368676 0.800000 0.000000
0 69.255753 -18.315264 163.262589 0.190876 0.016642 0.981473 1.000000 0.620795
0 69.466118 -16.492676 161.788239 0.305198 0.927508 0.215831 0.800000 0.620795
pine_bark.bmp
0 69.255753 -18.315264 163.262589 0.190876 0.016642 0.981473 0.000000 0.620795
0 68.516602 -20.198753 161.980927 -0.177147 -0.943900 0.278696 0.200000 0.620795
0 125.094406 -33.899288 160.148407 0.401384 -0.884474 0.237900 0.200000 1.106925
pine_bark.bmp
0 69.255753 -18.315264 163.262589 0.190876 0.016642 0.981473 0.000000 0.620795
0 125.094406 -33.899288 160.148407 0.401384 -0.884474 0.237900 0.200000 1.106925
0 125.264885 -33.300480 160.612808 0.601890 -0.120797 0.789390 0.000000 1.106925
pine_bark.bmp
0 68.516602 -20.198753 161.980927 -0.177147 -0.943900 0.278696 0.200000 0.620795
0 68.332863 -19.392607 159.840683 -0.255891 -0.562614 -0.786120 0.400000 0.620795
0 125.142700 -33.654026 159.451172 0.446893 -0.628290 -0.636819 0.400000 1.106925
pine_bark.bmp
0 68.516602 -20.198753 161.980927 -0.177147 -0.943900 0.278696 0.200000 0.620795
0 125.142700 -33.654026 159.451172 0.446893 -0.628290 -0.636819 0.400000 1.106925
0 125.094406 -33.899288 160.148407 0.401384 -0.884474 0.237900 0.200000 1.106925
pine_bark.bmp
0 68.332863 -19.392607 159.840683 -0.255891 -0.562614 -0.786120 0.400000 0.620795
0 68.887085 -17.124741 159.578568 0.019652 0.519730 -0.854104 0.600000 0.620795
0 125.338875 -32.911171 159.396225 0.671685 0.275160 -0.687842 0.600000 1.106925
pine_bark.bmp
0 68.332863 -19.392607 159.840683 -0.255891 -0.562614 -0.786120 0.400000 0.620795
0 125.338875 -32.911171 159.396225 0.671685 0.275160 -0.687842 0.600000 1.106925
0 125.142700 -33.654026 159.451172 0.446893 -0.628290 -0.636819 0.400000 1.106925
pine_bark.bmp
0 68.887085 -17.124741 159.578568 0.019652 0.519730 -0.854104 0.600000 0.620795
0 69.466118 -16.492676 161.788239 0.305198 0.927508 0.215831 0.800000 0.620795
0 125.407372 -32.720913 160.134613 0.794159 0.570975 0.208082 0.800000 1.106925
pine_bark.bmp
0 68.887085 -17.124741 159.578568 0.019652 0.519730 -0.854104 0.600000 0.620795
0 125.407372 -32.720913 160.134613 0.794159 0.570975 0.208082 0.800000 1.106925
0 125.338875 -32.911171 159.396225 0.671685 0.275160 -0.687842 0.600000 1.106925
pine_bark.bmp
0 69.466118 -16.492676 161.788239 0.305198 0.927508 0.215831 0.800000 0.620795
0 69.255753 -18.315264 163.262589 0.190876 0.016642 0.981473 1.000000 0.620795
0 125.264885 -33.300480 160.612808 0.601890 -0.120797 0.789390 1.000000 1.106925
pine_bark.bmp
0 69.466118 -16.492676 161.788239 0.305198 0.927508 0.215831 0.800000 0.620795
0 125.264885 -33.300480 160.612808 0.601890 -0.120797 0.789390 1.000000 1.106925
0 125.407372 -32.720913 160.134613 0.794159 0.570975 0.208082 0.800000 1.106925
pine_bark.bmp
0 1.121345 0.000000 186.177002 -0.305756 0.145062 0.940994 0.950000 0.500000
0 1.195262 3.490040 183.494186 -0.280117 0.886348 0.368676 0.639058 0.072025
0 -0.404036 2.198632 179.548630 -0.628677 0.598846 -0.496133 0.135942 0.235497
pine_bark.bmp
0 -0.404036 2.198632 179.548630 -0.628677 0.598846 -0.496133 0.135942 0.235497
0 -1.345035 -2.014385 180.111389 -0.856663 -0.303123 -0.417427 0.135942 0.764503
0 -0.507762 -3.589180 184.057022 -0.649938 -0.616962 0.443778 0.639058 0.927975
pine_bark.bmp
0 -0.404036 2.198632 179.548630 -0.628677 0.598846 -0.496133 0.135942 0.235497
0 -0.507762 -3.589180 184.057022 -0.649938 -0.616962 0.443778 0.639058 0.927975
0 1.121345 0.000000 186.177002 -0.305756 0.145062 0.940994 0.950000 0.500000
pine_bark.bmp
0 125.407372 -32.720913 160.134613 0.794159 0.570975 0.208082 0.639058 0.072025
0 125.264885 -33.300480 160.612808 0.601890 -0.120797 0.789390 0.950000 0.500000
0 125.094406 -33.899288 160.148407 0.401384 -0.884474 0.237900 0.639058 0.927975
pine_bark.bmp
0 125.094406 -33.899288 160.148407 0.401384 -0.884474 0.237900 0.639058 0.927975
0 125.142700 -33.654026 159.451172 0.446893 -0.628290 -0.636819 0.135942 0.764503
0 125.338875 -32.911171 159.396225 0.671685 0.275160 -0.687842 0.135942 0.235497
pine_bark.bmp
0 125.094406 -33.899288 160.148407 0.401384 -0.884474 0.237900 0.639058 0.927975
0 125.338875 -32.911171 159.396225 0.671685 0.275160 -0.687842 0.135942 0.235497
0 125.407372 -32.720913 160.134613 0.794159 0.570975 0.208082 0.639058 0.072025
pine_needles.bmp
1 69.595055 -0.941622 148.415451 0.343271 0.703049 0.622806 0.507500 0.507500
1 36.444153 15.244647 148.415451 0.343271 0.703049 0.622806 0.992500 0.507500
1 18.079041 -22.368713 200.997284 0.343271 0.703049 0.622806 0.992500 0.992500
pine_needles.bmp
1 69.595055 -0.941622 148.415451 0.343271 0.703049 0.622806 0.507500 0.507500
1 18.079041 -22.368713 200.997284 0.343271 0.703049 0.622806 0.992500 0.992500
1 51.229942 -38.554985 200.997284 0.343271 0.703049 0.622806 0.507500 0.992500
pine_needles.bmp
1 51.229942 -38.554985 200.997284 -0.343271 -0.703049 -0.622806 0.507500 0.992500
1 18.079041 -22.368713 200.997284 -0.343271 -0.703049 -0.622806 0.992500 0.992500
1 36.444153 15.244647 148.415451 -0.343271 -0.703049 -0.622806 0.992500 0.507500
pine_needles.bmp
1 51.229942 -38.554985 200.997284 -0.343271 -0.703049 -0.622806 0.507500 0.992500
1 36.444153 15.244647 148.415451 -0.343271 -0.703049 -0.622806 0.992500 0.507500
1 69.595055 -0.941622 148.415451 -0.343271 -0.703049 -0.622806 0.507500 0.507500
pine_needles.bmp
1 39.592365 10.944349 144.138016 -0.819718 0.400236 0.409724 0.507500 0.507500
1 23.406094 -22.206553 144.138016 -0.819718 0.400236 0.409724 0.992500 0.507500
1 48.081730 -34.254684 205.274719 -0.819718 0.400236 0.409724 0.992500 0.992500
pine_needles.bmp
1 39.592365 10.944349 144.138016 -0.819718 0.400236 0.409724 0.507500 0.507500
1 48.081730 -34.254684 205.274719 -0.819718 0.400236 0.409724 0.992500 0.992500
1 64.268005 -1.103785 205.274719 -0.819718 0.400236 0.409724 0.507500 0.992500
pine_needles.bmp
1 64.268005 -1.103785 205.274719 0.819718 -0.400236 -0.409724 0.507500 0.992500
1 48.081730 -34.254684 205.274719 0.819718 -0.400236 -0.409724 0.992500 0.992500
1 23.406094 -22.206553 144.138016 0.819718 -0.400236 -0.409724 0.992500 0.507500
pine_needles.bmp
1 64.268005 -1.103785 205.274719 0.819718 -0.400236 -0.409724 0.507500 0.992500
1 23.406094 -22.206553 144.138016 0.819718 -0.400236 -0.409724 0.992500 0.507500
1 39.592365 10.944349 144.138016 0.819718 -0.400236 -0.409724 0.507500 0.507500
pine_needles.bmp
1 63.972633 7.512462 142.272110 -0.757057 0.178411 0.628518 0.507500 0.507500
1 52.821754 -39.804356 142.272110 -0.757057 0.178411 0.628518 0.992500 0.507500
1 93.840736 -49.471066 194.423965 -0.757057 0.178411 0.628518 0.992500 0.992500
pine_needles.bmp
1 63.972633 7.512462 142.272110 -0.757057 0.178411 0.628518 0.507500 0.507500
1 93.840736 -49.471066 194.423965 -0.757057 0.178411 0.628518 0.992500 0.992500
1 104.991615 -2.154247 194.423965 -0.757057 0.178411 0.628518 0.507500 0.992500
pine_needles.bmp
1 104.991615 -2.154247 194.423965 0.757057 -0.178411 -0.628518 0.507500 0.992500
1 93.840736 -49.471066 194.423965 0.757057 -0.178411 -0.628518 0.992500 0.992500
1 52.821754 -39.804356 142.272110 0.757057 -0.178411 -0.628518 0.992500 0.507500
pine_needles.bmp
1 104.991615 -2.154247 194.423965 0.757057 -0.178411 -0.628518 0.507500 0.992500
1 52.821754 -39.804356 142.272110 0.757057 -0.178411 -0.628518 0.992500 0.507500
1 63.972633 7.512462 142.272110 0.757057 -0.178411 -0.628518 0.507500 0.507500
pine_needles.bmp
1 49.538013 -39.634361 145.794601 -0.154007 -0.653503 0.741090 0.007500 0.507500
1 96.854828 -50.785248 145.794601 -0.154007 -0.653503 0.741090 0.492500 0.507500
1 108.275360 -2.324242 190.901474 -0.154007 -0.653503 0.741090 0.492500 0.992500
pine_needles.bmp
1 49.538013 -39.634361 145.794601 -0.154007 -0.653503 0.741090 0.007500 0.507500
1 108.275360 -2.324242 190.901474 -0.154007 -0.653503 0.741090 0.492500 0.992500
1 60.958538 8.826644 190.901474 -0.154007 -0.653503 0.741090 0.007500 0.992500
pine_needles.bmp
1 60.958538 8.826644 190.901474 0.154007 0.653503 -0.741090 0.007500 0.992500
1 108.275360 -2.324242 190.901474 0.154007 0.653503 -0.741090 0.492500 0.992500
1 96.854828 -50.785248 145.794601 0.154007 0.653503 -0.741090 0.492500 0.507500
pine_needles.bmp
1 60.958538 8.826644 190.901474 0.154007 0.653503 -0.741090 0.007500 0.992500
1 96.854828 -50.785248 145.794601 0.154007 0.653503 -0.741090 0.492500 0.507500
1 49.538013 -39.634361 145.794601 0.154007 0.653503 -0.741090 0.007500 0.507500
pine_needles.bmp
1 96.516586 0.307332 139.019974 -0.643365 0.189602 0.741709 0.007500 0.007500
1 82.706543 -46.553429 139.019974 -0.643365 0.189602 0.741709 0.492500 0.007500
1 131.436066 -60.914207 184.959381 -0.643365 0.189602 0.741709 0.492500 0.492500
pine_needles.bmp
1 96.516586 0.307332 139.019974 -0.643365 0.189602 0.741709 0.007500 0.007500
1 131.436066 -60.914207 184.959381 -0.643365 0.189602 0.741709 0.492500 0.492500
1 145.246109 -14.053445 184.959381 -0.643365 0.189602 0.741709 0.007500 0.492500
pine_needles.bmp
1 145.246109 -14.053445 184.959381 0.643365 -0.189602 -0.741709 0.007500 0.492500
1 131.436066 -60.914207 184.959381 0.643365 -0.189602 -0.741709 0.492500 0.492500
1 82.706543 -46.553429 139.019974 0.643365 -0.189602 -0.741709 0.492500 0.007500
pine_needles.bmp
1 145.246109 -14.053445 184.959381 0.643365 -0.189602 -0.741709 0.007500 0.492500
1 82.706543 -46.553429 139.019974 0.643365 -0.189602 -0.741709 0.492500 0.007500
1 96.516586 0.307332 139.019974 0.643365 -0.189602 -0.741709 0.007500 0.007500
pine_needles.bmp
1 83.259880 -48.121742 139.429550 -0.186183 -0.631763 0.752470 0.507500 0.507500
1 130.120651 -61.931793 139.429550 -0.186183 -0.631763 0.752470 0.992500 0.507500
1 144.692764 -12.485132 184.549805 -0.186183 -0.631763 0.752470 0.992500 0.992500
pine_needles.bmp
1 83.259880 -48.121742 139.429550 -0.186183 -0.631763 0.752470 0.507500 0.507500
1 144.692764 -12.485132 184.549805 -0.186183 -0.631763 0.752470 0.992500 0.992500
1 97.832008 1.324915 184.549805 -0.186183 -0.631763 0.752470 0.507500 0.992500
pine_needles.bmp
1 97.832008 1.324915 184.549805 0.186183 0.631763 -0.752470 0.507500 0.992500
1 144.692764 -12.485132 184.549805 0.186183 0.631763 -0.752470 0.992500 0.992500
1 130.120651 -61.931793 139.429550 0.186183 0.631763 -0.752470 0.992500 0.507500
pine_needles.bmp
1 97.832008 1.324915 184.549805 0.186183 0.631763 -0.752470 0.507500 0.992500
1 130.120651 -61.931793 139.429550 0.186183 0.631763 -0.752470 0.992500 0.507500
1 83.259880 -48.121742 139.429550 0.186183 0.631763 -0.752470 0.507500 0.507500
pine_bark.bmp
0 1.651457 0.000000 225.171478 -0.005308 -0.399767 0.916601 0.000000 0.000000
0 2.751077 -2.347563 221.938431 0.277656 -0.947004 0.161528 0.200000 0.000000
0 41.755768 47.740433 200.929260 0.780923 -0.624113 -0.025340 0.200000 0.557973
pine_bark.bmp
0 1.651457 0.000000 225.171478 -0.005308 -0.399767 0.916601 0.000000 0.000000
0 41.755768 47.740433 200.929260 0.780923 -0.624113 -0.025340 0.200000 0.557973
0 40.771000 49.009056 202.695374 0.317673 -0.012963 0.948112 0.000000 0.557973
pine_bark.bmp
0 2.751077 -2.347563 221.938431 0.277656 -0.947004 0.161528 0.200000 0.000000
0 -0.017190 -1.317542 219.170944 -0.330529 -0.779887 -0.531533 0.400000 0.000000
0 40.502354 48.283413 199.077728 0.178262 -0.336360 -0.924708 0.400000 0.557973
pine_bark.bmp
0 2.751077 -2.347563 221.938431 0.277656 -0.947004 0.161528 0.200000 0.000000
0 40.502354 48.283413 199.077728 0.178262 -0.336360 -0.924708 0.400000 0.557973
0 41.755768 47.740433 200.929260 0.780923 -0.624113 -0.025340 0.200000 0.557973
pine_bark.bmp
0 -0.017190 -1.317542 219.170944 -0.330529 -0.779887 -0.531533 0.400000 0.000000
0 -2.738361 1.438052 220.346359 -0.953739 -0.135528 -0.268353 0.600000 0.000000
0 38.758038 49.810932 199.453568 -0.623221 0.396084 -0.674324 0.600000 0.557973
pine_bark.bmp
0 -0.017190 -1.317542 219.170944 -0.330529 -0.779887 -0.531533 0.400000 0.000000
0 38.758038 49.810932 199.453568 -0.623221 0.396084 -0.674324 0.600000 0.557973
0 40.502354 48.283413 199.077728 0.178262 -0.336360 -0.924708 0.400000 0.557973
pine_bark.bmp
0 -2.738361 1.438052 220.346359 -0.953739 -0.135528 -0.268353 0.600000 0.000000
0 -1.641919 2.282719 224.242126 -0.748066 0.103543 0.655497 0.800000 0.000000
0 38.978172 50.236660 201.771973 -0.590574 0.640608 0.490759 0.800000 0.557973
pine_bark.bmp
0 -2.738361 1.438052 220.346359 -0.953739 -0.135528 -0.268353 0.600000 0.000000
0 38.978172 50.236660 201.771973 -0.590574 0.640608 0.490759 0.800000 0.557973
0 38.758038 49.810932 199.453568 -0.623221 0.396084 -0.674324 0.600000 0.557973
pine_bark.bmp
0 -1.641919 2.282719 224.242126 -0.748066 0.103543 0.655497 0.800000 0.000000
0 1.651457 0.000000 225.171478 -0.005308 -0.399767 0.916601 1.000000 0.000000
0 40.771000 49.009056 202.695374 0.317673 -0.012963 0.948112 1.000000 0.557973
pine_bark.bmp
0 -1.641919 2.282719 224.242126 -0.748066 0.103543 0.655497 0.800000 0.000000
0 40.771000 49.009056 202.695374 0.317673 -0.012963 0.948112 1.000000 0.557973
0 38.978172 50.236660 201.771973 -0.590574 0.640608 0.490759 0.800000 0.557973
pine_bark.bmp
0 40.771000 49.009056 202.695374 0.317673 -0.012963 0.948112 0.000000 0.557973
0 41.755768 47.740433 200.929260 0.780923 -0.624113 -0.025340 0.200000 0.557973
0 73.500076 88.714478 199.617935 0.997509 -0.024240 0.066251 0.200000 0.990120
pine_bark.bmp
0 40.771000 49.009056 202.695374 0.317673 -0.012963 0.948112 0.000000 0.557973
0 73.500076 88.714478 199.617935 0.997509 -0.024240 0.066251 0.200000 0.990120
0 73.040855 89.107376 200.105270 0.495288 0.390430 0.776050 0.000000 0.990120
pine_bark.bmp
0 41.755768 47.740433 200.929260 0.780923 -0.624113 -0.025340 0.200000 0.557973
0 40.502354 48.283413 199.077728 0.178262 -0.336360 -0.924708 0.400000 0.557973
0 73.275070 88.875404 198.930588 0.641199 0.236092 -0.730153 0.400000 0.990120
pine_bark.bmp
0 41.755768 47.740433 200.929260 0.780923 -0.624113 -0.025340 0.200000 0.557973
0 73.275070 88.875404 198.930588 0.641199 0.236092 -0.730153 0.400000 0.990120
0 73.500076 88.714478 199.617935 0.997509 -0.024240 0.066251 0.200000 0.990120
pine_bark.bmp
0 40.502354 48.283413 199.077728 0.178262 -0.336360 -0.924708 0.400000 0.557973
0 38.758038 49.810932 199.453568 -0.623221 0.396084 -0.674324 0.600000 0.557973
0 72.679138 89.362816 198.904434 -0.073272 0.812390 -0.578493 0.600000 0.990120
pine_bark.bmp
0 40.502354 48.283413 199.077728 0.178262 -0.336360 -0.924708 0.400000 0.557973
0 72.679138 89.362816 198.904434 -0.073272 0.812390 -0.578493 0.600000 0.990120
0 73.275070 88.875404 198.930588 0.641199 0.236092 -0.730153 0.400000 0.990120
pine_bark.bmp
0 38.758038 49.810932 199.453568 -0.623221 0.396084 -0.674324 0.600000 0.557973
0 38.978172 50.236660 201.771973 -0.590574 0.640608 0.490759 0.800000 0.557973
0 72.557800 89.487648 199.649780 -0.135946 0.920917 0.365282 0.800000 0.990120
pine_bark.bmp
0 38.758038 49.810932 199.453568 -0.623221 0.396084 -0.674324 0.600000 0.557973
0 72.557800 89.487648 199.649780 -0.135946 0.920917 0.365282 0.800000 0.990120
0 72.679138 89.362816 198.904434 -0.073272 0.812390 -0.578493 0.600000 0.990120
pine_bark.bmp
0 38.978172 50.236660 201.771973 -0.590574 0.640608 0.490759 0.800000 0.557973
0 40.771000 49.009056 202.695374 0.317673 -0.012963 0.948112 1.000000 0.557973
0 73.040855 89.107376 200.105270 0.495288 0.390430 0.776050 1.000000 0.990120
pine_bark.bmp
0 38.978172 50.236660 201.771973 -0.590574 0.640608 0.490759 0.800000 0.557973
0 73.040855 89.107376 200.105270 0.495288 0.390430 0.776050 1.000000 0.990120
0 72.557800 89.487648 199.649780 -0.135946 0.920917 0.365282 0.800000 0.990120
pine_bark.bmp
0 1.651457 0.000000 225.171478 -0.005308 -0.399767 0.916601 0.950000 0.500000
0 -1.641919 2.282719 224.242126 -0.748066 0.103543 0.655497 0.639058 0.072025
0 -2.738361 1.438052 220.346359 -0.953739 -0.135528 -0.268353 0.135942 0.235497
pine_bark.bmp
0 -2.738361 1.438052 220.346359 -0.953739 -0.135528 -0.268353 0.135942 0.235497
0 -0.017190 -1.317542 219.170944 -0.330529 -0.779887 -0.531533 0.135942 0.764503
0 2.751077 -2.347563 221.938431 0.277656 -0.947004 0.161528 0.639058 0.927975
pine_bark.bmp
0 -2.738361 1.438052 220.346359 -0.953739 -0.135528 -0.268353 0.135942 0.235497
0 2.751077 -2.347563 221.938431 0.277656 -0.947004 0.161528 0.639058 0.927975
0 1.651457 0.000000 225.171478 -0.005308 -0.399767 0.916601 0.950000 0.500000
pine_bark.bmp
0 72.557800 89.487648 199.649780 -0.135946 0.920917 0.365282 0.639058 0.072025
0 73.040855 89.107376 200.105270 0.495288 0.390430 0.776050 0.950000 0.500000
0 73.500076 88.714478 199.617935 0.997509 -0.024240 0.066251 0.639058 0.927975
pine_bark.bmp
0 73.500076 88.714478 199.617935 0.997509 -0.024240 0.066251 0.639058 0.927975
0 73.275070 88.875404 198.930588 0.641199 0.236092 -0.730153 0.135942 0.764503
0 72.679138 89.362816 198.904434 -0.073272 0.812390 -0.578493 0.135942 0.235497
pine_bark.bmp
0 73.500076 88.714478 199.617935 0.997509 -0.024240 0.066251 0.639058 0.927975
0 72.679138 89.362816 198.904434 -0.073272 0.812390 -0.578493 0.135942 0.235497
0 72.557800 89.487648 199.649780 -0.135946 0.920917 0.365282 0.639058 0.072025
pine_needles.bmp
1 9.857474 10.486393 192.842499 0.049208 -0.735003 0.676276 0.007500 0.507500
1 43.871094 12.763567 192.842499 0.049208 -0.735003 0.676276 0.492500 0.507500
1 41.251709 51.888779 235.555923 0.049208 -0.735003 0.676276 0.492500 0.992500
pine_needles.bmp
1 9.857474 10.486393 192.842499 0.049208 -0.735003 0.676276 0.007500 0.507500
1 41.251709 51.888779 235.555923 0.049208 -0.735003 0.676276 0.492500 0.992500
1 7.238088 49.611603 235.555923 0.049208 -0.735003 0.676276 0.007500 0.992500
pine_needles.bmp
1 7.238088 49.611603 235.555923 -0.049208 0.735003 -0.676276 0.007500 0.992500
1 41.251709 51.888779 235.555923 -0.049208 0.735003 -0.676276 0.492500 0.992500
1 43.871094 12.763567 192.842499 -0.049208 0.735003 -0.676276 0.492500 0.507500
pine_needles.bmp
1 7.238088 49.611603 235.555923 -0.049208 0.735003 -0.676276 0.007500 0.992500
1 43.871094 12.763567 192.842499 -0.049208 0.735003 -0.676276 0.492500 0.507500
1 9.857474 10.486393 192.842499 -0.049208 0.735003 -0.676276 0.007500 0.507500
pine_needles.bmp
1 43.009232 15.273113 190.321075 0.823224 0.055114 0.565035 0.007500 0.007500
1 40.732059 49.286739 190.321075 0.823224 0.055114 0.565035 0.492500 0.007500
1 8.099953 47.102055 238.077347 0.823224 0.055114 0.565035 0.492500 0.492500
pine_needles.bmp
1 43.009232 15.273113 190.321075 0.823224 0.055114 0.565035 0.007500 0.007500
1 8.099953 47.102055 238.077347 0.823224 0.055114 0.565035 0.492500 0.492500
1 10.377125 13.088432 238.077347 0.823224 0.055114 0.565035 0.007500 0.492500
pine_needles.bmp
1 10.377125 13.088432 238.077347 -0.823224 -0.055114 -0.565035 0.007500 0.492500
1 8.099953 47.102055 238.077347 -0.823224 -0.055114 -0.565035 0.492500 0.492500
1 40.732059 49.286739 190.321075 -0.823224 -0.055114 -0.565035 0.492500 0.007500
pine_needles.bmp
1 10.377125 13.088432 238.077347 -0.823224 -0.055114 -0.565035 0.007500 0.492500
1 40.732059 49.286739 190.321075 -0.823224 -0.055114 -0.565035 0.492500 0.007500
1 43.009232 15.273113 190.321075 -0.823224 -0.055114 -0.565035 0.007500 0.007500
pine_needles.bmp
1 24.045338 79.293327 194.185410 -0.465769 0.078231 0.881441 0.007500 0.507500
1 17.684910 41.424706 194.185410 -0.465769 0.078231 0.881441 0.492500 0.507500
1 67.951187 32.981964 221.496323 -0.465769 0.078231 0.881441 0.492500 0.992500
pine_needles.bmp
1 24.045338 79.293327 194.185410 -0.465769 0.078231 0.881441 0.007500 0.507500
1 67.951187 32.981964 221.496323 -0.465769 0.078231 0.881441 0.492500 0.992500
1 74.311615 70.850594 221.496323 -0.465769 0.078231 0.881441 0.007500 0.992500
pine_needles.bmp
1 74.311615 70.850594 221.496323 0.465769 -0.078231 -0.881441 0.007500 0.992500
1 67.951187 32.981964 221.496323 0.465769 -0.078231 -0.881441 0.492500 0.992500
1 17.684910 41.424706 194.185410 0.465769 -0.078231 -0.881441 0.492500 0.507500
pine_needles.bmp
1 74.311615 70.850594 221.496323 0.465769 -0.078231 -0.881441 0.007500 0.992500
1 17.684910 41.424706 194.185410 0.465769 -0.078231 -0.881441 0.492500 0.507500
1 24.045338 79.293327 194.185410 0.465769 -0.078231 -0.881441 0.007500 0.507500
pine_needles.bmp
1 23.945984 40.754158 186.064819 -0.125312 -0.746078 0.653961 0.507500 0.007500
1 61.814606 34.393730 186.064819 -0.125312 -0.746078 0.653961 0.992500 0.007500
1 68.050537 71.521133 229.616898 -0.125312 -0.746078 0.653961 0.992500 0.492500
pine_needles.bmp
1 23.945984 40.754158 186.064819 -0.125312 -0.746078 0.653961 0.507500 0.007500
1 68.050537 71.521133 229.616898 -0.125312 -0.746078 0.653961 0.992500 0.492500
1 30.181915 77.881561 229.616898 -0.125312 -0.746078 0.653961 0.507500 0.492500
pine_needles.bmp
1 30.181915 77.881561 229.616898 0.125312 0.746078 -0.653961 0.507500 0.492500
1 68.050537 71.521133 229.616898 0.125312 0.746078 -0.653961 0.992500 0.492500
1 61.814606 34.393730 186.064819 0.125312 0.746078 -0.653961 0.992500 0.007500
pine_needles.bmp
1 30.181915 77.881561 229.616898 0.125312 0.746078 -0.653961 0.507500 0.492500
1 61.814606 34.393730 186.064819 0.125312 0.746078 -0.653961 0.992500 0.007500
1 23.945984 40.754158 186.064819 0.125312 0.746078 -0.653961 0.507500 0.007500
pine_needles.bmp
1 48.284935 59.692551 179.443741 0.060836 -0.740762 0.669008 0.007500 0.007500
1 87.846336 62.941589 179.443741 0.060836 -0.740762 0.669008 0.492500 0.007500
1 84.598946 102.482880 223.521301 0.060836 -0.740762 0.669008 0.492500 0.492500
pine_needles.bmp
1 48.284935 59.692551 179.443741 0.060836 -0.740762 0.669008 0.007500 0.007500
1 84.598946 102.482880 223.521301 0.060836 -0.740762 0.669008 0.492500 0.492500
1 45.037544 99.233841 223.521301 0.060836 -0.740762 0.669008 0.007500 0.492500
pine_needles.bmp
1 45.037544 99.233841 223.521301 -0.060836 0.740762 -0.669008 0.007500 0.492500
1 84.598946 102.482880 223.521301 -0.060836 0.740762 -0.669008 0.492500 0.492500
1 87.846336 62.941589 179.443741 -0.060836 0.740762 -0.669008 0.492500 0.007500
pine_needles.bmp
1 45.037544 99.233841 223.521301 -0.060836 0.740762 -0.669008 0.007500 0.492500
1 87.846336 62.941589 179.443741 -0.060836 0.740762 -0.669008 0.492500 0.007500
1 48.284935 59.692551 179.443741 -0.060836 0.740762 -0.669008 0.007500 0.007500
pine_needles.bmp
1 93.102768 63.363159 185.540009 0.534041 0.043859 0.844320 0.007500 0.507500
1 89.853729 102.924561 185.540009 0.534041 0.043859 0.844320 0.492500 0.507500
1 39.781116 98.812271 217.425018 0.534041 0.043859 0.844320 0.492500 0.992500
pine_needles.bmp
1 93.102768 63.363159 185.540009 0.534041 0.043859 0.844320 0.007500 0.507500
1 39.781116 98.812271 217.425018 0.534041 0.043859 0.844320 0.492500 0.992500
1 43.030155 59.250870 217.425018 0.534041 0.043859 0.844320 0.007500 0.992500
pine_needles.bmp
1 43.030155 59.250870 217.425018 -0.534041 -0.043859 -0.844320 0.007500 0.992500
1 39.781116 98.812271 217.425018 -0.534041 -0.043859 -0.844320 0.492500 0.992500
1 89.853729 102.924561 185.540009 -0.534041 -0.043859 -0.844320 0.492500 0.507500
pine_needles.bmp
1 43.030155 59.250870 217.425018 -0.534041 -0.043859 -0.844320 0.007500 0.992500
1 89.853729 102.924561 185.540009 -0.534041 -0.043859 -0.844320 0.492500 0.507500
1 93.102768 63.363159 185.540009 -0.534041 -0.043859 -0.844320 0.007500 0.507500
pine_bark.bmp
0 3.411847 0.000000 221.470474 0.822700 -0.568440 0.006336 0.000000 0.000000
0 0.456990 -1.136305 218.780930 0.086358 -0.807894 -0.582966 0.200000 0.000000
0 -4.369899 62.807518 198.790268 -0.093007 -0.159644 -0.982784 0.200000 0.557973
pine_bark.bmp
0 3.411847 0.000000 221.470474 0.822700 -0.568440 0.006336 0.000000 0.000000
0 -4.369899 62.807518 198.790268 -0.093007 -0.159644 -0.982784 0.200000 0.557973
0 -2.417018 63.210579 200.115921 0.904873 0.032331 -0.424451 0.000000 0.557973
pine_bark.bmp
0 0.456990 -1.136305 218.780930 0.086358 -0.807894 -0.582966 0.200000 0.000000
0 -2.968899 -0.637738 220.897568 -0.699731 -0.709282 -0.085412 0.400000 0.000000
0 -6.152504 62.980030 200.246414 -0.953868 -0.110189 -0.279274 0.400000 0.557973
pine_bark.bmp
0 0.456990 -1.136305 218.780930 0.086358 -0.807894 -0.582966 0.200000 0.000000
0 -6.152504 62.980030 200.246414 -0.953868 -0.110189 -0.279274 0.400000 0.557973
0 -4.369899 62.807518 198.790268 -0.093007 -0.159644 -0.982784 0.200000 0.557973
pine_bark.bmp
0 -2.968899 -0.637738 220.897568 -0.699731 -0.709282 -0.085412 0.400000 0.000000
0 -2.455661 0.696069 224.640671 -0.501490 -0.387919 0.773321 0.600000 0.000000
0 -5.559190 63.465347 202.439362 -0.572484 0.120335 0.811037 0.600000 0.557973
pine_bark.bmp
0 -2.968899 -0.637738 220.897568 -0.699731 -0.709282 -0.085412 0.400000 0.000000
0 -5.559190 63.465347 202.439362 -0.572484 0.120335 0.811037 0.600000 0.557973
0 -6.152504 62.980030 200.246414 -0.953868 -0.110189 -0.279274 0.400000 0.557973
pine_bark.bmp
0 -2.455661 0.696069 224.640671 -0.501490 -0.387919 0.773321 0.600000 0.000000
0 1.690121 1.104918 224.997025 0.463621 -0.302586 0.832765 0.800000 0.000000
0 -3.170828 63.600609 202.295990 0.672830 0.212214 0.708706 0.800000 0.557973
pine_bark.bmp
0 -2.455661 0.696069 224.640671 -0.501490 -0.387919 0.773321 0.600000 0.000000
0 -3.170828 63.600609 202.295990 0.672830 0.212214 0.708706 0.800000 0.557973
0 -5.559190 63.465347 202.439362 -0.572484 0.120335 0.811037 0.600000 0.557973
pine_bark.bmp
0 1.690121 1.104918 224.997025 0.463621 -0.302586 0.832765 0.800000 0.000000
0 3.411847 0.000000 221.470474 0.822700 -0.568440 0.006336 1.000000 0.000000
0 -2.417018 63.210579 200.115921 0.904873 0.032331 -0.424451 1.000000 0.557973
pine_bark.bmp
0 1.690121 1.104918 224.997025 0.463621 -0.302586 0.832765 0.800000 0.000000
0 -2.417018 63.210579 200.115921 0.904873 0.032331 -0.424451 1.000000 0.557973
0 -3.170828 63.600609 202.295990 0.672830 0.212214 0.708706 0.800000 0.557973
pine_bark.bmp
0 -2.417018 63.210579 200.115921 0.904873 0.032331 -0.424451 0.000000 0.557973
0 -4.369899 62.807518 198.790268 -0.093007 -0.159644 -0.982784 0.200000 0.557973
0 -8.413383 114.882851 199.036499 -0.246514 0.572744 -0.781790 0.200000 0.990120
pine_bark.bmp
0 -2.417018 63.210579 200.115921 0.904873 0.032331 -0.424451 0.000000 0.557973
0 -8.413383 114.882851 199.036499 -0.246514 0.572744 -0.781790 0.200000 0.990120
0 -7.667379 114.928322 198.815063 0.639977 0.636053 -0.431122 0.000000 0.990120
pine_bark.bmp
0 -4.369899 62.807518 198.790268 -0.093007 -0.159644 -0.982784 0.200000 0.557973
0 -6.152504 62.980030 200.246414 -0.953868 -0.110189 -0.279274 0.400000 0.557973
0 -8.426777 114.901474 199.775772 -0.826550 0.556055 -0.087281 0.400000 0.990120
pine_bark.bmp
0 -4.369899 62.807518 198.790268 -0.093007 -0.159644 -0.982784 0.200000 0.557973
0 -8.426777 114.901474 199.775772 -0.826550 0.556055 -0.087281 0.400000 0.990120
0 -8.413383 114.882851 199.036499 -0.246514 0.572744 -0.781790 0.200000 0.990120
pine_bark.bmp
0 -6.152504 62.980030 200.246414 -0.953868 -0.110189 -0.279274 0.400000 0.557973
0 -5.559190 63.465347 202.439362 -0.572484 0.120335 0.811037 0.600000 0.557973
0 -7.728122 114.957886 200.091263 -0.353954 0.595661 0.721044 0.600000 0.990120
pine_bark.bmp
0 -6.152504 62.980030 200.246414 -0.953868 -0.110189 -0.279274 0.400000 0.557973
0 -7.728122 114.957886 200.091263 -0.353954 0.595661 0.721044 0.600000 0.990120
0 -8.426777 114.901474 199.775772 -0.826550 0.556055 -0.087281 0.400000 0.990120
pine_bark.bmp
0 -5.559190 63.465347 202.439362 -0.572484 0.120335 0.811037 0.600000 0.557973
0 -3.170828 63.600609 202.295990 0.672830 0.212214 0.708706 0.800000 0.557973
0 -7.278756 114.972328 199.468353 0.556818 0.670263 0.490613 0.800000 0.990120
pine_bark.bmp
0 -5.559190 63.465347 202.439362 -0.572484 0.120335 0.811037 0.600000 0.557973
0 -7.278756 114.972328 199.468353 0.556818 0.670263 0.490613 0.800000 0.990120
0 -7.728122 114.957886 200.091263 -0.353954 0.595661 0.721044 0.600000 0.990120
pine_bark.bmp
0 -3.170828 63.600609 202.295990 0.672830 0.212214 0.708706 0.800000 0.557973
0 -2.417018 63.210579 200.115921 0.904873 0.032331 -0.424451 1.000000 0.557973
0 -7.667379 114.928322 198.815063 0.639977 0.636053 -0.431122 1.000000 0.990120
pine_bark.bmp
0 -3.170828 63.600609 202.295990 0.672830 0.212214 0.708706 0.800000 0.557973
0 -7.667379 114.928322 198.815063 0.639977 0.636053 -0.431122 1.000000 0.990120
0 -7.278756 114.972328 199.468353 0.556818 0.670263 0.490613 0.800000 0.990120
pine_bark.bmp
0 3.411847 0.000000 221.470474 0.822700 -0.568440 0.006336 0.950000 0.500000
0 1.690121 1.104918 224.997025 0.463621 -0.302586 0.832765 0.639058 0.072025
0 -2.455661 0.696069 224.640671 -0.501490 -0.387919 0.773321 0.135942 0.235497
pine_bark.bmp
0 -2.455661 0.696069 224.640671 -0.501490 -0.387919 0.773321 0.135942 0.235497
0 -2.968899 -0.637738 220.897568 -0.699731 -0.709282 -0.085412 0.135942 0.764503
0 0.456990 -1.136305 218.780930 0.086358 -0.807894 -0.582966 0.639058 0.927975
pine_bark.bmp
0 -2.455661 0.696069 224.640671 -0.501490 -0.387919 0.773321 0.135942 0.235497
0 0.456990 -1.136305 218.780930 0.086358 -0.807894 -0.582966 0.639058 0.927975
0 3.411847 0.000000 221.470474 0.822700 -0.568440 0.006336 0.950000 0.500000
pine_bark.bmp
0 -7.278756 114.972328 199.468353 0.556818 0.670263 0.490613 0.639058 0.072025
0 -7.667379 114.928322 198.815063 0.639977 0.636053 -0.431122 0.950000 0.500000
0 -8.413383 114.882851 199.036499 -0.246514 0.572744 -0.781790 0.639058 0.927975
pine_bark.bmp
0 -8.413383 114.882851 199.036499 -0.246514 0.572744 -0.781790 0.639058 0.927975
0 -8.426777 114.901474 199.775772 -0.826550 0.556055 -0.087281 0.135942 0.764503
0 -7.728122 114.957886 200.091263 -0.353954 0.595661 0.721044 0.135942 0.235497
pine_bark.bmp
0 -8.413383 114.882851 199.036499 -0.246514 0.572744 -0.781790 0.639058 0.927975
0 -7.728122 114.957886 200.091263 -0.353954 0.595661 0.721044 0.135942 0.235497
0 -7.278756 114.972328 199.468353 0.556818 0.670263 0.490613 0.639058 0.072025
pine_needles.bmp
1 -13.122413 72.929718 198.974762 -0.531285 0.213441 0.819865 0.007500 0.507500
1 -32.870525 23.773922 198.974762 -0.531285 0.213441 0.819865 0.492500 0.507500
1 7.587474 7.520108 229.423660 -0.531285 0.213441 0.819865 0.492500 0.992500
pine_needles.bmp
1 -13.122413 72.929718 198.974762 -0.531286 0.213441 0.819865 0.007500 0.507500
1 7.587474 7.520108 229.423660 -0.531286 0.213441 0.819865 0.492500 0.992500
1 27.335587 56.675903 229.423660 -0.531286 0.213441 0.819865 0.007500 0.992500
pine_needles.bmp
1 27.335587 56.675903 229.423660 0.531285 -0.213441 -0.819865 0.007500 0.992500
1 7.587474 7.520108 229.423660 0.531285 -0.213441 -0.819865 0.492500 0.992500
1 -32.870525 23.773922 198.974762 0.531285 -0.213441 -0.819865 0.492500 0.507500
pine_needles.bmp
1 27.335587 56.675903 229.423660 0.531285 -0.213441 -0.819865 0.007500 0.992500
1 -32.870525 23.773922 198.974762 0.531285 -0.213441 -0.819865 0.492500 0.507500
1 -13.122413 72.929718 198.974762 0.531285 -0.213441 -0.819865 0.007500 0.507500
pine_needles.bmp
1 -35.572163 29.621340 199.355850 -0.208055 -0.517878 0.829768 0.507500 0.007500
1 13.583636 9.873224 199.355850 -0.208055 -0.517878 0.829768 0.992500 0.007500
1 30.037224 50.828491 229.042572 -0.208055 -0.517878 0.829768 0.992500 0.492500
pine_needles.bmp
1 -35.572163 29.621340 199.355850 -0.208055 -0.517878 0.829768 0.507500 0.007500
1 30.037224 50.828491 229.042572 -0.208055 -0.517878 0.829768 0.992500 0.492500
1 -19.118576 70.576607 229.042572 -0.208055 -0.517878 0.829768 0.507500 0.492500
pine_needles.bmp
1 -19.118576 70.576607 229.042572 0.208055 0.517878 -0.829768 0.507500 0.492500
1 30.037224 50.828491 229.042572 0.208055 0.517878 -0.829768 0.992500 0.492500
1 13.583636 9.873224 199.355850 0.208055 0.517878 -0.829768 0.992500 0.007500
pine_needles.bmp
1 -19.118576 70.576607 229.042572 0.208055 0.517878 -0.829768 0.507500 0.492500
1 13.583636 9.873224 199.355850 0.208055 0.517878 -0.829768 0.992500 0.007500
1 -35.572163 29.621340 199.355850 0.208055 0.517878 -0.829768 0.507500 0.007500
pine_needles.bmp
1 23.920071 84.530655 192.188004 0.246040 0.491764 0.835244 0.007500 0.507500
1 -12.606123 102.805450 192.188004 0.246040 0.491764 0.835244 0.492500 0.507500
1 -33.882957 60.279022 223.493729 0.246040 0.491764 0.835244 0.492500 0.992500
pine_needles.bmp
1 23.920071 84.530655 192.188004 0.246040 0.491764 0.835244 0.007500 0.507500
1 -33.882957 60.279022 223.493729 0.246040 0.491764 0.835244 0.492500 0.992500
1 2.643235 42.004227 223.493729 0.246040 0.491764 0.835244 0.007500 0.992500
pine_needles.bmp
1 2.643235 42.004227 223.493729 -0.246040 -0.491764 -0.835244 0.007500 0.992500
1 -33.882957 60.279022 223.493729 -0.246040 -0.491764 -0.835244 0.492500 0.992500
1 -12.606123 102.805450 192.188004 -0.246040 -0.491764 -0.835244 0.492500 0.507500
pine_needles.bmp
1 2.643235 42.004227 223.493729 -0.246040 -0.491764 -0.835244 0.007500 0.992500
1 -12.606123 102.805450 192.188004 -0.246040 -0.491764 -0.835244 0.492500 0.507500
1 23.920071 84.530655 192.188004 -0.246040 -0.491764 -0.835244 0.007500 0.507500
pine_needles.bmp
1 -18.651524 102.078987 195.110443 -0.399422 0.199839 0.894722 0.507500 0.507500
1 -36.926323 65.552788 195.110443 -0.399422 0.199839 0.894722 0.992500 0.507500
1 8.688636 42.730690 220.571274 -0.399422 0.199839 0.894722 0.992500 0.992500
pine_needles.bmp
1 -18.651524 102.078987 195.110443 -0.399422 0.199839 0.894722 0.507500 0.507500
1 8.688636 42.730690 220.571274 -0.399422 0.199839 0.894722 0.992500 0.992500
1 26.963436 79.256889 220.571274 -0.399422 0.199839 0.894722 0.507500 0.992500
pine_needles.bmp
1 26.963436 79.256889 220.571274 0.399422 -0.199839 -0.894722 0.507500 0.992500
1 8.688636 42.730690 220.571274 0.399422 -0.199839 -0.894722 0.992500 0.992500
1 -36.926323 65.552788 195.110443 0.399422 -0.199839 -0.894722 0.992500 0.507500
pine_needles.bmp
1 26.963436 79.256889 220.571274 0.399422 -0.199839 -0.894722 0.507500 0.992500
1 -36.926323 65.552788 195.110443 0.399422 -0.199839 -0.894722 0.992500 0.507500
1 -18.651524 102.078987 195.110443 0.399422 -0.199839 -0.894722 0.507500 0.507500
pine_needles.bmp
1 1.271121 134.806503 181.737106 -0.508163 0.566314 0.648890 0.007500 0.507500
1 -38.154366 99.429337 181.737106 -0.508163 0.566314 0.648890 0.492500 0.507500
1 -15.661963 74.363052 221.227921 -0.508163 0.566314 0.648890 0.492500 0.992500
pine_needles.bmp
1 1.271121 134.806503 181.737106 -0.508163 0.566314 0.648890 0.007500 0.507500
1 -15.661963 74.363052 221.227921 -0.508163 0.566314 0.648890 0.492500 0.992500
1 23.763527 109.740219 221.227921 -0.508163 0.566314 0.648890 0.007500 0.992500
pine_needles.bmp
1 23.763527 109.740219 221.227921 0.508163 -0.566314 -0.648890 0.007500 0.992500
1 -15.661963 74.363052 221.227921 0.508163 -0.566314 -0.648890 0.492500 0.992500
1 -38.154366 99.429337 181.737106 0.508163 -0.566314 -0.648890 0.492500 0.507500
pine_needles.bmp
1 23.763527 109.740219 221.227921 0.508163 -0.566314 -0.648890 0.007500 0.992500
1 -38.154366 99.429337 181.737106 0.508163 -0.566314 -0.648890 0.492500 0.507500
1 1.271121 134.806503 181.737106 0.508163 -0.566314 -0.648890 0.007500 0.507500
pine_needles.bmp
1 -36.990776 113.433907 181.274414 -0.579790 -0.520256 0.627038 0.507500 0.007500
1 -1.613609 74.008415 181.274414 -0.579790 -0.520256 0.627038 0.992500 0.007500
1 22.599936 95.735649 221.690613 -0.579790 -0.520256 0.627038 0.992500 0.492500
pine_needles.bmp
1 -36.990776 113.433907 181.274414 -0.579790 -0.520256 0.627038 0.507500 0.007500
1 22.599936 95.735649 221.690613 -0.579790 -0.520256 0.627038 0.992500 0.492500
1 -12.777230 135.161133 221.690613 -0.579790 -0.520256 0.627038 0.507500 0.492500
pine_needles.bmp
1 -12.777230 135.161133 221.690613 0.579790 0.520256 -0.627038 0.507500 0.492500
1 22.599936 95.735649 221.690613 0.579790 0.520256 -0.627038 0.992500 0.492500
1 -1.613609 74.008415 181.274414 0.579790 0.520256 -0.627038 0.992500 0.007500
pine_needles.bmp
1 -12.777230 135.161133 221.690613 0.579790 0.520256 -0.627038 0.507500 0.492500
1 -1.613609 74.008415 181.274414 0.579790 0.520256 -0.627038 0.992500 0.007500
1 -36.990776 113.433907 181.274414 0.579790 0.520256 -0.627038 0.507500 0.007500
pine_bark.bmp
0 1.655040 0.000000 219.124695 0.715819 -0.457321 -0.527694 0.000000 0.000000
0 -1.690159 -2.342481 219.988464 -0.069850 -0.962668 -0.261516 0.200000 0.000000
0 -41.265209 47.835415 199.736099 -0.589870 -0.586832 -0.554690 0.200000 0.557973
pine_bark.bmp
0 1.655040 0.000000 219.124695 0.715819 -0.457321 -0.527694 0.000000 0.000000
0 -41.265209 47.835415 199.736099 -0.589870 -0.586832 -0.554690 0.200000 0.557973
0 -39.429626 49.100811 198.848389 0.287190 0.045585 -0.956788 0.000000 0.557973
pine_bark.bmp
0 -1.690159 -2.342481 219.988464 -0.069850 -0.962668 -0.261516 0.200000 0.000000
0 -2.513168 -1.314690 223.792847 -0.245771 -0.734128 0.632971 0.400000 0.000000
0 -41.313614 48.377014 201.962952 -0.696735 -0.412929 0.586557 0.400000 0.557973
pine_bark.bmp
0 -1.690159 -2.342481 219.988464 -0.069850 -0.962668 -0.261516 0.200000 0.000000
0 -41.313614 48.377014 201.962952 -0.696735 -0.412929 0.586557 0.400000 0.557973
0 -41.265209 47.835415 199.736099 -0.589870 -0.586832 -0.554690 0.200000 0.557973
pine_bark.bmp
0 -2.513168 -1.314690 223.792847 -0.245771 -0.734128 0.632971 0.400000 0.000000
0 -0.020068 1.434939 225.396866 0.363276 -0.091473 0.927180 0.600000 0.000000
0 -39.663433 49.900650 202.644333 0.166167 0.382832 0.908751 0.600000 0.557973
pine_bark.bmp
0 -2.513168 -1.314690 223.792847 -0.245771 -0.734128 0.632971 0.400000 0.000000
0 -39.663433 49.900650 202.644333 0.166167 0.382832 0.908751 0.600000 0.557973
0 -41.313614 48.377014 201.962952 -0.696735 -0.412929 0.586557 0.400000 0.557973
pine_bark.bmp
0 -0.020068 1.434939 225.396866 0.363276 -0.091473 0.927180 0.600000 0.000000
0 2.678883 2.277777 222.355301 0.977678 0.084893 0.192195 0.800000 0.000000
0 -38.495434 50.325291 200.621140 0.760261 0.637161 -0.126604 0.800000 0.557973
pine_bark.bmp
0 -0.020068 1.434939 225.396866 0.363276 -0.091473 0.927180 0.600000 0.000000
0 -38.495434 50.325291 200.621140 0.760261 0.637161 -0.126604 0.800000 0.557973
0 -39.663433 49.900650 202.644333 0.166167 0.382832 0.908751 0.600000 0.557973
pine_bark.bmp
0 2.678883 2.277777 222.355301 0.977678 0.084893 0.192195 0.800000 0.000000
0 1.655040 0.000000 219.124695 0.715819 -0.457321 -0.527694 1.000000 0.000000
0 -39.429626 49.100811 198.848389 0.287190 0.045585 -0.956788 1.000000 0.557973
pine_bark.bmp
0 2.678883 2.277777 222.355301 0.977678 0.084893 0.192195 0.800000 0.000000
0 -39.429626 49.100811 198.848389 0.287190 0.045585 -0.956788 1.000000 0.557973
0 -38.495434 50.325291 200.621140 0.760261 0.637161 -0.126604 0.800000 0.557973
pine_bark.bmp
0 -39.429626 49.100811 198.848389 0.287190 0.045585 -0.956788 0.000000 0.557973
0 -41.265209 47.835415 199.736099 -0.589870 -0.586832 -0.554690 0.200000 0.557973
0 -73.280342 88.882401 199.220642 -0.925642 0.019544 -0.377895 0.200000 0.990120
pine_bark.bmp
0 -39.429626 49.100811 198.848389 0.287190 0.045585 -0.956788 0.000000 0.557973
0 -73.280342 88.882401 199.220642 -0.925642 0.019544 -0.377895 0.200000 0.990120
0 -72.781227 89.274200 198.772232 -0.243734 0.541683 -0.804471 0.000000 0.990120
pine_bark.bmp
0 -41.265209 47.835415 199.736099 -0.589870 -0.586832 -0.554690 0.200000 0.557973
0 -41.313614 48.377014 201.962952 -0.696735 -0.412929 0.586557 0.400000 0.557973
0 -73.112930 89.042877 199.923935 -0.842570 0.118312 0.525432 0.400000 0.990120
pine_bark.bmp
0 -41.265209 47.835415 199.736099 -0.589870 -0.586832 -0.554690 0.200000 0.557973
0 -73.112930 89.042877 199.923935 -0.842570 0.118312 0.525432 0.400000 0.990120
0 -73.280342 88.882401 199.220642 -0.925642 0.019544 -0.377895 0.200000 0.990120
pine_bark.bmp
0 -41.313614 48.377014 201.962952 -0.696735 -0.412929 0.586557 0.400000 0.557973
0 -39.663433 49.900650 202.644333 0.166167 0.382832 0.908751 0.600000 0.557973
0 -72.520073 89.528923 199.998383 -0.127409 0.688616 0.713845 0.600000 0.990120
pine_bark.bmp
0 -41.313614 48.377014 201.962952 -0.696735 -0.412929 0.586557 0.400000 0.557973
0 -72.520073 89.528923 199.998383 -0.127409 0.688616 0.713845 0.600000 0.990120
0 -73.112930 89.042877 199.923935 -0.842570 0.118312 0.525432 0.400000 0.990120
pine_bark.bmp
0 -39.663433 49.900650 202.644333 0.166167 0.382832 0.908751 0.600000 0.557973
0 -38.495434 50.325291 200.621140 0.760261 0.637161 -0.126604 0.800000 0.557973
0 -72.336845 89.653412 199.265427 0.215264 0.968180 -0.127629 0.800000 0.990120
pine_bark.bmp
0 -39.663433 49.900650 202.644333 0.166167 0.382832 0.908751 0.600000 0.557973
0 -72.336845 89.653412 199.265427 0.215264 0.968180 -0.127629 0.800000 0.990120
0 -72.520073 89.528923 199.998383 -0.127409 0.688616 0.713845 0.600000 0.990120
pine_bark.bmp
0 -38.495434 50.325291 200.621140 0.760261 0.637161 -0.126604 0.800000 0.557973
0 -39.429626 49.100811 198.848389 0.287190 0.045585 -0.956788 1.000000 0.557973
0 -72.781227 89.274200 198.772232 -0.243734 0.541683 -0.804471 1.000000 0.990120
pine_bark.bmp
0 -38.495434 50.325291 200.621140 0.760261 0.637161 -0.126604 0.800000 0.557973
0 -72.781227 89.274200 198.772232 -0.243734 0.541683 -0.804471 1.000000 0.990120
0 -72.336845 89.653412 199.265427 0.215264 0.968180 -0.127629 0.800000 0.990120
pine_bark.bmp
0 1.655040 0.000000 219.124695 0.715819 -0.457321 -0.527694 0.950000 0.500000
0 2.678883 2.277777 222.355301 0.977678 0.084893 0.192195 0.639058 0.072025
0 -0.020068 1.434939 225.396866 0.363276 -0.091473 0.927180 0.135942 0.235497
pine_bark.bmp
0 -0.020068 1.434939 225.396866 0.363276 -0.091473 0.927180 0.135942 0.235497
0 -2.513168 -1.314690 223.792847 -0.245771 -0.734128 0.632971 0.135942 0.764503
0 -1.690159 -2.342481 219.988464 -0.069850 -0.962668 -0.261516 0.639058 0.927975
pine_bark.bmp
0 -0.020068 1.434939 225.396866 0.363276 -0.091473 0.927180 0.135942 0.235497
0 -1.690159 -2.342481 219.988464 -0.069850 -0.962668 -0.261516 0.639058 0.927975
0 1.655040 0.000000 219.124695 0.715819 -0.457321 -0.527694 0.950000 0.500000
pine_bark.bmp
0 -72.336845 89.653412 199.265427 0.215264 0.968180 -0.127629 0.639058 0.072025
0 -72.781227 89.274200 198.772232 -0.243734 0.541683 -0.804471 0.950000 0.500000
0 -73.280342 88.882401 199.220642 -0.925642 0.019544 -0.377895 0.639058 0.927975
pine_bark.bmp
0 -73.280342 88.882401 199.220642 -0.925642 0.019544 -0.377895 0.639058 0.927975
0 -73.112930 89.042877 199.923935 -0.842570 0.118312 0.525432 0.135942 0.764503
0 -72.520073 89.528923 199.998383 -0.127409 0.688616 0.713845 0.135942 0.235497
pine_bark.bmp
0 -73.280342 88.882401 199.220642 -0.925642 0.019544 -0.377895 0.639058 0.927975
0 -72.520073 89.528923 199.998383 -0.127409 0.688616 0.713845 0.135942 0.235497
0 -72.336845 89.653412 199.265427 0.215264 0.968180 -0.127629 0.639058 0.072025
pine_needles.bmp
1 -55.549927 22.371435 187.776764 -0.316982 -0.729744 0.605802 0.507500 0.007500
1 -11.447445 3.214460 187.776764 -0.316982 -0.729744 0.605802 0.992500 0.007500
1 4.583588 40.120506 240.621643 -0.316982 -0.729744 0.605802 0.992500 0.492500
pine_needles.bmp
1 -55.549927 22.371435 187.776764 -0.316982 -0.729744 0.605802 0.507500 0.007500
1 4.583588 40.120506 240.621643 -0.316982 -0.729744 0.605802 0.992500 0.492500
1 -39.518890 59.277481 240.621643 -0.316982 -0.729744 0.605802 0.507500 0.492500
pine_needles.bmp
1 -39.518890 59.277481 240.621643 0.316982 0.729744 -0.605802 0.507500 0.492500
1 4.583588 40.120506 240.621643 0.316982 0.729744 -0.605802 0.992500 0.492500
1 -11.447445 3.214460 187.776764 0.316982 0.729744 -0.605802 0.992500 0.007500
pine_needles.bmp
1 -39.518890 59.277481 240.621643 0.316982 0.729744 -0.605802 0.507500 0.492500
1 -11.447445 3.214460 187.776764 0.316982 0.729744 -0.605802 0.992500 0.007500
1 -55.549927 22.371435 187.776764 0.316982 0.729744 -0.605802 0.507500 0.007500
pine_needles.bmp
1 -16.458185 1.113865 187.899307 0.726305 -0.315488 0.610695 0.507500 0.007500
1 2.698792 45.216343 187.899307 0.726305 -0.315488 0.610695 0.992500 0.007500
1 -34.508152 61.378078 240.499115 0.726305 -0.315488 0.610695 0.992500 0.492500
pine_needles.bmp
1 -16.458185 1.113865 187.899307 0.726305 -0.315488 0.610695 0.507500 0.007500
1 -34.508152 61.378078 240.499115 0.726305 -0.315488 0.610695 0.992500 0.492500
1 -53.665131 17.275600 240.499115 0.726305 -0.315488 0.610695 0.507500 0.492500
pine_needles.bmp
1 -53.665131 17.275600 240.499115 -0.726305 0.315488 -0.610695 0.507500 0.492500
1 -34.508152 61.378078 240.499115 -0.726305 0.315488 -0.610695 0.992500 0.492500
1 2.698792 45.216343 187.899307 -0.726305 0.315488 -0.610695 0.992500 0.007500
pine_needles.bmp
1 -53.665131 17.275600 240.499115 -0.726305 0.315488 -0.610695 0.507500 0.492500
1 2.698792 45.216343 187.899307 -0.726305 0.315488 -0.610695 0.992500 0.007500
1 -16.458185 1.113865 187.899307 -0.726305 0.315488 -0.610695 0.507500 0.007500
pine_needles.bmp
1 -43.155674 29.537907 183.431213 0.570481 -0.521779 0.634270 0.007500 0.007500
1 -19.029285 55.916203 183.431213 0.570481 -0.521779 0.634270 0.492500 0.007500
1 -48.583721 82.947586 232.250519 0.570481 -0.521779 0.634270 0.492500 0.492500
pine_needles.bmp
1 -43.155674 29.537907 183.431213 0.570481 -0.521779 0.634270 0.007500 0.007500
1 -48.583721 82.947586 232.250519 0.570481 -0.521779 0.634270 0.492500 0.492500
1 -72.710106 56.569286 232.250519 0.570481 -0.521779 0.634270 0.007500 0.492500
pine_needles.bmp
1 -72.710106 56.569286 232.250519 -0.570481 0.521779 -0.634270 0.007500 0.492500
1 -48.583721 82.947586 232.250519 -0.570481 0.521779 -0.634270 0.492500 0.492500
1 -19.029285 55.916203 183.431213 -0.570481 0.521779 -0.634270 0.492500 0.007500
pine_needles.bmp
1 -72.710106 56.569286 232.250519 -0.570481 0.521779 -0.634270 0.007500 0.492500
1 -19.029285 55.916203 183.431213 -0.570481 0.521779 -0.634270 0.492500 0.007500
1 -43.155674 29.537907 183.431213 -0.570481 0.521779 -0.634270 0.007500 0.007500
pine_needles.bmp
1 -18.551010 59.627911 184.186813 0.505389 0.552561 0.662765 0.507500 0.007500
1 -44.929306 83.754303 184.186813 0.505389 0.552561 0.662765 0.992500 0.007500
1 -73.188385 52.857578 231.494919 0.505389 0.552561 0.662765 0.992500 0.492500
pine_needles.bmp
1 -18.551010 59.627911 184.186813 0.505389 0.552561 0.662765 0.507500 0.007500
1 -73.188385 52.857578 231.494919 0.505389 0.552561 0.662765 0.992500 0.492500
1 -46.810089 28.731190 231.494919 0.505389 0.552561 0.662765 0.507500 0.492500
pine_needles.bmp
1 -46.810089 28.731190 231.494919 -0.505389 -0.552561 -0.662765 0.507500 0.492500
1 -73.188385 52.857578 231.494919 -0.505389 -0.552561 -0.662765 0.992500 0.492500
1 -44.929306 83.754303 184.186813 -0.505389 -0.552561 -0.662765 0.992500 0.007500
pine_needles.bmp
1 -46.810089 28.731190 231.494919 -0.505389 -0.552561 -0.662765 0.507500 0.492500
1 -44.929306 83.754303 184.186813 -0.505389 -0.552561 -0.662765 0.992500 0.007500
1 -18.551010 59.627911 184.186813 -0.505389 -0.552561 -0.662765 0.507500 0.007500
pine_needles.bmp
1 -82.649750 54.531456 174.525818 0.175355 -0.750613 0.637049 0.507500 0.507500
1 -39.726456 64.559029 174.525818 0.175355 -0.750613 0.637049 0.992500 0.507500
1 -49.862724 107.947594 228.439224 0.175355 -0.750613 0.637049 0.992500 0.992500
pine_needles.bmp
1 -82.649750 54.531456 174.525818 0.175355 -0.750613 0.637049 0.507500 0.507500
1 -49.862724 107.947594 228.439224 0.175355 -0.750613 0.637049 0.992500 0.992500
1 -92.786011 97.920021 228.439224 0.175355 -0.750613 0.637049 0.507500 0.992500
pine_needles.bmp
1 -92.786011 97.920021 228.439224 -0.175355 0.750613 -0.637049 0.507500 0.992500
1 -49.862724 107.947594 228.439224 -0.175355 0.750613 -0.637049 0.992500 0.992500
1 -39.726456 64.559029 174.525818 -0.175355 0.750613 -0.637049 0.992500 0.507500
pine_needles.bmp
1 -92.786011 97.920021 228.439224 -0.175355 0.750613 -0.637049 0.507500 0.992500
1 -39.726456 64.559029 174.525818 -0.175355 0.750613 -0.637049 0.992500 0.507500
1 -82.649750 54.531456 174.525818 -0.175355 0.750613 -0.637049 0.507500 0.507500
pine_needles.bmp
1 -30.322130 67.001366 186.394577 0.417928 0.097635 0.903219 0.007500 0.007500
1 -40.349701 109.924652 186.394577 0.417928 0.097635 0.903219 0.492500 0.007500
1 -102.190338 95.477692 216.570465 0.417928 0.097635 0.903219 0.492500 0.492500
pine_needles.bmp
1 -30.322130 67.001366 186.394577 0.417927 0.097635 0.903219 0.007500 0.007500
1 -102.190338 95.477692 216.570465 0.417927 0.097635 0.903219 0.492500 0.492500
1 -92.162766 52.554398 216.570465 0.417927 0.097635 0.903219 0.007500 0.492500
pine_needles.bmp
1 -92.162766 52.554398 216.570465 -0.417928 -0.097635 -0.903219 0.007500 0.492500
1 -102.190338 95.477692 216.570465 -0.417928 -0.097635 -0.903219 0.492500 0.492500
1 -40.349701 109.924652 186.394577 -0.417928 -0.097635 -0.903219 0.492500 0.007500
pine_needles.bmp
1 -92.162766 52.554398 216.570465 -0.417928 -0.097635 -0.903219 0.007500 0.492500
1 -40.349701 109.924652 186.394577 -0.417928 -0.097635 -0.903219 0.492500 0.007500
1 -30.322130 67.001366 186.394577 -0.417928 -0.097635 -0.903219 0.007500 0.007500
pine_bark.bmp
0 1.144816 0.000000 218.902496 0.815521 -0.108468 -0.568472 0.000000 0.000000
0 -0.230953 -3.386482 220.897263 0.476635 -0.875792 -0.076210 0.200000 0.000000
0 -62.386333 10.420499 200.086472 -0.138153 -0.916197 -0.376160 0.200000 0.557973
pine_bark.bmp
0 1.144816 0.000000 218.902496 0.815521 -0.108468 -0.568472 0.000000 0.000000
0 -62.386333 10.420499 200.086472 -0.138153 -0.916197 -0.376160 0.200000 0.557973
0 -61.740940 12.331535 198.795242 0.161418 0.019837 -0.986687 0.000000 0.557973
pine_bark.bmp
0 -0.230953 -3.386482 220.897263 0.476635 -0.875792 -0.076210 0.200000 0.000000
0 -1.211868 -1.900623 224.512955 0.257241 -0.566106 0.783167 0.400000 0.000000
0 -62.662365 11.238436 202.212646 -0.278488 -0.608394 0.743170 0.400000 0.557973
pine_bark.bmp
0 -0.230953 -3.386482 220.897263 0.476635 -0.875792 -0.076210 0.200000 0.000000
0 -62.662365 11.238436 202.212646 -0.278488 -0.608394 0.743170 0.400000 0.557973
0 -62.386333 10.420499 200.086472 -0.138153 -0.916197 -0.376160 0.200000 0.557973
pine_bark.bmp
0 -1.211868 -1.900623 224.512955 0.257241 -0.566106 0.783167 0.400000 0.000000
0 -0.588570 2.074465 224.981857 0.405544 0.352812 0.843242 0.600000 0.000000
0 -62.256073 13.539471 202.456528 -0.057063 0.589730 0.805582 0.600000 0.557973
pine_bark.bmp
0 -1.211868 -1.900623 224.512955 0.257241 -0.566106 0.783167 0.400000 0.000000
0 -62.256073 13.539471 202.456528 -0.057063 0.589730 0.805582 0.600000 0.557973
0 -62.662365 11.238436 202.212646 -0.278488 -0.608394 0.743170 0.400000 0.557973
pine_bark.bmp
0 -0.588570 2.074465 224.981857 0.405544 0.352812 0.843242 0.600000 0.000000
0 0.940782 3.292941 221.332596 0.763391 0.645757 -0.015234 0.800000 0.000000
0 -61.673977 14.180780 200.250244 0.214376 0.920736 -0.326019 0.800000 0.557973
pine_bark.bmp
0 -0.588570 2.074465 224.981857 0.405544 0.352812 0.843242 0.600000 0.000000
0 -61.673977 14.180780 200.250244 0.214376 0.920736 -0.326019 0.800000 0.557973
0 -62.256073 13.539471 202.456528 -0.057063 0.589730 0.805582 0.600000 0.557973
pine_bark.bmp
0 0.940782 3.292941 221.332596 0.763391 0.645757 -0.015234 0.800000 0.000000
0 1.144816 0.000000 218.902496 0.815521 -0.108468 -0.568472 1.000000 0.000000
0 -61.740940 12.331535 198.795242 0.161418 0.019837 -0.986687 1.000000 0.557973
pine_bark.bmp
0 0.940782 3.292941 221.332596 0.763391 0.645757 -0.015234 0.800000 0.000000
0 -61.740940 12.331535 198.795242 0.161418 0.019837 -0.986687 1.000000 0.557973
0 -61.673977 14.180780 200.250244 0.214376 0.920736 -0.326019 0.800000 0.557973
pine_bark.bmp
0 -61.740940 12.331535 198.795242 0.161418 0.019837 -0.986687 0.000000 0.557973
0 -62.386333 10.420499 200.086472 -0.138153 -0.916197 -0.376160 0.200000 0.557973
0 -113.112244 21.813213 199.236893 -0.738504 -0.619563 -0.265995 0.200000 0.990120
pine_bark.bmp
0 -61.740940 12.331535 198.795242 0.161418 0.019837 -0.986687 0.000000 0.557973
0 -113.112244 21.813213 199.236893 -0.738504 -0.619563 -0.265995 0.200000 0.990120
0 -112.979149 22.420973 198.771896 -0.555652 0.143894 -0.818868 0.000000 0.990120
pine_bark.bmp
0 -62.386333 10.420499 200.086472 -0.138153 -0.916197 -0.376160 0.200000 0.557973
0 -62.662365 11.238436 202.212646 -0.278488 -0.608394 0.743170 0.400000 0.557973
0 -113.081589 22.062141 199.933853 -0.708681 -0.358201 0.607834 0.400000 0.990120
pine_bark.bmp
0 -62.386333 10.420499 200.086472 -0.138153 -0.916197 -0.376160 0.200000 0.557973
0 -113.081589 22.062141 199.933853 -0.708681 -0.358201 0.607834 0.400000 0.990120
0 -113.112244 21.813213 199.236893 -0.738504 -0.619563 -0.265995 0.200000 0.990120
pine_bark.bmp
0 -62.662365 11.238436 202.212646 -0.278488 -0.608394 0.743170 0.400000 0.557973
0 -62.256073 13.539471 202.456528 -0.057063 0.589730 0.805582 0.600000 0.557973
0 -112.933449 22.816101 199.988022 -0.515377 0.553864 0.653927 0.600000 0.990120
pine_bark.bmp
0 -62.662365 11.238436 202.212646 -0.278488 -0.608394 0.743170 0.400000 0.557973
0 -112.933449 22.816101 199.988022 -0.515377 0.553864 0.653927 0.600000 0.990120
0 -113.081589 22.062141 199.933853 -0.708681 -0.358201 0.607834 0.400000 0.990120
pine_bark.bmp
0 -62.256073 13.539471 202.456528 -0.057063 0.589730 0.805582 0.600000 0.557973
0 -61.673977 14.180780 200.250244 0.214376 0.920736 -0.326019 0.800000 0.557973
0 -112.875275 23.009203 199.249496 -0.452398 0.857261 -0.245846 0.800000 0.990120
pine_bark.bmp
0 -62.256073 13.539471 202.456528 -0.057063 0.589730 0.805582 0.600000 0.557973
0 -112.875275 23.009203 199.249496 -0.452398 0.857261 -0.245846 0.800000 0.990120
0 -112.933449 22.816101 199.988022 -0.515377 0.553864 0.653927 0.600000 0.990120
pine_bark.bmp
0 -61.673977 14.180780 200.250244 0.214376 0.920736 -0.326019 0.800000 0.557973
0 -61.740940 12.331535 198.795242 0.161418 0.019837 -0.986687 1.000000 0.557973
0 -112.979149 22.420973 198.771896 -0.555652 0.143894 -0.818868 1.000000 0.990120
pine_bark.bmp
0 -61.673977 14.180780 200.250244 0.214376 0.920736 -0.326019 0.800000 0.557973
0 -112.979149 22.420973 198.771896 -0.555652 0.143894 -0.818868 1.000000 0.990120
0 -112.875275 23.009203 199.249496 -0.452398 0.857261 -0.245846 0.800000 0.990120
pine_bark.bmp
0 1.144816 0.000000 218.902496 0.815521 -0.108468 -0.568472 0.950000 0.500000
0 0.940782 3.292941 221.332596 0.763391 0.645757 -0.015234 0.639058 0.072025
0 -0.588570 2.074465 224.981857 0.405544 0.352812 0.843242 0.135942 0.235497
pine_bark.bmp
0 -0.588570 2.074465 224.981857 0.405544 0.352812 0.843242 0.135942 0.235497
0 -1.211868 -1.900623 224.512955 0.257241 -0.566106 0.783167 0.135942 0.764503
0 -0.230953 -3.386482 220.897263 0.476635 -0.875792 -0.076210 0.639058 0.927975
pine_bark.bmp
0 -0.588570 2.074465 224.981857 0.405544 0.352812 0.843242 0.135942 0.235497
0 -0.230953 -3.386482 220.897263 0.476635 -0.875792 -0.076210 0.639058 0.927975
0 1.144816 0.000000 218.902496 0.815521 -0.108468 -0.568472 0.950000 0.500000
pine_bark.bmp
0 -112.875275 23.009203 199.249496 -0.452398 0.857261 -0.245846 0.639058 0.072025
0 -112.979149 22.420973 198.771896 -0.555652 0.143894 -0.818868 0.950000 0.500000
0 -113.112244 21.813213 199.236893 -0.738504 -0.619563 -0.265995 0.639058 0.927975
pine_bark.bmp
0 -113.112244 21.813213 199.236893 -0.738504 -0.619563 -0.265995 0.639058 0.927975
0 -113.081589 22.062141 199.933853 -0.708681 -0.358201 0.607834 0.135942 0.764503
0 -112.933449 22.816101 199.988022 -0.515377 0.553864 0.653927 0.135942 0.235497
pine_bark.bmp
0 -113.112244 21.813213 199.236893 -0.738504 -0.619563 -0.265995 0.639058 0.927975
0 -112.933449 22.816101 199.988022 -0.515377 0.553864 0.653927 0.135942 0.235497
0 -112.875275 23.009203 199.249496 -0.452398 0.857261 -0.245846 0.639058 0.072025
pine_needles.bmp
1 -16.022774 -14.412880 202.338547 0.435788 -0.018886 0.899851 0.507500 0.007500
1 -14.185204 27.988811 202.338547 0.435788 -0.018886 0.899851 0.992500 0.007500
1 -63.075188 30.107563 226.059875 0.435788 -0.018886 0.899851 0.992500 0.492500
pine_needles.bmp
1 -16.022774 -14.412880 202.338547 0.435788 -0.018886 0.899851 0.507500 0.007500
1 -63.075188 30.107563 226.059875 0.435788 -0.018886 0.899851 0.992500 0.492500
1 -64.912758 -12.294128 226.059875 0.435788 -0.018886 0.899851 0.507500 0.492500
pine_needles.bmp
1 -64.912758 -12.294128 226.059875 -0.435788 0.018886 -0.899851 0.507500 0.492500
1 -63.075188 30.107563 226.059875 -0.435788 0.018886 -0.899851 0.992500 0.492500
1 -14.185204 27.988811 202.338547 -0.435788 0.018886 -0.899851 0.992500 0.007500
pine_needles.bmp
1 -64.912758 -12.294128 226.059875 -0.435788 0.018886 -0.899851 0.507500 0.492500
1 -14.185204 27.988811 202.338547 -0.435788 0.018886 -0.899851 0.992500 0.007500
1 -16.022774 -14.412880 202.338547 -0.435788 0.018886 -0.899851 0.507500 0.007500
pine_needles.bmp
1 -17.346191 30.048309 199.978195 0.022669 0.523076 0.851985 0.507500 0.507500
1 -59.747879 31.885878 199.978195 0.022669 0.523076 0.851985 0.992500 0.507500
1 -61.751770 -14.353628 228.420227 0.022669 0.523076 0.851985 0.992500 0.992500
pine_needles.bmp
1 -17.346191 30.048309 199.978195 0.022669 0.523076 0.851985 0.507500 0.507500
1 -61.751770 -14.353628 228.420227 0.022669 0.523076 0.851985 0.992500 0.992500
1 -19.350079 -16.191196 228.420227 0.022669 0.523076 0.851985 0.507500 0.992500
pine_needles.bmp
1 -19.350079 -16.191196 228.420227 -0.022669 -0.523076 -0.851985 0.507500 0.992500
1 -61.751770 -14.353628 228.420227 -0.022669 -0.523076 -0.851985 0.992500 0.992500
1 -59.747879 31.885878 199.978195 -0.022669 -0.523076 -0.851985 0.992500 0.507500
pine_needles.bmp
1 -19.350079 -16.191196 228.420227 -0.022669 -0.523076 -0.851985 0.507500 0.992500
1 -59.747879 31.885878 199.978195 -0.022669 -0.523076 -0.851985 0.992500 0.507500
1 -17.346191 30.048309 199.978195 -0.022669 -0.523076 -0.851985 0.507500 0.507500
pine_needles.bmp
1 -75.775749 -18.554176 185.805695 0.310651 -0.560999 0.767317 0.007500 0.507500
1 -41.054985 0.672319 185.805695 0.310651 -0.560999 0.767317 0.492500 0.507500
1 -66.600555 46.804604 229.876022 0.310651 -0.560999 0.767317 0.492500 0.992500
pine_needles.bmp
1 -75.775749 -18.554176 185.805695 0.310651 -0.560999 0.767317 0.007500 0.507500
1 -66.600555 46.804604 229.876022 0.310651 -0.560999 0.767317 0.492500 0.992500
1 -101.321327 27.578106 229.876022 0.310651 -0.560999 0.767317 0.007500 0.992500
pine_needles.bmp
1 -101.321327 27.578106 229.876022 -0.310651 0.560999 -0.767317 0.007500 0.992500
1 -66.600555 46.804604 229.876022 -0.310651 0.560999 -0.767317 0.492500 0.992500
1 -41.054985 0.672319 185.805695 -0.310651 0.560999 -0.767317 0.492500 0.507500
pine_needles.bmp
1 -101.321327 27.578106 229.876022 -0.310651 0.560999 -0.767317 0.007500 0.992500
1 -41.054985 0.672319 185.805695 -0.310651 0.560999 -0.767317 0.492500 0.507500
1 -75.775749 -18.554176 185.805695 -0.310651 0.560999 -0.767317 0.007500 0.507500
pine_needles.bmp
1 -36.532486 10.631971 188.750320 0.485388 0.268782 0.831958 0.507500 0.007500
1 -55.758987 45.352745 188.750320 0.485388 0.268782 0.831958 0.992500 0.007500
1 -105.843826 17.618454 226.931412 0.485388 0.268782 0.831958 0.992500 0.492500
pine_needles.bmp
1 -36.532486 10.631971 188.750320 0.485388 0.268782 0.831958 0.507500 0.007500
1 -105.843826 17.618454 226.931412 0.485388 0.268782 0.831958 0.992500 0.492500
1 -86.617332 -17.102318 226.931412 0.485388 0.268782 0.831958 0.507500 0.492500
pine_needles.bmp
1 -86.617332 -17.102318 226.931412 -0.485388 -0.268782 -0.831958 0.507500 0.492500
1 -105.843826 17.618454 226.931412 -0.485388 -0.268782 -0.831958 0.992500 0.492500
1 -55.758987 45.352745 188.750320 -0.485388 -0.268782 -0.831958 0.992500 0.007500
pine_needles.bmp
1 -86.617332 -17.102318 226.931412 -0.485388 -0.268782 -0.831958 0.507500 0.492500
1 -55.758987 45.352745 188.750320 -0.485388 -0.268782 -0.831958 0.992500 0.007500
1 -36.532486 10.631971 188.750320 -0.485388 -0.268782 -0.831958 0.507500 0.007500
pine_needles.bmp
1 -81.009361 35.258701 170.946030 0.107607 0.861604 0.496044 0.507500 0.507500
1 -120.321465 40.168449 170.946030 0.107607 0.861604 0.496044 0.992500 0.507500
1 -124.645332 5.547470 232.019012 0.107607 0.861604 0.496044 0.992500 0.992500
pine_needles.bmp
1 -81.009361 35.258701 170.946030 0.107607 0.861604 0.496043 0.507500 0.507500
1 -124.645332 5.547470 232.019012 0.107607 0.861604 0.496043 0.992500 0.992500
1 -85.333229 0.637722 232.019012 0.107607 0.861604 0.496043 0.507500 0.992500
pine_needles.bmp
1 -85.333229 0.637722 232.019012 -0.107607 -0.861604 -0.496044 0.507500 0.992500
1 -124.645332 5.547470 232.019012 -0.107607 -0.861604 -0.496044 0.992500 0.992500
1 -120.321465 40.168449 170.946030 -0.107607 -0.861604 -0.496044 0.992500 0.507500
pine_needles.bmp
1 -85.333229 0.637722 232.019012 -0.107607 -0.861604 -0.496043 0.507500 0.992500
1 -120.321465 40.168449 170.946030 -0.107607 -0.861604 -0.496043 0.992500 0.507500
1 -81.009361 35.258701 170.946030 -0.107607 -0.861604 -0.496043 0.507500 0.507500
pine_needles.bmp
1 -128.396469 43.559097 180.230698 -0.596641 0.074515 0.799041 0.507500 0.007500
1 -133.306213 4.246990 180.230698 -0.596641 0.074515 0.799041 0.992500 0.007500
1 -77.258224 -2.752926 222.734329 -0.596641 0.074515 0.799041 0.992500 0.492500
pine_needles.bmp
1 -128.396469 43.559097 180.230698 -0.596641 0.074515 0.799041 0.507500 0.007500
1 -77.258224 -2.752926 222.734329 -0.596641 0.074515 0.799041 0.992500 0.492500
1 -72.348480 36.559181 222.734329 -0.596641 0.074515 0.799041 0.507500 0.492500
pine_needles.bmp
1 -72.348480 36.559181 222.734329 0.596641 -0.074515 -0.799041 0.507500 0.492500
1 -77.258224 -2.752926 222.734329 0.596641 -0.074515 -0.799041 0.992500 0.492500
1 -133.306213 4.246990 180.230698 0.596641 -0.074515 -0.799041 0.992500 0.007500
pine_needles.bmp
1 -72.348480 36.559181 222.734329 0.596641 -0.074515 -0.799041 0.507500 0.492500
1 -133.306213 4.246990 180.230698 0.596641 -0.074515 -0.799041 0.992500 0.007500
1 -128.396469 43.559097 180.230698 0.596641 -0.074515 -0.799041 0.507500 0.007500
pine_bark.bmp
0 1.288709 0.000000 218.955521 0.765415 0.315276 -0.561018 0.000000 0.000000
0 1.974653 -3.008359 221.734467 0.914754 -0.393992 0.089414 0.200000 0.000000
0 -53.205383 -34.318665 200.383667 0.509130 -0.832130 -0.219877 0.200000 0.557973
pine_bark.bmp
0 1.288709 0.000000 218.955521 0.765415 0.315276 -0.561018 0.000000 0.000000
0 -53.205383 -34.318665 200.383667 0.509130 -0.832130 -0.219877 0.200000 0.557973
0 -53.843258 -32.638504 198.807297 0.188993 -0.017327 -0.981825 0.000000 0.557973
pine_bark.bmp
0 1.974653 -3.008359 221.734467 0.914754 -0.393992 0.089414 0.200000 0.000000
0 -0.110027 -1.688406 224.932709 0.468327 -0.134845 0.873205 0.400000 0.000000
0 -54.106552 -33.599545 202.371445 0.110015 -0.525076 0.843915 0.400000 0.557973
pine_bark.bmp
0 1.974653 -3.008359 221.734467 0.914754 -0.393992 0.089414 0.200000 0.000000
0 -54.106552 -33.599545 202.371445 0.110015 -0.525076 0.843915 0.400000 0.557973
0 -53.205383 -34.318665 200.383667 0.509130 -0.832130 -0.219877 0.200000 0.557973
pine_bark.bmp
0 -0.110027 -1.688406 224.932709 0.468327 -0.134845 0.873205 0.400000 0.000000
0 -2.031423 1.842837 224.435165 0.020791 0.672976 0.739372 0.600000 0.000000
0 -55.296360 -31.576500 202.261047 -0.488493 0.528324 0.694441 0.600000 0.557973
pine_bark.bmp
0 -0.110027 -1.688406 224.932709 0.468327 -0.134845 0.873205 0.400000 0.000000
0 -55.296360 -31.576500 202.261047 -0.488493 0.528324 0.694441 0.600000 0.557973
0 -54.106552 -33.599545 202.371445 0.110015 -0.525076 0.843915 0.400000 0.557973
pine_bark.bmp
0 -2.031423 1.842837 224.435165 0.020791 0.672976 0.739372 0.600000 0.000000
0 -1.113880 2.925262 220.551682 0.212005 0.961914 -0.172558 0.800000 0.000000
0 -55.094681 -31.012669 199.969894 -0.396883 0.785136 -0.475443 0.800000 0.557973
pine_bark.bmp
0 -2.031423 1.842837 224.435165 0.020791 0.672976 0.739372 0.600000 0.000000
0 -55.094681 -31.012669 199.969894 -0.396883 0.785136 -0.475443 0.800000 0.557973
0 -55.296360 -31.576500 202.261047 -0.488493 0.528324 0.694441 0.600000 0.557973
pine_bark.bmp
0 -1.113880 2.925262 220.551682 0.212005 0.961914 -0.172558 0.800000 0.000000
0 1.288709 0.000000 218.955521 0.765415 0.315276 -0.561018 1.000000 0.000000
0 -53.843258 -32.638504 198.807297 0.188993 -0.017327 -0.981825 1.000000 0.557973
pine_bark.bmp
0 -1.113880 2.925262 220.551682 0.212005 0.961914 -0.172558 0.800000 0.000000
0 -53.843258 -32.638504 198.807297 0.188993 -0.017327 -0.981825 1.000000 0.557973
0 -55.094681 -31.012669 199.969894 -0.396883 0.785136 -0.475443 0.800000 0.557973
pine_bark.bmp
0 -53.843258 -32.638504 198.807297 0.188993 -0.017327 -0.981825 0.000000 0.557973
0 -53.205383 -34.318665 200.383667 0.509130 -0.832130 -0.219877 0.200000 0.557973
0 -98.414421 -59.873867 199.249634 -0.120433 -0.977499 -0.173179 0.200000 0.990120
pine_bark.bmp
0 -53.843258 -32.638504 198.807297 0.188993 -0.017327 -0.981825 0.000000 0.557973
0 -98.414421 -59.873867 199.249634 -0.120433 -0.977499 -0.173179 0.200000 0.990120
0 -98.718941 -59.342735 198.771973 -0.458793 -0.349244 -0.817030 0.000000 0.990120
pine_bark.bmp
0 -53.205383 -34.318665 200.383667 0.509130 -0.832130 -0.219877 0.200000 0.557973
0 -54.106552 -33.599545 202.371445 0.110015 -0.525076 0.843915 0.400000 0.557973
0 -98.566452 -59.656326 199.941299 -0.325228 -0.674650 0.662627 0.400000 0.990120
pine_bark.bmp
0 -53.205383 -34.318665 200.383667 0.509130 -0.832130 -0.219877 0.200000 0.557973
0 -98.566452 -59.656326 199.941299 -0.325228 -0.674650 0.662627 0.400000 0.990120
0 -98.414421 -59.873867 199.249634 -0.120433 -0.977499 -0.173179 0.200000 0.990120
pine_bark.bmp
0 -54.106552 -33.599545 202.371445 0.110015 -0.525076 0.843915 0.400000 0.557973
0 -55.296360 -31.576500 202.261047 -0.488493 0.528324 0.694441 0.600000 0.557973
0 -98.963638 -58.997425 199.979691 -0.792911 0.130048 0.595298 0.600000 0.990120
pine_bark.bmp
0 -54.106552 -33.599545 202.371445 0.110015 -0.525076 0.843915 0.400000 0.557973
0 -98.963638 -58.997425 199.979691 -0.792911 0.130048 0.595298 0.600000 0.990120
0 -98.566452 -59.656326 199.941299 -0.325228 -0.674650 0.662627 0.400000 0.990120
pine_bark.bmp
0 -55.296360 -31.576500 202.261047 -0.488493 0.528324 0.694441 0.600000 0.557973
0 -55.094681 -31.012669 199.969894 -0.396883 0.785136 -0.475443 0.800000 0.557973
0 -99.042206 -58.828671 199.237213 -0.891669 0.303781 -0.335625 0.800000 0.990120
pine_bark.bmp
0 -55.296360 -31.576500 202.261047 -0.488493 0.528324 0.694441 0.600000 0.557973
0 -99.042206 -58.828671 199.237213 -0.891669 0.303781 -0.335625 0.800000 0.990120
0 -98.963638 -58.997425 199.979691 -0.792911 0.130048 0.595298 0.600000 0.990120
pine_bark.bmp
0 -55.094681 -31.012669 199.969894 -0.396883 0.785136 -0.475443 0.800000 0.557973
0 -53.843258 -32.638504 198.807297 0.188993 -0.017327 -0.981825 1.000000 0.557973
0 -98.718941 -59.342735 198.771973 -0.458793 -0.349244 -0.817030 1.000000 0.990120
pine_bark.bmp
0 -55.094681 -31.012669 199.969894 -0.396883 0.785136 -0.475443 0.800000 0.557973
0 -98.718941 -59.342735 198.771973 -0.458793 -0.349244 -0.817030 1.000000 0.990120
0 -99.042206 -58.828671 199.237213 -0.891669 0.303781 -0.335625 0.800000 0.990120
pine_bark.bmp
0 1.288709 0.000000 218.955521 0.765415 0.315276 -0.561018 0.950000 0.500000
0 -1.113880 2.925262 220.551682 0.212005 0.961914 -0.172558 0.639058 0.072025
0 -2.031423 1.842837 224.435165 0.020791 0.672976 0.739372 0.135942 0.235497
pine_bark.bmp
0 -2.031423 1.842837 224.435165 0.020791 0.672976 0.739372 0.135942 0.235497
0 -0.110027 -1.688406 224.932709 0.468327 -0.134845 0.873205 0.135942 0.764503
0 1.974653 -3.008359 221.734467 0.914754 -0.393992 0.089414 0.639058 0.927975
pine_bark.bmp
0 -2.031423 1.842837 224.435165 0.020791 0.672976 0.739372 0.135942 0.235497
0 1.974653 -3.008359 221.734467 0.914754 -0.393992 0.089414 0.639058 0.927975
0 1.288709 0.000000 218.955521 0.765415 0.315276 -0.561018 0.950000 0.500000
pine_bark.bmp
0 -99.042206 -58.828671 199.237213 -0.891669 0.303781 -0.335625 0.639058 0.072025
0 -98.718941 -59.342735 198.771973 -0.458793 -0.349244 -0.817030 0.950000 0.500000
0 -98.414421 -59.873867 199.249634 -0.120433 -0.977499 -0.173179 0.639058 0.927975
pine_bark.bmp
0 -98.414421 -59.873867 199.249634 -0.120433 -0.977499 -0.173179 0.639058 0.927975
0 -98.566452 -59.656326 199.941299 -0.325228 -0.674650 0.662627 0.135942 0.764503
0 -98.963638 -58.997425 199.979691 -0.792911 0.130048 0.595298 0.135942 0.235497
pine_bark.bmp
0 -98.414421 -59.873867 199.249634 -0.120433 -0.977499 -0.173179 0.639058 0.927975
0 -98.963638 -58.997425 199.979691 -0.792911 0.130048 0.595298 0.135942 0.235497
0 -99.042206 -58.828671 199.237213 -0.891669 0.303781 -0.335625 0.639058 0.072025
pine_needles.bmp
1 -6.475517 -26.153597 187.365036 0.542165 0.726864 0.421575 0.507500 0.007500
1 -47.724190 4.613652 187.365036 0.542165 0.726864 0.421575 0.992500 0.007500
1 -62.642105 -15.386321 241.033386 0.542165 0.726864 0.421575 0.992500 0.492500
pine_needles.bmp
1 -6.475517 -26.153597 187.365036 0.542165 0.726864 0.421575 0.507500 0.007500
1 -62.642105 -15.386321 241.033386 0.542165 0.726864 0.421575 0.992500 0.492500
1 -21.393433 -46.153572 241.033386 0.542165 0.726864 0.421575 0.507500 0.492500
pine_needles.bmp
1 -21.393433 -46.153572 241.033386 -0.542165 -0.726864 -0.421575 0.507500 0.492500
1 -62.642105 -15.386321 241.033386 -0.542165 -0.726864 -0.421575 0.992500 0.492500
1 -47.724190 4.613652 187.365036 -0.542165 -0.726864 -0.421575 0.992500 0.007500
pine_needles.bmp
1 -21.393433 -46.153572 241.033386 -0.542165 -0.726864 -0.421575 0.507500 0.492500
1 -47.724190 4.613652 187.365036 -0.542165 -0.726864 -0.421575 0.992500 0.007500
1 -6.475517 -26.153597 187.365036 -0.542165 -0.726864 -0.421575 0.507500 0.007500
pine_needles.bmp
1 -38.961220 14.612717 197.530548 -0.448590 0.334602 0.828740 0.507500 0.007500
1 -69.728470 -26.635956 197.530548 -0.448590 0.334602 0.828740 0.992500 0.007500
1 -30.156401 -56.152634 230.867859 -0.448590 0.334602 0.828740 0.992500 0.492500
pine_needles.bmp
1 -38.961220 14.612717 197.530548 -0.448590 0.334602 0.828740 0.507500 0.007500
1 -30.156401 -56.152634 230.867859 -0.448590 0.334602 0.828740 0.992500 0.492500
1 0.610849 -14.903961 230.867859 -0.448590 0.334602 0.828740 0.507500 0.492500
pine_needles.bmp
1 0.610849 -14.903961 230.867859 0.448590 -0.334602 -0.828740 0.507500 0.492500
1 -30.156401 -56.152634 230.867859 0.448590 -0.334602 -0.828740 0.992500 0.492500
1 -69.728470 -26.635956 197.530548 0.448590 -0.334602 -0.828740 0.992500 0.007500
pine_needles.bmp
1 0.610849 -14.903961 230.867859 0.448590 -0.334602 -0.828740 0.507500 0.492500
1 -69.728470 -26.635956 197.530548 0.448590 -0.334602 -0.828740 0.992500 0.007500
1 -38.961220 14.612717 197.530548 0.448590 -0.334602 -0.828740 0.507500 0.007500
pine_needles.bmp
1 -33.376705 -19.215481 190.536774 0.153614 0.542678 0.825774 0.007500 0.007500
1 -77.233940 -6.800930 190.536774 0.153614 0.542678 0.825774 0.492500 0.007500
1 -91.035011 -55.556362 225.144943 0.153614 0.542678 0.825774 0.492500 0.492500
pine_needles.bmp
1 -33.376705 -19.215481 190.536774 0.153614 0.542678 0.825774 0.007500 0.007500
1 -91.035011 -55.556362 225.144943 0.153614 0.542678 0.825774 0.492500 0.492500
1 -47.177776 -67.970917 225.144943 0.153614 0.542678 0.825774 0.007500 0.492500
pine_needles.bmp
1 -47.177776 -67.970917 225.144943 -0.153614 -0.542678 -0.825774 0.007500 0.492500
1 -91.035011 -55.556362 225.144943 -0.153614 -0.542678 -0.825774 0.492500 0.492500
1 -77.233940 -6.800930 190.536774 -0.153614 -0.542678 -0.825774 0.492500 0.007500
pine_needles.bmp
1 -47.177776 -67.970917 225.144943 -0.153614 -0.542678 -0.825774 0.007500 0.492500
1 -77.233940 -6.800930 190.536774 -0.153614 -0.542678 -0.825774 0.492500 0.007500
1 -33.376705 -19.215481 190.536774 -0.153614 -0.542678 -0.825774 0.007500 0.007500
pine_needles.bmp
1 -71.375755 -11.104529 181.837433 -0.819752 0.232045 0.523605 0.507500 0.507500
1 -83.790306 -54.961761 181.837433 -0.819752 0.232045 0.523605 0.992500 0.507500
1 -53.035957 -63.667313 233.844284 -0.819752 0.232045 0.523605 0.992500 0.992500
pine_needles.bmp
1 -71.375755 -11.104529 181.837433 -0.819752 0.232045 0.523605 0.507500 0.507500
1 -53.035957 -63.667313 233.844284 -0.819752 0.232045 0.523605 0.992500 0.992500
1 -40.621407 -19.810081 233.844284 -0.819752 0.232045 0.523605 0.507500 0.992500
pine_needles.bmp
1 -40.621407 -19.810081 233.844284 0.819752 -0.232045 -0.523605 0.507500 0.992500
1 -53.035957 -63.667313 233.844284 0.819752 -0.232045 -0.523605 0.992500 0.992500
1 -83.790306 -54.961761 181.837433 0.819752 -0.232045 -0.523605 0.992500 0.507500
pine_needles.bmp
1 -40.621407 -19.810081 233.844284 0.819752 -0.232045 -0.523605 0.507500 0.992500
1 -83.790306 -54.961761 181.837433 0.819752 -0.232045 -0.523605 0.992500 0.507500
1 -71.375755 -11.104529 181.837433 0.819752 -0.232045 -0.523605 0.507500 0.507500
pine_needles.bmp
1 -94.393684 -86.089462 187.368576 0.249321 -0.419260 0.872961 0.007500 0.007500
1 -59.491611 -65.334274 187.368576 0.249321 -0.419260 0.872961 0.492500 0.007500
1 -85.312126 -21.914322 215.596451 0.249321 -0.419260 0.872961 0.492500 0.492500
pine_needles.bmp
1 -94.393684 -86.089462 187.368576 0.249321 -0.419260 0.872961 0.007500 0.007500
1 -85.312126 -21.914322 215.596451 0.249321 -0.419260 0.872961 0.492500 0.492500
1 -120.214195 -42.669510 215.596451 0.249321 -0.419260 0.872961 0.007500 0.492500
pine_needles.bmp
1 -120.214195 -42.669510 215.596451 -0.249321 0.419260 -0.872961 0.007500 0.492500
1 -85.312126 -21.914322 215.596451 -0.249321 0.419260 -0.872961 0.492500 0.492500
1 -59.491611 -65.334274 187.368576 -0.249321 0.419260 -0.872961 0.492500 0.007500
pine_needles.bmp
1 -120.214195 -42.669510 215.596451 -0.249321 0.419260 -0.872961 0.007500 0.492500
1 -59.491611 -65.334274 187.368576 -0.249321 0.419260 -0.872961 0.492500 0.007500
1 -94.393684 -86.089462 187.368576 -0.249321 0.419260 -0.872961 0.007500 0.007500
pine_needles.bmp
1 -62.476788 -61.344425 180.509933 0.625326 0.371862 0.686066 0.507500 0.007500
1 -83.231979 -26.442356 180.509933 0.625326 0.371862 0.686066 0.992500 0.007500
1 -117.229019 -46.659359 222.455093 0.625326 0.371862 0.686066 0.992500 0.492500
pine_needles.bmp
1 -62.476788 -61.344425 180.509933 0.625326 0.371862 0.686066 0.507500 0.007500
1 -117.229019 -46.659359 222.455093 0.625326 0.371862 0.686066 0.992500 0.492500
1 -96.473831 -81.561432 222.455093 0.625326 0.371862 0.686066 0.507500 0.492500
pine_needles.bmp
1 -96.473831 -81.561432 222.455093 -0.625326 -0.371862 -0.686066 0.507500 0.492500
1 -117.229019 -46.659359 222.455093 -0.625326 -0.371862 -0.686066 0.992500 0.492500
1 -83.231979 -26.442356 180.509933 -0.625326 -0.371862 -0.686066 0.992500 0.007500
pine_needles.bmp
1 -96.473831 -81.561432 222.455093 -0.625326 -0.371862 -0.686066 0.507500 0.492500
1 -83.231979 -26.442356 180.509933 -0.625326 -0.371862 -0.686066 0.992500 0.007500
1 -62.476788 -61.344425 180.509933 -0.625326 -0.371862 -0.686066 0.507500 0.007500
pine_bark.bmp
0 2.722920 0.000000 220.007553 0.734532 0.572339 -0.364541 0.000000 0.000000
0 2.829689 -1.423802 223.882614 0.813801 0.214088 0.540272 0.200000 0.000000
0 -15.374983 -61.616261 201.341690 0.900169 -0.350991 0.257876 0.200000 0.557973
pine_bark.bmp
0 2.722920 0.000000 220.007553 0.734532 0.572339 -0.364541 0.000000 0.000000
0 -15.374983 -61.616261 201.341690 0.900169 -0.350991 0.257876 0.200000 0.557973
0 -16.021309 -60.972187 199.145828 0.560204 -0.041073 -0.827336 0.000000 0.557973
pine_bark.bmp
0 2.829689 -1.423802 223.882614 0.813801 0.214088 0.540272 0.200000 0.000000
0 -0.985975 -0.799092 225.143799 -0.020923 0.325044 0.945467 0.400000 0.000000
0 -17.290241 -61.340595 202.605484 -0.040288 -0.193853 0.980203 0.400000 0.557973
pine_bark.bmp
0 2.829689 -1.423802 223.882614 0.813801 0.214088 0.540272 0.200000 0.000000
0 -17.290241 -61.340595 202.605484 -0.040288 -0.193853 0.980203 0.400000 0.557973
0 -15.374983 -61.616261 201.341690 0.900169 -0.350991 0.257876 0.200000 0.557973
pine_bark.bmp
0 -0.985975 -0.799092 225.143799 -0.020923 0.325044 0.945467 0.400000 0.000000
0 -3.469784 0.872182 222.448410 -0.629422 0.698740 0.339987 0.600000 0.000000
0 -19.168688 -60.565079 201.441086 -0.940300 0.207464 0.269803 0.600000 0.557973
pine_bark.bmp
0 -0.985975 -0.799092 225.143799 -0.020923 0.325044 0.945467 0.400000 0.000000
0 -19.168688 -60.565079 201.441086 -0.940300 0.207464 0.269803 0.600000 0.557973
0 -17.290241 -61.340595 202.605484 -0.040288 -0.193853 0.980203 0.400000 0.557973
pine_bark.bmp
0 -3.469784 0.872182 222.448410 -0.629422 0.698740 0.339987 0.600000 0.000000
0 -1.048040 1.384474 219.121033 -0.145984 0.858926 -0.490852 0.800000 0.000000
0 -18.301065 -60.348938 199.245728 -0.502149 0.279877 -0.818239 0.800000 0.557973
pine_bark.bmp
0 -3.469784 0.872182 222.448410 -0.629422 0.698740 0.339987 0.600000 0.000000
0 -18.301065 -60.348938 199.245728 -0.502149 0.279877 -0.818239 0.800000 0.557973
0 -19.168688 -60.565079 201.441086 -0.940300 0.207464 0.269803 0.600000 0.557973
pine_bark.bmp
0 -1.048040 1.384474 219.121033 -0.145984 0.858926 -0.490852 0.800000 0.000000
0 2.722920 0.000000 220.007553 0.734532 0.572339 -0.364541 1.000000 0.000000
0 -16.021309 -60.972187 199.145828 0.560204 -0.041073 -0.827336 1.000000 0.557973
pine_bark.bmp
0 -1.048040 1.384474 219.121033 -0.145984 0.858926 -0.490852 0.800000 0.000000
0 -16.021309 -60.972187 199.145828 0.560204 -0.041073 -0.827336 1.000000 0.557973
0 -18.301065 -60.348938 199.245728 -0.502149 0.279877 -0.818239 0.800000 0.557973
pine_bark.bmp
0 -16.021309 -60.972187 199.145828 0.560204 -0.041073 -0.827336 0.000000 0.557973
0 -15.374983 -61.616261 201.341690 0.900169 -0.350991 0.257876 0.200000 0.557973
0 -30.715233 -111.027733 199.296997 0.580242 -0.803986 0.130096 0.200000 0.990120
pine_bark.bmp
0 -16.021309 -60.972187 199.145828 0.560204 -0.041073 -0.827336 0.000000 0.557973
0 -30.715233 -111.027733 199.296997 0.580242 -0.803986 0.130096 0.200000 0.990120
0 -31.263350 -110.858521 198.774719 0.184821 -0.652426 -0.734970 0.000000 0.990120
pine_bark.bmp
0 -15.374983 -61.616261 201.341690 0.900169 -0.350991 0.257876 0.200000 0.557973
0 -17.290241 -61.340595 202.605484 -0.040288 -0.193853 0.980203 0.400000 0.557973
0 -31.025440 -110.958427 199.966736 -0.047978 -0.639758 0.767078 0.400000 0.990120
pine_bark.bmp
0 -15.374983 -61.616261 201.341690 0.900169 -0.350991 0.257876 0.200000 0.557973
0 -31.025440 -110.958427 199.966736 -0.047978 -0.639758 0.767078 0.400000 0.990120
0 -30.715233 -111.027733 199.296997 0.580242 -0.803986 0.130096 0.200000 0.990120
pine_bark.bmp
0 -17.290241 -61.340595 202.605484 -0.040288 -0.193853 0.980203 0.400000 0.557973
0 -19.168688 -60.565079 201.441086 -0.940300 0.207464 0.269803 0.600000 0.557973
0 -31.766357 -110.748512 199.947189 -0.847769 -0.394112 0.354914 0.600000 0.990120
pine_bark.bmp
0 -17.290241 -61.340595 202.605484 -0.040288 -0.193853 0.980203 0.400000 0.557973
0 -31.766357 -110.748512 199.947189 -0.847769 -0.394112 0.354914 0.600000 0.990120
0 -31.025440 -110.958427 199.966736 -0.047978 -0.639758 0.767078 0.400000 0.990120
pine_bark.bmp
0 -19.168688 -60.565079 201.441086 -0.940300 0.207464 0.269803 0.600000 0.557973
0 -18.301065 -60.348938 199.245728 -0.502149 0.279877 -0.818239 0.800000 0.557973
0 -31.883450 -110.694748 199.192947 -0.690215 -0.428582 -0.583027 0.800000 0.990120
pine_bark.bmp
0 -19.168688 -60.565079 201.441086 -0.940300 0.207464 0.269803 0.600000 0.557973
0 -31.883450 -110.694748 199.192947 -0.690215 -0.428582 -0.583027 0.800000 0.990120
0 -31.766357 -110.748512 199.947189 -0.847769 -0.394112 0.354914 0.600000 0.990120
pine_bark.bmp
0 -18.301065 -60.348938 199.245728 -0.502149 0.279877 -0.818239 0.800000 0.557973
0 -16.021309 -60.972187 199.145828 0.560204 -0.041073 -0.827336 1.000000 0.557973
0 -31.263350 -110.858521 198.774719 0.184821 -0.652426 -0.734970 1.000000 0.990120
pine_bark.bmp
0 -18.301065 -60.348938 199.245728 -0.502149 0.279877 -0.818239 0.800000 0.557973
0 -31.263350 -110.858521 198.774719 0.184821 -0.652426 -0.734970 1.000000 0.990120
0 -31.883450 -110.694748 199.192947 -0.690215 -0.428582 -0.583027 0.800000 0.990120
pine_bark.bmp
0 2.722920 0.000000 220.007553 0.734532 0.572339 -0.364541 0.950000 0.500000
0 -1.048040 1.384474 219.121033 -0.145984 0.858926 -0.490852 0.639058 0.072025
0 -3.469784 0.872182 222.448410 -0.629422 0.698740 0.339987 0.135942 0.235497
pine_bark.bmp
0 -3.469784 0.872182 222.448410 -0.629422 0.698740 0.339987 0.135942 0.235497
0 -0.985975 -0.799092 225.143799 -0.020923 0.325044 0.945467 0.135942 0.764503
0 2.829689 -1.423802 223.882614 0.813801 0.214088 0.540272 0.639058 0.927975
pine_bark.bmp
0 -3.469784 0.872182 222.448410 -0.629422 0.698740 0.339987 0.135942 0.235497
0 2.829689 -1.423802 223.882614 0.813801 0.214088 0.540272 0.639058 0.927975
0 2.722920 0.000000 220.007553 0.734532 0.572339 -0.364541 0.950000 0.500000
pine_bark.bmp
0 -31.883450 -110.694748 199.192947 -0.690215 -0.428582 -0.583027 0.639058 0.072025
0 -31.263350 -110.858521 198.774719 0.184821 -0.652426 -0.734970 0.950000 0.500000
0 -30.715233 -111.027733 199.296997 0.580242 -0.803986 0.130096 0.639058 0.927975
pine_bark.bmp
0 -30.715233 -111.027733 199.296997 0.580242 -0.803986 0.130096 0.639058 0.927975
0 -31.025440 -110.958427 199.966736 -0.047978 -0.639758 0.767078 0.135942 0.764503
0 -31.766357 -110.748512 199.947189 -0.847769 -0.394112 0.354914 0.135942 0.235497
pine_bark.bmp
0 -30.715233 -111.027733 199.296997 0.580242 -0.803986 0.130096 0.639058 0.927975
0 -31.766357 -110.748512 199.947189 -0.847769 -0.394112 0.354914 0.135942 0.235497
0 -31.883450 -110.694748 199.192947 -0.690215 -0.428582 -0.583027 0.639058 0.072025
pine_needles.bmp
1 -40.349426 -43.893806 194.506195 -0.416602 -0.508957 0.753263 0.507500 0.007500
1 -10.151272 -68.612251 194.506195 -0.416602 -0.508957 0.753263 0.992500 0.007500
1 18.419994 -33.707161 233.892227 -0.416602 -0.508957 0.753263 0.992500 0.492500
pine_needles.bmp
1 -40.349426 -43.893806 194.506195 -0.416602 -0.508957 0.753263 0.507500 0.007500
1 18.419994 -33.707161 233.892227 -0.416602 -0.508957 0.753263 0.992500 0.492500
1 -11.778160 -8.988716 233.892227 -0.416602 -0.508957 0.753263 0.507500 0.492500
pine_needles.bmp
1 -11.778160 -8.988716 233.892227 0.416602 0.508957 -0.753263 0.507500 0.492500
1 18.419994 -33.707161 233.892227 0.416602 0.508957 -0.753263 0.992500 0.492500
1 -10.151272 -68.612251 194.506195 0.416602 0.508957 -0.753263 0.992500 0.007500
pine_needles.bmp
1 -11.778160 -8.988716 233.892227 0.416602 0.508957 -0.753263 0.507500 0.492500
1 -10.151272 -68.612251 194.506195 0.416602 0.508957 -0.753263 0.992500 0.007500
1 -40.349426 -43.893806 194.506195 0.416602 0.508957 -0.753263 0.507500 0.007500
pine_needles.bmp
1 -4.577494 -69.244301 196.547958 0.455688 -0.372999 0.808220 0.507500 0.507500
1 20.140949 -39.046150 196.547958 0.455688 -0.372999 0.808220 0.992500 0.507500
1 -17.351936 -8.356665 231.850464 0.455688 -0.372999 0.808220 0.992500 0.992500
pine_needles.bmp
1 -4.577494 -69.244301 196.547958 0.455688 -0.372999 0.808220 0.507500 0.507500
1 -17.351936 -8.356665 231.850464 0.455688 -0.372999 0.808220 0.992500 0.992500
1 -42.070381 -38.554817 231.850464 0.455688 -0.372999 0.808220 0.507500 0.992500
pine_needles.bmp
1 -42.070381 -38.554817 231.850464 -0.455688 0.372999 -0.808220 0.507500 0.992500
1 -17.351936 -8.356665 231.850464 -0.455688 0.372999 -0.808220 0.992500 0.992500
1 20.140949 -39.046150 196.547958 -0.455688 0.372999 -0.808220 0.992500 0.507500
pine_needles.bmp
1 -42.070381 -38.554817 231.850464 -0.455688 0.372999 -0.808220 0.507500 0.992500
1 20.140949 -39.046150 196.547958 -0.455688 0.372999 -0.808220 0.992500 0.507500
1 -4.577494 -69.244301 196.547958 -0.455688 0.372999 -0.808220 0.507500 0.507500
pine_needles.bmp
1 3.849963 -84.043694 181.196136 0.785365 0.361431 0.502562 0.507500 0.007500
1 -15.182443 -42.687569 181.196136 0.785365 0.361431 0.502562 0.992500 0.007500
1 -43.322937 -55.638039 234.485596 0.785365 0.361431 0.502562 0.992500 0.492500
pine_needles.bmp
1 3.849963 -84.043694 181.196136 0.785365 0.361431 0.502562 0.507500 0.007500
1 -43.322937 -55.638039 234.485596 0.785365 0.361431 0.502562 0.992500 0.492500
1 -24.290531 -96.994164 234.485596 0.785365 0.361431 0.502562 0.507500 0.492500
pine_needles.bmp
1 -24.290531 -96.994164 234.485596 -0.785365 -0.361431 -0.502562 0.507500 0.492500
1 -43.322937 -55.638039 234.485596 -0.785365 -0.361431 -0.502562 0.992500 0.492500
1 -15.182443 -42.687569 181.196136 -0.785365 -0.361431 -0.502562 0.992500 0.007500
pine_needles.bmp
1 -24.290531 -96.994164 234.485596 -0.785365 -0.361431 -0.502562 0.507500 0.492500
1 -15.182443 -42.687569 181.196136 -0.785365 -0.361431 -0.502562 0.992500 0.007500
1 3.849963 -84.043694 181.196136 -0.785365 -0.361431 -0.502562 0.507500 0.007500
pine_needles.bmp
1 -4.868521 -47.699711 180.354172 -0.373084 0.810685 0.451219 0.007500 0.507500
1 -46.224648 -66.732124 180.354172 -0.373084 0.810685 0.451219 0.492500 0.507500
1 -34.604454 -91.982018 235.327545 -0.373084 0.810685 0.451219 0.492500 0.992500
pine_needles.bmp
1 -4.868521 -47.699711 180.354172 -0.373084 0.810685 0.451219 0.007500 0.507500
1 -34.604454 -91.982018 235.327545 -0.373084 0.810685 0.451219 0.492500 0.992500
1 6.751677 -72.949608 235.327545 -0.373084 0.810685 0.451219 0.007500 0.992500
pine_needles.bmp
1 6.751677 -72.949608 235.327545 0.373084 -0.810685 -0.451219 0.007500 0.992500
1 -34.604454 -91.982018 235.327545 0.373084 -0.810685 -0.451219 0.492500 0.992500
1 -46.224648 -66.732124 180.354172 0.373084 -0.810685 -0.451219 0.492500 0.507500
pine_needles.bmp
1 6.751677 -72.949608 235.327545 0.373084 -0.810685 -0.451219 0.007500 0.992500
1 -46.224648 -66.732124 180.354172 0.373084 -0.810685 -0.451219 0.492500 0.507500
1 -4.868521 -47.699711 180.354172 0.373084 -0.810685 -0.451219 0.007500 0.507500
pine_needles.bmp
1 -12.655525 -118.419968 177.996506 0.818157 -0.029453 0.574240 0.507500 0.007500
1 -11.435425 -84.527847 177.996506 0.818157 -0.029453 0.574240 0.992500 0.007500
1 -44.360992 -83.342545 224.968536 0.818157 -0.029453 0.574240 0.992500 0.492500
pine_needles.bmp
1 -12.655525 -118.419968 177.996506 0.818157 -0.029453 0.574240 0.507500 0.007500
1 -44.360992 -83.342545 224.968536 0.818157 -0.029453 0.574240 0.992500 0.492500
1 -45.581093 -117.234665 224.968536 0.818157 -0.029453 0.574240 0.507500 0.492500
pine_needles.bmp
1 -45.581093 -117.234665 224.968536 -0.818157 0.029453 -0.574240 0.507500 0.492500
1 -44.360992 -83.342545 224.968536 -0.818157 0.029453 -0.574240 0.992500 0.492500
1 -11.435425 -84.527847 177.996506 -0.818157 0.029453 -0.574240 0.992500 0.007500
pine_needles.bmp
1 -45.581093 -117.234665 224.968536 -0.818157 0.029453 -0.574240 0.507500 0.492500
1 -11.435425 -84.527847 177.996506 -0.818157 0.029453 -0.574240 0.992500 0.007500
1 -12.655525 -118.419968 177.996506 -0.818157 0.029453 -0.574240 0.507500 0.007500
pine_needles.bmp
1 -10.625388 -75.468369 189.026810 0.015524 0.431229 0.902109 0.007500 0.507500
1 -44.517502 -74.248276 189.026810 0.015524 0.431229 0.902109 0.492500 0.507500
1 -46.391129 -126.294144 213.938217 0.015524 0.431229 0.902109 0.492500 0.992500
pine_needles.bmp
1 -10.625388 -75.468369 189.026810 0.015524 0.431229 0.902109 0.007500 0.507500
1 -46.391129 -126.294144 213.938217 0.015524 0.431229 0.902109 0.492500 0.992500
1 -12.499013 -127.514236 213.938217 0.015524 0.431229 0.902109 0.007500 0.992500
pine_needles.bmp
1 -12.499013 -127.514236 213.938217 -0.015524 -0.431230 -0.902109 0.007500 0.992500
1 -46.391129 -126.294144 213.938217 -0.015524 -0.431230 -0.902109 0.492500 0.992500
1 -44.517502 -74.248276 189.026810 -0.015524 -0.431230 -0.902109 0.492500 0.507500
pine_needles.bmp
1 -12.499013 -127.514236 213.938217 -0.015524 -0.431229 -0.902109 0.007500 0.992500
1 -44.517502 -74.248276 189.026810 -0.015524 -0.431229 -0.902109 0.492500 0.507500
1 -10.625388 -75.468369 189.026810 -0.015524 -0.431229 -0.902109 0.007500 0.507500
pine_bark.bmp
0 2.812198 0.000000 224.171005 0.475192 0.516543 0.712303 0.000000 0.000000
0 -0.955292 -1.378601 225.317490 -0.431336 0.211815 0.876974 0.200000 0.000000
0 14.734034 -61.972664 202.400726 -0.545941 -0.321920 0.773509 0.200000 0.557973
pine_bark.bmp
0 2.812198 0.000000 224.171005 0.475192 0.516543 0.712303 0.000000 0.000000
0 14.734034 -61.972664 202.400726 -0.545941 -0.321920 0.773509 0.200000 0.557973
0 17.058783 -61.363239 202.345383 0.667736 0.022031 0.744072 0.000000 0.557973
pine_bark.bmp
0 -0.955292 -1.378601 225.317490 -0.431336 0.211815 0.876974 0.200000 0.000000
0 -3.194649 -0.773723 222.013199 -0.919895 0.380764 0.093877 0.400000 0.000000
0 13.997249 -61.711826 200.243988 -0.920489 -0.224192 -0.320059 0.400000 0.557973
pine_bark.bmp
0 -0.955292 -1.378601 225.317490 -0.431336 0.211815 0.876974 0.200000 0.000000
0 13.997249 -61.711826 200.243988 -0.920489 -0.224192 -0.320059 0.400000 0.557973
0 14.734034 -61.972664 202.400726 -0.545941 -0.321920 0.773509 0.200000 0.557973
pine_bark.bmp
0 -3.194649 -0.773723 222.013199 -0.919895 0.380764 0.093877 0.400000 0.000000
0 -1.208143 0.844493 218.914429 -0.359958 0.743948 -0.563003 0.600000 0.000000
0 15.633648 -60.978031 198.745148 -0.087608 0.134034 -0.987097 0.600000 0.557973
pine_bark.bmp
0 -3.194649 -0.773723 222.013199 -0.919895 0.380764 0.093877 0.400000 0.000000
0 15.633648 -60.978031 198.745148 -0.087608 0.134034 -0.987097 0.600000 0.557973
0 13.997249 -61.711826 200.243988 -0.920489 -0.224192 -0.320059 0.400000 0.557973
pine_bark.bmp
0 -1.208143 0.844493 218.914429 -0.359958 0.743948 -0.563003 0.600000 0.000000
0 2.688246 1.340521 220.330490 0.524590 0.834057 -0.170744 0.800000 0.000000
0 17.559973 -60.773521 200.138321 0.880016 0.289332 -0.376641 0.800000 0.557973
pine_bark.bmp
0 -1.208143 0.844493 218.914429 -0.359958 0.743948 -0.563003 0.600000 0.000000
0 17.559973 -60.773521 200.138321 0.880016 0.289332 -0.376641 0.800000 0.557973
0 15.633648 -60.978031 198.745148 -0.087608 0.134034 -0.987097 0.600000 0.557973
pine_bark.bmp
0 2.688246 1.340521 220.330490 0.524590 0.834057 -0.170744 0.800000 0.000000
0 2.812198 0.000000 224.171005 0.475192 0.516543 0.712303 1.000000 0.000000
0 17.058783 -61.363239 202.345383 0.667736 0.022031 0.744072 1.000000 0.557973
pine_bark.bmp
0 2.688246 1.340521 220.330490 0.524590 0.834057 -0.170744 0.800000 0.000000
0 17.058783 -61.363239 202.345383 0.667736 0.022031 0.744072 1.000000 0.557973
0 17.559973 -60.773521 200.138321 0.880016 0.289332 -0.376641 0.800000 0.557973
pine_bark.bmp
0 17.058783 -61.363239 202.345383 0.667736 0.022031 0.744072 0.000000 0.557973
0 14.734034 -61.972664 202.400726 -0.545941 -0.321920 0.773509 0.200000 0.557973
0 28.117199 -111.724640 199.698029 -0.379654 -0.741911 0.552658 0.200000 0.990120
pine_bark.bmp
0 17.058783 -61.363239 202.345383 0.667736 0.022031 0.744072 0.000000 0.557973
0 28.117199 -111.724640 199.698029 -0.379654 -0.741911 0.552658 0.200000 0.990120
0 28.763142 -111.569527 200.102219 0.539065 -0.497303 0.679778 0.000000 0.990120
pine_bark.bmp
0 14.734034 -61.972664 202.400726 -0.545941 -0.321920 0.773509 0.200000 0.557973
0 13.997249 -61.711826 200.243988 -0.920489 -0.224192 -0.320059 0.400000 0.557973
0 28.288269 -111.661110 198.980698 -0.546549 -0.763768 -0.343426 0.400000 0.990120
pine_bark.bmp
0 14.734034 -61.972664 202.400726 -0.545941 -0.321920 0.773509 0.200000 0.557973
0 28.288269 -111.661110 198.980698 -0.546549 -0.763768 -0.343426 0.400000 0.990120
0 28.117199 -111.724640 199.698029 -0.379654 -0.741911 0.552658 0.200000 0.990120
pine_bark.bmp
0 13.997249 -61.711826 200.243988 -0.920489 -0.224192 -0.320059 0.400000 0.557973
0 15.633648 -60.978031 198.745148 -0.087608 0.134034 -0.987097 0.600000 0.557973
0 29.023109 -111.468681 198.854263 0.224956 -0.534139 -0.814918 0.600000 0.990120
pine_bark.bmp
0 13.997249 -61.711826 200.243988 -0.920489 -0.224192 -0.320059 0.400000 0.557973
0 29.023109 -111.468681 198.854263 0.224956 -0.534139 -0.814918 0.600000 0.990120
0 28.288269 -111.661110 198.980698 -0.546549 -0.763768 -0.343426 0.400000 0.990120
pine_bark.bmp
0 15.633648 -60.978031 198.745148 -0.087608 0.134034 -0.987097 0.600000 0.557973
0 17.559973 -60.773521 200.138321 0.880016 0.289332 -0.376641 0.800000 0.557973
0 29.290592 -111.419395 199.570480 0.900119 -0.402308 -0.167135 0.800000 0.990120
pine_bark.bmp
0 15.633648 -60.978031 198.745148 -0.087608 0.134034 -0.987097 0.600000 0.557973
0 29.290592 -111.419395 199.570480 0.900119 -0.402308 -0.167135 0.800000 0.990120
0 29.023109 -111.468681 198.854263 0.224956 -0.534139 -0.814918 0.600000 0.990120
pine_bark.bmp
0 17.559973 -60.773521 200.138321 0.880016 0.289332 -0.376641 0.800000 0.557973
0 17.058783 -61.363239 202.345383 0.667736 0.022031 0.744072 1.000000 0.557973
0 28.763142 -111.569527 200.102219 0.539065 -0.497303 0.679778 1.000000 0.990120
pine_bark.bmp
0 17.559973 -60.773521 200.138321 0.880016 0.289332 -0.376641 0.800000 0.557973
0 28.763142 -111.569527 200.102219 0.539065 -0.497303 0.679778 1.000000 0.990120
0 29.290592 -111.419395 199.570480 0.900119 -0.402308 -0.167135 0.800000 0.990120
pine_bark.bmp
0 2.812198 0.000000 224.171005 0.475192 0.516543 0.712303 0.950000 0.500000
0 2.688246 1.340521 220.330490 0.524590 0.834057 -0.170744 0.639058 0.072025
0 -1.208143 0.844493 218.914429 -0.359958 0.743948 -0.563003 0.135942 0.235497
pine_bark.bmp
0 -1.208143 0.844493 218.914429 -0.359958 0.743948 -0.563003 0.135942 0.235497
0 -3.194649 -0.773723 222.013199 -0.919895 0.380764 0.093877 0.135942 0.764503
0 -0.955292 -1.378601 225.317490 -0.431336 0.211815 0.876974 0.639058 0.927975
pine_bark.bmp
0 -1.208143 0.844493 218.914429 -0.359958 0.743948 -0.563003 0.135942 0.235497
0 -0.955292 -1.378601 225.317490 -0.431336 0.211815 0.876974 0.639058 0.927975
0 2.812198 0.000000 224.171005 0.475192 0.516543 0.712303 0.950000 0.500000
pine_bark.bmp
0 29.290592 -111.419395 199.570480 0.900119 -0.402308 -0.167135 0.639058 0.072025
0 28.763142 -111.569527 200.102219 0.539065 -0.497303 0.679778 0.950000 0.500000
0 28.117199 -111.724640 199.698029 -0.379654 -0.741911 0.552658 0.639058 0.927975
pine_bark.bmp
0 28.117199 -111.724640 199.698029 -0.379654 -0.741911 0.552658 0.639058 0.927975
0 28.288269 -111.661110 198.980698 -0.546549 -0.763768 -0.343426 0.135942 0.764503
0 29.023109 -111.468681 198.854263 0.224956 -0.534139 -0.814918 0.135942 0.235497
pine_bark.bmp
0 28.117199 -111.724640 199.698029 -0.379654 -0.741911 0.552658 0.639058 0.927975
0 29.023109 -111.468681 198.854263 0.224956 -0.534139 -0.814918 0.135942 0.235497
0 29.290592 -111.419395 199.570480 0.900119 -0.402308 -0.167135 0.639058 0.072025
pine_needles.bmp
1 29.714939 -74.620201 198.750076 0.405175 -0.166361 0.898976 0.007500 0.507500
1 49.035057 -27.565762 198.750076 0.405175 -0.166361 0.898976 0.492500 0.507500
1 -9.629919 -3.478467 229.648346 0.405175 -0.166361 0.898976 0.492500 0.992500
pine_needles.bmp
1 29.714939 -74.620201 198.750076 0.405175 -0.166361 0.898976 0.007500 0.507500
1 -9.629919 -3.478467 229.648346 0.405175 -0.166361 0.898976 0.492500 0.992500
1 -28.950035 -50.532909 229.648346 0.405175 -0.166361 0.898976 0.007500 0.992500
pine_needles.bmp
1 -28.950035 -50.532909 229.648346 -0.405175 0.166361 -0.898975 0.007500 0.992500
1 -9.629919 -3.478467 229.648346 -0.405175 0.166361 -0.898975 0.492500 0.992500
1 49.035057 -27.565762 198.750076 -0.405175 0.166361 -0.898975 0.492500 0.507500
pine_needles.bmp
1 -28.950035 -50.532909 229.648346 -0.405175 0.166361 -0.898976 0.007500 0.992500
1 49.035057 -27.565762 198.750076 -0.405175 0.166361 -0.898976 0.492500 0.507500
1 29.714939 -74.620201 198.750076 -0.405175 0.166361 -0.898976 0.007500 0.507500
pine_needles.bmp
1 40.199894 -32.561539 183.838867 0.329275 0.801954 0.498446 0.007500 0.507500
1 -6.854551 -13.241419 183.838867 0.329275 0.801954 0.498446 0.492500 0.507500
1 -20.114872 -45.537132 244.559555 0.329275 0.801954 0.498446 0.492500 0.992500
pine_needles.bmp
1 40.199894 -32.561539 183.838867 0.329275 0.801954 0.498446 0.007500 0.507500
1 -20.114872 -45.537132 244.559555 0.329275 0.801954 0.498446 0.492500 0.992500
1 26.939571 -64.857254 244.559555 0.329275 0.801954 0.498446 0.007500 0.992500
pine_needles.bmp
1 26.939571 -64.857254 244.559555 -0.329275 -0.801954 -0.498446 0.007500 0.992500
1 -20.114872 -45.537132 244.559555 -0.329275 -0.801954 -0.498446 0.492500 0.992500
1 -6.854551 -13.241419 183.838867 -0.329275 -0.801954 -0.498446 0.492500 0.507500
pine_needles.bmp
1 26.939571 -64.857254 244.559555 -0.329275 -0.801954 -0.498446 0.007500 0.992500
1 -6.854551 -13.241419 183.838867 -0.329275 -0.801954 -0.498446 0.492500 0.507500
1 40.199894 -32.561539 183.838867 -0.329275 -0.801954 -0.498446 0.007500 0.507500
pine_needles.bmp
1 6.552589 -41.320396 180.936584 -0.756629 0.257275 0.601101 0.507500 0.507500
1 -8.717285 -86.228111 180.936584 -0.756629 0.257275 0.601101 0.992500 0.507500
1 29.600441 -99.257210 234.745132 -0.756629 0.257275 0.601101 0.992500 0.992500
pine_needles.bmp
1 6.552589 -41.320396 180.936584 -0.756629 0.257275 0.601101 0.507500 0.507500
1 29.600441 -99.257210 234.745132 -0.756629 0.257275 0.601101 0.992500 0.992500
1 44.870316 -54.349487 234.745132 -0.756629 0.257275 0.601101 0.507500 0.992500
pine_needles.bmp
1 44.870316 -54.349487 234.745132 0.756629 -0.257275 -0.601101 0.507500 0.992500
1 29.600441 -99.257210 234.745132 0.756629 -0.257275 -0.601101 0.992500 0.992500
1 -8.717285 -86.228111 180.936584 0.756629 -0.257275 -0.601101 0.992500 0.507500
pine_needles.bmp
1 44.870316 -54.349487 234.745132 0.756629 -0.257275 -0.601101 0.507500 0.992500
1 -8.717285 -86.228111 180.936584 0.756629 -0.257275 -0.601101 0.992500 0.507500
1 6.552589 -41.320396 180.936584 0.756629 -0.257275 -0.601101 0.507500 0.507500
pine_needles.bmp
1 -9.905823 -78.912766 178.935196 -0.276766 -0.813952 0.510767 0.007500 0.507500
1 35.001900 -94.182632 178.935196 -0.276766 -0.813952 0.510767 0.492500 0.507500
1 46.058853 -61.664841 236.746536 -0.276766 -0.813952 0.510767 0.492500 0.992500
pine_needles.bmp
1 -9.905823 -78.912766 178.935196 -0.276766 -0.813952 0.510767 0.007500 0.507500
1 46.058853 -61.664841 236.746536 -0.276766 -0.813952 0.510767 0.492500 0.992500
1 1.151131 -46.394966 236.746536 -0.276766 -0.813952 0.510767 0.007500 0.992500
pine_needles.bmp
1 1.151131 -46.394966 236.746536 0.276766 0.813952 -0.510767 0.007500 0.992500
1 46.058853 -61.664841 236.746536 0.276766 0.813952 -0.510767 0.492500 0.992500
1 35.001900 -94.182632 178.935196 0.276766 0.813952 -0.510767 0.492500 0.507500
pine_needles.bmp
1 1.151131 -46.394966 236.746536 0.276766 0.813952 -0.510767 0.007500 0.992500
1 35.001900 -94.182632 178.935196 0.276766 0.813952 -0.510767 0.492500 0.507500
1 -9.905823 -78.912766 178.935196 0.276766 0.813952 -0.510767 0.007500 0.507500
pine_needles.bmp
1 -6.367615 -102.751114 177.482224 -0.496324 -0.516264 0.697950 0.507500 0.007500
1 26.167229 -134.029373 177.482224 -0.496324 -0.516264 0.697950 0.992500 0.007500
1 58.588661 -100.305435 225.482803 -0.496324 -0.516264 0.697950 0.992500 0.492500
pine_needles.bmp
1 -6.367615 -102.751114 177.482224 -0.496324 -0.516264 0.697950 0.507500 0.007500
1 58.588661 -100.305435 225.482803 -0.496324 -0.516264 0.697950 0.992500 0.492500
1 26.053818 -69.027176 225.482803 -0.496324 -0.516264 0.697950 0.507500 0.492500
pine_needles.bmp
1 26.053818 -69.027176 225.482803 0.496324 0.516264 -0.697950 0.507500 0.492500
1 58.588661 -100.305435 225.482803 0.496324 0.516264 -0.697950 0.992500 0.492500
1 26.167229 -134.029373 177.482224 0.496324 0.516264 -0.697950 0.992500 0.007500
pine_needles.bmp
1 26.053818 -69.027176 225.482803 0.496324 0.516264 -0.697950 0.507500 0.492500
1 26.167229 -134.029373 177.482224 0.496324 0.516264 -0.697950 0.992500 0.007500
1 -6.367615 -102.751114 177.482224 0.496324 0.516264 -0.697950 0.507500 0.007500
pine_needles.bmp
1 31.929790 -138.425323 185.810135 0.335850 -0.322878 0.884847 0.507500 0.007500
1 63.208057 -105.890472 185.810135 0.335850 -0.322878 0.884847 0.992500 0.007500
1 20.291256 -64.631226 217.154892 0.335850 -0.322878 0.884847 0.992500 0.492500
pine_needles.bmp
1 31.929790 -138.425323 185.810135 0.335850 -0.322878 0.884847 0.507500 0.007500
1 20.291256 -64.631226 217.154892 0.335850 -0.322878 0.884847 0.992500 0.492500
1 -10.987010 -97.166077 217.154892 0.335850 -0.322878 0.884847 0.507500 0.492500
pine_needles.bmp
1 -10.987010 -97.166077 217.154892 -0.335850 0.322878 -0.884847 0.507500 0.492500
1 20.291256 -64.631226 217.154892 -0.335850 0.322878 -0.884847 0.992500 0.492500
1 63.208057 -105.890472 185.810135 -0.335850 0.322878 -0.884847 0.992500 0.007500
pine_needles.bmp
1 -10.987010 -97.166077 217.154892 -0.335850 0.322878 -0.884847 0.507500 0.492500
1 63.208057 -105.890472 185.810135 -0.335850 0.322878 -0.884847 0.992500 0.007500
1 31.929790 -138.425323 185.810135 -0.335850 0.322878 -0.884847 0.507500 0.007500
pine_bark.bmp
0 1.262253 0.000000 225.349014 -0.204759 0.257854 0.944238 0.000000 0.000000
0 -1.048827 -3.071411 223.736252 -0.733658 -0.438239 0.519320 0.200000 0.000000
0 54.872517 -32.058537 201.580780 -0.370504 -0.867184 0.332744 0.200000 0.557973
pine_bark.bmp
0 1.262253 0.000000 225.349014 -0.204759 0.257854 0.944238 0.000000 0.000000
0 54.872517 -32.058537 201.580780 -0.370504 -0.867184 0.332744 0.200000 0.557973
0 56.076683 -30.339705 202.738358 0.237380 0.023041 0.971144 0.000000 0.557973
pine_bark.bmp
0 -1.048827 -3.071411 223.736252 -0.733658 -0.438239 0.519320 0.200000 0.000000
0 -1.781909 -1.723793 220.012100 -0.927530 -0.135138 -0.348463 0.400000 0.000000
0 54.773888 -31.322865 199.410553 -0.408849 -0.524295 -0.746965 0.400000 0.557973
pine_bark.bmp
0 -1.048827 -3.071411 223.736252 -0.733658 -0.438239 0.519320 0.200000 0.000000
0 54.773888 -31.322865 199.410553 -0.408849 -0.524295 -0.746965 0.400000 0.557973
0 54.872517 -32.058537 201.580780 -0.370504 -0.867184 0.332744 0.200000 0.557973
pine_bark.bmp
0 -1.781909 -1.723793 220.012100 -0.927530 -0.135138 -0.348463 0.400000 0.000000
0 -0.162452 1.881461 219.131851 -0.521450 0.691623 -0.499747 0.600000 0.000000
0 55.811523 -29.253258 199.014511 0.095635 0.460688 -0.882395 0.600000 0.557973
pine_bark.bmp
0 -1.781909 -1.723793 220.012100 -0.927530 -0.135138 -0.348463 0.400000 0.000000
0 55.811523 -29.253258 199.014511 0.095635 0.460688 -0.882395 0.600000 0.557973
0 54.773888 -31.322865 199.410553 -0.408849 -0.524295 -0.746965 0.400000 0.557973
pine_bark.bmp
0 -0.162452 1.881461 219.131851 -0.521450 0.691623 -0.499747 0.600000 0.000000
0 1.809535 2.986573 222.605057 -0.062918 0.944416 0.322677 0.800000 0.000000
0 56.622009 -28.676449 201.167252 0.514154 0.845167 0.146075 0.800000 0.557973
pine_bark.bmp
0 -0.162452 1.881461 219.131851 -0.521450 0.691623 -0.499747 0.600000 0.000000
0 56.622009 -28.676449 201.167252 0.514154 0.845167 0.146075 0.800000 0.557973
0 55.811523 -29.253258 199.014511 0.095635 0.460688 -0.882395 0.600000 0.557973
pine_bark.bmp
0 1.809535 2.986573 222.605057 -0.062918 0.944416 0.322677 0.800000 0.000000
0 1.262253 0.000000 225.349014 -0.204759 0.257854 0.944238 1.000000 0.000000
0 56.076683 -30.339705 202.738358 0.237380 0.023041 0.971144 1.000000 0.557973
pine_bark.bmp
0 1.809535 2.986573 222.605057 -0.062918 0.944416 0.322677 0.800000 0.000000
0 56.076683 -30.339705 202.738358 0.237380 0.023041 0.971144 1.000000 0.557973
0 56.622009 -28.676449 201.167252 0.514154 0.845167 0.146075 0.800000 0.557973
pine_bark.bmp
0 56.076683 -30.339705 202.738358 0.237380 0.023041 0.971144 0.000000 0.557973
0 54.872517 -32.058537 201.580780 -0.370504 -0.867184 0.332744 0.200000 0.557973
0 100.843437 -55.707100 199.646118 0.188941 -0.944046 0.270331 0.200000 0.990120
pine_bark.bmp
0 56.076683 -30.339705 202.738358 0.237380 0.023041 0.971144 0.000000 0.557973
0 100.843437 -55.707100 199.646118 0.188941 -0.944046 0.270331 0.200000 0.990120
0 101.153969 -55.163097 200.105545 0.576529 -0.229175 0.784279 0.000000 0.990120
pine_bark.bmp
0 54.872517 -32.058537 201.580780 -0.370504 -0.867184 0.332744 0.200000 0.557973
0 54.773888 -31.322865 199.410553 -0.408849 -0.524295 -0.746965 0.400000 0.557973
0 100.943970 -55.484283 198.946976 0.272024 -0.740239 -0.614857 0.400000 0.990120
pine_bark.bmp
0 54.872517 -32.058537 201.580780 -0.370504 -0.867184 0.332744 0.200000 0.557973
0 100.943970 -55.484283 198.946976 0.272024 -0.740239 -0.614857 0.400000 0.990120
0 100.843437 -55.707100 199.646118 0.188941 -0.944046 0.270331 0.200000 0.990120
pine_bark.bmp
0 54.773888 -31.322865 199.410553 -0.408849 -0.524295 -0.746965 0.400000 0.557973
0 55.811523 -29.253258 199.014511 0.095635 0.460688 -0.882395 0.600000 0.557973
0 101.310234 -54.809422 198.885925 0.700735 0.080753 -0.708837 0.600000 0.990120
pine_bark.bmp
0 54.773888 -31.322865 199.410553 -0.408849 -0.524295 -0.746965 0.400000 0.557973
0 101.310234 -54.809422 198.885925 0.700735 0.080753 -0.708837 0.600000 0.990120
0 100.943970 -55.484283 198.946976 0.272024 -0.740239 -0.614857 0.400000 0.990120
pine_bark.bmp
0 55.811523 -29.253258 199.014511 0.095635 0.460688 -0.882395 0.600000 0.557973
0 56.622009 -28.676449 201.167252 0.514154 0.845167 0.146075 0.800000 0.557973
0 101.426651 -54.636578 199.622635 0.911965 0.373304 0.170189 0.800000 0.990120
pine_bark.bmp
0 55.811523 -29.253258 199.014511 0.095635 0.460688 -0.882395 0.600000 0.557973
0 101.426651 -54.636578 199.622635 0.911965 0.373304 0.170189 0.800000 0.990120
0 101.310234 -54.809422 198.885925 0.700735 0.080753 -0.708837 0.600000 0.990120
pine_bark.bmp
0 56.622009 -28.676449 201.167252 0.514154 0.845167 0.146075 0.800000 0.557973
0 56.076683 -30.339705 202.738358 0.237380 0.023041 0.971144 1.000000 0.557973
0 101.153969 -55.163097 200.105545 0.576529 -0.229175 0.784279 1.000000 0.990120
pine_bark.bmp
0 56.622009 -28.676449 201.167252 0.514154 0.845167 0.146075 0.800000 0.557973
0 101.153969 -55.163097 200.105545 0.576529 -0.229175 0.784279 1.000000 0.990120
0 101.426651 -54.636578 199.622635 0.911965 0.373304 0.170189 0.800000 0.990120
pine_bark.bmp
0 1.262253 0.000000 225.349014 -0.204759 0.257854 0.944238 0.950000 0.500000
0 1.809535 2.986573 222.605057 -0.062918 0.944416 0.322677 0.639058 0.072025
0 -0.162452 1.881461 219.131851 -0.521450 0.691623 -0.499747 0.135942 0.235497
pine_bark.bmp
0 -0.162452 1.881461 219.131851 -0.521450 0.691623 -0.499747 0.135942 0.235497
0 -1.781909 -1.723793 220.012100 -0.927530 -0.135138 -0.348463 0.135942 0.764503
0 -1.048827 -3.071411 223.736252 -0.733658 -0.438239 0.519320 0.639058 0.927975
pine_bark.bmp
0 -0.162452 1.881461 219.131851 -0.521450 0.691623 -0.499747 0.135942 0.235497
0 -1.048827 -3.071411 223.736252 -0.733658 -0.438239 0.519320 0.639058 0.927975
0 1.262253 0.000000 225.349014 -0.204759 0.257854 0.944238 0.950000 0.500000
pine_bark.bmp
0 101.426651 -54.636578 199.622635 0.911965 0.373304 0.170189 0.639058 0.072025
0 101.153969 -55.163097 200.105545 0.576529 -0.229175 0.784279 0.950000 0.500000
0 100.843437 -55.707100 199.646118 0.188941 -0.944046 0.270331 0.639058 0.927975
pine_bark.bmp
0 100.843437 -55.707100 199.646118 0.188941 -0.944046 0.270331 0.639058 0.927975
0 100.943970 -55.484283 198.946976 0.272024 -0.740239 -0.614857 0.135942 0.764503
0 101.310234 -54.809422 198.885925 0.700735 0.080753 -0.708837 0.135942 0.235497
pine_bark.bmp
0 100.843437 -55.707100 199.646118 0.188941 -0.944046 0.270331 0.639058 0.927975
0 101.310234 -54.809422 198.885925 0.700735 0.080753 -0.708837 0.135942 0.235497
0 101.426651 -54.636578 199.622635 0.911965 0.373304 0.170189 0.639058 0.072025
pine_needles.bmp
1 58.086643 -3.826387 191.676376 0.125789 0.753864 0.644877 0.007500 0.007500
1 18.962605 2.701822 191.676376 0.125789 0.753864 0.644877 0.492500 0.007500
1 12.707115 -34.787781 236.722031 0.125789 0.753864 0.644877 0.492500 0.492500
pine_needles.bmp
1 58.086643 -3.826387 191.676376 0.125789 0.753864 0.644877 0.007500 0.007500
1 12.707115 -34.787781 236.722031 0.125789 0.753864 0.644877 0.492500 0.492500
1 51.831158 -41.315994 236.722031 0.125789 0.753864 0.644877 0.007500 0.492500
pine_needles.bmp
1 51.831158 -41.315994 236.722031 -0.125789 -0.753864 -0.644877 0.007500 0.492500
1 12.707115 -34.787781 236.722031 -0.125789 -0.753864 -0.644877 0.492500 0.492500
1 18.962605 2.701822 191.676376 -0.125789 -0.753864 -0.644877 0.492500 0.007500
pine_needles.bmp
1 51.831158 -41.315994 236.722031 -0.125789 -0.753864 -0.644877 0.007500 0.492500
1 18.962605 2.701822 191.676376 -0.125789 -0.753864 -0.644877 0.492500 0.007500
1 58.086643 -3.826387 191.676376 -0.125789 -0.753864 -0.644877 0.007500 0.007500
pine_needles.bmp
1 14.944227 4.212296 197.001785 -0.573813 0.095746 0.813371 0.007500 0.007500
1 8.416021 -34.911747 197.001785 -0.573813 0.095746 0.813371 0.492500 0.007500
1 55.849533 -42.826466 231.396622 -0.573813 0.095746 0.813371 0.492500 0.492500
pine_needles.bmp
1 14.944227 4.212296 197.001785 -0.573813 0.095746 0.813371 0.007500 0.007500
1 55.849533 -42.826466 231.396622 -0.573813 0.095746 0.813371 0.492500 0.492500
1 62.377739 -3.702424 231.396622 -0.573813 0.095746 0.813371 0.007500 0.492500
pine_needles.bmp
1 62.377739 -3.702424 231.396622 0.573813 -0.095746 -0.813371 0.007500 0.492500
1 55.849533 -42.826466 231.396622 0.573813 -0.095746 -0.813371 0.492500 0.492500
1 8.416021 -34.911747 197.001785 0.573813 -0.095746 -0.813371 0.492500 0.007500
pine_needles.bmp
1 62.377739 -3.702424 231.396622 0.573813 -0.095746 -0.813371 0.007500 0.492500
1 8.416021 -34.911747 197.001785 0.573813 -0.095746 -0.813371 0.492500 0.007500
1 14.944227 4.212296 197.001785 0.573813 -0.095746 -0.813371 0.007500 0.007500
pine_needles.bmp
1 65.865730 -4.322190 185.058380 -0.528910 0.532274 0.661014 0.007500 0.507500
1 33.270790 -36.711086 185.058380 -0.528910 0.532274 0.661014 0.492500 0.507500
1 61.563026 -65.183311 230.623337 -0.528910 0.532274 0.661014 0.492500 0.992500
pine_needles.bmp
1 65.865730 -4.322190 185.058380 -0.528910 0.532274 0.661014 0.007500 0.507500
1 61.563026 -65.183311 230.623337 -0.528910 0.532274 0.661014 0.492500 0.992500
1 94.157967 -32.794415 230.623337 -0.528910 0.532274 0.661014 0.007500 0.992500
pine_needles.bmp
1 94.157967 -32.794415 230.623337 0.528910 -0.532274 -0.661014 0.007500 0.992500
1 61.563026 -65.183311 230.623337 0.528910 -0.532274 -0.661014 0.492500 0.992500
1 33.270790 -36.711086 185.058380 0.528910 -0.532274 -0.661014 0.492500 0.507500
pine_needles.bmp
1 94.157967 -32.794415 230.623337 0.528910 -0.532274 -0.661014 0.007500 0.992500
1 33.270790 -36.711086 185.058380 0.528910 -0.532274 -0.661014 0.492500 0.507500
1 65.865730 -4.322190 185.058380 0.528910 -0.532274 -0.661014 0.007500 0.507500
pine_needles.bmp
1 30.582880 -35.285263 188.974884 -0.439767 -0.436987 0.784632 0.007500 0.507500
1 62.971779 -67.880203 188.974884 -0.439767 -0.436987 0.784632 0.492500 0.507500
1 96.845879 -34.220238 226.706848 -0.439767 -0.436987 0.784632 0.492500 0.992500
pine_needles.bmp
1 30.582880 -35.285263 188.974884 -0.439767 -0.436987 0.784632 0.007500 0.507500
1 96.845879 -34.220238 226.706848 -0.439767 -0.436987 0.784632 0.492500 0.992500
1 64.456978 -1.625296 226.706848 -0.439767 -0.436987 0.784632 0.007500 0.992500
pine_needles.bmp
1 64.456978 -1.625296 226.706848 0.439767 0.436987 -0.784632 0.007500 0.992500
1 96.845879 -34.220238 226.706848 0.439767 0.436987 -0.784632 0.492500 0.992500
1 62.971779 -67.880203 188.974884 0.439767 0.436987 -0.784632 0.492500 0.507500
pine_needles.bmp
1 64.456978 -1.625296 226.706848 0.439767 0.436987 -0.784632 0.007500 0.992500
1 62.971779 -67.880203 188.974884 0.439767 0.436987 -0.784632 0.492500 0.507500
1 30.582880 -35.285263 188.974884 0.439767 0.436987 -0.784632 0.007500 0.507500
pine_needles.bmp
1 63.157806 -41.466911 185.510086 -0.516996 -0.178043 0.837267 0.007500 0.507500
1 74.656784 -74.857239 185.510086 -0.516996 -0.178043 0.837267 0.492500 0.507500
1 120.905960 -58.929932 217.454941 -0.516996 -0.178043 0.837267 0.492500 0.992500
pine_needles.bmp
1 63.157806 -41.466911 185.510086 -0.516996 -0.178043 0.837267 0.007500 0.507500
1 120.905960 -58.929932 217.454941 -0.516996 -0.178043 0.837267 0.492500 0.992500
1 109.406982 -25.539604 217.454941 -0.516996 -0.178043 0.837267 0.007500 0.992500
pine_needles.bmp
1 109.406982 -25.539604 217.454941 0.516996 0.178043 -0.837267 0.007500 0.992500
1 120.905960 -58.929932 217.454941 0.516996 0.178043 -0.837267 0.492500 0.992500
1 74.656784 -74.857239 185.510086 0.516996 0.178043 -0.837267 0.492500 0.507500
pine_needles.bmp
1 109.406982 -25.539604 217.454941 0.516996 0.178043 -0.837267 0.007500 0.992500
1 74.656784 -74.857239 185.510086 0.516996 0.178043 -0.837267 0.492500 0.507500
1 63.157806 -41.466911 185.510086 0.516996 0.178043 -0.837267 0.007500 0.507500
pine_needles.bmp
1 83.458122 -79.530563 186.257919 0.169647 -0.492616 0.853551 0.007500 0.507500
1 116.848457 -68.031593 186.257919 0.169647 -0.492616 0.853551 0.492500 0.507500
1 100.605644 -20.866278 216.707123 0.169647 -0.492616 0.853551 0.492500 0.992500
pine_needles.bmp
1 83.458122 -79.530563 186.257919 0.169647 -0.492616 0.853551 0.007500 0.507500
1 100.605644 -20.866278 216.707123 0.169647 -0.492616 0.853551 0.492500 0.992500
1 67.215309 -32.365250 216.707123 0.169647 -0.492616 0.853551 0.007500 0.992500
pine_needles.bmp
1 67.215309 -32.365250 216.707123 -0.169647 0.492616 -0.853551 0.007500 0.992500
1 100.605644 -20.866278 216.707123 -0.169647 0.492616 -0.853551 0.492500 0.992500
1 116.848457 -68.031593 186.257919 -0.169647 0.492616 -0.853551 0.492500 0.507500
pine_needles.bmp
1 67.215309 -32.365250 216.707123 -0.169647 0.492616 -0.853551 0.007500 0.992500
1 116.848457 -68.031593 186.257919 -0.169647 0.492616 -0.853551 0.492500 0.507500
1 83.458122 -79.530563 186.257919 -0.169647 0.492616 -0.853551 0.007500 0.507500
pine_bark.bmp
0 1.142666 0.000000 225.392502 -0.288911 -0.088199 0.953285 0.000000 0.000000
0 0.933880 -3.392855 222.996765 -0.330608 -0.867409 0.371887 0.200000 0.000000
0 62.749493 9.736222 201.314682 0.237018 -0.954015 0.183518 0.200000 0.557973
pine_bark.bmp
0 1.142666 0.000000 225.392502 -0.288911 -0.088199 0.953285 0.000000 0.000000
0 62.749493 9.736222 201.314682 0.237018 -0.954015 0.183518 0.200000 0.557973
0 62.686169 11.651131 202.748215 0.201635 0.006192 0.979441 0.000000 0.557973
pine_bark.bmp
0 0.933880 -3.392855 222.996765 -0.330608 -0.867409 0.371887 0.200000 0.000000
0 -0.556086 -1.904200 219.555969 -0.689008 -0.572759 -0.444089 0.400000 0.000000
0 62.171242 10.555816 199.249207 -0.027618 -0.549354 -0.835133 0.400000 0.557973
pine_bark.bmp
0 0.933880 -3.392855 222.996765 -0.330608 -0.867409 0.371887 0.200000 0.000000
0 62.171242 10.555816 199.249207 -0.027618 -0.549354 -0.835133 0.400000 0.557973
0 62.749493 9.736222 201.314682 0.237018 -0.954015 0.183518 0.200000 0.557973
pine_bark.bmp
0 -0.556086 -1.904200 219.555969 -0.689008 -0.572759 -0.444089 0.400000 0.000000
0 -1.300743 2.078369 219.557098 -0.839112 0.348177 -0.417929 0.600000 0.000000
0 61.724934 12.861514 199.176483 -0.223987 0.546949 -0.806645 0.600000 0.557973
pine_bark.bmp
0 -0.556086 -1.904200 219.555969 -0.689008 -0.572759 -0.444089 0.400000 0.000000
0 61.724934 12.861514 199.176483 -0.223987 0.546949 -0.806645 0.600000 0.557973
0 62.171242 10.555816 199.249207 -0.027618 -0.549354 -0.835133 0.400000 0.557973
pine_bark.bmp
0 -1.300743 2.078369 219.557098 -0.839112 0.348177 -0.417929 0.600000 0.000000
0 -0.193221 3.299138 223.351303 -0.587117 0.657225 0.472598 0.800000 0.000000
0 62.068459 13.504123 201.430664 -0.096722 0.950120 0.296509 0.800000 0.557973
pine_bark.bmp
0 -1.300743 2.078369 219.557098 -0.839112 0.348177 -0.417929 0.600000 0.000000
0 62.068459 13.504123 201.430664 -0.096722 0.950120 0.296509 0.800000 0.557973
0 61.724934 12.861514 199.176483 -0.223987 0.546949 -0.806645 0.600000 0.557973
pine_bark.bmp
0 -0.193221 3.299138 223.351303 -0.587117 0.657225 0.472598 0.800000 0.000000
0 1.142666 0.000000 225.392502 -0.288911 -0.088199 0.953285 1.000000 0.000000
0 62.686169 11.651131 202.748215 0.201635 0.006192 0.979441 1.000000 0.557973
pine_bark.bmp
0 -0.193221 3.299138 223.351303 -0.587117 0.657225 0.472598 0.800000 0.000000
0 62.686169 11.651131 202.748215 0.201635 0.006192 0.979441 1.000000 0.557973
0 62.068459 13.504123 201.430664 -0.096722 0.950120 0.296509 0.800000 0.557973
pine_bark.bmp
0 62.686169 11.651131 202.748215 0.201635 0.006192 0.979441 0.000000 0.557973
0 62.749493 9.736222 201.314682 0.237018 -0.954015 0.183518 0.200000 0.557973
0 113.354713 20.574833 199.634460 0.746347 -0.638913 0.186428 0.200000 0.990120
pine_bark.bmp
0 62.686169 11.651131 202.748215 0.201635 0.006192 0.979441 0.000000 0.557973
0 113.354713 20.574833 199.634460 0.746347 -0.638913 0.186428 0.200000 0.990120
0 113.253410 21.183874 200.105606 0.607857 0.099922 0.787734 0.000000 0.990120
pine_bark.bmp
0 62.749493 9.736222 201.314682 0.237018 -0.954015 0.183518 0.200000 0.557973
0 62.171242 10.555816 199.249207 -0.027618 -0.549354 -0.835133 0.400000 0.557973
0 113.289406 20.824286 198.940048 0.664016 -0.334292 -0.668828 0.400000 0.990120
pine_bark.bmp
0 62.749493 9.736222 201.314682 0.237018 -0.954015 0.183518 0.200000 0.557973
0 113.289406 20.824286 198.940048 0.664016 -0.334292 -0.668828 0.400000 0.990120
0 113.354713 20.574833 199.634460 0.746347 -0.638913 0.186428 0.200000 0.990120
pine_bark.bmp
0 62.171242 10.555816 199.249207 -0.027618 -0.549354 -0.835133 0.400000 0.557973
0 61.724934 12.861514 199.176483 -0.223987 0.546949 -0.806645 0.600000 0.557973
0 113.146812 21.579834 198.893463 0.480423 0.578009 -0.659621 0.600000 0.990120
pine_bark.bmp
0 62.171242 10.555816 199.249207 -0.027618 -0.549354 -0.835133 0.400000 0.557973
0 113.146812 21.579834 198.893463 0.480423 0.578009 -0.659621 0.600000 0.990120
0 113.289406 20.824286 198.940048 0.664016 -0.334292 -0.668828 0.400000 0.990120
pine_bark.bmp
0 61.724934 12.861514 199.176483 -0.223987 0.546949 -0.806645 0.600000 0.557973
0 62.068459 13.504123 201.430664 -0.096722 0.950120 0.296509 0.800000 0.557973
0 113.130478 21.773344 199.633957 0.477185 0.841178 0.254390 0.800000 0.990120
pine_bark.bmp
0 61.724934 12.861514 199.176483 -0.223987 0.546949 -0.806645 0.600000 0.557973
0 113.130478 21.773344 199.633957 0.477185 0.841178 0.254390 0.800000 0.990120
0 113.146812 21.579834 198.893463 0.480423 0.578009 -0.659621 0.600000 0.990120
pine_bark.bmp
0 62.068459 13.504123 201.430664 -0.096722 0.950120 0.296509 0.800000 0.557973
0 62.686169 11.651131 202.748215 0.201635 0.006192 0.979441 1.000000 0.557973
0 113.253410 21.183874 200.105606 0.607857 0.099922 0.787734 1.000000 0.990120
pine_bark.bmp
0 62.068459 13.504123 201.430664 -0.096722 0.950120 0.296509 0.800000 0.557973
0 113.253410 21.183874 200.105606 0.607857 0.099922 0.787734 1.000000 0.990120
0 113.130478 21.773344 199.633957 0.477185 0.841178 0.254390 0.800000 0.990120
pine_bark.bmp
0 1.142666 0.000000 225.392502 -0.288911 -0.088199 0.953285 0.950000 0.500000
0 -0.193221 3.299138 223.351303 -0.587117 0.657225 0.472598 0.639058 0.072025
0 -1.300743 2.078369 219.557098 -0.839112 0.348177 -0.417929 0.135942 0.235497
pine_bark.bmp
0 -1.300743 2.078369 219.557098 -0.839112 0.348177 -0.417929 0.135942 0.235497
0 -0.556086 -1.904200 219.555969 -0.689008 -0.572759 -0.444089 0.135942 0.764503
0 0.933880 -3.392855 222.996765 -0.330608 -0.867409 0.371887 0.639058 0.927975
pine_bark.bmp
0 -1.300743 2.078369 219.557098 -0.839112 0.348177 -0.417929 0.135942 0.235497
0 0.933880 -3.392855 222.996765 -0.330608 -0.867409 0.371887 0.639058 0.927975
0 1.142666 0.000000 225.392502 -0.288911 -0.088199 0.953285 0.950000 0.500000
pine_bark.bmp
0 113.130478 21.773344 199.633957 0.477185 0.841178 0.254390 0.639058 0.072025
0 113.253410 21.183874 200.105606 0.607857 0.099922 0.787734 0.950000 0.500000
0 113.354713 20.574833 199.634460 0.746347 -0.638913 0.186428 0.639058 0.927975
pine_bark.bmp
0 113.354713 20.574833 199.634460 0.746347 -0.638913 0.186428 0.639058 0.927975
0 113.289406 20.824286 198.940048 0.664016 -0.334292 -0.668828 0.135942 0.764503
0 113.146812 21.579834 198.893463 0.480423 0.578009 -0.659621 0.135942 0.235497
pine_bark.bmp
0 113.354713 20.574833 199.634460 0.746347 -0.638913 0.186428 0.639058 0.927975
0 113.146812 21.579834 198.893463 0.480423 0.578009 -0.659621 0.135942 0.235497
0 113.130478 21.773344 199.633957 0.477185 0.841178 0.254390 0.639058 0.072025
pine_needles.bmp
1 11.171020 -12.756317 188.993622 -0.120903 -0.703966 0.699867 0.507500 0.007500
1 59.732990 -21.096622 188.993622 -0.120903 -0.703966 0.699867 0.992500 0.007500
1 68.093849 27.585030 239.404800 -0.120903 -0.703966 0.699867 0.992500 0.492500
pine_needles.bmp
1 11.171020 -12.756317 188.993622 -0.120903 -0.703966 0.699867 0.507500 0.007500
1 68.093849 27.585030 239.404800 -0.120903 -0.703966 0.699867 0.992500 0.492500
1 19.531879 35.925335 239.404800 -0.120903 -0.703966 0.699867 0.507500 0.492500
pine_needles.bmp
1 19.531879 35.925335 239.404800 0.120903 0.703966 -0.699867 0.507500 0.492500
1 68.093849 27.585030 239.404800 0.120903 0.703966 -0.699867 0.992500 0.492500
1 59.732990 -21.096622 188.993622 0.120903 0.703966 -0.699867 0.992500 0.007500
pine_needles.bmp
1 19.531879 35.925335 239.404800 0.120903 0.703966 -0.699867 0.507500 0.492500
1 59.732990 -21.096622 188.993622 0.120903 0.703966 -0.699867 0.992500 0.007500
1 11.171020 -12.756317 188.993622 0.120903 0.703966 -0.699867 0.507500 0.007500
pine_needles.bmp
1 54.873516 -20.200424 185.014145 0.816947 -0.140307 0.559386 0.507500 0.507500
1 63.213825 28.361546 185.014145 0.816947 -0.140307 0.559386 0.992500 0.507500
1 24.391354 35.029137 243.384262 0.816947 -0.140307 0.559386 0.992500 0.992500
pine_needles.bmp
1 54.873516 -20.200424 185.014145 0.816947 -0.140307 0.559386 0.507500 0.507500
1 24.391354 35.029137 243.384262 0.816947 -0.140307 0.559386 0.992500 0.992500
1 16.051044 -13.532833 243.384262 0.816947 -0.140307 0.559386 0.507500 0.992500
pine_needles.bmp
1 16.051044 -13.532833 243.384262 -0.816947 0.140307 -0.559386 0.507500 0.992500
1 24.391354 35.029137 243.384262 -0.816947 0.140307 -0.559386 0.992500 0.992500
1 63.213825 28.361546 185.014145 -0.816947 0.140307 -0.559386 0.992500 0.507500
pine_needles.bmp
1 16.051044 -13.532833 243.384262 -0.816947 0.140307 -0.559386 0.507500 0.992500
1 63.213825 28.361546 185.014145 -0.816947 0.140307 -0.559386 0.992500 0.507500
1 54.873516 -20.200424 185.014145 -0.816947 0.140307 -0.559386 0.507500 0.507500
pine_needles.bmp
1 35.361279 7.620075 195.135254 -0.268418 -0.325385 0.906684 0.507500 0.007500
1 72.557129 -23.063648 195.135254 -0.268418 -0.325385 0.906684 0.992500 0.007500
1 107.315475 19.071606 220.546463 -0.268418 -0.325385 0.906684 0.992500 0.492500
pine_needles.bmp
1 35.361279 7.620075 195.135254 -0.268418 -0.325385 0.906684 0.507500 0.007500
1 107.315475 19.071606 220.546463 -0.268418 -0.325385 0.906684 0.992500 0.492500
1 70.119629 49.755329 220.546463 -0.268418 -0.325385 0.906684 0.507500 0.492500
pine_needles.bmp
1 70.119629 49.755329 220.546463 0.268418 0.325385 -0.906684 0.507500 0.492500
1 107.315475 19.071606 220.546463 0.268418 0.325385 -0.906684 0.992500 0.492500
1 72.557129 -23.063648 195.135254 0.268418 0.325385 -0.906684 0.992500 0.007500
pine_needles.bmp
1 70.119629 49.755329 220.546463 0.268418 0.325385 -0.906684 0.507500 0.492500
1 72.557129 -23.063648 195.135254 0.268418 0.325385 -0.906684 0.992500 0.007500
1 35.361279 7.620075 195.135254 0.268418 0.325385 -0.906684 0.507500 0.007500
pine_needles.bmp
1 75.508125 -21.347662 191.566071 0.417406 -0.344328 0.840958 0.507500 0.507500
1 106.191841 15.848185 191.566071 0.417406 -0.344328 0.840958 0.992500 0.507500
1 67.168633 48.039345 224.115646 0.417406 -0.344328 0.840958 0.992500 0.992500
pine_needles.bmp
1 75.508125 -21.347662 191.566071 0.417406 -0.344328 0.840958 0.507500 0.507500
1 67.168633 48.039345 224.115646 0.417406 -0.344328 0.840958 0.992500 0.992500
1 36.484909 10.843496 224.115646 0.417406 -0.344328 0.840958 0.507500 0.992500
pine_needles.bmp
1 36.484909 10.843496 224.115646 -0.417406 0.344328 -0.840958 0.507500 0.992500
1 67.168633 48.039345 224.115646 -0.417406 0.344328 -0.840958 0.992500 0.992500
1 106.191841 15.848185 191.566071 -0.417406 0.344328 -0.840958 0.992500 0.507500
pine_needles.bmp
1 36.484909 10.843496 224.115646 -0.417406 0.344328 -0.840958 0.507500 0.992500
1 106.191841 15.848185 191.566071 -0.417406 0.344328 -0.840958 0.992500 0.507500
1 75.508125 -21.347662 191.566071 -0.417406 0.344328 -0.840958 0.507500 0.507500
pine_needles.bmp
1 124.028748 7.206722 171.470993 0.838465 0.234121 0.492101 0.507500 0.007500
1 114.739914 40.473053 171.470993 0.838465 0.234121 0.492101 0.992500 0.007500
1 82.059906 31.347931 231.494034 0.838465 0.234121 0.492101 0.992500 0.492500
pine_needles.bmp
1 124.028748 7.206722 171.470993 0.838465 0.234121 0.492101 0.507500 0.007500
1 82.059906 31.347931 231.494034 0.838465 0.234121 0.492101 0.992500 0.492500
1 91.348740 -1.918399 231.494034 0.838465 0.234121 0.492101 0.507500 0.492500
pine_needles.bmp
1 91.348740 -1.918399 231.494034 -0.838465 -0.234121 -0.492101 0.507500 0.492500
1 82.059906 31.347931 231.494034 -0.838465 -0.234121 -0.492101 0.992500 0.492500
1 114.739914 40.473053 171.470993 -0.838465 -0.234121 -0.492101 0.992500 0.007500
pine_needles.bmp
1 91.348740 -1.918399 231.494034 -0.838465 -0.234121 -0.492101 0.507500 0.492500
1 114.739914 40.473053 171.470993 -0.838465 -0.234121 -0.492101 0.992500 0.007500
1 124.028748 7.206722 171.470993 -0.838465 -0.234121 -0.492101 0.507500 0.007500
pine_needles.bmp
1 111.411407 53.525261 185.346832 -0.125008 0.447694 0.885406 0.007500 0.507500
1 78.145081 44.236420 185.346832 -0.125008 0.447694 0.885406 0.492500 0.507500
1 94.677246 -14.970606 217.618195 -0.125008 0.447694 0.885406 0.492500 0.992500
pine_needles.bmp
1 111.411407 53.525261 185.346832 -0.125008 0.447694 0.885406 0.007500 0.507500
1 94.677246 -14.970606 217.618195 -0.125008 0.447694 0.885406 0.492500 0.992500
1 127.943573 -5.681768 217.618195 -0.125008 0.447694 0.885406 0.007500 0.992500
pine_needles.bmp
1 127.943573 -5.681768 217.618195 0.125008 -0.447694 -0.885406 0.007500 0.992500
1 94.677246 -14.970606 217.618195 0.125008 -0.447694 -0.885406 0.492500 0.992500
1 78.145081 44.236420 185.346832 0.125008 -0.447694 -0.885406 0.492500 0.507500
pine_needles.bmp
1 127.943573 -5.681768 217.618195 0.125008 -0.447693 -0.885406 0.007500 0.992500
1 78.145081 44.236420 185.346832 0.125008 -0.447693 -0.885406 0.492500 0.507500
1 111.411407 53.525261 185.346832 0.125008 -0.447693 -0.885406 0.007500 0.507500
pine_bark.bmp
0 2.659564 0.000000 263.432190 0.472945 -0.495597 0.728496 0.000000 0.000000
0 2.469084 -1.404036 259.882446 0.488655 -0.853960 -0.178796 0.200000 0.000000
0 16.577967 52.768463 239.564301 0.844900 -0.316620 -0.431156 0.200000 0.495978
pine_bark.bmp
0 2.659564 0.000000 263.432190 0.472945 -0.495597 0.728496 0.000000 0.000000
0 16.577967 52.768463 239.564301 0.844900 -0.316620 -0.431156 0.200000 0.495978
0 16.105391 53.434422 241.796646 0.674776 -0.019826 0.737756 0.000000 0.495978
pine_bark.bmp
0 2.469084 -1.404036 259.882446 0.488655 -0.853960 -0.178796 0.200000 0.000000
0 -1.128467 -0.787998 258.959290 -0.377987 -0.769431 -0.514881 0.400000 0.000000
0 14.575052 53.053497 238.443039 -0.094598 -0.155990 -0.983218 0.400000 0.495978
pine_bark.bmp
0 2.469084 -1.404036 259.882446 0.488655 -0.853960 -0.178796 0.200000 0.000000
0 14.575052 53.053497 238.443039 -0.094598 -0.155990 -0.983218 0.400000 0.495978
0 16.577967 52.768463 239.564301 0.844900 -0.316620 -0.431156 0.200000 0.495978
pine_bark.bmp
0 -1.128467 -0.787998 258.959290 -0.377987 -0.769431 -0.514881 0.400000 0.000000
0 -3.208486 0.860074 261.573639 -0.930408 -0.348428 0.113754 0.600000 0.000000
0 12.797025 53.855362 239.736572 -0.912930 0.234654 -0.333911 0.600000 0.495978
pine_bark.bmp
0 -1.128467 -0.787998 258.959290 -0.377987 -0.769431 -0.514881 0.400000 0.000000
0 12.797025 53.855362 239.736572 -0.912930 0.234654 -0.333911 0.600000 0.495978
0 14.575052 53.053497 238.443039 -0.094598 -0.155990 -0.983218 0.400000 0.495978
pine_bark.bmp
0 -3.208486 0.860074 261.573639 -0.930408 -0.348428 0.113754 0.600000 0.000000
0 -0.737032 1.365254 264.470154 -0.387059 -0.178569 0.904598 0.800000 0.000000
0 13.830188 54.078846 241.860184 -0.490820 0.344065 0.800447 0.800000 0.495978
pine_bark.bmp
0 -3.208486 0.860074 261.573639 -0.930408 -0.348428 0.113754 0.600000 0.000000
0 13.830188 54.078846 241.860184 -0.490820 0.344065 0.800447 0.800000 0.495978
0 12.797025 53.855362 239.736572 -0.912930 0.234654 -0.333911 0.600000 0.495978
pine_bark.bmp
0 -0.737032 1.365254 264.470154 -0.387059 -0.178569 0.904598 0.800000 0.000000
0 2.659564 0.000000 263.432190 0.472945 -0.495597 0.728496 1.000000 0.000000
0 16.105391 53.434422 241.796646 0.674776 -0.019826 0.737756 1.000000 0.495978
pine_bark.bmp
0 -0.737032 1.365254 264.470154 -0.387059 -0.178569 0.904598 0.800000 0.000000
0 16.105391 53.434422 241.796646 0.674776 -0.019826 0.737756 1.000000 0.495978
0 13.830188 54.078846 241.860184 -0.490820 0.344065 0.800447 0.800000 0.495978
pine_bark.bmp
0 16.105391 53.434422 241.796646 0.674776 -0.019826 0.737756 0.000000 0.495978
0 16.577967 52.768463 239.564301 0.844900 -0.316620 -0.431156 0.200000 0.495978
0 27.482655 96.987389 239.063721 0.899607 0.381858 -0.211878 0.200000 0.874145
pine_bark.bmp
0 16.105391 53.434422 241.796646 0.674776 -0.019826 0.737756 0.000000 0.495978
0 27.482655 96.987389 239.063721 0.899607 0.381858 -0.211878 0.200000 0.874145
0 26.942057 97.153488 239.594543 0.546920 0.491982 0.677371 0.000000 0.874145
pine_bark.bmp
0 16.577967 52.768463 239.564301 0.844900 -0.316620 -0.431156 0.200000 0.495978
0 14.575052 53.053497 238.443039 -0.094598 -0.155990 -0.983218 0.400000 0.495978
0 27.161459 97.055420 238.398911 0.236428 0.541645 -0.806673 0.400000 0.874145
pine_bark.bmp
0 16.577967 52.768463 239.564301 0.844900 -0.316620 -0.431156 0.200000 0.495978
0 27.161459 97.055420 238.398911 0.236428 0.541645 -0.806673 0.400000 0.874145
0 27.482655 96.987389 239.063721 0.899607 0.381858 -0.211878 0.200000 0.874145
pine_bark.bmp
0 14.575052 53.053497 238.443039 -0.094598 -0.155990 -0.983218 0.400000 0.495978
0 12.797025 53.855362 239.736572 -0.912930 0.234654 -0.333911 0.600000 0.495978
0 26.419868 97.261475 238.430069 -0.541376 0.763947 -0.351137 0.600000 0.874145
pine_bark.bmp
0 14.575052 53.053497 238.443039 -0.094598 -0.155990 -0.983218 0.400000 0.495978
0 26.419868 97.261475 238.430069 -0.541376 0.763947 -0.351137 0.600000 0.874145
0 27.161459 97.055420 238.398911 0.236428 0.541645 -0.806673 0.400000 0.874145
pine_bark.bmp
0 12.797025 53.855362 239.736572 -0.912930 0.234654 -0.333911 0.600000 0.495978
0 13.830188 54.078846 241.860184 -0.490820 0.344065 0.800447 0.800000 0.495978
0 26.314529 97.314247 239.186081 -0.327399 0.749003 0.576025 0.800000 0.874145
pine_bark.bmp
0 12.797025 53.855362 239.736572 -0.912930 0.234654 -0.333911 0.600000 0.495978
0 26.314529 97.314247 239.186081 -0.327399 0.749003 0.576025 0.800000 0.874145
0 26.419868 97.261475 238.430069 -0.541376 0.763947 -0.351137 0.600000 0.874145
pine_bark.bmp
0 13.830188 54.078846 241.860184 -0.490820 0.344065 0.800447 0.800000 0.495978
0 16.105391 53.434422 241.796646 0.674776 -0.019826 0.737756 1.000000 0.495978
0 26.942057 97.153488 239.594543 0.546920 0.491982 0.677371 1.000000 0.874145
pine_bark.bmp
0 13.830188 54.078846 241.860184 -0.490820 0.344065 0.800447 0.800000 0.495978
0 26.942057 97.153488 239.594543 0.546920 0.491982 0.677371 1.000000 0.874145
0 26.314529 97.314247 239.186081 -0.327399 0.749003 0.576025 0.800000 0.874145
pine_bark.bmp
0 2.659564 0.000000 263.432190 0.472945 -0.495597 0.728496 0.950000 0.500000
0 -0.737032 1.365254 264.470154 -0.387059 -0.178569 0.904598 0.639058 0.072025
0 -3.208486 0.860074 261.573639 -0.930408 -0.348428 0.113754 0.135942 0.235497
pine_bark.bmp
0 -3.208486 0.860074 261.573639 -0.930408 -0.348428 0.113754 0.135942 0.235497
0 -1.128467 -0.787998 258.959290 -0.377987 -0.769431 -0.514881 0.135942 0.764503
0 2.469084 -1.404036 259.882446 0.488655 -0.853960 -0.178796 0.639058 0.927975
pine_bark.bmp
0 -3.208486 0.860074 261.573639 -0.930408 -0.348428 0.113754 0.135942 0.235497
0 2.469084 -1.404036 259.882446 0.488655 -0.853960 -0.178796 0.639058 0.927975
0 2.659564 0.000000 263.432190 0.472945 -0.495597 0.728496 0.950000 0.500000
pine_bark.bmp
0 26.314529 97.314247 239.186081 -0.327399 0.749003 0.576025 0.639058 0.072025
0 26.942057 97.153488 239.594543 0.546920 0.491982 0.677371 0.950000 0.500000
0 27.482655 96.987389 239.063721 0.899607 0.381858 -0.211878 0.639058 0.927975
pine_bark.bmp
0 27.482655 96.987389 239.063721 0.899607 0.381858 -0.211878 0.639058 0.927975
0 27.161459 97.055420 238.398911 0.236428 0.541645 -0.806673 0.135942 0.764503
0 26.419868 97.261475 238.430069 -0.541376 0.763947 -0.351137 0.135942 0.235497
pine_bark.bmp
0 27.482655 96.987389 239.063721 0.899607 0.381858 -0.211878 0.639058 0.927975
0 26.419868 97.261475 238.430069 -0.541376 0.763947 -0.351137 0.135942 0.235497
0 26.314529 97.314247 239.186081 -0.327399 0.749003 0.576025 0.639058 0.072025
pine_needles.bmp
1 -19.128460 55.652325 241.887848 -0.418290 -0.056994 0.906524 0.007500 0.507500
1 -12.296421 5.510780 241.887848 -0.418290 -0.056994 0.906524 0.492500 0.507500
1 37.935417 12.355122 265.496216 -0.418290 -0.056994 0.906524 0.492500 0.992500
pine_needles.bmp
1 -19.128460 55.652325 241.887848 -0.418290 -0.056994 0.906524 0.007500 0.507500
1 37.935417 12.355122 265.496216 -0.418290 -0.056994 0.906524 0.492500 0.992500
1 31.103378 62.496662 265.496216 -0.418290 -0.056994 0.906524 0.007500 0.992500
pine_needles.bmp
1 31.103378 62.496662 265.496216 0.418290 0.056994 -0.906524 0.007500 0.992500
1 37.935417 12.355122 265.496216 0.418290 0.056994 -0.906524 0.492500 0.992500
1 -12.296421 5.510780 241.887848 0.418290 0.056994 -0.906524 0.492500 0.507500
pine_needles.bmp
1 31.103378 62.496662 265.496216 0.418290 0.056994 -0.906524 0.007500 0.992500
1 -12.296421 5.510780 241.887848 0.418290 0.056994 -0.906524 0.492500 0.507500
1 -19.128460 55.652325 241.887848 0.418290 0.056994 -0.906524 0.007500 0.507500
pine_needles.bmp
1 -13.954837 18.019680 229.017441 0.120072 -0.881228 0.457187 0.507500 0.507500
1 36.186707 24.851719 229.017441 0.120072 -0.881228 0.457187 0.992500 0.507500
1 32.761795 49.987766 278.366638 0.120072 -0.881228 0.457187 0.992500 0.992500
pine_needles.bmp
1 -13.954837 18.019680 229.017441 0.120072 -0.881228 0.457187 0.507500 0.507500
1 32.761795 49.987766 278.366638 0.120072 -0.881228 0.457187 0.992500 0.992500
1 -17.379749 43.155727 278.366638 0.120072 -0.881228 0.457187 0.507500 0.992500
pine_needles.bmp
1 -17.379749 43.155727 278.366638 -0.120072 0.881228 -0.457187 0.507500 0.992500
1 32.761795 49.987766 278.366638 -0.120072 0.881228 -0.457187 0.992500 0.992500
1 36.186707 24.851719 229.017441 -0.120072 0.881228 -0.457187 0.992500 0.507500
pine_needles.bmp
1 -17.379749 43.155727 278.366638 -0.120072 0.881228 -0.457187 0.507500 0.992500
1 36.186707 24.851719 229.017441 -0.120072 0.881228 -0.457187 0.992500 0.507500
1 -13.954837 18.019680 229.017441 -0.120072 0.881228 -0.457187 0.507500 0.507500
pine_needles.bmp
1 -6.139380 35.958031 230.582535 -0.107135 -0.479847 0.870786 0.007500 0.507500
1 27.062300 28.545101 230.582535 -0.107135 -0.479847 0.870786 0.492500 0.507500
1 39.991901 86.455368 264.084808 -0.107135 -0.479847 0.870786 0.492500 0.992500
pine_needles.bmp
1 -6.139380 35.958031 230.582535 -0.107135 -0.479848 0.870786 0.007500 0.507500
1 39.991901 86.455368 264.084808 -0.107135 -0.479848 0.870786 0.492500 0.992500
1 6.790221 93.868294 264.084808 -0.107135 -0.479848 0.870786 0.007500 0.992500
pine_needles.bmp
1 6.790221 93.868294 264.084808 0.107135 0.479847 -0.870786 0.007500 0.992500
1 39.991901 86.455368 264.084808 0.107135 0.479847 -0.870786 0.492500 0.992500
1 27.062300 28.545101 230.582535 0.107135 0.479847 -0.870786 0.492500 0.507500
pine_needles.bmp
1 6.790221 93.868294 264.084808 0.107135 0.479847 -0.870786 0.007500 0.992500
1 27.062300 28.545101 230.582535 0.107135 0.479847 -0.870786 0.492500 0.507500
1 -6.139380 35.958031 230.582535 0.107135 0.479847 -0.870786 0.007500 0.507500
pine_needles.bmp
1 34.596901 39.833000 221.431107 0.745242 -0.166390 0.645700 0.007500 0.507500
1 42.009827 73.034676 221.431107 0.745242 -0.166390 0.645700 0.492500 0.507500
1 -0.744379 82.580391 273.236237 0.745242 -0.166390 0.645700 0.492500 0.992500
pine_needles.bmp
1 34.596901 39.833000 221.431107 0.745242 -0.166390 0.645700 0.007500 0.507500
1 -0.744379 82.580391 273.236237 0.745242 -0.166390 0.645700 0.492500 0.992500
1 -8.157305 49.378716 273.236237 0.745242 -0.166390 0.645700 0.007500 0.992500
pine_needles.bmp
1 -8.157305 49.378716 273.236237 -0.745242 0.166390 -0.645700 0.007500 0.992500
1 -0.744379 82.580391 273.236237 -0.745242 0.166390 -0.645700 0.492500 0.992500
1 42.009827 73.034676 221.431107 -0.745242 0.166390 -0.645700 0.492500 0.507500
pine_needles.bmp
1 -8.157305 49.378716 273.236237 -0.745242 0.166390 -0.645700 0.007500 0.992500
1 42.009827 73.034676 221.431107 -0.745242 0.166390 -0.645700 0.492500 0.507500
1 34.596901 39.833000 221.431107 -0.745242 0.166390 -0.645700 0.007500 0.507500
pine_needles.bmp
1 24.376003 117.911484 222.032303 -0.546486 0.451530 0.705318 0.507500 0.507500
1 -4.537189 82.917847 222.032303 -0.546486 0.451530 0.705318 0.992500 0.507500
1 24.522085 58.907871 259.918335 -0.546486 0.451530 0.705318 0.992500 0.992500
pine_needles.bmp
1 24.376003 117.911484 222.032303 -0.546486 0.451530 0.705318 0.507500 0.507500
1 24.522085 58.907871 259.918335 -0.546486 0.451530 0.705318 0.992500 0.992500
1 53.435276 93.901505 259.918335 -0.546486 0.451530 0.705318 0.507500 0.992500
pine_needles.bmp
1 53.435276 93.901505 259.918335 0.546486 -0.451530 -0.705318 0.507500 0.992500
1 24.522085 58.907871 259.918335 0.546486 -0.451530 -0.705318 0.992500 0.992500
1 -4.537189 82.917847 222.032303 0.546486 -0.451530 -0.705318 0.992500 0.507500
pine_needles.bmp
1 53.435276 93.901505 259.918335 0.546486 -0.451530 -0.705318 0.507500 0.992500
1 -4.537189 82.917847 222.032303 0.546486 -0.451530 -0.705318 0.992500 0.507500
1 24.376003 117.911484 222.032303 0.546486 -0.451530 -0.705318 0.507500 0.507500
pine_needles.bmp
1 -1.300685 92.877777 217.705887 -0.556498 -0.673529 0.486486 0.007500 0.007500
1 33.692951 63.964581 217.705887 -0.556498 -0.673529 0.486486 0.492500 0.007500
1 50.198772 83.941574 264.244781 -0.556498 -0.673529 0.486486 0.492500 0.492500
pine_needles.bmp
1 -1.300685 92.877777 217.705887 -0.556498 -0.673529 0.486486 0.007500 0.007500
1 50.198772 83.941574 264.244781 -0.556498 -0.673529 0.486486 0.492500 0.492500
1 15.205134 112.854767 264.244781 -0.556498 -0.673529 0.486486 0.007500 0.492500
pine_needles.bmp
1 15.205134 112.854767 264.244781 0.556498 0.673529 -0.486486 0.007500 0.492500
1 50.198772 83.941574 264.244781 0.556498 0.673529 -0.486486 0.492500 0.492500
1 33.692951 63.964581 217.705887 0.556498 0.673529 -0.486486 0.492500 0.007500
pine_needles.bmp
1 15.205134 112.854767 264.244781 0.556498 0.673529 -0.486486 0.007500 0.492500
1 33.692951 63.964581 217.705887 0.556498 0.673529 -0.486486 0.492500 0.007500
1 -1.300685 92.877777 217.705887 0.556498 0.673529 -0.486486 0.007500 0.007500
pine_bark.bmp
0 2.228420 0.000000 259.345093 0.744338 -0.535694 -0.398739 0.000000 0.000000
0 -1.240846 -1.675682 259.048584 -0.149696 -0.912271 -0.381252 0.200000 0.000000
0 -23.785057 49.746376 238.883163 -0.569574 -0.399228 -0.718472 0.200000 0.495978
pine_bark.bmp
0 2.228420 0.000000 259.345093 0.744338 -0.535694 -0.398739 0.000000 0.000000
0 -23.785057 49.746376 238.883163 -0.569574 -0.399228 -0.718472 0.200000 0.495978
0 -21.583490 50.632526 238.504822 0.471290 0.050356 -0.880539 0.000000 0.495978
pine_bark.bmp
0 -1.240846 -1.675682 259.048584 -0.149696 -0.912271 -0.381252 0.200000 0.000000
0 -2.803040 -0.940457 262.355042 -0.503874 -0.726013 0.467991 0.400000 0.000000
0 -24.195988 50.125652 241.106262 -0.875409 -0.296781 0.381548 0.400000 0.495978
pine_bark.bmp
0 -1.240846 -1.675682 259.048584 -0.149696 -0.912271 -0.381252 0.200000 0.000000
0 -24.195988 50.125652 241.106262 -0.875409 -0.296781 0.381548 0.400000 0.495978
0 -23.785057 49.746376 238.883163 -0.569574 -0.399228 -0.718472 0.200000 0.495978
pine_bark.bmp
0 -2.803040 -0.940457 262.355042 -0.503874 -0.726013 0.467991 0.400000 0.000000
0 -0.660947 1.026477 264.690765 0.105258 -0.225936 0.968439 0.600000 0.000000
0 -22.453718 51.192650 242.252090 0.036593 0.262184 0.964324 0.600000 0.495978
pine_bark.bmp
0 -2.803040 -0.940457 262.355042 -0.503874 -0.726013 0.467991 0.400000 0.000000
0 -22.453718 51.192650 242.252090 0.036593 0.262184 0.964324 0.600000 0.495978
0 -24.195988 50.125652 241.106262 -0.875409 -0.296781 0.381548 0.400000 0.495978
pine_bark.bmp
0 -0.660947 1.026477 264.690765 0.105258 -0.225936 0.968439 0.600000 0.000000
0 2.600694 1.629397 262.724060 0.900315 -0.106130 0.422102 0.800000 0.000000
0 -20.819294 51.490025 240.546616 0.881913 0.463554 0.085718 0.800000 0.495978
pine_bark.bmp
0 -0.660947 1.026477 264.690765 0.105258 -0.225936 0.968439 0.600000 0.000000
0 -20.819294 51.490025 240.546616 0.881913 0.463554 0.085718 0.800000 0.495978
0 -22.453718 51.192650 242.252090 0.036593 0.262184 0.964324 0.600000 0.495978
pine_bark.bmp
0 2.600694 1.629397 262.724060 0.900315 -0.106130 0.422102 0.800000 0.000000
0 2.228420 0.000000 259.345093 0.744338 -0.535694 -0.398739 1.000000 0.000000
0 -21.583490 50.632526 238.504822 0.471290 0.050356 -0.880539 1.000000 0.495978
pine_bark.bmp
0 2.600694 1.629397 262.724060 0.900315 -0.106130 0.422102 0.800000 0.000000
0 -21.583490 50.632526 238.504822 0.471290 0.050356 -0.880539 1.000000 0.495978
0 -20.819294 51.490025 240.546616 0.881913 0.463554 0.085718 0.800000 0.495978
pine_bark.bmp
0 -21.583490 50.632526 238.504822 0.471290 0.050356 -0.880539 0.000000 0.495978
0 -23.785057 49.746376 238.883163 -0.569574 -0.399228 -0.718472 0.200000 0.495978
0 -41.607403 91.806198 238.692642 -0.817392 0.287826 -0.499026 0.200000 0.874145
pine_bark.bmp
0 -21.583490 50.632526 238.504822 0.471290 0.050356 -0.880539 0.000000 0.495978
0 -41.607403 91.806198 238.692642 -0.817392 0.287826 -0.499026 0.200000 0.874145
0 -41.008720 92.059135 238.266281 0.028845 0.641570 -0.766522 0.000000 0.874145
pine_bark.bmp
0 -23.785057 49.746376 238.883163 -0.569574 -0.399228 -0.718472 0.200000 0.495978
0 -24.195988 50.125652 241.106262 -0.875409 -0.296781 0.381548 0.400000 0.495978
0 -41.427711 91.909798 239.403351 -0.860487 0.301307 0.410823 0.400000 0.874145
pine_bark.bmp
0 -23.785057 49.746376 238.883163 -0.569574 -0.399228 -0.718472 0.200000 0.495978
0 -41.427711 91.909798 239.403351 -0.860487 0.301307 0.410823 0.400000 0.874145
0 -41.607403 91.806198 238.692642 -0.817392 0.287826 -0.499026 0.200000 0.874145
pine_bark.bmp
0 -24.195988 50.125652 241.106262 -0.875409 -0.296781 0.381548 0.400000 0.495978
0 -22.453718 51.192650 242.252090 0.036593 0.262184 0.964324 0.600000 0.495978
0 -40.731606 92.223579 239.503983 -0.066842 0.648214 0.758519 0.600000 0.874145
pine_bark.bmp
0 -24.195988 50.125652 241.106262 -0.875409 -0.296781 0.381548 0.400000 0.495978
0 -40.731606 92.223579 239.503983 -0.066842 0.648214 0.758519 0.600000 0.874145
0 -41.427711 91.909798 239.403351 -0.860487 0.301307 0.410823 0.400000 0.874145
pine_bark.bmp
0 -22.453718 51.192650 242.252090 0.036593 0.262184 0.964324 0.600000 0.495978
0 -20.819294 51.490025 240.546616 0.881913 0.463554 0.085718 0.800000 0.495978
0 -40.497768 92.303947 238.779099 0.463690 0.885945 0.009679 0.800000 0.874145
pine_bark.bmp
0 -22.453718 51.192650 242.252090 0.036593 0.262184 0.964324 0.600000 0.495978
0 -40.497768 92.303947 238.779099 0.463690 0.885945 0.009679 0.800000 0.874145
0 -40.731606 92.223579 239.503983 -0.066842 0.648214 0.758519 0.600000 0.874145
pine_bark.bmp
0 -20.819294 51.490025 240.546616 0.881913 0.463554 0.085718 0.800000 0.495978
0 -21.583490 50.632526 238.504822 0.471290 0.050356 -0.880539 1.000000 0.495978
0 -41.008720 92.059135 238.266281 0.028845 0.641570 -0.766522 1.000000 0.874145
pine_bark.bmp
0 -20.819294 51.490025 240.546616 0.881913 0.463554 0.085718 0.800000 0.495978
0 -41.008720 92.059135 238.266281 0.028845 0.641570 -0.766522 1.000000 0.874145
0 -40.497768 92.303947 238.779099 0.463690 0.885945 0.009679 0.800000 0.874145
pine_bark.bmp
0 2.228420 0.000000 259.345093 0.744338 -0.535694 -0.398739 0.950000 0.500000
0 2.600694 1.629397 262.724060 0.900315 -0.106130 0.422102 0.639058 0.072025
0 -0.660947 1.026477 264.690765 0.105258 -0.225936 0.968439 0.135942 0.235497
pine_bark.bmp
0 -0.660947 1.026477 264.690765 0.105258 -0.225936 0.968439 0.135942 0.235497
0 -2.803040 -0.940457 262.355042 -0.503874 -0.726013 0.467991 0.135942 0.764503
0 -1.240846 -1.675682 259.048584 -0.149696 -0.912271 -0.381252 0.639058 0.927975
pine_bark.bmp
0 -0.660947 1.026477 264.690765 0.105258 -0.225936 0.968439 0.135942 0.235497
0 -1.240846 -1.675682 259.048584 -0.149696 -0.912271 -0.381252 0.639058 0.927975
0 2.228420 0.000000 259.345093 0.744338 -0.535694 -0.398739 0.950000 0.500000
pine_bark.bmp
0 -40.497768 92.303947 238.779099 0.463690 0.885945 0.009679 0.639058 0.072025
0 -41.008720 92.059135 238.266281 0.028845 0.641570 -0.766522 0.950000 0.500000
0 -41.607403 91.806198 238.692642 -0.817392 0.287826 -0.499026 0.639058 0.927975
pine_bark.bmp
0 -41.607403 91.806198 238.692642 -0.817392 0.287826 -0.499026 0.639058 0.927975
0 -41.427711 91.909798 239.403351 -0.860487 0.301307 0.410823 0.135942 0.764503
0 -40.731606 92.223579 239.503983 -0.066842 0.648214 0.758519 0.135942 0.235497
pine_bark.bmp
0 -41.607403 91.806198 238.692642 -0.817392 0.287826 -0.499026 0.639058 0.927975
0 -40.731606 92.223579 239.503983 -0.066842 0.648214 0.758519 0.135942 0.235497
0 -40.497768 92.303947 238.779099 0.463690 0.885945 0.009679 0.639058 0.072025
pine_needles.bmp
1 -2.572056 69.256546 238.169617 -0.149603 0.422351 0.894002 0.007500 0.007500
1 -46.850307 53.572514 238.169617 -0.149603 0.422351 0.894002 0.492500 0.007500
1 -26.168514 -4.815144 269.214447 -0.149603 0.422351 0.894002 0.492500 0.492500
pine_needles.bmp
1 -2.572056 69.256546 238.169617 -0.149603 0.422351 0.894002 0.007500 0.007500
1 -26.168514 -4.815144 269.214447 -0.149603 0.422351 0.894002 0.492500 0.492500
1 18.109735 10.868885 269.214447 -0.149603 0.422351 0.894002 0.007500 0.492500
pine_needles.bmp
1 18.109735 10.868885 269.214447 0.149603 -0.422351 -0.894002 0.007500 0.492500
1 -26.168514 -4.815144 269.214447 0.149603 -0.422351 -0.894002 0.492500 0.492500
1 -46.850307 53.572514 238.169617 0.149603 -0.422351 -0.894002 0.492500 0.007500
pine_needles.bmp
1 18.109735 10.868885 269.214447 0.149603 -0.422351 -0.894002 0.007500 0.492500
1 -46.850307 53.572514 238.169617 0.149603 -0.422351 -0.894002 0.492500 0.007500
1 -2.572056 69.256546 238.169617 0.149603 -0.422351 -0.894002 0.007500 0.007500
pine_needles.bmp
1 -37.274406 49.024597 223.243866 -0.834657 -0.295648 0.464693 0.007500 0.507500
1 -21.590378 4.746347 223.243866 -0.834657 -0.295648 0.464693 0.492500 0.507500
1 8.533834 15.416800 284.140198 -0.834657 -0.295648 0.464693 0.492500 0.992500
pine_needles.bmp
1 -37.274406 49.024597 223.243866 -0.834657 -0.295648 0.464693 0.007500 0.507500
1 8.533834 15.416800 284.140198 -0.834657 -0.295648 0.464693 0.492500 0.992500
1 -7.150193 59.695053 284.140198 -0.834657 -0.295648 0.464693 0.007500 0.992500
pine_needles.bmp
1 -7.150193 59.695053 284.140198 0.834657 0.295648 -0.464693 0.007500 0.992500
1 8.533834 15.416800 284.140198 0.834657 0.295648 -0.464693 0.492500 0.992500
1 -21.590378 4.746347 223.243866 0.834657 0.295648 -0.464693 0.492500 0.507500
pine_needles.bmp
1 -7.150193 59.695053 284.140198 0.834657 0.295648 -0.464693 0.007500 0.992500
1 -21.590378 4.746347 223.243866 0.834657 0.295648 -0.464693 0.492500 0.507500
1 -37.274406 49.024597 223.243866 0.834657 0.295648 -0.464693 0.007500 0.507500
pine_needles.bmp
1 -55.589672 58.886192 222.160065 -0.562126 -0.517106 0.645457 0.507500 0.507500
1 -27.456165 28.303320 222.160065 -0.562126 -0.517106 0.645457 0.992500 0.507500
1 3.856650 57.108315 272.507294 -0.562126 -0.517106 0.645457 0.992500 0.992500
pine_needles.bmp
1 -55.589672 58.886192 222.160065 -0.562126 -0.517106 0.645457 0.507500 0.507500
1 3.856650 57.108315 272.507294 -0.562126 -0.517106 0.645457 0.992500 0.992500
1 -24.276859 87.691185 272.507294 -0.562126 -0.517106 0.645457 0.507500 0.992500
pine_needles.bmp
1 -24.276859 87.691185 272.507294 0.562126 0.517106 -0.645458 0.507500 0.992500
1 3.856650 57.108315 272.507294 0.562126 0.517106 -0.645458 0.992500 0.992500
1 -27.456165 28.303320 222.160065 0.562126 0.517106 -0.645458 0.992500 0.507500
pine_needles.bmp
1 -24.276859 87.691185 272.507294 0.562126 0.517106 -0.645457 0.507500 0.992500
1 -27.456165 28.303320 222.160065 0.562126 0.517106 -0.645457 0.992500 0.507500
1 -55.589672 58.886192 222.160065 0.562126 0.517106 -0.645457 0.507500 0.507500
pine_needles.bmp
1 -26.893251 28.423887 221.993744 0.520575 -0.565897 0.639346 0.507500 0.007500
1 3.689618 56.557404 221.993744 0.520575 -0.565897 0.639346 0.992500 0.007500
1 -24.839775 87.570618 272.673615 0.520575 -0.565897 0.639346 0.992500 0.492500
pine_needles.bmp
1 -26.893251 28.423887 221.993744 0.520575 -0.565897 0.639346 0.507500 0.007500
1 -24.839775 87.570618 272.673615 0.520575 -0.565897 0.639346 0.992500 0.492500
1 -55.422646 59.437103 272.673615 0.520575 -0.565897 0.639346 0.507500 0.492500
pine_needles.bmp
1 -55.422646 59.437103 272.673615 -0.520575 0.565897 -0.639346 0.507500 0.492500
1 -24.839775 87.570618 272.673615 -0.520575 0.565897 -0.639346 0.992500 0.492500
1 3.689618 56.557404 221.993744 -0.520575 0.565897 -0.639346 0.992500 0.007500
pine_needles.bmp
1 -55.422646 59.437103 272.673615 -0.520575 0.565897 -0.639346 0.507500 0.492500
1 3.689618 56.557404 221.993744 -0.520575 0.565897 -0.639346 0.992500 0.007500
1 -26.893251 28.423887 221.993744 -0.520575 0.565897 -0.639346 0.507500 0.007500
pine_needles.bmp
1 -52.615376 108.336281 218.299835 -0.854904 -0.054602 0.515904 0.007500 0.007500
1 -49.366627 57.470509 218.299835 -0.854904 -0.054602 0.515904 0.492500 0.007500
1 -22.110111 59.211361 263.650818 -0.854904 -0.054602 0.515904 0.492500 0.492500
pine_needles.bmp
1 -52.615376 108.336281 218.299835 -0.854904 -0.054602 0.515904 0.007500 0.007500
1 -22.110111 59.211361 263.650818 -0.854904 -0.054602 0.515904 0.492500 0.492500
1 -25.358860 110.077126 263.650818 -0.854904 -0.054602 0.515904 0.007500 0.492500
pine_needles.bmp
1 -25.358860 110.077126 263.650818 0.854904 0.054602 -0.515904 0.007500 0.492500
1 -22.110111 59.211361 263.650818 0.854904 0.054602 -0.515904 0.492500 0.492500
1 -49.366627 57.470509 218.299835 0.854904 0.054602 -0.515904 0.492500 0.007500
pine_needles.bmp
1 -25.358860 110.077126 263.650818 0.854904 0.054602 -0.515904 0.007500 0.492500
1 -49.366627 57.470509 218.299835 0.854904 0.054602 -0.515904 0.492500 0.007500
1 -52.615376 108.336281 218.299835 0.854904 0.054602 -0.515904 0.007500 0.007500
pine_needles.bmp
1 -61.552444 62.684914 222.943756 0.043269 -0.677463 0.734283 0.507500 0.007500
1 -10.686677 65.933662 222.943756 0.043269 -0.677463 0.734283 0.992500 0.007500
1 -13.173041 104.862724 259.006897 0.043269 -0.677463 0.734283 0.992500 0.492500
pine_needles.bmp
1 -61.552444 62.684914 222.943756 0.043269 -0.677463 0.734283 0.507500 0.007500
1 -13.173041 104.862724 259.006897 0.043269 -0.677463 0.734283 0.992500 0.492500
1 -64.038811 101.613976 259.006897 0.043269 -0.677463 0.734283 0.507500 0.492500
pine_needles.bmp
1 -64.038811 101.613976 259.006897 -0.043269 0.677463 -0.734283 0.507500 0.492500
1 -13.173041 104.862724 259.006897 -0.043269 0.677463 -0.734283 0.992500 0.492500
1 -10.686677 65.933662 222.943756 -0.043269 0.677463 -0.734283 0.992500 0.007500
pine_needles.bmp
1 -64.038811 101.613976 259.006897 -0.043269 0.677463 -0.734283 0.507500 0.492500
1 -10.686677 65.933662 222.943756 -0.043269 0.677463 -0.734283 0.992500 0.007500
1 -61.552444 62.684914 222.943756 -0.043269 0.677463 -0.734283 0.507500 0.007500
pine_bark.bmp
0 1.278145 0.000000 258.721954 0.814331 -0.248570 -0.524479 0.000000 0.000000
0 -0.759975 -2.921517 260.201202 0.285222 -0.951814 -0.112688 0.200000 0.000000
0 -50.697075 22.053535 239.461700 -0.323539 -0.836191 -0.442840 0.200000 0.495978
pine_bark.bmp
0 1.278145 0.000000 258.721954 0.814331 -0.248570 -0.524479 0.000000 0.000000
0 -50.697075 22.053535 239.461700 -0.323539 -0.836191 -0.442840 0.200000 0.495978
0 -49.560883 23.821304 238.309006 0.209280 0.031733 -0.977341 0.000000 0.495978
pine_bark.bmp
0 -0.759975 -2.921517 260.201202 0.285222 -0.951814 -0.112688 0.200000 0.000000
0 -1.634818 -1.639667 263.590973 0.072483 -0.654651 0.752448 0.400000 0.000000
0 -50.889122 22.810152 241.618774 -0.449250 -0.571771 0.686479 0.400000 0.495978
pine_bark.bmp
0 -0.759975 -2.921517 260.201202 0.285222 -0.951814 -0.112688 0.200000 0.000000
0 -50.889122 22.810152 241.618774 -0.449250 -0.571771 0.686479 0.400000 0.495978
0 -50.697075 22.053535 239.461700 -0.323539 -0.836191 -0.442840 0.200000 0.495978
pine_bark.bmp
0 -1.634818 -1.639667 263.590973 0.072483 -0.654651 0.752448 0.400000 0.000000
0 -0.349529 1.789640 264.382080 0.407455 0.204411 0.890054 0.600000 0.000000
0 -49.976513 24.938684 242.010437 0.038097 0.544235 0.838067 0.600000 0.495978
pine_bark.bmp
0 -1.634818 -1.639667 263.590973 0.072483 -0.654651 0.752448 0.400000 0.000000
0 -49.976513 24.938684 242.010437 0.038097 0.544235 0.838067 0.600000 0.495978
0 -50.889122 22.810152 241.618774 -0.449250 -0.571771 0.686479 0.400000 0.495978
pine_bark.bmp
0 -0.349529 1.789640 264.382080 0.407455 0.204411 0.890054 0.600000 0.000000
0 1.538604 2.840819 261.213440 0.882135 0.464179 0.079848 0.800000 0.000000
0 -49.146271 25.531916 239.869431 0.433778 0.860884 -0.265925 0.800000 0.495978
pine_bark.bmp
0 -0.349529 1.789640 264.382080 0.407455 0.204411 0.890054 0.600000 0.000000
0 -49.146271 25.531916 239.869431 0.433778 0.860884 -0.265925 0.800000 0.495978
0 -49.976513 24.938684 242.010437 0.038097 0.544235 0.838067 0.600000 0.495978
pine_bark.bmp
0 1.538604 2.840819 261.213440 0.882135 0.464179 0.079848 0.800000 0.000000
0 1.278145 0.000000 258.721954 0.814331 -0.248570 -0.524479 1.000000 0.000000
0 -49.560883 23.821304 238.309006 0.209280 0.031733 -0.977341 1.000000 0.495978
pine_bark.bmp
0 1.538604 2.840819 261.213440 0.882135 0.464179 0.079848 0.800000 0.000000
0 -49.560883 23.821304 238.309006 0.209280 0.031733 -0.977341 1.000000 0.495978
0 -49.146271 25.531916 239.869431 0.433778 0.860884 -0.265925 0.800000 0.495978
pine_bark.bmp
0 -49.560883 23.821304 238.309006 0.209280 0.031733 -0.977341 0.000000 0.495978
0 -50.697075 22.053535 239.461700 -0.323539 -0.836191 -0.442840 0.200000 0.495978
0 -91.279976 42.751919 238.724258 -0.860886 -0.405784 -0.306944 0.200000 0.874145
pine_bark.bmp
0 -49.560883 23.821304 238.309006 0.209280 0.031733 -0.977341 0.000000 0.495978
0 -91.279976 42.751919 238.724258 -0.860886 -0.405784 -0.306944 0.200000 0.874145
0 -90.998390 43.311462 238.264862 -0.483963 0.311817 -0.817649 0.000000 0.874145
pine_bark.bmp
0 -50.697075 22.053535 239.461700 -0.323539 -0.836191 -0.442840 0.200000 0.495978
0 -50.889122 22.810152 241.618774 -0.449250 -0.571771 0.686479 0.400000 0.495978
0 -91.194260 42.981098 239.423325 -0.790868 -0.199323 0.578617 0.400000 0.874145
pine_bark.bmp
0 -50.697075 22.053535 239.461700 -0.323539 -0.836191 -0.442840 0.200000 0.495978
0 -91.194260 42.981098 239.423325 -0.790868 -0.199323 0.578617 0.400000 0.874145
0 -91.279976 42.751919 238.724258 -0.860886 -0.405784 -0.306944 0.200000 0.874145
pine_bark.bmp
0 -50.889122 22.810152 241.618774 -0.449250 -0.571771 0.686479 0.400000 0.495978
0 -49.976513 24.938684 242.010437 0.038097 0.544235 0.838067 0.600000 0.495978
0 -90.865997 43.675243 239.484329 -0.382345 0.633367 0.672799 0.600000 0.874145
pine_bark.bmp
0 -50.889122 22.810152 241.618774 -0.449250 -0.571771 0.686479 0.400000 0.495978
0 -90.865997 43.675243 239.484329 -0.382345 0.633367 0.672799 0.600000 0.874145
0 -91.194260 42.981098 239.423325 -0.790868 -0.199323 0.578617 0.400000 0.874145
pine_bark.bmp
0 -49.976513 24.938684 242.010437 0.038097 0.544235 0.838067 0.600000 0.495978
0 -49.146271 25.531916 239.869431 0.433778 0.860884 -0.265925 0.800000 0.495978
0 -90.756805 43.853027 238.747681 -0.225734 0.951453 -0.209239 0.800000 0.874145
pine_bark.bmp
0 -49.976513 24.938684 242.010437 0.038097 0.544235 0.838067 0.600000 0.495978
0 -90.756805 43.853027 238.747681 -0.225734 0.951453 -0.209239 0.800000 0.874145
0 -90.865997 43.675243 239.484329 -0.382345 0.633367 0.672799 0.600000 0.874145
pine_bark.bmp
0 -49.146271 25.531916 239.869431 0.433778 0.860884 -0.265925 0.800000 0.495978
0 -49.560883 23.821304 238.309006 0.209280 0.031733 -0.977341 1.000000 0.495978
0 -90.998390 43.311462 238.264862 -0.483963 0.311817 -0.817649 1.000000 0.874145
pine_bark.bmp
0 -49.146271 25.531916 239.869431 0.433778 0.860884 -0.265925 0.800000 0.495978
0 -90.998390 43.311462 238.264862 -0.483963 0.311817 -0.817649 1.000000 0.874145
0 -90.756805 43.853027 238.747681 -0.225734 0.951453 -0.209239 0.800000 0.874145
pine_bark.bmp
0 1.278145 0.000000 258.721954 0.814331 -0.248570 -0.524479 0.950000 0.500000
0 1.538604 2.840819 261.213440 0.882135 0.464179 0.079848 0.639058 0.072025
0 -0.349529 1.789640 264.382080 0.407455 0.204411 0.890054 0.135942 0.235497
pine_bark.bmp
0 -0.349529 1.789640 264.382080 0.407455 0.204411 0.890054 0.135942 0.235497
0 -1.634818 -1.639667 263.590973 0.072483 -0.654651 0.752448 0.135942 0.764503
0 -0.759975 -2.921517 260.201202 0.285222 -0.951814 -0.112688 0.639058 0.927975
pine_bark.bmp
0 -0.349529 1.789640 264.382080 0.407455 0.204411 0.890054 0.135942 0.235497
0 -0.759975 -2.921517 260.201202 0.285222 -0.951814 -0.112688 0.639058 0.927975
0 1.278145 0.000000 258.721954 0.814331 -0.248570 -0.524479 0.950000 0.500000
pine_bark.bmp
0 -90.756805 43.853027 238.747681 -0.225734 0.951453 -0.209239 0.639058 0.072025
0 -90.998390 43.311462 238.264862 -0.483963 0.311817 -0.817649 0.950000 0.500000
0 -91.279976 42.751919 238.724258 -0.860886 -0.405784 -0.306944 0.639058 0.927975
pine_bark.bmp
0 -91.279976 42.751919 238.724258 -0.860886 -0.405784 -0.306944 0.639058 0.927975
0 -91.194260 42.981098 239.423325 -0.790868 -0.199323 0.578617 0.135942 0.764503
0 -90.865997 43.675243 239.484329 -0.382345 0.633367 0.672799 0.135942 0.235497
pine_bark.bmp
0 -91.279976 42.751919 238.724258 -0.860886 -0.405784 -0.306944 0.639058 0.927975
0 -90.865997 43.675243 239.484329 -0.382345 0.633367 0.672799 0.135942 0.235497
0 -90.756805 43.853027 238.747681 -0.225734 0.951453 -0.209239 0.639058 0.072025
pine_needles.bmp
1 -48.226517 -11.025334 237.078949 0.190973 -0.608216 0.770456 0.507500 0.007500
1 -3.458405 3.031334 237.078949 0.190973 -0.608216 0.770456 0.992500 0.007500
1 -15.487938 41.343361 270.305115 0.190973 -0.608216 0.770456 0.992500 0.492500
pine_needles.bmp
1 -48.226517 -11.025334 237.078949 0.190973 -0.608216 0.770456 0.507500 0.007500
1 -15.487938 41.343361 270.305115 0.190973 -0.608216 0.770456 0.992500 0.492500
1 -60.256050 27.286694 270.305115 0.190973 -0.608216 0.770456 0.507500 0.492500
pine_needles.bmp
1 -60.256050 27.286694 270.305115 -0.190973 0.608216 -0.770456 0.507500 0.492500
1 -15.487938 41.343361 270.305115 -0.190973 0.608216 -0.770456 0.992500 0.492500
1 -3.458405 3.031334 237.078949 -0.190973 0.608216 -0.770456 0.992500 0.007500
pine_needles.bmp
1 -60.256050 27.286694 270.305115 -0.190973 0.608216 -0.770456 0.507500 0.492500
1 -3.458405 3.031334 237.078949 -0.190973 0.608216 -0.770456 0.992500 0.007500
1 -48.226517 -11.025334 237.078949 -0.190973 0.608216 -0.770456 0.507500 0.007500
pine_needles.bmp
1 -6.865646 -1.584792 235.708466 0.658985 0.206914 0.723136 0.507500 0.507500
1 -20.922312 43.183319 235.708466 0.658985 0.206914 0.723136 0.992500 0.507500
1 -56.848808 31.902817 271.675598 0.658985 0.206914 0.723136 0.992500 0.992500
pine_needles.bmp
1 -6.865646 -1.584792 235.708466 0.658985 0.206914 0.723136 0.507500 0.507500
1 -56.848808 31.902817 271.675598 0.658985 0.206914 0.723136 0.992500 0.992500
1 -42.792141 -12.865295 271.675598 0.658985 0.206914 0.723136 0.507500 0.992500
pine_needles.bmp
1 -42.792141 -12.865295 271.675598 -0.658985 -0.206914 -0.723136 0.507500 0.992500
1 -56.848808 31.902817 271.675598 -0.658985 -0.206914 -0.723136 0.992500 0.992500
1 -20.922312 43.183319 235.708466 -0.658985 -0.206914 -0.723136 0.992500 0.507500
pine_needles.bmp
1 -42.792141 -12.865295 271.675598 -0.658985 -0.206914 -0.723136 0.507500 0.992500
1 -20.922312 43.183319 235.708466 -0.658985 -0.206914 -0.723136 0.992500 0.507500
1 -6.865646 -1.584792 235.708466 -0.658985 -0.206914 -0.723136 0.507500 0.507500
pine_needles.bmp
1 -39.578072 3.393343 234.570908 0.425558 -0.159411 0.890779 0.007500 0.007500
1 -28.252604 33.627422 234.570908 0.425558 -0.159411 0.890779 0.492500 0.007500
1 -75.107941 51.179096 260.096436 0.425558 -0.159411 0.890779 0.492500 0.492500
pine_needles.bmp
1 -39.578072 3.393343 234.570908 0.425558 -0.159411 0.890779 0.007500 0.007500
1 -75.107941 51.179096 260.096436 0.425558 -0.159411 0.890779 0.492500 0.492500
1 -86.433411 20.945019 260.096436 0.425558 -0.159411 0.890779 0.007500 0.492500
pine_needles.bmp
1 -86.433411 20.945019 260.096436 -0.425558 0.159411 -0.890779 0.007500 0.492500
1 -75.107941 51.179096 260.096436 -0.425558 0.159411 -0.890779 0.492500 0.492500
1 -28.252604 33.627422 234.570908 -0.425558 0.159411 -0.890779 0.492500 0.007500
pine_needles.bmp
1 -86.433411 20.945019 260.096436 -0.425558 0.159411 -0.890780 0.007500 0.492500
1 -28.252604 33.627422 234.570908 -0.425558 0.159411 -0.890780 0.492500 0.007500
1 -39.578072 3.393343 234.570908 -0.425558 0.159411 -0.890780 0.007500 0.007500
pine_needles.bmp
1 -34.951679 41.042671 228.523987 0.235678 0.629157 0.740687 0.507500 0.007500
1 -65.185760 52.368141 228.523987 0.235678 0.629157 0.740687 0.992500 0.007500
1 -79.734329 13.529772 266.143372 0.235678 0.629157 0.740687 0.992500 0.492500
pine_needles.bmp
1 -34.951679 41.042671 228.523987 0.235678 0.629157 0.740687 0.507500 0.007500
1 -79.734329 13.529772 266.143372 0.235678 0.629157 0.740687 0.992500 0.492500
1 -49.500256 2.204302 266.143372 0.235678 0.629157 0.740687 0.507500 0.492500
pine_needles.bmp
1 -49.500256 2.204302 266.143372 -0.235678 -0.629157 -0.740687 0.507500 0.492500
1 -79.734329 13.529772 266.143372 -0.235678 -0.629157 -0.740687 0.992500 0.492500
1 -65.185760 52.368141 228.523987 -0.235678 -0.629157 -0.740687 0.992500 0.007500
pine_needles.bmp
1 -49.500256 2.204302 266.143372 -0.235678 -0.629157 -0.740687 0.507500 0.492500
1 -65.185760 52.368141 228.523987 -0.235678 -0.629157 -0.740687 0.992500 0.007500
1 -34.951679 41.042671 228.523987 -0.235678 -0.629157 -0.740687 0.507500 0.007500
pine_needles.bmp
1 -94.237999 65.573067 223.865295 -0.621743 0.220407 0.751569 0.007500 0.007500
1 -108.167091 26.280767 223.865295 -0.621743 0.220407 0.751569 0.492500 0.007500
1 -71.419579 13.253801 258.085358 -0.621743 0.220407 0.751569 0.492500 0.492500
pine_needles.bmp
1 -94.237999 65.573067 223.865295 -0.621743 0.220407 0.751569 0.007500 0.007500
1 -71.419579 13.253801 258.085358 -0.621743 0.220407 0.751569 0.492500 0.492500
1 -57.490486 52.546097 258.085358 -0.621743 0.220407 0.751569 0.007500 0.492500
pine_needles.bmp
1 -57.490486 52.546097 258.085358 0.621743 -0.220407 -0.751569 0.007500 0.492500
1 -71.419579 13.253801 258.085358 0.621743 -0.220407 -0.751569 0.492500 0.492500
1 -108.167091 26.280767 223.865295 0.621743 -0.220407 -0.751569 0.492500 0.007500
pine_needles.bmp
1 -57.490486 52.546097 258.085358 0.621743 -0.220407 -0.751569 0.007500 0.492500
1 -108.167091 26.280767 223.865295 0.621743 -0.220407 -0.751569 0.492500 0.007500
1 -94.237999 65.573067 223.865295 0.621743 -0.220407 -0.751569 0.007500 0.007500
pine_needles.bmp
1 -110.292725 24.324938 229.593842 -0.146156 -0.412289 0.899253 0.007500 0.507500
1 -71.000427 10.395845 229.593842 -0.146156 -0.412289 0.899253 0.492500 0.507500
1 -55.364853 54.501930 252.356812 -0.146156 -0.412289 0.899253 0.492500 0.992500
pine_needles.bmp
1 -110.292725 24.324938 229.593842 -0.146156 -0.412289 0.899253 0.007500 0.507500
1 -55.364853 54.501930 252.356812 -0.146156 -0.412289 0.899253 0.492500 0.992500
1 -94.657150 68.431023 252.356812 -0.146156 -0.412289 0.899253 0.007500 0.992500
pine_needles.bmp
1 -94.657150 68.431023 252.356812 0.146156 0.412289 -0.899253 0.007500 0.992500
1 -55.364853 54.501930 252.356812 0.146156 0.412289 -0.899253 0.492500 0.992500
1 -71.000427 10.395845 229.593842 0.146156 0.412289 -0.899253 0.492500 0.507500
pine_needles.bmp
1 -94.657150 68.431023 252.356812 0.146156 0.412289 -0.899253 0.007500 0.992500
1 -71.000427 10.395845 229.593842 0.146156 0.412289 -0.899253 0.492500 0.507500
1 -110.292725 24.324938 229.593842 0.146156 0.412289 -0.899253 0.007500 0.507500
pine_bark.bmp
0 1.196723 0.000000 258.688507 0.835071 0.139205 -0.532239 0.000000 0.000000
0 0.991728 -3.120291 260.930328 0.765373 -0.642135 0.043214 0.200000 0.000000
0 -53.529816 -14.103032 239.750275 0.239019 -0.925311 -0.294398 0.200000 0.495978
pine_bark.bmp
0 1.196723 0.000000 258.688507 0.835071 0.139205 -0.532239 0.000000 0.000000
0 -53.529816 -14.103032 239.750275 0.239019 -0.925311 -0.294398 0.200000 0.495978
0 -53.615364 -12.201552 238.300537 0.182049 -0.001740 -0.983288 0.000000 0.495978
pine_bark.bmp
0 0.991728 -3.120291 260.930328 0.765373 -0.642135 0.043214 0.200000 0.000000
0 -0.574723 -1.751226 264.031799 0.393616 -0.345097 0.852041 0.400000 0.000000
0 -54.197075 -13.289186 241.791687 -0.055779 -0.601954 0.796580 0.400000 0.495978
pine_bark.bmp
0 0.991728 -3.120291 260.930328 0.765373 -0.642135 0.043214 0.200000 0.000000
0 -54.197075 -13.289186 241.791687 -0.055779 -0.601954 0.796580 0.400000 0.495978
0 -53.529816 -14.103032 239.750275 0.239019 -0.925311 -0.294398 0.200000 0.495978
pine_bark.bmp
0 -0.574723 -1.751226 264.031799 0.393616 -0.345097 0.852041 0.400000 0.000000
0 -1.370651 1.911404 263.956787 0.194958 0.564587 0.802018 0.600000 0.000000
0 -54.723507 -10.999658 241.833389 -0.314486 0.597675 0.737484 0.600000 0.495978
pine_bark.bmp
0 -0.574723 -1.751226 264.031799 0.393616 -0.345097 0.852041 0.400000 0.000000
0 -54.723507 -10.999658 241.833389 -0.314486 0.597675 0.737484 0.600000 0.495978
0 -54.197075 -13.289186 241.791687 -0.055779 -0.601954 0.796580 0.400000 0.495978
pine_bark.bmp
0 -1.370651 1.911404 263.956787 0.194958 0.564587 0.802018 0.600000 0.000000
0 -0.215652 3.034102 260.483551 0.478051 0.874886 -0.077728 0.800000 0.000000
0 -54.334827 -10.361555 239.585114 -0.141200 0.898091 -0.416528 0.800000 0.495978
pine_bark.bmp
0 -1.370651 1.911404 263.956787 0.194958 0.564587 0.802018 0.600000 0.000000
0 -54.334827 -10.361555 239.585114 -0.141200 0.898091 -0.416528 0.800000 0.495978
0 -54.723507 -10.999658 241.833389 -0.314486 0.597675 0.737484 0.600000 0.495978
pine_bark.bmp
0 -0.215652 3.034102 260.483551 0.478051 0.874886 -0.077728 0.800000 0.000000
0 1.196723 0.000000 258.688507 0.835071 0.139205 -0.532239 1.000000 0.000000
0 -53.615364 -12.201552 238.300537 0.182049 -0.001740 -0.983288 1.000000 0.495978
pine_bark.bmp
0 -0.215652 3.034102 260.483551 0.478051 0.874886 -0.077728 0.800000 0.000000
0 -53.615364 -12.201552 238.300537 0.182049 -0.001740 -0.983288 1.000000 0.495978
0 -54.334827 -10.361555 239.585114 -0.141200 0.898091 -0.416528 0.800000 0.495978
pine_bark.bmp
0 -53.615364 -12.201552 238.300537 0.182049 -0.001740 -0.983288 0.000000 0.495978
0 -53.529816 -14.103032 239.750275 0.239019 -0.925311 -0.294398 0.200000 0.495978
0 -98.186058 -22.789062 238.737015 -0.423089 -0.879948 -0.216074 0.200000 0.874145
pine_bark.bmp
0 -53.615364 -12.201552 238.300537 0.182049 -0.001740 -0.983288 0.000000 0.495978
0 -98.186058 -22.789062 238.737015 -0.423089 -0.879948 -0.216074 0.200000 0.874145
0 -98.307831 -22.184641 238.264801 -0.552027 -0.146732 -0.820814 0.000000 0.874145
pine_bark.bmp
0 -53.529816 -14.103032 239.750275 0.239019 -0.925311 -0.294398 0.200000 0.495978
0 -54.197075 -13.289186 241.791687 -0.055779 -0.601954 0.796580 0.400000 0.495978
0 -98.263351 -22.541502 239.430908 -0.516225 -0.572252 0.637212 0.400000 0.874145
pine_bark.bmp
0 -53.529816 -14.103032 239.750275 0.239019 -0.925311 -0.294398 0.200000 0.495978
0 -98.263351 -22.541502 239.430908 -0.516225 -0.572252 0.637212 0.400000 0.874145
0 -98.186058 -22.789062 238.737015 -0.423089 -0.879948 -0.216074 0.200000 0.874145
pine_bark.bmp
0 -54.197075 -13.289186 241.791687 -0.055779 -0.601954 0.796580 0.400000 0.495978
0 -54.723507 -10.999658 241.833389 -0.314486 0.597675 0.737484 0.600000 0.495978
0 -98.433922 -21.791683 239.476074 -0.708698 0.339377 0.618523 0.600000 0.874145
pine_bark.bmp
0 -54.197075 -13.289186 241.791687 -0.055779 -0.601954 0.796580 0.400000 0.495978
0 -98.433922 -21.791683 239.476074 -0.708698 0.339377 0.618523 0.600000 0.874145
0 -98.263351 -22.541502 239.430908 -0.516225 -0.572252 0.637212 0.400000 0.874145
pine_bark.bmp
0 -54.723507 -10.999658 241.833389 -0.314486 0.597675 0.737484 0.600000 0.495978
0 -54.334827 -10.361555 239.585114 -0.141200 0.898091 -0.416528 0.800000 0.495978
0 -98.454361 -21.599642 238.735321 -0.755960 0.581744 -0.300162 0.800000 0.874145
pine_bark.bmp
0 -54.723507 -10.999658 241.833389 -0.314486 0.597675 0.737484 0.600000 0.495978
0 -98.454361 -21.599642 238.735321 -0.755960 0.581744 -0.300162 0.800000 0.874145
0 -98.433922 -21.791683 239.476074 -0.708698 0.339377 0.618523 0.600000 0.874145
pine_bark.bmp
0 -54.334827 -10.361555 239.585114 -0.141200 0.898091 -0.416528 0.800000 0.495978
0 -53.615364 -12.201552 238.300537 0.182049 -0.001740 -0.983288 1.000000 0.495978
0 -98.307831 -22.184641 238.264801 -0.552027 -0.146732 -0.820814 1.000000 0.874145
pine_bark.bmp
0 -54.334827 -10.361555 239.585114 -0.141200 0.898091 -0.416528 0.800000 0.495978
0 -98.307831 -22.184641 238.264801 -0.552027 -0.146732 -0.820814 1.000000 0.874145
0 -98.454361 -21.599642 238.735321 -0.755960 0.581744 -0.300162 0.800000 0.874145
pine_bark.bmp
0 1.196723 0.000000 258.688507 0.835071 0.139205 -0.532239 0.950000 0.500000
0 -0.215652 3.034102 260.483551 0.478051 0.874886 -0.077728 0.639058 0.072025
0 -1.370651 1.911404 263.956787 0.194958 0.564587 0.802018 0.135942 0.235497
pine_bark.bmp
0 -1.370651 1.911404 263.956787 0.194958 0.564587 0.802018 0.135942 0.235497
0 -0.574723 -1.751226 264.031799 0.393616 -0.345097 0.852041 0.135942 0.764503
0 0.991728 -3.120291 260.930328 0.765373 -0.642135 0.043214 0.639058 0.927975
pine_bark.bmp
0 -1.370651 1.911404 263.956787 0.194958 0.564587 0.802018 0.135942 0.235497
0 0.991728 -3.120291 260.930328 0.765373 -0.642135 0.043214 0.639058 0.927975
0 1.196723 0.000000 258.688507 0.835071 0.139205 -0.532239 0.950000 0.500000
pine_bark.bmp
0 -98.454361 -21.599642 238.735321 -0.755960 0.581744 -0.300162 0.639058 0.072025
0 -98.307831 -22.184641 238.264801 -0.552027 -0.146732 -0.820814 0.950000 0.500000
0 -98.186058 -22.789062 238.737015 -0.423089 -0.879948 -0.216074 0.639058 0.927975
pine_bark.bmp
0 -98.186058 -22.789062 238.737015 -0.423089 -0.879948 -0.216074 0.639058 0.927975
0 -98.263351 -22.541502 239.430908 -0.516225 -0.572252 0.637212 0.135942 0.764503
0 -98.433922 -21.791683 239.476074 -0.708698 0.339377 0.618523 0.135942 0.235497
pine_bark.bmp
0 -98.186058 -22.789062 238.737015 -0.423089 -0.879948 -0.216074 0.639058 0.927975
0 -98.433922 -21.791683 239.476074 -0.708698 0.339377 0.618523 0.135942 0.235497
0 -98.454361 -21.599642 238.735321 -0.755960 0.581744 -0.300162 0.639058 0.072025
pine_needles.bmp
1 -65.416557 -16.515320 237.578094 -0.319236 -0.426966 0.846043 0.507500 0.507500
1 -34.039635 -39.975388 237.578094 -0.319236 -0.426966 0.846043 0.992500 0.507500
1 -3.413352 0.986069 269.805969 -0.319236 -0.426966 0.846043 0.992500 0.992500
pine_needles.bmp
1 -65.416557 -16.515320 237.578094 -0.319236 -0.426966 0.846043 0.507500 0.507500
1 -3.413352 0.986069 269.805969 -0.319236 -0.426966 0.846043 0.992500 0.992500
1 -34.790276 24.446136 269.805969 -0.319236 -0.426966 0.846043 0.507500 0.992500
pine_needles.bmp
1 -34.790276 24.446136 269.805969 0.319236 0.426966 -0.846043 0.507500 0.992500
1 -3.413352 0.986069 269.805969 0.319236 0.426966 -0.846043 0.992500 0.992500
1 -34.039635 -39.975388 237.578094 0.319236 0.426966 -0.846043 0.992500 0.507500
pine_needles.bmp
1 -34.790276 24.446136 269.805969 0.319236 0.426966 -0.846043 0.507500 0.992500
1 -34.039635 -39.975388 237.578094 0.319236 0.426966 -0.846043 0.992500 0.507500
1 -65.416557 -16.515320 237.578094 0.319236 0.426966 -0.846043 0.507500 0.507500
pine_needles.bmp
1 -28.270386 -36.817665 233.404816 0.538703 -0.402780 0.739978 0.007500 0.007500
1 -4.810318 -5.440747 233.404816 0.538703 -0.402780 0.739978 0.492500 0.007500
1 -40.559525 21.288418 273.979248 0.538703 -0.402780 0.739978 0.492500 0.492500
pine_needles.bmp
1 -28.270386 -36.817665 233.404816 0.538703 -0.402780 0.739978 0.007500 0.007500
1 -40.559525 21.288418 273.979248 0.538703 -0.402780 0.739978 0.492500 0.492500
1 -64.019592 -10.088503 273.979248 0.538703 -0.402780 0.739978 0.007500 0.492500
pine_needles.bmp
1 -64.019592 -10.088503 273.979248 -0.538703 0.402780 -0.739978 0.007500 0.492500
1 -40.559525 21.288418 273.979248 -0.538703 0.402780 -0.739978 0.492500 0.492500
1 -4.810318 -5.440747 233.404816 -0.538703 0.402780 -0.739978 0.492500 0.007500
pine_needles.bmp
1 -64.019592 -10.088503 273.979248 -0.538703 0.402780 -0.739978 0.007500 0.492500
1 -4.810318 -5.440747 233.404816 -0.538703 0.402780 -0.739978 0.492500 0.007500
1 -28.270386 -36.817665 233.404816 -0.538703 0.402780 -0.739978 0.007500 0.007500
pine_needles.bmp
1 -85.754791 -27.489100 227.339539 -0.271980 -0.615424 0.739784 0.007500 0.007500
1 -55.911377 -40.678055 227.339539 -0.271980 -0.615424 0.739784 0.492500 0.007500
1 -38.139038 -0.463549 267.327789 -0.271980 -0.615424 0.739784 0.492500 0.492500
pine_needles.bmp
1 -85.754791 -27.489100 227.339539 -0.271979 -0.615424 0.739784 0.007500 0.007500
1 -38.139038 -0.463549 267.327789 -0.271979 -0.615424 0.739784 0.492500 0.492500
1 -67.982452 12.725405 267.327789 -0.271979 -0.615424 0.739784 0.007500 0.492500
pine_needles.bmp
1 -67.982452 12.725405 267.327789 0.271979 0.615424 -0.739784 0.007500 0.492500
1 -38.139038 -0.463549 267.327789 0.271979 0.615424 -0.739784 0.492500 0.492500
1 -55.911377 -40.678055 227.339539 0.271979 0.615424 -0.739784 0.492500 0.007500
pine_needles.bmp
1 -67.982452 12.725405 267.327789 0.271980 0.615424 -0.739784 0.007500 0.492500
1 -55.911377 -40.678055 227.339539 0.271980 0.615424 -0.739784 0.492500 0.007500
1 -85.754791 -27.489100 227.339539 0.271980 0.615424 -0.739784 0.007500 0.007500
pine_needles.bmp
1 -44.449192 -39.545300 233.386002 0.428029 -0.189162 0.883747 0.507500 0.007500
1 -31.260242 -9.701889 233.386002 0.428029 -0.189162 0.883747 0.992500 0.007500
1 -79.444641 11.592651 261.281342 0.428029 -0.189162 0.883747 0.992500 0.492500
pine_needles.bmp
1 -44.449192 -39.545300 233.386002 0.428029 -0.189162 0.883747 0.507500 0.007500
1 -79.444641 11.592651 261.281342 0.428029 -0.189162 0.883747 0.992500 0.492500
1 -92.633591 -18.250759 261.281342 0.428029 -0.189162 0.883747 0.507500 0.492500
pine_needles.bmp
1 -92.633591 -18.250759 261.281342 -0.428029 0.189162 -0.883747 0.507500 0.492500
1 -79.444641 11.592651 261.281342 -0.428029 0.189162 -0.883747 0.992500 0.492500
1 -31.260242 -9.701889 233.386002 -0.428029 0.189162 -0.883747 0.992500 0.007500
pine_needles.bmp
1 -92.633591 -18.250759 261.281342 -0.428029 0.189162 -0.883747 0.507500 0.492500
1 -31.260242 -9.701889 233.386002 -0.428029 0.189162 -0.883747 0.992500 0.007500
1 -44.449192 -39.545300 233.386002 -0.428029 0.189162 -0.883747 0.507500 0.007500
pine_needles.bmp
1 -84.715714 12.128534 222.518692 -0.333937 0.504101 0.796473 0.507500 0.507500
1 -121.093903 -11.969875 222.518692 -0.333937 0.504101 0.796473 0.992500 0.507500
1 -94.242050 -52.504581 259.431946 -0.333937 0.504101 0.796473 0.992500 0.992500
pine_needles.bmp
1 -84.715714 12.128534 222.518692 -0.333937 0.504101 0.796473 0.507500 0.507500
1 -94.242050 -52.504581 259.431946 -0.333937 0.504101 0.796473 0.992500 0.992500
1 -57.863857 -28.406172 259.431946 -0.333937 0.504101 0.796473 0.507500 0.992500
pine_needles.bmp
1 -57.863857 -28.406172 259.431946 0.333937 -0.504101 -0.796473 0.507500 0.992500
1 -94.242050 -52.504581 259.431946 0.333937 -0.504101 -0.796473 0.992500 0.992500
1 -121.093903 -11.969875 222.518692 0.333937 -0.504101 -0.796473 0.992500 0.507500
pine_needles.bmp
1 -57.863857 -28.406172 259.431946 0.333937 -0.504101 -0.796473 0.507500 0.992500
1 -121.093903 -11.969875 222.518692 0.333937 -0.504101 -0.796473 0.992500 0.507500
1 -84.715714 12.128534 222.518692 0.333937 -0.504101 -0.796473 0.507500 0.507500
pine_needles.bmp
1 -122.158768 -15.665542 223.092209 -0.488295 -0.323467 0.810517 0.507500 0.507500
1 -98.060349 -52.043728 223.092209 -0.488295 -0.323467 0.810517 0.992500 0.507500
1 -56.798996 -24.710506 258.858429 -0.488295 -0.323467 0.810517 0.992500 0.992500
pine_needles.bmp
1 -122.158768 -15.665542 223.092209 -0.488295 -0.323467 0.810517 0.507500 0.507500
1 -56.798996 -24.710506 258.858429 -0.488295 -0.323467 0.810517 0.992500 0.992500
1 -80.897415 11.667678 258.858429 -0.488295 -0.323467 0.810517 0.507500 0.992500
pine_needles.bmp
1 -80.897415 11.667678 258.858429 0.488295 0.323467 -0.810517 0.507500 0.992500
1 -56.798996 -24.710506 258.858429 0.488295 0.323467 -0.810517 0.992500 0.992500
1 -98.060349 -52.043728 223.092209 0.488295 0.323467 -0.810517 0.992500 0.507500
pine_needles.bmp
1 -80.897415 11.667678 258.858429 0.488295 0.323467 -0.810517 0.507500 0.992500
1 -98.060349 -52.043728 223.092209 0.488295 0.323467 -0.810517 0.992500 0.507500
1 -122.158768 -15.665542 223.092209 0.488295 0.323467 -0.810517 0.507500 0.507500
pine_bark.bmp
0 1.878411 0.000000 259.057770 0.728447 0.503368 -0.464743 0.000000 0.000000
0 2.628551 -1.987916 262.244751 0.944752 -0.022987 0.326978 0.200000 0.000000
0 -28.429886 -47.648327 240.297180 0.816395 -0.577320 -0.014170 0.200000 0.495978
pine_bark.bmp
0 1.878411 0.000000 259.057770 0.728447 0.503368 -0.464743 0.000000 0.000000
0 -28.429886 -47.648327 240.297180 0.816395 -0.577320 -0.014170 0.200000 0.495978
0 -29.353027 -46.529144 238.404663 0.354828 -0.037057 -0.934197 0.000000 0.495978
pine_bark.bmp
0 2.628551 -1.987916 262.244751 0.944752 -0.022987 0.326978 0.200000 0.000000
0 -0.300508 -1.115694 264.420441 0.268843 0.146442 0.951986 0.400000 0.000000
0 -29.896452 -47.169308 242.007965 0.131146 -0.342649 0.930265 0.400000 0.495978
pine_bark.bmp
0 2.628551 -1.987916 262.244751 0.944752 -0.022987 0.326978 0.200000 0.000000
0 -29.896452 -47.169308 242.007965 0.131146 -0.342649 0.930265 0.400000 0.495978
0 -28.429886 -47.648327 240.297180 0.816395 -0.577320 -0.014170 0.200000 0.495978
pine_bark.bmp
0 -0.300508 -1.115694 264.420441 0.268843 0.146442 0.951986 0.400000 0.000000
0 -2.808033 1.217742 262.916107 -0.374559 0.717091 0.587781 0.600000 0.000000
0 -31.727390 -45.821728 241.421738 -0.779970 0.363622 0.509338 0.600000 0.495978
pine_bark.bmp
0 -0.300508 -1.115694 264.420441 0.268843 0.146442 0.951986 0.400000 0.000000
0 -31.727390 -45.821728 241.421738 -0.779970 0.363622 0.509338 0.600000 0.495978
0 -29.896452 -47.169308 242.007965 0.131146 -0.342649 0.930265 0.400000 0.495978
pine_bark.bmp
0 -2.808033 1.217742 262.916107 -0.374559 0.717091 0.587781 0.600000 0.000000
0 -1.380792 1.933006 259.436401 -0.079474 0.946578 -0.312528 0.800000 0.000000
0 -31.328043 -45.446148 239.118271 -0.566442 0.506179 -0.650328 0.800000 0.495978
pine_bark.bmp
0 -2.808033 1.217742 262.916107 -0.374559 0.717091 0.587781 0.600000 0.000000
0 -31.328043 -45.446148 239.118271 -0.566442 0.506179 -0.650328 0.800000 0.495978
0 -31.727390 -45.821728 241.421738 -0.779970 0.363622 0.509338 0.600000 0.495978
pine_bark.bmp
0 -1.380792 1.933006 259.436401 -0.079474 0.946578 -0.312528 0.800000 0.000000
0 1.878411 0.000000 259.057770 0.728447 0.503368 -0.464743 1.000000 0.000000
0 -29.353027 -46.529144 238.404663 0.354828 -0.037057 -0.934197 1.000000 0.495978
pine_bark.bmp
0 -1.380792 1.933006 259.436401 -0.079474 0.946578 -0.312528 0.800000 0.000000
0 -29.353027 -46.529144 238.404663 0.354828 -0.037057 -0.934197 1.000000 0.495978
0 -31.328043 -45.446148 239.118271 -0.566442 0.506179 -0.650328 0.800000 0.495978
pine_bark.bmp
0 -29.353027 -46.529144 238.404663 0.354828 -0.037057 -0.934197 0.000000 0.495978
0 -28.429886 -47.648327 240.297180 0.816395 -0.577320 -0.014170 0.200000 0.495978
0 -54.276413 -84.935684 238.761154 0.329302 -0.943137 -0.045307 0.200000 0.874145
pine_bark.bmp
0 -29.353027 -46.529144 238.404663 0.354828 -0.037057 -0.934197 0.000000 0.495978
0 -54.276413 -84.935684 238.761154 0.329302 -0.943137 -0.045307 0.200000 0.874145
0 -54.769493 -84.598442 238.265488 -0.149759 -0.584870 -0.797182 0.000000 0.874145
pine_bark.bmp
0 -28.429886 -47.648327 240.297180 0.816395 -0.577320 -0.014170 0.200000 0.495978
0 -29.896452 -47.169308 242.007965 0.131146 -0.342649 0.930265 0.400000 0.495978
0 -54.527515 -84.797554 239.444519 -0.097264 -0.689045 0.718162 0.400000 0.874145
pine_bark.bmp
0 -28.429886 -47.648327 240.297180 0.816395 -0.577320 -0.014170 0.200000 0.495978
0 -54.527515 -84.797554 239.444519 -0.097264 -0.689045 0.718162 0.400000 0.874145
0 -54.276413 -84.935684 238.761154 0.329302 -0.943137 -0.045307 0.200000 0.874145
pine_bark.bmp
0 -29.896452 -47.169308 242.007965 0.131146 -0.342649 0.930265 0.400000 0.495978
0 -31.727390 -45.821728 241.421738 -0.779970 0.363622 0.509338 0.600000 0.495978
0 -55.174152 -84.379189 239.459930 -0.847863 -0.183614 0.497407 0.600000 0.874145
pine_bark.bmp
0 -29.896452 -47.169308 242.007965 0.131146 -0.342649 0.930265 0.400000 0.495978
0 -55.174152 -84.379189 239.459930 -0.847863 -0.183614 0.497407 0.600000 0.874145
0 -54.527515 -84.797554 239.444519 -0.097264 -0.689045 0.718162 0.400000 0.874145
pine_bark.bmp
0 -31.727390 -45.821728 241.421738 -0.779970 0.363622 0.509338 0.600000 0.495978
0 -31.328043 -45.446148 239.118271 -0.566442 0.506179 -0.650328 0.800000 0.495978
0 -55.298100 -84.272041 238.712326 -0.878674 -0.150256 -0.453162 0.800000 0.874145
pine_bark.bmp
0 -31.727390 -45.821728 241.421738 -0.779970 0.363622 0.509338 0.600000 0.495978
0 -55.298100 -84.272041 238.712326 -0.878674 -0.150256 -0.453162 0.800000 0.874145
0 -55.174152 -84.379189 239.459930 -0.847863 -0.183614 0.497407 0.600000 0.874145
pine_bark.bmp
0 -31.328043 -45.446148 239.118271 -0.566442 0.506179 -0.650328 0.800000 0.495978
0 -29.353027 -46.529144 238.404663 0.354828 -0.037057 -0.934197 1.000000 0.495978
0 -54.769493 -84.598442 238.265488 -0.149759 -0.584870 -0.797182 1.000000 0.874145
pine_bark.bmp
0 -31.328043 -45.446148 239.118271 -0.566442 0.506179 -0.650328 0.800000 0.495978
0 -54.769493 -84.598442 238.265488 -0.149759 -0.584870 -0.797182 1.000000 0.874145
0 -55.298100 -84.272041 238.712326 -0.878674 -0.150256 -0.453162 0.800000 0.874145
pine_bark.bmp
0 1.878411 0.000000 259.057770 0.728447 0.503368 -0.464743 0.950000 0.500000
0 -1.380792 1.933006 259.436401 -0.079474 0.946578 -0.312528 0.639058 0.072025
0 -2.808033 1.217742 262.916107 -0.374559 0.717091 0.587781 0.135942 0.235497
pine_bark.bmp
0 -2.808033 1.217742 262.916107 -0.374559 0.717091 0.587781 0.135942 0.235497
0 -0.300508 -1.115694 264.420441 0.268843 0.146442 0.951986 0.135942 0.764503
0 2.628551 -1.987916 262.244751 0.944752 -0.022987 0.326978 0.639058 0.927975
pine_bark.bmp
0 -2.808033 1.217742 262.916107 -0.374559 0.717091 0.587781 0.135942 0.235497
0 2.628551 -1.987916 262.244751 0.944752 -0.022987 0.326978 0.639058 0.927975
0 1.878411 0.000000 259.057770 0.728447 0.503368 -0.464743 0.950000 0.500000
pine_bark.bmp
0 -55.298100 -84.272041 238.712326 -0.878674 -0.150256 -0.453162 0.639058 0.072025
0 -54.769493 -84.598442 238.265488 -0.149759 -0.584870 -0.797182 0.950000 0.500000
0 -54.276413 -84.935684 238.761154 0.329302 -0.943137 -0.045307 0.639058 0.927975
pine_bark.bmp
0 -54.276413 -84.935684 238.761154 0.329302 -0.943137 -0.045307 0.639058 0.927975
0 -54.527515 -84.797554 239.444519 -0.097264 -0.689045 0.718162 0.135942 0.764503
0 -55.174152 -84.379189 239.459930 -0.847863 -0.183614 0.497407 0.135942 0.235497
pine_bark.bmp
0 -54.276413 -84.935684 238.761154 0.329302 -0.943137 -0.045307 0.639058 0.927975
0 -55.174152 -84.379189 239.459930 -0.847863 -0.183614 0.497407 0.135942 0.235497
0 -55.298100 -84.272041 238.712326 -0.878674 -0.150256 -0.453162 0.639058 0.072025
pine_needles.bmp
1 -0.795042 -49.624020 237.392960 0.593644 -0.104422 0.797924 0.007500 0.507500
1 4.931074 -17.070734 237.392960 0.593644 -0.104422 0.797924 0.492500 0.507500
1 -37.569458 -9.594896 269.991119 0.593644 -0.104422 0.797924 0.492500 0.992500
pine_needles.bmp
1 -0.795042 -49.624020 237.392960 0.593645 -0.104422 0.797924 0.007500 0.507500
1 -37.569458 -9.594896 269.991119 0.593645 -0.104422 0.797924 0.492500 0.992500
1 -43.295570 -42.148182 269.991119 0.593645 -0.104422 0.797924 0.007500 0.992500
pine_needles.bmp
1 -43.295570 -42.148182 269.991119 -0.593644 0.104422 -0.797924 0.007500 0.992500
1 -37.569458 -9.594896 269.991119 -0.593644 0.104422 -0.797924 0.492500 0.992500
1 4.931074 -17.070734 237.392960 -0.593644 0.104422 -0.797924 0.492500 0.507500
pine_needles.bmp
1 -43.295570 -42.148182 269.991119 -0.593644 0.104422 -0.797924 0.007500 0.992500
1 4.931074 -17.070734 237.392960 -0.593644 0.104422 -0.797924 0.492500 0.507500
1 -0.795042 -49.624020 237.392960 -0.593644 0.104422 -0.797924 0.007500 0.507500
pine_needles.bmp
1 -0.545875 -19.057312 230.483978 0.149408 0.849391 0.506174 0.007500 0.507500
1 -33.099159 -13.331196 230.483978 0.149408 0.849391 0.506174 0.492500 0.507500
1 -37.818626 -40.161602 276.900085 0.149408 0.849391 0.506174 0.492500 0.992500
pine_needles.bmp
1 -0.545875 -19.057312 230.483978 0.149408 0.849391 0.506174 0.007500 0.507500
1 -37.818626 -40.161602 276.900085 0.149408 0.849391 0.506174 0.492500 0.992500
1 -5.265340 -45.887718 276.900085 0.149408 0.849391 0.506174 0.007500 0.992500
pine_needles.bmp
1 -5.265340 -45.887718 276.900085 -0.149408 -0.849391 -0.506174 0.007500 0.992500
1 -37.818626 -40.161602 276.900085 -0.149408 -0.849391 -0.506174 0.492500 0.992500
1 -33.099159 -13.331196 230.483978 -0.149408 -0.849391 -0.506174 0.492500 0.507500
pine_needles.bmp
1 -5.265340 -45.887718 276.900085 -0.149408 -0.849391 -0.506174 0.007500 0.992500
1 -33.099159 -13.331196 230.483978 -0.149408 -0.849391 -0.506174 0.492500 0.507500
1 -0.545875 -19.057312 230.483978 -0.149408 -0.849391 -0.506174 0.007500 0.507500
pine_needles.bmp
1 -28.065668 -81.575722 225.366440 0.566396 -0.420950 0.708518 0.007500 0.007500
1 -5.587084 -51.330345 225.366440 0.566396 -0.420950 0.708518 0.492500 0.007500
1 -40.990425 -25.018324 269.300903 0.566396 -0.420950 0.708518 0.492500 0.492500
pine_needles.bmp
1 -28.065668 -81.575722 225.366440 0.566396 -0.420950 0.708518 0.007500 0.007500
1 -40.990425 -25.018324 269.300903 0.566396 -0.420950 0.708518 0.492500 0.492500
1 -63.469009 -55.263695 269.300903 0.566396 -0.420950 0.708518 0.007500 0.492500
pine_needles.bmp
1 -63.469009 -55.263695 269.300903 -0.566396 0.420950 -0.708518 0.007500 0.492500
1 -40.990425 -25.018324 269.300903 -0.566396 0.420950 -0.708518 0.492500 0.492500
1 -5.587084 -51.330345 225.366440 -0.566396 0.420950 -0.708518 0.492500 0.007500
pine_needles.bmp
1 -63.469009 -55.263695 269.300903 -0.566396 0.420949 -0.708518 0.007500 0.492500
1 -5.587084 -51.330345 225.366440 -0.566396 0.420949 -0.708518 0.492500 0.007500
1 -28.065668 -81.575722 225.366440 -0.566396 0.420949 -0.708518 0.007500 0.007500
pine_needles.bmp
1 -7.431072 -48.424679 223.586731 0.455548 0.612949 0.645577 0.507500 0.007500
1 -37.676441 -25.946091 223.586731 0.455548 0.612949 0.645577 0.992500 0.007500
1 -61.625019 -58.169365 271.080597 0.455548 0.612949 0.645577 0.992500 0.492500
pine_needles.bmp
1 -7.431072 -48.424679 223.586731 0.455548 0.612949 0.645577 0.507500 0.007500
1 -61.625019 -58.169365 271.080597 0.455548 0.612949 0.645577 0.992500 0.492500
1 -31.379650 -80.647949 271.080597 0.455548 0.612949 0.645577 0.507500 0.492500
pine_needles.bmp
1 -31.379650 -80.647949 271.080597 -0.455548 -0.612949 -0.645577 0.507500 0.492500
1 -61.625019 -58.169365 271.080597 -0.455548 -0.612949 -0.645577 0.992500 0.492500
1 -37.676441 -25.946091 223.586731 -0.455548 -0.612949 -0.645577 0.992500 0.007500
pine_needles.bmp
1 -31.379650 -80.647949 271.080597 -0.455548 -0.612949 -0.645577 0.507500 0.492500
1 -37.676441 -25.946091 223.586731 -0.455548 -0.612949 -0.645577 0.992500 0.007500
1 -7.431072 -48.424679 223.586731 -0.455548 -0.612949 -0.645577 0.507500 0.007500
pine_needles.bmp
1 -42.739876 -99.756401 218.270676 0.694020 -0.387540 0.606753 0.507500 0.007500
1 -26.744680 -71.111687 218.270676 0.694020 -0.387540 0.606753 0.992500 0.007500
1 -57.007820 -54.212761 263.679962 0.694020 -0.387540 0.606753 0.992500 0.492500
pine_needles.bmp
1 -42.739876 -99.756401 218.270676 0.694020 -0.387540 0.606753 0.507500 0.007500
1 -57.007820 -54.212761 263.679962 0.694020 -0.387540 0.606753 0.992500 0.492500
1 -73.003014 -82.857475 263.679962 0.694020 -0.387540 0.606753 0.507500 0.492500
pine_needles.bmp
1 -73.003014 -82.857475 263.679962 -0.694020 0.387540 -0.606753 0.507500 0.492500
1 -57.007820 -54.212761 263.679962 -0.694020 0.387540 -0.606753 0.992500 0.492500
1 -26.744680 -71.111687 218.270676 -0.694020 0.387540 -0.606753 0.992500 0.007500
pine_needles.bmp
1 -73.003014 -82.857475 263.679962 -0.694020 0.387540 -0.606753 0.507500 0.492500
1 -26.744680 -71.111687 218.270676 -0.694020 0.387540 -0.606753 0.992500 0.007500
1 -42.739876 -99.756401 218.270676 -0.694020 0.387540 -0.606753 0.507500 0.007500
pine_needles.bmp
1 -22.923782 -62.368065 228.552048 0.210847 0.377592 0.901647 0.507500 0.507500
1 -51.568497 -46.372871 228.552048 0.210847 0.377592 0.901647 0.992500 0.507500
1 -76.823914 -91.601097 253.398621 0.210847 0.377592 0.901647 0.992500 0.992500
pine_needles.bmp
1 -22.923782 -62.368065 228.552048 0.210847 0.377592 0.901647 0.507500 0.507500
1 -76.823914 -91.601097 253.398621 0.210847 0.377592 0.901647 0.992500 0.992500
1 -48.179199 -107.596291 253.398621 0.210847 0.377592 0.901647 0.507500 0.992500
pine_needles.bmp
1 -48.179199 -107.596291 253.398621 -0.210847 -0.377592 -0.901647 0.507500 0.992500
1 -76.823914 -91.601097 253.398621 -0.210847 -0.377592 -0.901647 0.992500 0.992500
1 -51.568497 -46.372871 228.552048 -0.210847 -0.377592 -0.901647 0.992500 0.507500
pine_needles.bmp
1 -48.179199 -107.596291 253.398621 -0.210847 -0.377592 -0.901647 0.507500 0.992500
1 -51.568497 -46.372871 228.552048 -0.210847 -0.377592 -0.901647 0.992500 0.507500
1 -22.923782 -62.368065 228.552048 -0.210847 -0.377592 -0.901647 0.507500 0.507500
pine_bark.bmp
0 3.075996 0.000000 262.580048 0.688686 0.530338 0.494422 0.000000 0.000000
0 0.117822 -1.213956 264.722687 -0.106378 0.233392 0.966546 0.200000 0.000000
0 6.378727 -55.523548 242.200638 -0.237325 -0.252139 0.938138 0.200000 0.495978
pine_bark.bmp
0 3.075996 0.000000 262.580048 0.688686 0.530338 0.494422 0.000000 0.000000
0 6.378727 -55.523548 242.200638 -0.237325 -0.252139 0.938138 0.200000 0.495978
0 8.506964 -55.033440 241.208679 0.895707 0.011804 0.444489 0.000000 0.495978
pine_bark.bmp
0 0.117822 -1.213956 264.722687 -0.106378 0.233392 0.966546 0.200000 0.000000
0 -2.841757 -0.681318 262.481354 -0.831788 0.388098 0.396873 0.400000 0.000000
0 4.842917 -55.313778 240.496277 -0.983845 -0.177628 0.022285 0.400000 0.495978
pine_bark.bmp
0 0.117822 -1.213956 264.722687 -0.106378 0.233392 0.966546 0.200000 0.000000
0 4.842917 -55.313778 240.496277 -0.983845 -0.177628 0.022285 0.400000 0.495978
0 6.378727 -55.523548 242.200638 -0.237325 -0.252139 0.938138 0.200000 0.495978
pine_bark.bmp
0 -2.841757 -0.681318 262.481354 -0.831788 0.388098 0.396873 0.400000 0.000000
0 -2.033726 0.743636 259.152069 -0.532018 0.733932 -0.422256 0.600000 0.000000
0 5.762685 -54.723648 238.442581 -0.396261 0.102305 -0.912420 0.600000 0.495978
pine_bark.bmp
0 -2.841757 -0.681318 262.481354 -0.831788 0.388098 0.396873 0.400000 0.000000
0 5.762685 -54.723648 238.442581 -0.396261 0.102305 -0.912420 0.600000 0.495978
0 4.842917 -55.313778 240.496277 -0.983845 -0.177628 0.022285 0.400000 0.495978
pine_bark.bmp
0 -2.033726 0.743636 259.152069 -0.532018 0.733932 -0.422256 0.600000 0.000000
0 1.809807 1.180424 259.230530 0.431693 0.827658 -0.358642 0.800000 0.000000
0 8.096227 -54.559177 238.956741 0.710989 0.214931 -0.669552 0.800000 0.495978
pine_bark.bmp
0 -2.033726 0.743636 259.152069 -0.532018 0.733932 -0.422256 0.600000 0.000000
0 8.096227 -54.559177 238.956741 0.710989 0.214931 -0.669552 0.800000 0.495978
0 5.762685 -54.723648 238.442581 -0.396261 0.102305 -0.912420 0.600000 0.495978
pine_bark.bmp
0 1.809807 1.180424 259.230530 0.431693 0.827658 -0.358642 0.800000 0.000000
0 3.075996 0.000000 262.580048 0.688686 0.530338 0.494422 1.000000 0.000000
0 8.506964 -55.033440 241.208679 0.895707 0.011804 0.444489 1.000000 0.495978
pine_bark.bmp
0 1.809807 1.180424 259.230530 0.431693 0.827658 -0.358642 0.800000 0.000000
0 8.506964 -55.033440 241.208679 0.895707 0.011804 0.444489 1.000000 0.495978
0 8.096227 -54.559177 238.956741 0.710989 0.214931 -0.669552 0.800000 0.495978
pine_bark.bmp
0 8.506964 -55.033440 241.208679 0.895707 0.011804 0.444489 0.000000 0.495978
0 6.378727 -55.523548 242.200638 -0.237325 -0.252139 0.938138 0.200000 0.495978
0 11.636280 -100.137901 239.269684 -0.243224 -0.666270 0.704930 0.200000 0.874145
pine_bark.bmp
0 8.506964 -55.033440 241.208679 0.895707 0.011804 0.444489 0.000000 0.495978
0 11.636280 -100.137901 239.269684 -0.243224 -0.666270 0.704930 0.200000 0.874145
0 12.346632 -100.060799 239.579315 0.680941 -0.540128 0.494552 0.000000 0.874145
pine_bark.bmp
0 6.378727 -55.523548 242.200638 -0.237325 -0.252139 0.938138 0.200000 0.495978
0 4.842917 -55.313778 240.496277 -0.983845 -0.177628 0.022285 0.400000 0.495978
0 11.712284 -100.106323 238.534546 -0.705609 -0.704554 -0.075627 0.400000 0.874145
pine_bark.bmp
0 6.378727 -55.523548 242.200638 -0.237325 -0.252139 0.938138 0.200000 0.495978
0 11.712284 -100.106323 238.534546 -0.705609 -0.704554 -0.075627 0.400000 0.874145
0 11.636280 -100.137901 239.269684 -0.243224 -0.666270 0.704930 0.200000 0.874145
pine_bark.bmp
0 4.842917 -55.313778 240.496277 -0.983845 -0.177628 0.022285 0.400000 0.495978
0 5.762685 -54.723648 238.442581 -0.396261 0.102305 -0.912420 0.600000 0.495978
0 12.440666 -100.010674 238.305710 -0.121414 -0.593768 -0.795423 0.600000 0.874145
pine_bark.bmp
0 4.842917 -55.313778 240.496277 -0.983845 -0.177628 0.022285 0.400000 0.495978
0 12.440666 -100.010674 238.305710 -0.121414 -0.593768 -0.795423 0.600000 0.874145
0 11.712284 -100.106323 238.534546 -0.705609 -0.704554 -0.075627 0.400000 0.874145
pine_bark.bmp
0 5.762685 -54.723648 238.442581 -0.396261 0.102305 -0.912420 0.600000 0.495978
0 8.096227 -54.559177 238.956741 0.710989 0.214931 -0.669552 0.800000 0.495978
0 12.809466 -99.986176 238.977936 0.738358 -0.521195 -0.427999 0.800000 0.874145
pine_bark.bmp
0 5.762685 -54.723648 238.442581 -0.396261 0.102305 -0.912420 0.600000 0.495978
0 12.809466 -99.986176 238.977936 0.738358 -0.521195 -0.427999 0.800000 0.874145
0 12.440666 -100.010674 238.305710 -0.121414 -0.593768 -0.795423 0.600000 0.874145
pine_bark.bmp
0 8.096227 -54.559177 238.956741 0.710989 0.214931 -0.669552 0.800000 0.495978
0 8.506964 -55.033440 241.208679 0.895707 0.011804 0.444489 1.000000 0.495978
0 12.346632 -100.060799 239.579315 0.680941 -0.540128 0.494552 1.000000 0.874145
pine_bark.bmp
0 8.096227 -54.559177 238.956741 0.710989 0.214931 -0.669552 0.800000 0.495978
0 12.346632 -100.060799 239.579315 0.680941 -0.540128 0.494552 1.000000 0.874145
0 12.809466 -99.986176 238.977936 0.738358 -0.521195 -0.427999 0.800000 0.874145
pine_bark.bmp
0 3.075996 0.000000 262.580048 0.688686 0.530338 0.494422 0.950000 0.500000
0 1.809807 1.180424 259.230530 0.431693 0.827658 -0.358642 0.639058 0.072025
0 -2.033726 0.743636 259.152069 -0.532018 0.733932 -0.422256 0.135942 0.235497
pine_bark.bmp
0 -2.033726 0.743636 259.152069 -0.532018 0.733932 -0.422256 0.135942 0.235497
0 -2.841757 -0.681318 262.481354 -0.831788 0.388098 0.396873 0.135942 0.764503
0 0.117822 -1.213956 264.722687 -0.106378 0.233392 0.966546 0.639058 0.927975
pine_bark.bmp
0 -2.033726 0.743636 259.152069 -0.532018 0.733932 -0.422256 0.135942 0.235497
0 0.117822 -1.213956 264.722687 -0.106378 0.233392 0.966546 0.639058 0.927975
0 3.075996 0.000000 262.580048 0.688686 0.530338 0.494422 0.950000 0.500000
pine_bark.bmp
0 12.809466 -99.986176 238.977936 0.738358 -0.521195 -0.427999 0.639058 0.072025
0 12.346632 -100.060799 239.579315 0.680941 -0.540128 0.494552 0.950000 0.500000
0 11.636280 -100.137901 239.269684 -0.243224 -0.666270 0.704930 0.639058 0.927975
pine_bark.bmp
0 11.636280 -100.137901 239.269684 -0.243224 -0.666270 0.704930 0.639058 0.927975
0 11.712284 -100.106323 238.534546 -0.705609 -0.704554 -0.075627 0.135942 0.764503
0 12.440666 -100.010674 238.305710 -0.121414 -0.593768 -0.795423 0.135942 0.235497
pine_bark.bmp
0 11.636280 -100.137901 239.269684 -0.243224 -0.666270 0.704930 0.639058 0.927975
0 12.440666 -100.010674 238.305710 -0.121414 -0.593768 -0.795423 0.135942 0.235497
0 12.809466 -99.986176 238.977936 0.738358 -0.521195 -0.427999 0.639058 0.072025
pine_needles.bmp
1 4.810925 -62.636467 233.078217 0.461090 -0.524929 0.715434 0.507500 0.507500
1 31.579008 -39.123756 233.078217 0.461090 -0.524929 0.715434 0.992500 0.507500
1 3.718653 -7.406096 274.305847 0.461090 -0.524929 0.715434 0.992500 0.992500
pine_needles.bmp
1 4.810925 -62.636467 233.078217 0.461090 -0.524929 0.715434 0.507500 0.507500
1 3.718653 -7.406096 274.305847 0.461090 -0.524929 0.715434 0.992500 0.992500
1 -23.049431 -30.918808 274.305847 0.461090 -0.524929 0.715434 0.507500 0.992500
pine_needles.bmp
1 -23.049431 -30.918808 274.305847 -0.461090 0.524929 -0.715434 0.507500 0.992500
1 3.718653 -7.406096 274.305847 -0.461090 0.524929 -0.715434 0.992500 0.992500
1 31.579008 -39.123756 233.078217 -0.461090 0.524929 -0.715434 0.992500 0.507500
pine_needles.bmp
1 -23.049431 -30.918808 274.305847 -0.461090 0.524929 -0.715434 0.507500 0.992500
1 31.579008 -39.123756 233.078217 -0.461090 0.524929 -0.715434 0.992500 0.507500
1 4.810925 -62.636467 233.078217 -0.461090 0.524929 -0.715434 0.507500 0.507500
pine_needles.bmp
1 29.363735 -36.685375 230.201187 0.599322 0.526436 0.603057 0.507500 0.007500
1 5.851024 -9.917294 230.201187 0.599322 0.526436 0.603057 0.992500 0.007500
1 -20.834160 -33.357189 277.182861 0.599322 0.526436 0.603057 0.992500 0.492500
pine_needles.bmp
1 29.363735 -36.685375 230.201187 0.599322 0.526436 0.603057 0.507500 0.007500
1 -20.834160 -33.357189 277.182861 0.599322 0.526436 0.603057 0.992500 0.492500
1 2.678554 -60.125271 277.182861 0.599322 0.526436 0.603057 0.507500 0.492500
pine_needles.bmp
1 2.678554 -60.125271 277.182861 -0.599322 -0.526436 -0.603057 0.507500 0.492500
1 -20.834160 -33.357189 277.182861 -0.599322 -0.526436 -0.603057 0.992500 0.492500
1 5.851024 -9.917294 230.201187 -0.599322 -0.526436 -0.603057 0.992500 0.007500
pine_needles.bmp
1 2.678554 -60.125271 277.182861 -0.599322 -0.526436 -0.603057 0.507500 0.492500
1 5.851024 -9.917294 230.201187 -0.599322 -0.526436 -0.603057 0.992500 0.007500
1 29.363735 -36.685375 230.201187 -0.599322 -0.526436 -0.603057 0.507500 0.007500
pine_needles.bmp
1 8.225317 -97.462448 228.502579 0.419178 -0.430568 0.799313 0.507500 0.007500
1 42.073685 -64.509521 228.502579 0.419178 -0.430568 0.799313 0.992500 0.007500
1 7.127920 -28.614162 266.164764 0.419178 -0.430568 0.799313 0.992500 0.492500
pine_needles.bmp
1 8.225317 -97.462448 228.502579 0.419178 -0.430568 0.799313 0.507500 0.007500
1 7.127920 -28.614162 266.164764 0.419178 -0.430568 0.799313 0.992500 0.492500
1 -26.720449 -61.567081 266.164764 0.419178 -0.430568 0.799313 0.507500 0.492500
pine_needles.bmp
1 -26.720449 -61.567081 266.164764 -0.419178 0.430568 -0.799313 0.507500 0.492500
1 7.127920 -28.614162 266.164764 -0.419178 0.430568 -0.799313 0.992500 0.492500
1 42.073685 -64.509521 228.502579 -0.419178 0.430568 -0.799313 0.992500 0.007500
pine_needles.bmp
1 -26.720449 -61.567081 266.164764 -0.419178 0.430568 -0.799313 0.507500 0.492500
1 42.073685 -64.509521 228.502579 -0.419178 0.430568 -0.799313 0.992500 0.007500
1 8.225317 -97.462448 228.502579 -0.419178 0.430568 -0.799313 0.507500 0.007500
pine_needles.bmp
1 33.083572 -71.268250 218.789093 0.656653 0.639282 0.400157 0.507500 0.007500
1 0.130649 -37.419884 218.789093 0.656653 0.639282 0.400157 0.992500 0.007500
1 -17.730335 -54.808357 275.878235 0.656653 0.639282 0.400157 0.992500 0.492500
pine_needles.bmp
1 33.083572 -71.268250 218.789093 0.656653 0.639282 0.400157 0.507500 0.007500
1 -17.730335 -54.808357 275.878235 0.656653 0.639282 0.400157 0.992500 0.492500
1 15.222589 -88.656723 275.878235 0.656653 0.639282 0.400157 0.507500 0.492500
pine_needles.bmp
1 15.222589 -88.656723 275.878235 -0.656653 -0.639282 -0.400157 0.507500 0.492500
1 -17.730335 -54.808357 275.878235 -0.656653 -0.639282 -0.400157 0.992500 0.492500
1 0.130649 -37.419884 218.789093 -0.656653 -0.639282 -0.400157 0.992500 0.007500
pine_needles.bmp
1 15.222589 -88.656723 275.878235 -0.656653 -0.639282 -0.400157 0.507500 0.492500
1 0.130649 -37.419884 218.789093 -0.656653 -0.639282 -0.400157 0.992500 0.007500
1 33.083572 -71.268250 218.789093 -0.656653 -0.639282 -0.400157 0.507500 0.007500
pine_needles.bmp
1 10.234126 -117.105148 213.148376 0.709679 -0.525066 0.469745 0.507500 0.507500
1 35.749176 -82.619003 213.148376 0.709679 -0.525066 0.469745 0.992500 0.507500
1 11.942772 -65.005508 268.802277 0.709679 -0.525066 0.469745 0.992500 0.992500
pine_needles.bmp
1 10.234126 -117.105148 213.148376 0.709679 -0.525066 0.469745 0.507500 0.507500
1 11.942772 -65.005508 268.802277 0.709679 -0.525066 0.469745 0.992500 0.992500
1 -13.572278 -99.491653 268.802277 0.709679 -0.525066 0.469745 0.507500 0.992500
pine_needles.bmp
1 -13.572278 -99.491653 268.802277 -0.709679 0.525066 -0.469745 0.507500 0.992500
1 11.942772 -65.005508 268.802277 -0.709679 0.525066 -0.469745 0.992500 0.992500
1 35.749176 -82.619003 213.148376 -0.709679 0.525066 -0.469745 0.992500 0.507500
pine_needles.bmp
1 -13.572278 -99.491653 268.802277 -0.709679 0.525066 -0.469745 0.507500 0.992500
1 35.749176 -82.619003 213.148376 -0.709679 0.525066 -0.469745 0.992500 0.507500
1 10.234126 -117.105148 213.148376 -0.709679 0.525066 -0.469745 0.507500 0.507500
pine_needles.bmp
1 38.200539 -90.473892 214.148621 0.505833 0.683684 0.526032 0.007500 0.507500
1 3.714385 -64.958847 214.148621 0.505833 0.683684 0.526032 0.492500 0.507500
1 -16.023640 -91.636765 267.802032 0.505833 0.683684 0.526032 0.492500 0.992500
pine_needles.bmp
1 38.200539 -90.473892 214.148621 0.505833 0.683684 0.526032 0.007500 0.507500
1 -16.023640 -91.636765 267.802032 0.505833 0.683684 0.526032 0.492500 0.992500
1 18.462513 -117.151810 267.802032 0.505833 0.683684 0.526032 0.007500 0.992500
pine_needles.bmp
1 18.462513 -117.151810 267.802032 -0.505833 -0.683684 -0.526032 0.007500 0.992500
1 -16.023640 -91.636765 267.802032 -0.505833 -0.683684 -0.526032 0.492500 0.992500
1 3.714385 -64.958847 214.148621 -0.505833 -0.683684 -0.526032 0.492500 0.507500
pine_needles.bmp
1 18.462513 -117.151810 267.802032 -0.505833 -0.683684 -0.526032 0.007500 0.992500
1 3.714385 -64.958847 214.148621 -0.505833 -0.683684 -0.526032 0.492500 0.507500
1 38.200539 -90.473892 214.148621 -0.505833 -0.683684 -0.526032 0.007500 0.507500
pine_bark.bmp
0 1.656203 0.000000 264.366364 0.032079 0.392894 0.919024 0.000000 0.000000
0 -1.400106 -2.254629 263.661591 -0.731472 -0.149944 0.665181 0.200000 0.000000
0 34.947025 -43.387722 241.324249 -0.579056 -0.670264 0.464155 0.200000 0.495978
pine_bark.bmp
0 1.656203 0.000000 264.366364 0.032079 0.392894 0.919024 0.000000 0.000000
0 34.947025 -43.387722 241.324249 -0.579056 -0.670264 0.464155 0.200000 0.495978
0 36.772957 -42.078205 242.167908 0.362218 0.032628 0.931522 0.000000 0.495978
pine_bark.bmp
0 -1.400106 -2.254629 263.661591 -0.731472 -0.149944 0.665181 0.200000 0.000000
0 -2.351479 -1.265384 260.197174 -0.972415 0.114670 -0.203126 0.400000 0.000000
0 34.812813 -42.827240 239.105423 -0.639334 -0.420173 -0.643978 0.400000 0.495978
pine_bark.bmp
0 -1.400106 -2.254629 263.661591 -0.731472 -0.149944 0.665181 0.200000 0.000000
0 34.812813 -42.827240 239.105423 -0.639334 -0.420173 -0.643978 0.400000 0.495978
0 34.947025 -43.387722 241.324249 -0.579056 -0.670264 0.464155 0.200000 0.495978
pine_bark.bmp
0 -2.351479 -1.265384 260.197174 -0.972415 0.114670 -0.203126 0.400000 0.000000
0 -0.198489 1.381123 258.662933 -0.381999 0.766376 -0.516473 0.600000 0.000000
0 36.396534 -41.250481 238.388992 0.125671 0.331497 -0.935049 0.600000 0.495978
pine_bark.bmp
0 -2.351479 -1.265384 260.197174 -0.972415 0.114670 -0.203126 0.400000 0.000000
0 36.396534 -41.250481 238.388992 0.125671 0.331497 -0.935049 0.600000 0.495978
0 34.812813 -42.827240 239.105423 -0.639334 -0.420173 -0.643978 0.400000 0.495978
pine_bark.bmp
0 -0.198489 1.381123 258.662933 -0.381999 0.766376 -0.516473 0.600000 0.000000
0 2.397570 2.192352 261.379791 0.255976 0.946534 0.196339 0.800000 0.000000
0 37.615349 -40.811031 240.379623 0.767027 0.641479 -0.013175 0.800000 0.495978
pine_bark.bmp
0 -0.198489 1.381123 258.662933 -0.381999 0.766376 -0.516473 0.600000 0.000000
0 37.615349 -40.811031 240.379623 0.767027 0.641479 -0.013175 0.800000 0.495978
0 36.396534 -41.250481 238.388992 0.125671 0.331497 -0.935049 0.600000 0.495978
pine_bark.bmp
0 2.397570 2.192352 261.379791 0.255976 0.946534 0.196339 0.800000 0.000000
0 1.656203 0.000000 264.366364 0.032079 0.392894 0.919024 1.000000 0.000000
0 36.772957 -42.078205 242.167908 0.362218 0.032628 0.931522 1.000000 0.495978
pine_bark.bmp
0 2.397570 2.192352 261.379791 0.255976 0.946534 0.196339 0.800000 0.000000
0 36.772957 -42.078205 242.167908 0.362218 0.032628 0.931522 1.000000 0.495978
0 37.615349 -40.811031 240.379623 0.767027 0.641479 -0.013175 0.800000 0.495978
pine_bark.bmp
0 36.772957 -42.078205 242.167908 0.362218 0.032628 0.931522 0.000000 0.495978
0 34.947025 -43.387722 241.324249 -0.579056 -0.670264 0.464155 0.200000 0.495978
0 65.171158 -76.909500 239.151337 -0.125874 -0.928303 0.349871 0.200000 0.874145
pine_bark.bmp
0 36.772957 -42.078205 242.167908 0.362218 0.032628 0.931522 0.000000 0.495978
0 65.171158 -76.909500 239.151337 -0.125874 -0.928303 0.349871 0.200000 0.874145
0 65.662392 -76.505829 239.597961 0.528605 -0.363299 0.767197 0.000000 0.874145
pine_bark.bmp
0 34.947025 -43.387722 241.324249 -0.579056 -0.670264 0.464155 0.200000 0.495978
0 34.812813 -42.827240 239.105423 -0.639334 -0.420173 -0.643978 0.400000 0.495978
0 65.331306 -76.744164 238.447479 -0.054779 -0.830819 -0.553841 0.400000 0.874145
pine_bark.bmp
0 34.947025 -43.387722 241.324249 -0.579056 -0.670264 0.464155 0.200000 0.495978
0 65.331306 -76.744164 238.447479 -0.054779 -0.830819 -0.553841 0.400000 0.874145
0 65.171158 -76.909500 239.151337 -0.125874 -0.928303 0.349871 0.200000 0.874145
pine_bark.bmp
0 34.812813 -42.827240 239.105423 -0.639334 -0.420173 -0.643978 0.400000 0.495978
0 36.396534 -41.250481 238.388992 0.125671 0.331497 -0.935049 0.600000 0.495978
0 65.911507 -76.243393 238.370972 0.619843 -0.223291 -0.752287 0.600000 0.874145
pine_bark.bmp
0 34.812813 -42.827240 239.105423 -0.639334 -0.420173 -0.643978 0.400000 0.495978
0 65.911507 -76.243393 238.370972 0.619843 -0.223291 -0.752287 0.600000 0.874145
0 65.331306 -76.744164 238.447479 -0.054779 -0.830819 -0.553841 0.400000 0.874145
pine_bark.bmp
0 36.396534 -41.250481 238.388992 0.125671 0.331497 -0.935049 0.600000 0.495978
0 37.615349 -40.811031 240.379623 0.767027 0.641479 -0.013175 0.800000 0.495978
0 66.094917 -76.115135 239.103241 0.996311 0.035391 0.078175 0.800000 0.874145
pine_bark.bmp
0 36.396534 -41.250481 238.388992 0.125671 0.331497 -0.935049 0.600000 0.495978
0 66.094917 -76.115135 239.103241 0.996311 0.035391 0.078175 0.800000 0.874145
0 65.911507 -76.243393 238.370972 0.619843 -0.223291 -0.752287 0.600000 0.874145
pine_bark.bmp
0 37.615349 -40.811031 240.379623 0.767027 0.641479 -0.013175 0.800000 0.495978
0 36.772957 -42.078205 242.167908 0.362218 0.032628 0.931522 1.000000 0.495978
0 65.662392 -76.505829 239.597961 0.528605 -0.363299 0.767197 1.000000 0.874145
pine_bark.bmp
0 37.615349 -40.811031 240.379623 0.767027 0.641479 -0.013175 0.800000 0.495978
0 65.662392 -76.505829 239.597961 0.528605 -0.363299 0.767197 1.000000 0.874145
0 66.094917 -76.115135 239.103241 0.996311 0.035391 0.078175 0.800000 0.874145
pine_bark.bmp
0 1.656203 0.000000 264.366364 0.032079 0.392894 0.919024 0.950000 0.500000
0 2.397570 2.192352 261.379791 0.255976 0.946534 0.196339 0.639058 0.072025
0 -0.198489 1.381123 258.662933 -0.381999 0.766376 -0.516473 0.135942 0.235497
pine_bark.bmp
0 -0.198489 1.381123 258.662933 -0.381999 0.766376 -0.516473 0.135942 0.235497
0 -2.351479 -1.265384 260.197174 -0.972415 0.114670 -0.203126 0.135942 0.764503
0 -1.400106 -2.254629 263.661591 -0.731472 -0.149944 0.665181 0.639058 0.927975
pine_bark.bmp
0 -0.198489 1.381123 258.662933 -0.381999 0.766376 -0.516473 0.135942 0.235497
0 -1.400106 -2.254629 263.661591 -0.731472 -0.149944 0.665181 0.639058 0.927975
0 1.656203 0.000000 264.366364 0.032079 0.392894 0.919024 0.950000 0.500000
pine_bark.bmp
0 66.094917 -76.115135 239.103241 0.996311 0.035391 0.078175 0.639058 0.072025
0 65.662392 -76.505829 239.597961 0.528605 -0.363299 0.767197 0.950000 0.500000
0 65.171158 -76.909500 239.151337 -0.125874 -0.928303 0.349871 0.639058 0.927975
pine_bark.bmp
0 65.171158 -76.909500 239.151337 -0.125874 -0.928303 0.349871 0.639058 0.927975
0 65.331306 -76.744164 238.447479 -0.054779 -0.830819 -0.553841 0.135942 0.764503
0 65.911507 -76.243393 238.370972 0.619843 -0.223291 -0.752287 0.135942 0.235497
pine_bark.bmp
0 65.171158 -76.909500 239.151337 -0.125874 -0.928303 0.349871 0.639058 0.927975
0 65.911507 -76.243393 238.370972 0.619843 -0.223291 -0.752287 0.135942 0.235497
0 66.094917 -76.115135 239.103241 0.996311 0.035391 0.078175 0.639058 0.072025
pine_needles.bmp
1 14.224962 2.928087 233.009262 -0.602204 0.329121 0.727344 0.507500 0.507500
1 -6.753490 -35.456959 233.009262 -0.602204 0.329121 0.727344 0.992500 0.507500
1 31.717117 -56.482174 274.374817 -0.602204 0.329121 0.727344 0.992500 0.992500
pine_needles.bmp
1 14.224962 2.928087 233.009262 -0.602204 0.329121 0.727344 0.507500 0.507500
1 31.717117 -56.482174 274.374817 -0.602204 0.329121 0.727344 0.992500 0.992500
1 52.695572 -18.097128 274.374817 -0.602204 0.329121 0.727344 0.507500 0.992500
pine_needles.bmp
1 52.695572 -18.097128 274.374817 0.602204 -0.329121 -0.727344 0.507500 0.992500
1 31.717117 -56.482174 274.374817 0.602204 -0.329121 -0.727344 0.992500 0.992500
1 -6.753490 -35.456959 233.009262 0.602204 -0.329121 -0.727344 0.992500 0.507500
pine_needles.bmp
1 52.695572 -18.097128 274.374817 0.602204 -0.329121 -0.727344 0.507500 0.992500
1 -6.753490 -35.456959 233.009262 0.602204 -0.329121 -0.727344 0.992500 0.507500
1 14.224962 2.928087 233.009262 0.602204 -0.329121 -0.727344 0.507500 0.507500
pine_needles.bmp
1 -7.110270 -36.211433 233.851303 -0.315568 -0.577407 0.753006 0.507500 0.507500
1 31.274775 -57.189888 233.851303 -0.315568 -0.577407 0.753006 0.992500 0.507500
1 53.052353 -17.342653 273.532745 -0.315568 -0.577407 0.753006 0.992500 0.992500
pine_needles.bmp
1 -7.110270 -36.211433 233.851303 -0.315568 -0.577407 0.753006 0.507500 0.507500
1 53.052353 -17.342653 273.532745 -0.315568 -0.577407 0.753006 0.992500 0.992500
1 14.667307 3.635801 273.532745 -0.315568 -0.577407 0.753006 0.507500 0.992500
pine_needles.bmp
1 14.667307 3.635801 273.532745 0.315568 0.577407 -0.753006 0.507500 0.992500
1 53.052353 -17.342653 273.532745 0.315568 0.577407 -0.753006 0.992500 0.992500
1 31.274775 -57.189888 233.851303 0.315568 0.577407 -0.753006 0.992500 0.507500
pine_needles.bmp
1 14.667307 3.635801 273.532745 0.315568 0.577407 -0.753006 0.507500 0.992500
1 31.274775 -57.189888 233.851303 0.315568 0.577407 -0.753006 0.992500 0.507500
1 -7.110270 -36.211433 233.851303 0.315568 0.577407 -0.753006 0.507500 0.507500
pine_needles.bmp
1 28.038902 -29.664244 220.664902 -0.881096 0.044759 0.470815 0.007500 0.507500
1 26.229210 -65.289017 220.664902 -0.881096 0.044759 0.470815 0.492500 0.507500
1 54.656837 -66.733109 274.002441 -0.881096 0.044759 0.470815 0.492500 0.992500
pine_needles.bmp
1 28.038902 -29.664244 220.664902 -0.881096 0.044759 0.470815 0.007500 0.507500
1 54.656837 -66.733109 274.002441 -0.881096 0.044759 0.470815 0.492500 0.992500
1 56.466530 -31.108328 274.002441 -0.881096 0.044759 0.470815 0.007500 0.992500
pine_needles.bmp
1 56.466530 -31.108328 274.002441 0.881096 -0.044759 -0.470815 0.007500 0.992500
1 54.656837 -66.733109 274.002441 0.881096 -0.044759 -0.470815 0.492500 0.992500
1 26.229210 -65.289017 220.664902 0.881096 -0.044759 -0.470815 0.492500 0.507500
pine_needles.bmp
1 56.466530 -31.108328 274.002441 0.881096 -0.044759 -0.470815 0.007500 0.992500
1 26.229210 -65.289017 220.664902 0.881096 -0.044759 -0.470815 0.492500 0.507500
1 28.038902 -29.664244 220.664902 0.881096 -0.044759 -0.470815 0.007500 0.507500
pine_needles.bmp
1 22.258814 -72.425758 230.263641 -0.028480 -0.560649 0.827564 0.507500 0.507500
1 57.883587 -74.235451 230.263641 -0.028480 -0.560649 0.827564 0.992500 0.507500
1 60.436924 -23.971590 264.403717 -0.028480 -0.560649 0.827564 0.992500 0.992500
pine_needles.bmp
1 22.258814 -72.425758 230.263641 -0.028480 -0.560649 0.827564 0.507500 0.507500
1 60.436924 -23.971590 264.403717 -0.028480 -0.560649 0.827564 0.992500 0.992500
1 24.812151 -22.161898 264.403717 -0.028480 -0.560649 0.827564 0.507500 0.992500
pine_needles.bmp
1 24.812151 -22.161898 264.403717 0.028480 0.560649 -0.827564 0.507500 0.992500
1 60.436924 -23.971590 264.403717 0.028480 0.560649 -0.827564 0.992500 0.992500
1 57.883587 -74.235451 230.263641 0.028480 0.560649 -0.827564 0.992500 0.507500
pine_needles.bmp
1 24.812151 -22.161898 264.403717 0.028480 0.560649 -0.827564 0.507500 0.992500
1 57.883587 -74.235451 230.263641 0.028480 0.560649 -0.827564 0.992500 0.507500
1 22.258814 -72.425758 230.263641 0.028480 0.560649 -0.827564 0.507500 0.507500
pine_needles.bmp
1 86.655075 -47.977989 221.449570 0.115837 0.582023 0.804879 0.507500 0.007500
1 43.132992 -39.316017 221.449570 0.115837 0.582023 0.804879 0.992500 0.007500
1 32.794331 -91.262627 260.501068 0.115837 0.582023 0.804879 0.992500 0.492500
pine_needles.bmp
1 86.655075 -47.977989 221.449570 0.115837 0.582023 0.804879 0.507500 0.007500
1 32.794331 -91.262627 260.501068 0.115837 0.582023 0.804879 0.992500 0.492500
1 76.316406 -99.924599 260.501068 0.115837 0.582023 0.804879 0.507500 0.492500
pine_needles.bmp
1 76.316406 -99.924599 260.501068 -0.115837 -0.582023 -0.804879 0.507500 0.492500
1 32.794331 -91.262627 260.501068 -0.115837 -0.582023 -0.804879 0.992500 0.492500
1 43.132992 -39.316017 221.449570 -0.115837 -0.582023 -0.804879 0.992500 0.007500
pine_needles.bmp
1 76.316406 -99.924599 260.501068 -0.115837 -0.582023 -0.804879 0.507500 0.492500
1 43.132992 -39.316017 221.449570 -0.115837 -0.582023 -0.804879 0.992500 0.007500
1 86.655075 -47.977989 221.449570 -0.115837 -0.582023 -0.804879 0.507500 0.007500
pine_needles.bmp
1 38.028687 -42.679249 221.522171 -0.579840 0.115403 0.806516 0.507500 0.507500
1 29.366713 -86.201324 221.522171 -0.579840 0.115403 0.806516 0.992500 0.507500
1 81.420715 -96.561371 260.428467 -0.579840 0.115403 0.806516 0.992500 0.992500
pine_needles.bmp
1 38.028687 -42.679249 221.522171 -0.579840 0.115402 0.806516 0.507500 0.507500
1 81.420715 -96.561371 260.428467 -0.579840 0.115402 0.806516 0.992500 0.992500
1 90.082687 -53.039288 260.428467 -0.579840 0.115402 0.806516 0.507500 0.992500
pine_needles.bmp
1 90.082687 -53.039288 260.428467 0.579840 -0.115402 -0.806516 0.507500 0.992500
1 81.420715 -96.561371 260.428467 0.579840 -0.115402 -0.806516 0.992500 0.992500
1 29.366713 -86.201324 221.522171 0.579840 -0.115402 -0.806516 0.992500 0.507500
pine_needles.bmp
1 90.082687 -53.039288 260.428467 0.579840 -0.115403 -0.806516 0.507500 0.992500
1 29.366713 -86.201324 221.522171 0.579840 -0.115403 -0.806516 0.992500 0.507500
1 38.028687 -42.679249 221.522171 0.579840 -0.115403 -0.806516 0.507500 0.507500
pine_bark.bmp
0 1.171789 0.000000 264.601135 -0.259150 -0.007541 0.965808 0.000000 0.000000
0 0.462282 -3.186686 262.559631 -0.432136 -0.796080 0.423692 0.200000 0.000000
0 55.611477 -0.235666 240.860474 0.099474 -0.973481 0.206009 0.200000 0.495978
pine_bark.bmp
0 1.171789 0.000000 264.601135 -0.259150 -0.007541 0.965808 0.000000 0.000000
0 55.611477 -0.235666 240.860474 0.099474 -0.973481 0.206009 0.200000 0.495978
0 55.868263 1.710277 242.230820 0.222770 0.010448 0.974815 0.000000 0.495978
pine_bark.bmp
0 0.462282 -3.186686 262.559631 -0.432136 -0.796080 0.423692 0.200000 0.000000
0 -0.848297 -1.788490 259.356750 -0.779658 -0.488513 -0.391777 0.400000 0.000000
0 55.105152 0.597211 238.781799 -0.125726 -0.562935 -0.816882 0.400000 0.495978
pine_bark.bmp
0 0.462282 -3.186686 262.559631 -0.432136 -0.796080 0.423692 0.200000 0.000000
0 55.105152 0.597211 238.781799 -0.125726 -0.562935 -0.816882 0.400000 0.495978
0 55.611477 -0.235666 240.860474 0.099474 -0.973481 0.206009 0.200000 0.495978
pine_bark.bmp
0 -0.848297 -1.788490 259.356750 -0.779658 -0.488513 -0.391777 0.400000 0.000000
0 -1.030427 1.952076 259.188263 -0.800081 0.444203 -0.403180 0.600000 0.000000
0 55.000580 2.940277 238.642288 -0.159384 0.545300 -0.822949 0.600000 0.495978
pine_bark.bmp
0 -0.848297 -1.788490 259.356750 -0.779658 -0.488513 -0.391777 0.400000 0.000000
0 55.000580 2.940277 238.642288 -0.159384 0.545300 -0.822949 0.600000 0.495978
0 55.105152 0.597211 238.781799 -0.125726 -0.562935 -0.816882 0.400000 0.495978
pine_bark.bmp
0 -1.030427 1.952076 259.188263 -0.800081 0.444203 -0.403180 0.600000 0.000000
0 0.283570 3.098664 262.598236 -0.471191 0.751466 0.461821 0.800000 0.000000
0 55.494602 3.593300 240.866104 0.049309 0.965199 0.256825 0.800000 0.495978
pine_bark.bmp
0 -1.030427 1.952076 259.188263 -0.800081 0.444203 -0.403180 0.600000 0.000000
0 55.494602 3.593300 240.866104 0.049309 0.965199 0.256825 0.800000 0.495978
0 55.000580 2.940277 238.642288 -0.159384 0.545300 -0.822949 0.600000 0.495978
pine_bark.bmp
0 0.283570 3.098664 262.598236 -0.471191 0.751466 0.461821 0.800000 0.000000
0 1.171789 0.000000 264.601135 -0.259150 -0.007541 0.965808 1.000000 0.000000
0 55.868263 1.710277 242.230820 0.222770 0.010448 0.974815 1.000000 0.495978
pine_bark.bmp
0 0.283570 3.098664 262.598236 -0.471191 0.751466 0.461821 0.800000 0.000000
0 55.868263 1.710277 242.230820 0.222770 0.010448 0.974815 1.000000 0.495978
0 55.494602 3.593300 240.866104 0.049309 0.965199 0.256825 0.800000 0.495978
pine_bark.bmp
0 55.868263 1.710277 242.230820 0.222770 0.010448 0.974815 0.000000 0.495978
0 55.611477 -0.235666 240.860474 0.099474 -0.973481 0.206009 0.200000 0.495978
0 100.777107 2.490288 239.129700 0.642136 -0.739745 0.201093 0.200000 0.874145
pine_bark.bmp
0 55.868263 1.710277 242.230820 0.222770 0.010448 0.974815 0.000000 0.495978
0 100.777107 2.490288 239.129700 0.642136 -0.739745 0.201093 0.200000 0.874145
0 100.772133 3.109594 239.598358 0.619432 0.023989 0.784683 0.000000 0.874145
pine_bark.bmp
0 55.611477 -0.235666 240.860474 0.099474 -0.973481 0.206009 0.200000 0.495978
0 55.105152 0.597211 238.781799 -0.125726 -0.562935 -0.816882 0.400000 0.495978
0 100.748314 2.743946 238.434341 0.604272 -0.445906 -0.660321 0.400000 0.874145
pine_bark.bmp
0 55.611477 -0.235666 240.860474 0.099474 -0.973481 0.206009 0.200000 0.495978
0 100.748314 2.743946 238.434341 0.604272 -0.445906 -0.660321 0.400000 0.874145
0 100.777107 2.490288 239.129700 0.642136 -0.739745 0.201093 0.200000 0.874145
pine_bark.bmp
0 55.105152 0.597211 238.781799 -0.125726 -0.562935 -0.816882 0.400000 0.495978
0 55.000580 2.940277 238.642288 -0.159384 0.545300 -0.822949 0.600000 0.495978
0 100.723106 3.512228 238.384766 0.562083 0.481585 -0.672412 0.600000 0.874145
pine_bark.bmp
0 55.105152 0.597211 238.781799 -0.125726 -0.562935 -0.816882 0.400000 0.495978
0 100.723106 3.512228 238.384766 0.562083 0.481585 -0.672412 0.600000 0.874145
0 100.748314 2.743946 238.434341 0.604272 -0.445906 -0.660321 0.400000 0.874145
pine_bark.bmp
0 55.000580 2.940277 238.642288 -0.159384 0.545300 -0.822949 0.600000 0.495978
0 55.494602 3.593300 240.866104 0.049309 0.965199 0.256825 0.800000 0.495978
0 100.739334 3.708999 239.124420 0.602619 0.762907 0.234142 0.800000 0.874145
pine_bark.bmp
0 55.000580 2.940277 238.642288 -0.159384 0.545300 -0.822949 0.600000 0.495978
0 100.739334 3.708999 239.124420 0.602619 0.762907 0.234142 0.800000 0.874145
0 100.723106 3.512228 238.384766 0.562083 0.481585 -0.672412 0.600000 0.874145
pine_bark.bmp
0 55.494602 3.593300 240.866104 0.049309 0.965199 0.256825 0.800000 0.495978
0 55.868263 1.710277 242.230820 0.222770 0.010448 0.974815 1.000000 0.495978
0 100.772133 3.109594 239.598358 0.619432 0.023989 0.784683 1.000000 0.874145
pine_bark.bmp
0 55.494602 3.593300 240.866104 0.049309 0.965199 0.256825 0.800000 0.495978
0 100.772133 3.109594 239.598358 0.619432 0.023989 0.784683 1.000000 0.874145
0 100.739334 3.708999 239.124420 0.602619 0.762907 0.234142 0.800000 0.874145
pine_bark.bmp
0 1.171789 0.000000 264.601135 -0.259150 -0.007541 0.965808 0.950000 0.500000
0 0.283570 3.098664 262.598236 -0.471191 0.751466 0.461821 0.639058 0.072025
0 -1.030427 1.952076 259.188263 -0.800081 0.444203 -0.403180 0.135942 0.235497
pine_bark.bmp
0 -1.030427 1.952076 259.188263 -0.800081 0.444203 -0.403180 0.135942 0.235497
0 -0.848297 -1.788490 259.356750 -0.779658 -0.488513 -0.391777 0.135942 0.764503
0 0.462282 -3.186686 262.559631 -0.432136 -0.796080 0.423692 0.639058 0.927975
pine_bark.bmp
0 -1.030427 1.952076 259.188263 -0.800081 0.444203 -0.403180 0.135942 0.235497
0 0.462282 -3.186686 262.559631 -0.432136 -0.796080 0.423692 0.639058 0.927975
0 1.171789 0.000000 264.601135 -0.259150 -0.007541 0.965808 0.950000 0.500000
pine_bark.bmp
0 100.739334 3.708999 239.124420 0.602619 0.762907 0.234142 0.639058 0.072025
0 100.772133 3.109594 239.598358 0.619432 0.023989 0.784683 0.950000 0.500000
0 100.777107 2.490288 239.129700 0.642136 -0.739745 0.201093 0.639058 0.927975
pine_bark.bmp
0 100.777107 2.490288 239.129700 0.642136 -0.739745 0.201093 0.639058 0.927975
0 100.748314 2.743946 238.434341 0.604272 -0.445906 -0.660321 0.135942 0.764503
0 100.723106 3.512228 238.384766 0.562083 0.481585 -0.672412 0.135942 0.235497
pine_bark.bmp
0 100.777107 2.490288 239.129700 0.642136 -0.739745 0.201093 0.639058 0.927975
0 100.723106 3.512228 238.384766 0.562083 0.481585 -0.672412 0.135942 0.235497
0 100.739334 3.708999 239.124420 0.602619 0.762907 0.234142 0.639058 0.072025
pine_needles.bmp
1 -0.537741 12.736208 236.617004 -0.465016 -0.150328 0.872445 0.007500 0.007500
1 13.055496 -29.312265 236.617004 -0.465016 -0.150328 0.872445 0.492500 0.007500
1 71.064163 -10.559492 270.767059 -0.465016 -0.150328 0.872445 0.492500 0.492500
pine_needles.bmp
1 -0.537741 12.736208 236.617004 -0.465016 -0.150328 0.872445 0.007500 0.007500
1 71.064163 -10.559492 270.767059 -0.465016 -0.150328 0.872445 0.492500 0.492500
1 57.470924 31.488981 270.767059 -0.465016 -0.150328 0.872445 0.007500 0.492500
pine_needles.bmp
1 57.470924 31.488981 270.767059 0.465016 0.150328 -0.872445 0.007500 0.492500
1 71.064163 -10.559492 270.767059 0.465016 0.150328 -0.872445 0.492500 0.492500
1 13.055496 -29.312265 236.617004 0.465016 0.150328 -0.872445 0.492500 0.007500
pine_needles.bmp
1 57.470924 31.488981 270.767059 0.465016 0.150328 -0.872445 0.007500 0.492500
1 13.055496 -29.312265 236.617004 0.465016 0.150328 -0.872445 0.492500 0.007500
1 -0.537741 12.736208 236.617004 0.465016 0.150328 -0.872445 0.007500 0.007500
pine_needles.bmp
1 23.275467 -33.661186 234.823181 0.166235 -0.514220 0.841394 0.507500 0.507500
1 65.323936 -20.067953 234.823181 0.166235 -0.514220 0.841394 0.992500 0.507500
1 47.250954 35.837906 272.560883 0.166235 -0.514220 0.841394 0.992500 0.992500
pine_needles.bmp
1 23.275467 -33.661186 234.823181 0.166235 -0.514220 0.841394 0.507500 0.507500
1 47.250954 35.837906 272.560883 0.166235 -0.514220 0.841394 0.992500 0.992500
1 5.202480 22.244669 272.560883 0.166235 -0.514220 0.841394 0.507500 0.992500
pine_needles.bmp
1 5.202480 22.244669 272.560883 -0.166235 0.514220 -0.841394 0.507500 0.992500
1 47.250954 35.837906 272.560883 -0.166235 0.514220 -0.841394 0.992500 0.992500
1 65.323936 -20.067953 234.823181 -0.166235 0.514220 -0.841394 0.992500 0.507500
pine_needles.bmp
1 5.202480 22.244669 272.560883 -0.166235 0.514220 -0.841394 0.507500 0.992500
1 65.323936 -20.067953 234.823181 -0.166235 0.514220 -0.841394 0.992500 0.507500
1 23.275467 -33.661186 234.823181 -0.166235 0.514220 -0.841394 0.507500 0.507500
pine_needles.bmp
1 81.060349 14.679052 223.190292 -0.060858 0.900682 0.430196 0.007500 0.007500
1 44.335903 12.197609 223.190292 -0.060858 0.900682 0.430196 0.492500 0.007500
1 45.887196 -10.760963 271.477051 -0.060858 0.900682 0.430196 0.492500 0.492500
pine_needles.bmp
1 81.060349 14.679052 223.190292 -0.060858 0.900682 0.430196 0.007500 0.007500
1 45.887196 -10.760963 271.477051 -0.060858 0.900682 0.430196 0.492500 0.492500
1 82.611649 -8.279520 271.477051 -0.060858 0.900682 0.430196 0.007500 0.492500
pine_needles.bmp
1 82.611649 -8.279520 271.477051 0.060858 -0.900682 -0.430196 0.007500 0.492500
1 45.887196 -10.760963 271.477051 0.060858 -0.900682 -0.430196 0.492500 0.492500
1 44.335903 12.197609 223.190292 0.060858 -0.900682 -0.430196 0.492500 0.007500
pine_needles.bmp
1 82.611649 -8.279520 271.477051 0.060858 -0.900682 -0.430196 0.007500 0.492500
1 44.335903 12.197609 223.190292 0.060858 -0.900682 -0.430196 0.492500 0.007500
1 81.060349 14.679052 223.190292 0.060858 -0.900682 -0.430196 0.007500 0.007500
pine_needles.bmp
1 40.749001 18.869610 231.210556 -0.598002 -0.040407 0.800475 0.007500 0.507500
1 43.230446 -17.854843 231.210556 -0.598002 -0.040407 0.800475 0.492500 0.507500
1 86.198540 -14.951522 263.456787 -0.598002 -0.040407 0.800475 0.492500 0.992500
pine_needles.bmp
1 40.749001 18.869610 231.210556 -0.598002 -0.040406 0.800476 0.007500 0.507500
1 86.198540 -14.951522 263.456787 -0.598002 -0.040406 0.800476 0.492500 0.992500
1 83.717102 21.772930 263.456787 -0.598002 -0.040406 0.800476 0.007500 0.992500
pine_needles.bmp
1 83.717102 21.772930 263.456787 0.598002 0.040406 -0.800475 0.007500 0.992500
1 86.198540 -14.951522 263.456787 0.598002 0.040406 -0.800475 0.492500 0.992500
1 43.230446 -17.854843 231.210556 0.598002 0.040406 -0.800475 0.492500 0.507500
pine_needles.bmp
1 83.717102 21.772930 263.456787 0.598002 0.040407 -0.800476 0.007500 0.992500
1 43.230446 -17.854843 231.210556 0.598002 0.040407 -0.800476 0.492500 0.507500
1 40.749001 18.869610 231.210556 0.598002 0.040407 -0.800476 0.007500 0.507500
pine_needles.bmp
1 77.122871 31.201441 227.119873 -0.442542 0.199793 0.874208 0.007500 0.007500
1 60.773384 -5.012632 227.119873 -0.442542 0.199793 0.874208 0.492500 0.007500
1 106.245811 -25.541979 254.830765 -0.442542 0.199793 0.874208 0.492500 0.492500
pine_needles.bmp
1 77.122871 31.201441 227.119873 -0.442542 0.199793 0.874208 0.007500 0.007500
1 106.245811 -25.541979 254.830765 -0.442542 0.199793 0.874208 0.492500 0.492500
1 122.595299 10.672094 254.830765 -0.442542 0.199793 0.874208 0.007500 0.492500
pine_needles.bmp
1 122.595299 10.672094 254.830765 0.442542 -0.199793 -0.874208 0.007500 0.492500
1 106.245811 -25.541979 254.830765 0.442542 -0.199793 -0.874208 0.492500 0.492500
1 60.773384 -5.012632 227.119873 0.442542 -0.199793 -0.874208 0.492500 0.007500
pine_needles.bmp
1 122.595299 10.672094 254.830765 0.442542 -0.199793 -0.874208 0.007500 0.492500
1 60.773384 -5.012632 227.119873 0.442542 -0.199793 -0.874208 0.492500 0.007500
1 77.122871 31.201441 227.119873 0.442542 -0.199793 -0.874208 0.007500 0.007500
pine_needles.bmp
1 66.654633 -4.329209 218.113159 -0.331413 -0.734079 0.592700 0.007500 0.507500
1 102.868713 -20.678703 218.113159 -0.331413 -0.734079 0.592700 0.492500 0.507500
1 116.714050 9.988671 263.837494 -0.331413 -0.734079 0.592700 0.492500 0.992500
pine_needles.bmp
1 66.654633 -4.329209 218.113159 -0.331413 -0.734079 0.592700 0.007500 0.507500
1 116.714050 9.988671 263.837494 -0.331413 -0.734079 0.592700 0.492500 0.992500
1 80.499969 26.338165 263.837494 -0.331413 -0.734079 0.592700 0.007500 0.992500
pine_needles.bmp
1 80.499969 26.338165 263.837494 0.331413 0.734079 -0.592700 0.007500 0.992500
1 116.714050 9.988671 263.837494 0.331413 0.734079 -0.592700 0.492500 0.992500
1 102.868713 -20.678703 218.113159 0.331413 0.734079 -0.592700 0.492500 0.507500
pine_needles.bmp
1 80.499969 26.338165 263.837494 0.331413 0.734079 -0.592700 0.007500 0.992500
1 102.868713 -20.678703 218.113159 0.331413 0.734079 -0.592700 0.492500 0.507500
1 66.654633 -4.329209 218.113159 0.331413 0.734079 -0.592700 0.007500 0.507500
pine_bark.bmp
0 1.506901 0.000000 264.449524 -0.055894 -0.337908 0.939518 0.000000 0.000000
0 2.257263 -2.478016 261.617035 0.155773 -0.962341 0.222788 0.200000 0.000000
0 42.295578 35.979424 240.486984 0.689693 -0.724093 0.003493 0.200000 0.495978
pine_bark.bmp
0 1.506901 0.000000 264.449524 -0.055894 -0.337908 0.939518 0.000000 0.000000
0 42.295578 35.979424 240.486984 0.689693 -0.724093 0.003493 0.200000 0.495978
0 41.487770 37.444595 242.191269 0.306117 -0.013951 0.951892 0.000000 0.495978
pine_bark.bmp
0 2.257263 -2.478016 261.617035 0.155773 -0.962341 0.222788 0.200000 0.000000
0 -0.157682 -1.390757 258.971069 -0.426352 -0.764252 -0.483883 0.400000 0.000000
0 41.131390 36.606529 238.604828 0.136236 -0.394174 -0.908882 0.400000 0.495978
pine_bark.bmp
0 2.257263 -2.478016 261.617035 0.155773 -0.962341 0.222788 0.200000 0.000000
0 41.131390 36.606529 238.604828 0.136236 -0.394174 -0.908882 0.400000 0.495978
0 42.295578 35.979424 240.486984 0.689693 -0.724093 0.003493 0.200000 0.495978
pine_bark.bmp
0 -0.157682 -1.390757 258.971069 -0.426352 -0.764252 -0.483883 0.400000 0.000000
0 -2.343682 1.517964 259.862335 -0.963401 -0.032180 -0.266125 0.600000 0.000000
0 39.609200 38.370705 238.903427 -0.557191 0.445324 -0.700874 0.600000 0.495978
pine_bark.bmp
0 -0.157682 -1.390757 258.971069 -0.426352 -0.764252 -0.483883 0.400000 0.000000
0 39.609200 38.370705 238.903427 -0.557191 0.445324 -0.700874 0.600000 0.495978
0 41.131390 36.606529 238.604828 0.136236 -0.394174 -0.908882 0.400000 0.495978
pine_bark.bmp
0 -2.343682 1.517964 259.862335 -0.963401 -0.032180 -0.266125 0.600000 0.000000
0 -1.252180 2.409568 263.419922 -0.729172 0.237067 0.641956 0.800000 0.000000
0 39.879795 38.862392 241.203827 -0.504770 0.737382 0.448860 0.800000 0.495978
pine_bark.bmp
0 -2.343682 1.517964 259.862335 -0.963401 -0.032180 -0.266125 0.600000 0.000000
0 39.879795 38.862392 241.203827 -0.504770 0.737382 0.448860 0.800000 0.495978
0 39.609200 38.370705 238.903427 -0.557191 0.445324 -0.700874 0.600000 0.495978
pine_bark.bmp
0 -1.252180 2.409568 263.419922 -0.729172 0.237067 0.641956 0.800000 0.000000
0 1.506901 0.000000 264.449524 -0.055894 -0.337908 0.939518 1.000000 0.000000
0 41.487770 37.444595 242.191269 0.306117 -0.013951 0.951892 1.000000 0.495978
pine_bark.bmp
0 -1.252180 2.409568 263.419922 -0.729172 0.237067 0.641956 0.800000 0.000000
0 41.487770 37.444595 242.191269 0.306117 -0.013951 0.951892 1.000000 0.495978
0 39.879795 38.862392 241.203827 -0.504770 0.737382 0.448860 0.800000 0.495978
pine_bark.bmp
0 41.487770 37.444595 242.191269 0.306117 -0.013951 0.951892 0.000000 0.495978
0 42.295578 35.979424 240.486984 0.689693 -0.724093 0.003493 0.200000 0.495978
0 74.760506 67.623985 239.113541 0.983279 -0.161458 0.084229 0.200000 0.874145
pine_bark.bmp
0 41.487770 37.444595 242.191269 0.306117 -0.013951 0.951892 0.000000 0.495978
0 74.760506 67.623985 239.113541 0.983279 -0.161458 0.084229 0.200000 0.874145
0 74.361671 68.081078 239.598114 0.534544 0.334181 0.776264 0.000000 0.874145
pine_bark.bmp
0 42.295578 35.979424 240.486984 0.689693 -0.724093 0.003493 0.200000 0.495978
0 41.131390 36.606529 238.604828 0.136236 -0.394174 -0.908882 0.400000 0.495978
0 74.560890 67.811203 238.425018 0.679154 0.128464 -0.722667 0.400000 0.874145
pine_bark.bmp
0 42.295578 35.979424 240.486984 0.689693 -0.724093 0.003493 0.200000 0.495978
0 74.560890 67.811203 238.425018 0.679154 0.128464 -0.722667 0.400000 0.874145
0 74.760506 67.623985 239.113541 0.983279 -0.161458 0.084229 0.200000 0.874145
pine_bark.bmp
0 41.131390 36.606529 238.604828 0.136236 -0.394174 -0.908882 0.400000 0.495978
0 39.609200 38.370705 238.903427 -0.557191 0.445324 -0.700874 0.600000 0.495978
0 74.040337 68.378250 238.395432 0.052847 0.801624 -0.595488 0.600000 0.874145
pine_bark.bmp
0 41.131390 36.606529 238.604828 0.136236 -0.394174 -0.908882 0.400000 0.495978
0 74.040337 68.378250 238.395432 0.052847 0.801624 -0.595488 0.600000 0.874145
0 74.560890 67.811203 238.425018 0.679154 0.128464 -0.722667 0.400000 0.874145
pine_bark.bmp
0 39.609200 38.370705 238.903427 -0.557191 0.445324 -0.700874 0.600000 0.495978
0 39.879795 38.862392 241.203827 -0.504770 0.737382 0.448860 0.800000 0.495978
0 73.937759 68.523483 239.139908 -0.007575 0.939022 0.343773 0.800000 0.874145
pine_bark.bmp
0 39.609200 38.370705 238.903427 -0.557191 0.445324 -0.700874 0.600000 0.495978
0 73.937759 68.523483 239.139908 -0.007575 0.939022 0.343773 0.800000 0.874145
0 74.040337 68.378250 238.395432 0.052847 0.801624 -0.595488 0.600000 0.874145
pine_bark.bmp
0 39.879795 38.862392 241.203827 -0.504770 0.737382 0.448860 0.800000 0.495978
0 41.487770 37.444595 242.191269 0.306117 -0.013951 0.951892 1.000000 0.495978
0 74.361671 68.081078 239.598114 0.534544 0.334181 0.776264 1.000000 0.874145
pine_bark.bmp
0 39.879795 38.862392 241.203827 -0.504770 0.737382 0.448860 0.800000 0.495978
0 74.361671 68.081078 239.598114 0.534544 0.334181 0.776264 1.000000 0.874145
0 73.937759 68.523483 239.139908 -0.007575 0.939022 0.343773 0.800000 0.874145
pine_bark.bmp
0 1.506901 0.000000 264.449524 -0.055894 -0.337908 0.939518 0.950000 0.500000
0 -1.252180 2.409568 263.419922 -0.729172 0.237067 0.641956 0.639058 0.072025
0 -2.343682 1.517964 259.862335 -0.963401 -0.032180 -0.266125 0.135942 0.235497
pine_bark.bmp
0 -2.343682 1.517964 259.862335 -0.963401 -0.032180 -0.266125 0.135942 0.235497
0 -0.157682 -1.390757 258.971069 -0.426352 -0.764252 -0.483883 0.135942 0.764503
0 2.257263 -2.478016 261.617035 0.155773 -0.962341 0.222788 0.639058 0.927975
pine_bark.bmp
0 -2.343682 1.517964 259.862335 -0.963401 -0.032180 -0.266125 0.135942 0.235497
0 2.257263 -2.478016 261.617035 0.155773 -0.962341 0.222788 0.639058 0.927975
0 1.506901 0.000000 264.449524 -0.055894 -0.337908 0.939518 0.950000 0.500000
pine_bark.bmp
0 73.937759 68.523483 239.139908 -0.007575 0.939022 0.343773 0.639058 0.072025
0 74.361671 68.081078 239.598114 0.534544 0.334181 0.776264 0.950000 0.500000
0 74.760506 67.623985 239.113541 0.983279 -0.161458 0.084229 0.639058 0.927975
pine_bark.bmp
0 74.760506 67.623985 239.113541 0.983279 -0.161458 0.084229 0.639058 0.927975
0 74.560890 67.811203 238.425018 0.679154 0.128464 -0.722667 0.135942 0.764503
0 74.040337 68.378250 238.395432 0.052847 0.801624 -0.595488 0.135942 0.235497
pine_bark.bmp
0 74.760506 67.623985 239.113541 0.983279 -0.161458 0.084229 0.639058 0.927975
0 74.040337 68.378250 238.395432 0.052847 0.801624 -0.595488 0.135942 0.235497
0 73.937759 68.523483 239.139908 -0.007575 0.939022 0.343773 0.639058 0.072025
pine_needles.bmp
1 48.815632 42.911583 229.698669 -0.035429 0.798277 0.601248 0.507500 0.007500
1 1.617557 40.816856 229.698669 -0.035429 0.798277 0.601248 0.992500 0.007500
1 3.218472 4.745176 277.685394 -0.035429 0.798277 0.601248 0.992500 0.492500
pine_needles.bmp
1 48.815632 42.911583 229.698669 -0.035429 0.798277 0.601248 0.507500 0.007500
1 3.218472 4.745176 277.685394 -0.035429 0.798277 0.601248 0.992500 0.492500
1 50.416546 6.839899 277.685394 -0.035429 0.798277 0.601248 0.507500 0.492500
pine_needles.bmp
1 50.416546 6.839899 277.685394 0.035429 -0.798277 -0.601248 0.507500 0.492500
1 3.218472 4.745176 277.685394 0.035429 -0.798277 -0.601248 0.992500 0.492500
1 1.617557 40.816856 229.698669 0.035429 -0.798277 -0.601248 0.992500 0.007500
pine_needles.bmp
1 50.416546 6.839899 277.685394 0.035429 -0.798277 -0.601248 0.507500 0.492500
1 1.617557 40.816856 229.698669 0.035429 -0.798277 -0.601248 0.992500 0.007500
1 48.815632 42.911583 229.698669 0.035429 -0.798277 -0.601248 0.507500 0.007500
pine_needles.bmp
1 11.966639 46.850319 226.705780 -0.899822 -0.039935 0.434424 0.507500 0.007500
1 14.061361 -0.347754 226.705780 -0.899822 -0.039935 0.434424 0.992500 0.007500
1 40.067467 0.806437 280.678284 -0.899822 -0.039935 0.434424 0.992500 0.492500
pine_needles.bmp
1 11.966639 46.850319 226.705780 -0.899823 -0.039936 0.434424 0.507500 0.007500
1 40.067467 0.806437 280.678284 -0.899823 -0.039936 0.434424 0.992500 0.492500
1 37.972740 48.004509 280.678284 -0.899823 -0.039936 0.434424 0.507500 0.492500
pine_needles.bmp
1 37.972740 48.004509 280.678284 0.899822 0.039936 -0.434424 0.507500 0.492500
1 40.067467 0.806437 280.678284 0.899822 0.039936 -0.434424 0.992500 0.492500
1 14.061361 -0.347754 226.705780 0.899822 0.039936 -0.434424 0.992500 0.007500
pine_needles.bmp
1 37.972740 48.004509 280.678284 0.899823 0.039936 -0.434424 0.507500 0.492500
1 14.061361 -0.347754 226.705780 0.899823 0.039936 -0.434424 0.992500 0.007500
1 11.966639 46.850319 226.705780 0.899823 0.039936 -0.434424 0.507500 0.007500
pine_needles.bmp
1 13.982742 49.736095 230.478485 -0.475481 -0.145226 0.867656 0.507500 0.007500
1 23.412956 18.860861 230.478485 -0.475481 -0.145226 0.867656 0.992500 0.007500
1 79.678635 36.046066 264.188843 -0.475481 -0.145226 0.867656 0.992500 0.492500
pine_needles.bmp
1 13.982742 49.736095 230.478485 -0.475481 -0.145226 0.867656 0.507500 0.007500
1 79.678635 36.046066 264.188843 -0.475481 -0.145226 0.867656 0.992500 0.492500
1 70.248421 66.921295 264.188843 -0.475481 -0.145226 0.867656 0.507500 0.492500
pine_needles.bmp
1 70.248421 66.921295 264.188843 0.475481 0.145226 -0.867656 0.507500 0.492500
1 79.678635 36.046066 264.188843 0.475481 0.145226 -0.867656 0.992500 0.492500
1 23.412956 18.860861 230.478485 0.475481 0.145226 -0.867656 0.992500 0.007500
pine_needles.bmp
1 70.248421 66.921295 264.188843 0.475481 0.145226 -0.867656 0.507500 0.492500
1 23.412956 18.860861 230.478485 0.475481 0.145226 -0.867656 0.992500 0.007500
1 13.982742 49.736095 230.478485 0.475481 0.145226 -0.867656 0.507500 0.007500
pine_needles.bmp
1 36.858624 20.281342 219.292374 0.242983 -0.795545 0.555039 0.007500 0.007500
1 67.733856 29.711555 219.292374 0.242983 -0.795545 0.555039 0.492500 0.007500
1 56.802753 65.500816 275.374969 0.242983 -0.795545 0.555039 0.492500 0.492500
pine_needles.bmp
1 36.858624 20.281342 219.292374 0.242983 -0.795545 0.555039 0.007500 0.007500
1 56.802753 65.500816 275.374969 0.242983 -0.795545 0.555039 0.492500 0.492500
1 25.927521 56.070602 275.374969 0.242983 -0.795545 0.555039 0.007500 0.492500
pine_needles.bmp
1 25.927521 56.070602 275.374969 -0.242983 0.795545 -0.555039 0.007500 0.492500
1 56.802753 65.500816 275.374969 -0.242983 0.795545 -0.555039 0.492500 0.492500
1 67.733856 29.711555 219.292374 -0.242983 0.795545 -0.555039 0.492500 0.007500
pine_needles.bmp
1 25.927521 56.070602 275.374969 -0.242983 0.795545 -0.555039 0.007500 0.492500
1 67.733856 29.711555 219.292374 -0.242983 0.795545 -0.555039 0.492500 0.007500
1 36.858624 20.281342 219.292374 -0.242983 0.795545 -0.555039 0.007500 0.007500
pine_needles.bmp
1 41.477020 79.312569 226.279007 -0.544354 -0.117373 0.830604 0.507500 0.007500
1 50.955246 35.354343 226.279007 -0.544354 -0.117373 0.830604 0.992500 0.007500
1 93.811646 44.594990 255.671646 -0.544354 -0.117373 0.830604 0.992500 0.492500
pine_needles.bmp
1 41.477020 79.312569 226.279007 -0.544354 -0.117373 0.830604 0.507500 0.007500
1 93.811646 44.594990 255.671646 -0.544354 -0.117373 0.830604 0.992500 0.492500
1 84.333427 88.553215 255.671646 -0.544354 -0.117373 0.830604 0.507500 0.492500
pine_needles.bmp
1 84.333427 88.553215 255.671646 0.544354 0.117373 -0.830604 0.507500 0.492500
1 93.811646 44.594990 255.671646 0.544354 0.117373 -0.830604 0.992500 0.492500
1 50.955246 35.354343 226.279007 0.544354 0.117373 -0.830604 0.992500 0.007500
pine_needles.bmp
1 84.333427 88.553215 255.671646 0.544354 0.117373 -0.830604 0.507500 0.492500
1 50.955246 35.354343 226.279007 0.544354 0.117373 -0.830604 0.992500 0.007500
1 41.477020 79.312569 226.279007 0.544354 0.117373 -0.830604 0.507500 0.007500
pine_needles.bmp
1 49.105553 41.259041 220.367462 0.165227 -0.766291 0.620884 0.507500 0.507500
1 93.063782 50.737259 220.367462 0.165227 -0.766291 0.620884 0.992500 0.507500
1 86.183105 82.648529 261.583191 0.165227 -0.766291 0.620884 0.992500 0.992500
pine_needles.bmp
1 49.105553 41.259041 220.367462 0.165227 -0.766291 0.620884 0.507500 0.507500
1 86.183105 82.648529 261.583191 0.165227 -0.766291 0.620884 0.992500 0.992500
1 42.224884 73.170303 261.583191 0.165227 -0.766291 0.620884 0.507500 0.992500
pine_needles.bmp
1 42.224884 73.170303 261.583191 -0.165227 0.766291 -0.620884 0.507500 0.992500
1 86.183105 82.648529 261.583191 -0.165227 0.766291 -0.620884 0.992500 0.992500
1 93.063782 50.737259 220.367462 -0.165227 0.766291 -0.620884 0.992500 0.507500
pine_needles.bmp
1 42.224884 73.170303 261.583191 -0.165227 0.766292 -0.620884 0.507500 0.992500
1 93.063782 50.737259 220.367462 -0.165227 0.766292 -0.620884 0.992500 0.507500
1 49.105553 41.259041 220.367462 -0.165227 0.766292 -0.620884 0.507500 0.507500
pine_bark.bmp
0 2.808609 0.000000 300.210114 0.829643 -0.556065 -0.049837 0.000000 0.000000
0 0.071271 -1.280502 298.366486 0.024646 -0.869420 -0.493459 0.200000 0.000000
0 -7.574170 46.394501 277.852783 -0.231893 -0.240008 -0.942667 0.200000 0.435162
pine_bark.bmp
0 2.808609 0.000000 300.210114 0.829643 -0.556065 -0.049837 0.000000 0.000000
0 -7.574170 46.394501 277.852783 -0.231893 -0.240008 -0.942667 0.200000 0.435162
0 -5.428469 46.970821 278.759216 0.813834 0.040945 -0.579653 0.000000 0.435162
pine_bark.bmp
0 0.071271 -1.280502 298.366486 0.024646 -0.869420 -0.493459 0.200000 0.000000
0 -2.615109 -0.718667 300.452454 -0.683009 -0.723501 0.100227 0.400000 0.000000
0 -9.061884 46.641171 279.593567 -0.976774 -0.177166 -0.120517 0.400000 0.435162
pine_bark.bmp
0 0.071271 -1.280502 298.366486 0.024646 -0.869420 -0.493459 0.200000 0.000000
0 -9.061884 46.641171 279.593567 -0.976774 -0.177166 -0.120517 0.400000 0.435162
0 -7.574170 46.394501 277.852783 -0.231893 -0.240008 -0.942667 0.200000 0.435162
pine_bark.bmp
0 -2.615109 -0.718667 300.452454 -0.683009 -0.723501 0.100227 0.400000 0.000000
0 -1.834698 0.784400 303.415710 -0.372484 -0.303034 0.877169 0.600000 0.000000
0 -8.093812 47.335106 281.593231 -0.432629 0.160783 0.887119 0.600000 0.435162
pine_bark.bmp
0 -2.615109 -0.718667 300.452454 -0.683009 -0.723501 0.100227 0.400000 0.000000
0 -8.093812 47.335106 281.593231 -0.432629 0.160783 0.887119 0.600000 0.435162
0 -9.061884 46.641171 279.593567 -0.976774 -0.177166 -0.120517 0.400000 0.435162
pine_bark.bmp
0 -1.834698 0.784400 303.415710 -0.372484 -0.303034 0.877169 0.600000 0.000000
0 1.687792 1.245132 303.245453 0.586708 -0.199969 0.784720 0.800000 0.000000
0 -5.781294 47.528507 281.002075 0.780158 0.302176 0.547763 0.800000 0.435162
pine_bark.bmp
0 -1.834698 0.784400 303.415710 -0.372484 -0.303034 0.877169 0.600000 0.000000
0 -5.781294 47.528507 281.002075 0.780158 0.302176 0.547763 0.800000 0.435162
0 -8.093812 47.335106 281.593231 -0.432629 0.160783 0.887119 0.600000 0.435162
pine_bark.bmp
0 1.687792 1.245132 303.245453 0.586708 -0.199969 0.784720 0.800000 0.000000
0 2.808609 0.000000 300.210114 0.829643 -0.556065 -0.049837 1.000000 0.000000
0 -5.428469 46.970821 278.759216 0.813834 0.040945 -0.579653 1.000000 0.435162
pine_bark.bmp
0 1.687792 1.245132 303.245453 0.586708 -0.199969 0.784720 0.800000 0.000000
0 -5.428469 46.970821 278.759216 0.813834 0.040945 -0.579653 1.000000 0.435162
0 -5.781294 47.528507 281.002075 0.780158 0.302176 0.547763 0.800000 0.435162
pine_bark.bmp
0 -5.428469 46.970821 278.759216 0.813834 0.040945 -0.579653 0.000000 0.435162
0 -7.574170 46.394501 277.852783 -0.231893 -0.240008 -0.942667 0.200000 0.435162
0 -13.649220 85.305191 278.095734 -0.429985 0.526442 -0.733466 0.200000 0.759357
pine_bark.bmp
0 -5.428469 46.970821 278.759216 0.813834 0.040945 -0.579653 0.000000 0.435162
0 -13.649220 85.305191 278.095734 -0.429985 0.526442 -0.733466 0.200000 0.759357
0 -12.946697 85.401489 277.774139 0.492185 0.667844 -0.558335 0.000000 0.759357
pine_bark.bmp
0 -7.574170 46.394501 277.852783 -0.231893 -0.240008 -0.942667 0.200000 0.435162
0 -9.061884 46.641171 279.593567 -0.976774 -0.177166 -0.120517 0.400000 0.435162
0 -13.562222 85.344635 278.829315 -0.866857 0.495322 0.056704 0.400000 0.759357
pine_bark.bmp
0 -7.574170 46.394501 277.852783 -0.231893 -0.240008 -0.942667 0.200000 0.435162
0 -13.562222 85.344635 278.829315 -0.866857 0.495322 0.056704 0.400000 0.759357
0 -13.649220 85.305191 278.095734 -0.429985 0.526442 -0.733466 0.200000 0.759357
pine_bark.bmp
0 -9.061884 46.641171 279.593567 -0.976774 -0.177166 -0.120517 0.400000 0.435162
0 -8.093812 47.335106 281.593231 -0.432629 0.160783 0.887119 0.600000 0.435162
0 -12.833453 85.464096 279.045715 -0.260297 0.595568 0.759964 0.600000 0.759357
pine_bark.bmp
0 -9.061884 46.641171 279.593567 -0.976774 -0.177166 -0.120517 0.400000 0.435162
0 -12.833453 85.464096 279.045715 -0.260297 0.595568 0.759964 0.600000 0.759357
0 -13.562222 85.344635 278.829315 -0.866857 0.495322 0.056704 0.400000 0.759357
pine_bark.bmp
0 -8.093812 47.335106 281.593231 -0.432629 0.160783 0.887119 0.600000 0.435162
0 -5.781294 47.528507 281.002075 0.780158 0.302176 0.547763 0.800000 0.435162
0 -12.476596 85.494698 278.367462 0.579307 0.731574 0.359449 0.800000 0.759357
pine_bark.bmp
0 -8.093812 47.335106 281.593231 -0.432629 0.160783 0.887119 0.600000 0.435162
0 -12.476596 85.494698 278.367462 0.579307 0.731574 0.359449 0.800000 0.759357
0 -12.833453 85.464096 279.045715 -0.260297 0.595568 0.759964 0.600000 0.759357
pine_bark.bmp
0 -5.781294 47.528507 281.002075 0.780158 0.302176 0.547763 0.800000 0.435162
0 -5.428469 46.970821 278.759216 0.813834 0.040945 -0.579653 1.000000 0.435162
0 -12.946697 85.401489 277.774139 0.492185 0.667844 -0.558335 1.000000 0.759357
pine_bark.bmp
0 -5.781294 47.528507 281.002075 0.780158 0.302176 0.547763 0.800000 0.435162
0 -12.946697 85.401489 277.774139 0.492185 0.667844 -0.558335 1.000000 0.759357
0 -12.476596 85.494698 278.367462 0.579307 0.731574 0.359449 0.800000 0.759357
pine_bark.bmp
0 2.808609 0.000000 300.210114 0.829643 -0.556065 -0.049837 0.950000 0.500000
0 1.687792 1.245132 303.245453 0.586708 -0.199969 0.784720 0.639058 0.072025
0 -1.834698 0.784400 303.415710 -0.372484 -0.303034 0.877169 0.135942 0.235497
pine_bark.bmp
0 -1.834698 0.784400 303.415710 -0.372484 -0.303034 0.877169 0.135942 0.235497
0 -2.615109 -0.718667 300.452454 -0.683009 -0.723501 0.100227 0.135942 0.764503
0 0.071271 -1.280502 298.366486 0.024646 -0.869420 -0.493459 0.639058 0.927975
pine_bark.bmp
0 -1.834698 0.784400 303.415710 -0.372484 -0.303034 0.877169 0.135942 0.235497
0 0.071271 -1.280502 298.366486 0.024646 -0.869420 -0.493459 0.639058 0.927975
0 2.808609 0.000000 300.210114 0.829643 -0.556065 -0.049837 0.950000 0.500000
pine_bark.bmp
0 -12.476596 85.494698 278.367462 0.579307 0.731574 0.359449 0.639058 0.072025
0 -12.946697 85.401489 277.774139 0.492185 0.667844 -0.558335 0.950000 0.500000
0 -13.649220 85.305191 278.095734 -0.429985 0.526442 -0.733466 0.639058 0.927975
pine_bark.bmp
0 -13.649220 85.305191 278.095734 -0.429985 0.526442 -0.733466 0.639058 0.927975
0 -13.562222 85.344635 278.829315 -0.866857 0.495322 0.056704 0.135942 0.764503
0 -12.833453 85.464096 279.045715 -0.260297 0.595568 0.759964 0.135942 0.235497
pine_bark.bmp
0 -13.649220 85.305191 278.095734 -0.429985 0.526442 -0.733466 0.639058 0.927975
0 -12.833453 85.464096 279.045715 -0.260297 0.595568 0.759964 0.135942 0.235497
0 -12.476596 85.494698 278.367462 0.579307 0.731574 0.359449 0.639058 0.072025
pine_needles.bmp
1 -1.505651 63.293854 270.461395 -0.339005 0.550318 0.763037 0.007500 0.507500
1 -35.801979 42.166756 270.461395 -0.339005 0.550318 0.763037 0.492500 0.507500
1 -7.662634 -3.512804 315.908325 -0.339005 0.550318 0.763037 0.492500 0.992500
pine_needles.bmp
1 -1.505651 63.293854 270.461395 -0.339005 0.550318 0.763037 0.007500 0.507500
1 -7.662634 -3.512804 315.908325 -0.339005 0.550318 0.763037 0.492500 0.992500
1 26.633696 17.614290 315.908325 -0.339005 0.550318 0.763037 0.007500 0.992500
pine_needles.bmp
1 26.633696 17.614290 315.908325 0.339005 -0.550318 -0.763037 0.007500 0.992500
1 -7.662634 -3.512804 315.908325 0.339005 -0.550318 -0.763037 0.492500 0.992500
1 -35.801979 42.166756 270.461395 0.339005 -0.550318 -0.763037 0.492500 0.507500
pine_needles.bmp
1 26.633696 17.614290 315.908325 0.339005 -0.550318 -0.763037 0.007500 0.992500
1 -35.801979 42.166756 270.461395 0.339005 -0.550318 -0.763037 0.492500 0.507500
1 -1.505651 63.293854 270.461395 0.339005 -0.550318 -0.763037 0.007500 0.507500
pine_needles.bmp
1 -39.992062 31.734154 273.491730 -0.476289 -0.293402 0.828893 0.007500 0.507500
1 -18.864969 -2.562177 273.491730 -0.476289 -0.293402 0.828893 0.492500 0.507500
1 30.823778 28.046894 312.877960 -0.476289 -0.293402 0.828893 0.492500 0.992500
pine_needles.bmp
1 -39.992062 31.734154 273.491730 -0.476289 -0.293402 0.828893 0.007500 0.507500
1 30.823778 28.046894 312.877960 -0.476289 -0.293402 0.828893 0.492500 0.992500
1 9.696686 62.343224 312.877960 -0.476289 -0.293402 0.828893 0.007500 0.992500
pine_needles.bmp
1 9.696686 62.343224 312.877960 0.476289 0.293402 -0.828893 0.007500 0.992500
1 30.823778 28.046894 312.877960 0.476289 0.293402 -0.828893 0.492500 0.992500
1 -18.864969 -2.562177 273.491730 0.476289 0.293402 -0.828893 0.492500 0.507500
pine_needles.bmp
1 9.696686 62.343224 312.877960 0.476289 0.293402 -0.828893 0.007500 0.992500
1 -18.864969 -2.562177 273.491730 0.476289 0.293402 -0.828893 0.492500 0.507500
1 -39.992062 31.734154 273.491730 0.476289 0.293402 -0.828893 0.007500 0.507500
pine_needles.bmp
1 -40.275307 54.463188 265.030945 -0.490005 -0.513533 0.704400 0.507500 0.507500
1 -6.091197 21.845215 265.030945 -0.490005 -0.513533 0.704400 0.992500 0.507500
1 23.772396 53.142685 308.622070 -0.490005 -0.513533 0.704400 0.992500 0.992500
pine_needles.bmp
1 -40.275307 54.463188 265.030945 -0.490005 -0.513533 0.704400 0.507500 0.507500
1 23.772396 53.142685 308.622070 -0.490005 -0.513533 0.704400 0.992500 0.992500
1 -10.411714 85.760658 308.622070 -0.490005 -0.513533 0.704400 0.507500 0.992500
pine_needles.bmp
1 -10.411714 85.760658 308.622070 0.490005 0.513533 -0.704400 0.507500 0.992500
1 23.772396 53.142685 308.622070 0.490005 0.513533 -0.704400 0.992500 0.992500
1 -6.091197 21.845215 265.030945 0.490005 0.513533 -0.704400 0.992500 0.507500
pine_needles.bmp
1 -10.411714 85.760658 308.622070 0.490005 0.513533 -0.704400 0.507500 0.992500
1 -6.091197 21.845215 265.030945 0.490005 0.513533 -0.704400 0.992500 0.507500
1 -40.275307 54.463188 265.030945 0.490005 0.513533 -0.704400 0.507500 0.507500
pine_needles.bmp
1 -14.010055 26.643856 259.922913 0.636057 -0.606916 0.476534 0.007500 0.007500
1 18.607922 60.827961 259.922913 0.636057 -0.606916 0.476534 0.492500 0.007500
1 -2.492856 80.962021 313.730103 0.636057 -0.606916 0.476534 0.492500 0.492500
pine_needles.bmp
1 -14.010055 26.643856 259.922913 0.636057 -0.606916 0.476534 0.007500 0.007500
1 -2.492856 80.962021 313.730103 0.636057 -0.606916 0.476534 0.492500 0.492500
1 -35.110832 46.777912 313.730103 0.636057 -0.606916 0.476534 0.007500 0.492500
pine_needles.bmp
1 -35.110832 46.777912 313.730103 -0.636057 0.606916 -0.476534 0.007500 0.492500
1 -2.492856 80.962021 313.730103 -0.636057 0.606916 -0.476534 0.492500 0.492500
1 18.607922 60.827961 259.922913 -0.636057 0.606916 -0.476534 0.492500 0.007500
pine_needles.bmp
1 -35.110832 46.777912 313.730103 -0.636057 0.606916 -0.476534 0.007500 0.492500
1 18.607922 60.827961 259.922913 -0.636057 0.606916 -0.476534 0.492500 0.007500
1 -14.010055 26.643856 259.922913 -0.636057 0.606916 -0.476534 0.007500 0.007500
pine_needles.bmp
1 -35.742870 63.220093 264.661194 -0.187835 -0.566361 0.802467 0.007500 0.507500
1 -1.478332 51.856171 264.661194 -0.187835 -0.566361 0.802467 0.492500 0.507500
1 11.905330 92.210617 296.275055 -0.187835 -0.566361 0.802467 0.492500 0.992500
pine_needles.bmp
1 -35.742870 63.220093 264.661194 -0.187835 -0.566361 0.802467 0.007500 0.507500
1 11.905330 92.210617 296.275055 -0.187835 -0.566361 0.802467 0.492500 0.992500
1 -22.359207 103.574539 296.275055 -0.187835 -0.566361 0.802467 0.007500 0.992500
pine_needles.bmp
1 -22.359207 103.574539 296.275055 0.187835 0.566361 -0.802467 0.007500 0.992500
1 11.905330 92.210617 296.275055 0.187835 0.566361 -0.802467 0.492500 0.992500
1 -1.478332 51.856171 264.661194 0.187835 0.566361 -0.802467 0.492500 0.507500
pine_needles.bmp
1 -22.359207 103.574539 296.275055 0.187835 0.566361 -0.802467 0.007500 0.992500
1 -1.478332 51.856171 264.661194 0.187835 0.566361 -0.802467 0.492500 0.507500
1 -35.742870 63.220093 264.661194 0.187835 0.566361 -0.802467 0.007500 0.507500
pine_needles.bmp
1 0.711067 54.509926 262.369904 0.649388 -0.215371 0.729322 0.507500 0.507500
1 12.074993 88.774467 262.369904 0.649388 -0.215371 0.729322 0.992500 0.507500
1 -24.548607 100.920784 298.566376 0.649388 -0.215371 0.729322 0.992500 0.992500
pine_needles.bmp
1 0.711067 54.509926 262.369904 0.649388 -0.215371 0.729322 0.507500 0.507500
1 -24.548607 100.920784 298.566376 0.649388 -0.215371 0.729322 0.992500 0.992500
1 -35.912533 66.656242 298.566376 0.649388 -0.215371 0.729322 0.507500 0.992500
pine_needles.bmp
1 -35.912533 66.656242 298.566376 -0.649388 0.215371 -0.729322 0.507500 0.992500
1 -24.548607 100.920784 298.566376 -0.649388 0.215371 -0.729322 0.992500 0.992500
1 12.074993 88.774467 262.369904 -0.649388 0.215371 -0.729322 0.992500 0.507500
pine_needles.bmp
1 -35.912533 66.656242 298.566376 -0.649388 0.215371 -0.729322 0.507500 0.992500
1 12.074993 88.774467 262.369904 -0.649388 0.215371 -0.729322 0.992500 0.507500
1 0.711067 54.509926 262.369904 -0.649388 0.215371 -0.729322 0.507500 0.507500
pine_bark.bmp
0 1.441045 0.000000 298.580017 0.821791 -0.333154 -0.462242 0.000000 0.000000
0 -0.878247 -2.495710 299.573212 0.170513 -0.975601 -0.138302 0.200000 0.000000
0 -39.679127 25.755051 278.832123 -0.411519 -0.755253 -0.510142 0.200000 0.435162
pine_bark.bmp
0 1.441045 0.000000 298.580017 0.821791 -0.333154 -0.462242 0.000000 0.000000
0 -39.679127 25.755051 278.832123 -0.411519 -0.755253 -0.510142 0.200000 0.435162
0 -38.212032 27.372391 277.839478 0.272983 0.039501 -0.961208 0.000000 0.435162
pine_bark.bmp
0 -0.878247 -2.495710 299.573212 0.170513 -0.975601 -0.138302 0.200000 0.000000
0 -1.855193 -1.400687 302.670746 -0.083846 -0.690002 0.718935 0.400000 0.000000
0 -39.908581 26.447283 281.006683 -0.576526 -0.533369 0.618979 0.400000 0.435162
pine_bark.bmp
0 -0.878247 -2.495710 299.573212 0.170513 -0.975601 -0.138302 0.200000 0.000000
0 -39.908581 26.447283 281.006683 -0.576526 -0.533369 0.618979 0.400000 0.435162
0 -39.679127 25.755051 278.832123 -0.411519 -0.755253 -0.510142 0.200000 0.435162
pine_bark.bmp
0 -1.855193 -1.400687 302.670746 -0.083846 -0.690002 0.718935 0.400000 0.000000
0 -0.380960 1.528803 303.716003 0.344290 0.109487 0.932458 0.600000 0.000000
0 -38.717754 28.394686 281.556763 0.061615 0.495718 0.866295 0.600000 0.435162
pine_bark.bmp
0 -1.855193 -1.400687 302.670746 -0.083846 -0.690002 0.718935 0.400000 0.000000
0 -38.717754 28.394686 281.556763 0.061615 0.495718 0.866295 0.600000 0.435162
0 -39.908581 26.447283 281.006683 -0.576526 -0.533369 0.618979 0.400000 0.435162
pine_bark.bmp
0 -0.380960 1.528803 303.716003 0.344290 0.109487 0.932458 0.600000 0.000000
0 1.755520 2.426773 301.052246 0.923133 0.337557 0.184064 0.800000 0.000000
0 -37.657970 28.937437 279.503235 0.571069 0.795513 -0.202581 0.800000 0.435162
pine_bark.bmp
0 -0.380960 1.528803 303.716003 0.344290 0.109487 0.932458 0.600000 0.000000
0 -37.657970 28.937437 279.503235 0.571069 0.795513 -0.202581 0.800000 0.435162
0 -38.717754 28.394686 281.556763 0.061615 0.495718 0.866295 0.600000 0.435162
pine_bark.bmp
0 1.755520 2.426773 301.052246 0.923133 0.337557 0.184064 0.800000 0.000000
0 1.441045 0.000000 298.580017 0.821791 -0.333154 -0.462242 1.000000 0.000000
0 -38.212032 27.372391 277.839478 0.272983 0.039501 -0.961208 1.000000 0.435162
pine_bark.bmp
0 1.755520 2.426773 301.052246 0.923133 0.337557 0.184064 0.800000 0.000000
0 -38.212032 27.372391 277.839478 0.272983 0.039501 -0.961208 1.000000 0.435162
0 -37.657970 28.937437 279.503235 0.571069 0.795513 -0.202581 0.800000 0.435162
pine_bark.bmp
0 -38.212032 27.372391 277.839478 0.272983 0.039501 -0.961208 0.000000 0.435162
0 -39.679127 25.755051 278.832123 -0.411519 -0.755253 -0.510142 0.200000 0.435162
0 -70.974365 49.261349 278.210876 -0.904933 -0.239465 -0.351786 0.200000 0.759358
pine_bark.bmp
0 -38.212032 27.372391 277.839478 0.272983 0.039501 -0.961208 0.000000 0.435162
0 -70.974365 49.261349 278.210876 -0.904933 -0.239465 -0.351786 0.200000 0.759358
0 -70.597870 49.767982 277.757904 -0.396689 0.423679 -0.814330 0.000000 0.759358
pine_bark.bmp
0 -39.679127 25.755051 278.832123 -0.411519 -0.755253 -0.510142 0.200000 0.435162
0 -39.908581 26.447283 281.006683 -0.576526 -0.533369 0.618979 0.400000 0.435162
0 -70.858315 49.468857 278.912231 -0.834748 -0.086525 0.543791 0.400000 0.759358
pine_bark.bmp
0 -39.679127 25.755051 278.832123 -0.411519 -0.755253 -0.510142 0.200000 0.435162
0 -70.858315 49.468857 278.912231 -0.834748 -0.086525 0.543791 0.400000 0.759358
0 -70.974365 49.261349 278.210876 -0.904933 -0.239465 -0.351786 0.200000 0.759358
pine_bark.bmp
0 -39.908581 26.447283 281.006683 -0.576526 -0.533369 0.618979 0.400000 0.435162
0 -38.717754 28.394686 281.556763 0.061615 0.495718 0.866295 0.600000 0.435162
0 -70.418388 50.097366 278.981018 -0.297467 0.659084 0.690740 0.600000 0.759358
pine_bark.bmp
0 -39.908581 26.447283 281.006683 -0.576526 -0.533369 0.618979 0.400000 0.435162
0 -70.418388 50.097366 278.981018 -0.297467 0.659084 0.690740 0.600000 0.759358
0 -70.858315 49.468857 278.912231 -0.834748 -0.086525 0.543791 0.400000 0.759358
pine_bark.bmp
0 -38.717754 28.394686 281.556763 0.061615 0.495718 0.866295 0.600000 0.435162
0 -37.657970 28.937437 279.503235 0.571069 0.795513 -0.202581 0.800000 0.435162
0 -70.273361 50.258339 278.246674 -0.059875 0.983780 -0.169091 0.800000 0.759358
pine_bark.bmp
0 -38.717754 28.394686 281.556763 0.061615 0.495718 0.866295 0.600000 0.435162
0 -70.273361 50.258339 278.246674 -0.059875 0.983780 -0.169091 0.800000 0.759358
0 -70.418388 50.097366 278.981018 -0.297467 0.659084 0.690740 0.600000 0.759358
pine_bark.bmp
0 -37.657970 28.937437 279.503235 0.571069 0.795513 -0.202581 0.800000 0.435162
0 -38.212032 27.372391 277.839478 0.272983 0.039501 -0.961208 1.000000 0.435162
0 -70.597870 49.767982 277.757904 -0.396689 0.423679 -0.814330 1.000000 0.759358
pine_bark.bmp
0 -37.657970 28.937437 279.503235 0.571069 0.795513 -0.202581 0.800000 0.435162
0 -70.597870 49.767982 277.757904 -0.396689 0.423679 -0.814330 1.000000 0.759358
0 -70.273361 50.258339 278.246674 -0.059875 0.983780 -0.169091 0.800000 0.759358
pine_bark.bmp
0 1.441045 0.000000 298.580017 0.821791 -0.333154 -0.462242 0.950000 0.500000
0 1.755520 2.426773 301.052246 0.923133 0.337557 0.184064 0.639058 0.072025
0 -0.380960 1.528803 303.716003 0.344290 0.109487 0.932458 0.135942 0.235497
pine_bark.bmp
0 -0.380960 1.528803 303.716003 0.344290 0.109487 0.932458 0.135942 0.235497
0 -1.855193 -1.400687 302.670746 -0.083846 -0.690002 0.718935 0.135942 0.764503
0 -0.878247 -2.495710 299.573212 0.170513 -0.975601 -0.138302 0.639058 0.927975
pine_bark.bmp
0 -0.380960 1.528803 303.716003 0.344290 0.109487 0.932458 0.135942 0.235497
0 -0.878247 -2.495710 299.573212 0.170513 -0.975601 -0.138302 0.639058 0.927975
0 1.441045 0.000000 298.580017 0.821791 -0.333154 -0.462242 0.950000 0.500000
pine_bark.bmp
0 -70.273361 50.258339 278.246674 -0.059875 0.983780 -0.169091 0.639058 0.072025
0 -70.597870 49.767982 277.757904 -0.396689 0.423679 -0.814330 0.950000 0.500000
0 -70.974365 49.261349 278.210876 -0.904933 -0.239465 -0.351786 0.639058 0.927975
pine_bark.bmp
0 -70.974365 49.261349 278.210876 -0.904933 -0.239465 -0.351786 0.639058 0.927975
0 -70.858315 49.468857 278.912231 -0.834748 -0.086525 0.543791 0.135942 0.764503
0 -70.418388 50.097366 278.981018 -0.297467 0.659084 0.690740 0.135942 0.235497
pine_bark.bmp
0 -70.974365 49.261349 278.210876 -0.904933 -0.239465 -0.351786 0.639058 0.927975
0 -70.418388 50.097366 278.981018 -0.297467 0.659084 0.690740 0.135942 0.235497
0 -70.273361 50.258339 278.246674 -0.059875 0.983780 -0.169091 0.639058 0.072025
pine_needles.bmp
1 -0.194600 10.147136 262.801636 0.681472 0.610211 0.404027 0.007500 0.007500
1 -29.249001 42.594563 262.801636 0.681472 0.610211 0.404027 0.492500 0.007500
1 -49.243980 24.690456 323.568085 0.681472 0.610211 0.404027 0.492500 0.492500
pine_needles.bmp
1 -0.194600 10.147136 262.801636 0.681472 0.610211 0.404027 0.007500 0.007500
1 -49.243980 24.690456 323.568085 0.681472 0.610211 0.404027 0.492500 0.492500
1 -20.189583 -7.756972 323.568085 0.681472 0.610211 0.404027 0.007500 0.492500
pine_needles.bmp
1 -20.189583 -7.756972 323.568085 -0.681472 -0.610211 -0.404027 0.007500 0.492500
1 -49.243980 24.690456 323.568085 -0.681472 -0.610211 -0.404027 0.492500 0.492500
1 -29.249001 42.594563 262.801636 -0.681472 -0.610211 -0.404027 0.492500 0.007500
pine_needles.bmp
1 -20.189583 -7.756972 323.568085 -0.681472 -0.610211 -0.404027 0.007500 0.492500
1 -29.249001 42.594563 262.801636 -0.681472 -0.610211 -0.404027 0.492500 0.007500
1 -0.194600 10.147136 262.801636 -0.681472 -0.610211 -0.404027 0.007500 0.007500
pine_needles.bmp
1 -19.823215 44.596497 264.591034 -0.573564 0.640546 0.510612 0.007500 0.007500
1 -52.270641 15.542093 264.591034 -0.573564 0.640546 0.510612 0.492500 0.007500
1 -29.615368 -9.758905 321.778687 -0.573564 0.640546 0.510612 0.492500 0.492500
pine_needles.bmp
1 -19.823215 44.596497 264.591034 -0.573564 0.640546 0.510612 0.007500 0.007500
1 -29.615368 -9.758905 321.778687 -0.573564 0.640546 0.510612 0.492500 0.492500
1 2.832059 19.295496 321.778687 -0.573564 0.640546 0.510612 0.007500 0.492500
pine_needles.bmp
1 2.832059 19.295496 321.778687 0.573564 -0.640546 -0.510612 0.007500 0.492500
1 -29.615368 -9.758905 321.778687 0.573564 -0.640546 -0.510612 0.492500 0.492500
1 -52.270641 15.542093 264.591034 0.573564 -0.640546 -0.510612 0.492500 0.007500
pine_needles.bmp
1 2.832059 19.295496 321.778687 0.573564 -0.640546 -0.510612 0.007500 0.492500
1 -52.270641 15.542093 264.591034 0.573564 -0.640546 -0.510612 0.492500 0.007500
1 -19.823215 44.596497 264.591034 0.573564 -0.640546 -0.510612 0.007500 0.007500
pine_needles.bmp
1 -23.781954 46.099270 256.810120 0.060255 0.878836 0.473304 0.007500 0.507500
1 -63.001156 48.788239 256.810120 0.060255 0.878836 0.473304 0.492500 0.507500
1 -65.207489 16.608389 316.842896 0.060255 0.878836 0.473304 0.492500 0.992500
pine_needles.bmp
1 -23.781954 46.099270 256.810120 0.060255 0.878836 0.473304 0.007500 0.507500
1 -65.207489 16.608389 316.842896 0.060255 0.878836 0.473304 0.492500 0.992500
1 -25.988287 13.919418 316.842896 0.060255 0.878836 0.473304 0.007500 0.992500
pine_needles.bmp
1 -25.988287 13.919418 316.842896 -0.060255 -0.878836 -0.473304 0.007500 0.992500
1 -65.207489 16.608389 316.842896 -0.060255 -0.878836 -0.473304 0.492500 0.992500
1 -63.001156 48.788239 256.810120 -0.060255 -0.878836 -0.473304 0.492500 0.507500
pine_needles.bmp
1 -25.988287 13.919418 316.842896 -0.060255 -0.878836 -0.473304 0.007500 0.992500
1 -63.001156 48.788239 256.810120 -0.060255 -0.878836 -0.473304 0.492500 0.507500
1 -23.781954 46.099270 256.810120 -0.060255 -0.878836 -0.473304 0.007500 0.507500
pine_needles.bmp
1 -68.116905 52.675209 263.501678 -0.680220 0.046638 0.731523 0.007500 0.007500
1 -70.805878 13.456008 263.501678 -0.680220 0.046638 0.731523 0.492500 0.007500
1 -20.872536 10.032449 310.151337 -0.680220 0.046638 0.731523 0.492500 0.492500
pine_needles.bmp
1 -68.116905 52.675209 263.501678 -0.680220 0.046638 0.731523 0.007500 0.007500
1 -20.872536 10.032449 310.151337 -0.680220 0.046638 0.731523 0.492500 0.492500
1 -18.183563 49.251648 310.151337 -0.680220 0.046638 0.731523 0.007500 0.492500
pine_needles.bmp
1 -18.183563 49.251648 310.151337 0.680220 -0.046638 -0.731523 0.007500 0.492500
1 -20.872536 10.032449 310.151337 0.680220 -0.046638 -0.731523 0.492500 0.492500
1 -70.805878 13.456008 263.501678 0.680220 -0.046638 -0.731523 0.492500 0.007500
pine_needles.bmp
1 -18.183563 49.251648 310.151337 0.680220 -0.046638 -0.731523 0.007500 0.492500
1 -70.805878 13.456008 263.501678 0.680220 -0.046638 -0.731523 0.492500 0.007500
1 -68.116905 52.675209 263.501678 0.680220 -0.046638 -0.731523 0.007500 0.007500
pine_needles.bmp
1 -52.860268 20.457560 253.051880 0.799248 -0.240749 0.550675 0.007500 0.507500
1 -41.043602 59.686996 253.051880 0.799248 -0.240749 0.550675 0.492500 0.507500
1 -75.680038 70.120163 307.884399 0.799248 -0.240749 0.550675 0.492500 0.992500
pine_needles.bmp
1 -52.860268 20.457560 253.051880 0.799248 -0.240749 0.550675 0.007500 0.507500
1 -75.680038 70.120163 307.884399 0.799248 -0.240749 0.550675 0.492500 0.992500
1 -87.496712 30.890730 307.884399 0.799248 -0.240749 0.550675 0.007500 0.992500
pine_needles.bmp
1 -87.496712 30.890730 307.884399 -0.799248 0.240749 -0.550675 0.007500 0.992500
1 -75.680038 70.120163 307.884399 -0.799248 0.240749 -0.550675 0.492500 0.992500
1 -41.043602 59.686996 253.051880 -0.799248 0.240749 -0.550675 0.492500 0.507500
pine_needles.bmp
1 -87.496712 30.890730 307.884399 -0.799248 0.240749 -0.550675 0.007500 0.992500
1 -41.043602 59.686996 253.051880 -0.799248 0.240749 -0.550675 0.492500 0.507500
1 -52.860268 20.457560 253.051880 -0.799248 0.240749 -0.550675 0.007500 0.507500
pine_needles.bmp
1 -37.245899 63.978996 259.799652 0.180794 0.600206 0.779145 0.507500 0.007500
1 -76.475334 75.795670 259.799652 0.180794 0.600206 0.779145 0.992500 0.007500
1 -91.294411 26.598732 301.136597 0.180794 0.600206 0.779145 0.992500 0.492500
pine_needles.bmp
1 -37.245899 63.978996 259.799652 0.180794 0.600206 0.779145 0.507500 0.007500
1 -91.294411 26.598732 301.136597 0.180794 0.600206 0.779145 0.992500 0.492500
1 -52.064976 14.782059 301.136597 0.180794 0.600206 0.779145 0.507500 0.492500
pine_needles.bmp
1 -52.064976 14.782059 301.136597 -0.180794 -0.600206 -0.779145 0.507500 0.492500
1 -91.294411 26.598732 301.136597 -0.180794 -0.600206 -0.779145 0.992500 0.492500
1 -76.475334 75.795670 259.799652 -0.180794 -0.600206 -0.779145 0.992500 0.007500
pine_needles.bmp
1 -52.064976 14.782059 301.136597 -0.180794 -0.600206 -0.779145 0.507500 0.492500
1 -76.475334 75.795670 259.799652 -0.180794 -0.600206 -0.779145 0.992500 0.007500
1 -37.245899 63.978996 259.799652 -0.180794 -0.600206 -0.779145 0.507500 0.007500
pine_bark.bmp
0 1.228460 0.000000 298.473877 0.874231 -0.021175 -0.485048 0.000000 0.000000
0 0.274705 -2.927593 300.223145 0.592194 -0.805670 0.014223 0.200000 0.000000
0 -47.388733 0.415015 279.130066 0.009385 -0.932152 -0.361945 0.200000 0.435162
pine_bark.bmp
0 1.228460 0.000000 298.473877 0.874231 -0.021175 -0.485048 0.000000 0.000000
0 -47.388733 0.415015 279.130066 0.009385 -0.932152 -0.361945 0.200000 0.435162
0 -46.935265 2.359596 277.808380 0.207460 0.012684 -0.978161 0.000000 0.435162
pine_bark.bmp
0 0.274705 -2.927593 300.223145 0.592194 -0.805670 0.014223 0.200000 0.000000
0 -1.007146 -1.643077 303.135864 0.253384 -0.494077 0.831676 0.400000 0.000000
0 -47.907745 1.247309 281.205902 -0.230945 -0.625879 0.744943 0.400000 0.435162
pine_bark.bmp
0 0.274705 -2.927593 300.223145 0.592194 -0.805670 0.014223 0.200000 0.000000
0 -47.907745 1.247309 281.205902 -0.230945 -0.625879 0.744943 0.400000 0.435162
0 -47.388733 0.415015 279.130066 0.009385 -0.932152 -0.361945 0.200000 0.435162
pine_bark.bmp
0 -1.007146 -1.643077 303.135864 0.253384 -0.494077 0.831676 0.400000 0.000000
0 -0.951661 1.793362 303.385559 0.275190 0.437026 0.856317 0.600000 0.000000
0 -47.840527 3.588735 281.388153 -0.179530 0.611386 0.770698 0.600000 0.435162
pine_bark.bmp
0 -1.007146 -1.643077 303.135864 0.253384 -0.494077 0.831676 0.400000 0.000000
0 -47.840527 3.588735 281.388153 -0.179530 0.611386 0.770698 0.600000 0.435162
0 -47.907745 1.247309 281.205902 -0.230945 -0.625879 0.744943 0.400000 0.435162
pine_bark.bmp
0 -0.951661 1.793362 303.385559 0.275190 0.437026 0.856317 0.600000 0.000000
0 0.501420 2.846727 300.353790 0.672529 0.739796 0.020135 0.800000 0.000000
0 -47.216389 4.241302 279.196320 0.101372 0.926398 -0.362643 0.800000 0.435162
pine_bark.bmp
0 -0.951661 1.793362 303.385559 0.275190 0.437026 0.856317 0.600000 0.000000
0 -47.216389 4.241302 279.196320 0.101372 0.926398 -0.362643 0.800000 0.435162
0 -47.840527 3.588735 281.388153 -0.179530 0.611386 0.770698 0.600000 0.435162
pine_bark.bmp
0 0.501420 2.846727 300.353790 0.672529 0.739796 0.020135 0.800000 0.000000
0 1.228460 0.000000 298.473877 0.874231 -0.021175 -0.485048 1.000000 0.000000
0 -46.935265 2.359596 277.808380 0.207460 0.012684 -0.978161 1.000000 0.435162
pine_bark.bmp
0 0.501420 2.846727 300.353790 0.672529 0.739796 0.020135 0.800000 0.000000
0 -46.935265 2.359596 277.808380 0.207460 0.012684 -0.978161 1.000000 0.435162
0 -47.216389 4.241302 279.196320 0.101372 0.926398 -0.362643 0.800000 0.435162
pine_bark.bmp
0 -46.935265 2.359596 277.808380 0.207460 0.012684 -0.978161 0.000000 0.435162
0 -47.388733 0.415015 279.130066 0.009385 -0.932152 -0.361945 0.200000 0.435162
0 -86.317154 3.671337 278.224701 -0.642615 -0.721900 -0.256723 0.200000 0.759357
pine_bark.bmp
0 -46.935265 2.359596 277.808380 0.207460 0.012684 -0.978161 0.000000 0.435162
0 -86.317154 3.671337 278.224701 -0.642615 -0.721900 -0.256723 0.200000 0.759357
0 -86.269943 4.290174 277.757721 -0.566140 0.045017 -0.823079 0.000000 0.759357
pine_bark.bmp
0 -47.388733 0.415015 279.130066 0.009385 -0.932152 -0.361945 0.200000 0.435162
0 -47.907745 1.247309 281.205902 -0.230945 -0.625879 0.744943 0.400000 0.435162
0 -86.329056 3.924803 278.920593 -0.656594 -0.442732 0.610633 0.400000 0.759357
pine_bark.bmp
0 -47.388733 0.415015 279.130066 0.009385 -0.932152 -0.361945 0.200000 0.435162
0 -86.329056 3.924803 278.920593 -0.656594 -0.442732 0.610633 0.400000 0.759357
0 -86.317154 3.671337 278.224701 -0.642615 -0.721900 -0.256723 0.200000 0.759357
pine_bark.bmp
0 -47.907745 1.247309 281.205902 -0.230945 -0.625879 0.744943 0.400000 0.435162
0 -47.840527 3.588735 281.388153 -0.179530 0.611386 0.770698 0.600000 0.435162
0 -86.292702 4.692503 278.972168 -0.598521 0.485273 0.637403 0.600000 0.759357
pine_bark.bmp
0 -47.907745 1.247309 281.205902 -0.230945 -0.625879 0.744943 0.400000 0.435162
0 -86.292702 4.692503 278.972168 -0.598521 0.485273 0.637403 0.600000 0.759357
0 -86.329056 3.924803 278.920593 -0.656594 -0.442732 0.610633 0.400000 0.759357
pine_bark.bmp
0 -47.840527 3.588735 281.388153 -0.179530 0.611386 0.770698 0.600000 0.435162
0 -47.216389 4.241302 279.196320 0.101372 0.926398 -0.362643 0.800000 0.435162
0 -86.256905 4.889125 278.233154 -0.573752 0.774084 -0.267587 0.800000 0.759357
pine_bark.bmp
0 -47.840527 3.588735 281.388153 -0.179530 0.611386 0.770698 0.600000 0.435162
0 -86.256905 4.889125 278.233154 -0.573752 0.774084 -0.267587 0.800000 0.759357
0 -86.292702 4.692503 278.972168 -0.598521 0.485273 0.637403 0.600000 0.759357
pine_bark.bmp
0 -47.216389 4.241302 279.196320 0.101372 0.926398 -0.362643 0.800000 0.435162
0 -46.935265 2.359596 277.808380 0.207460 0.012684 -0.978161 1.000000 0.435162
0 -86.269943 4.290174 277.757721 -0.566140 0.045017 -0.823079 1.000000 0.759357
pine_bark.bmp
0 -47.216389 4.241302 279.196320 0.101372 0.926398 -0.362643 0.800000 0.435162
0 -86.269943 4.290174 277.757721 -0.566140 0.045017 -0.823079 1.000000 0.759357
0 -86.256905 4.889125 278.233154 -0.573752 0.774084 -0.267587 0.800000 0.759357
pine_bark.bmp
0 1.228460 0.000000 298.473877 0.874231 -0.021175 -0.485048 0.950000 0.500000
0 0.501420 2.846727 300.353790 0.672529 0.739796 0.020135 0.639058 0.072025
0 -0.951661 1.793362 303.385559 0.275190 0.437026 0.856317 0.135942 0.235497
pine_bark.bmp
0 -0.951661 1.793362 303.385559 0.275190 0.437026 0.856317 0.135942 0.235497
0 -1.007146 -1.643077 303.135864 0.253384 -0.494077 0.831676 0.135942 0.764503
0 0.274705 -2.927593 300.223145 0.592194 -0.805670 0.014223 0.639058 0.927975
pine_bark.bmp
0 -0.951661 1.793362 303.385559 0.275190 0.437026 0.856317 0.135942 0.235497
0 0.274705 -2.927593 300.223145 0.592194 -0.805670 0.014223 0.639058 0.927975
0 1.228460 0.000000 298.473877 0.874231 -0.021175 -0.485048 0.950000 0.500000
pine_bark.bmp
0 -86.256905 4.889125 278.233154 -0.573752 0.774084 -0.267587 0.639058 0.072025
0 -86.269943 4.290174 277.757721 -0.566140 0.045017 -0.823079 0.950000 0.500000
0 -86.317154 3.671337 278.224701 -0.642615 -0.721900 -0.256723 0.639058 0.927975
pine_bark.bmp
0 -86.317154 3.671337 278.224701 -0.642615 -0.721900 -0.256723 0.639058 0.927975
0 -86.329056 3.924803 278.920593 -0.656594 -0.442732 0.610633 0.135942 0.764503
0 -86.292702 4.692503 278.972168 -0.598521 0.485273 0.637403 0.135942 0.235497
pine_bark.bmp
0 -86.317154 3.671337 278.224701 -0.642615 -0.721900 -0.256723 0.639058 0.927975
0 -86.292702 4.692503 278.972168 -0.598521 0.485273 0.637403 0.135942 0.235497
0 -86.256905 4.889125 278.233154 -0.573752 0.774084 -0.267587 0.639058 0.072025
pine_needles.bmp
1 -31.632275 28.766399 263.118378 -0.782789 0.442003 0.438036 0.007500 0.507500
1 -54.287701 -11.356426 263.118378 -0.782789 0.442003 0.438036 0.492500 0.507500
1 -28.773121 -25.763279 323.251343 -0.782789 0.442003 0.438036 0.492500 0.992500
pine_needles.bmp
1 -31.632275 28.766399 263.118378 -0.782789 0.442003 0.438036 0.007500 0.507500
1 -28.773121 -25.763279 323.251343 -0.782789 0.442003 0.438036 0.492500 0.992500
1 -6.117694 14.359547 323.251343 -0.782789 0.442003 0.438036 0.007500 0.992500
pine_needles.bmp
1 -6.117694 14.359547 323.251343 0.782789 -0.442003 -0.438036 0.007500 0.992500
1 -28.773121 -25.763279 323.251343 0.782789 -0.442003 -0.438036 0.492500 0.992500
1 -54.287701 -11.356426 263.118378 0.782789 -0.442003 -0.438036 0.492500 0.507500
pine_needles.bmp
1 -6.117694 14.359547 323.251343 0.782789 -0.442003 -0.438036 0.007500 0.992500
1 -54.287701 -11.356426 263.118378 0.782789 -0.442003 -0.438036 0.492500 0.507500
1 -31.632275 28.766399 263.118378 0.782789 -0.442003 -0.438036 0.007500 0.507500
pine_needles.bmp
1 -57.397545 0.195943 263.051147 -0.443012 -0.784575 0.433800 0.007500 0.507500
1 -17.274719 -22.459484 263.051147 -0.443012 -0.784575 0.433800 0.492500 0.507500
1 -3.007852 2.807179 323.318573 -0.443012 -0.784575 0.433800 0.492500 0.992500
pine_needles.bmp
1 -57.397545 0.195943 263.051147 -0.443012 -0.784575 0.433800 0.007500 0.507500
1 -3.007852 2.807179 323.318573 -0.443012 -0.784575 0.433800 0.492500 0.992500
1 -43.130676 25.462605 323.318573 -0.443012 -0.784575 0.433800 0.007500 0.992500
pine_needles.bmp
1 -43.130676 25.462605 323.318573 0.443012 0.784575 -0.433800 0.007500 0.992500
1 -3.007852 2.807179 323.318573 0.443012 0.784575 -0.433800 0.492500 0.992500
1 -17.274719 -22.459484 263.051147 0.443012 0.784575 -0.433800 0.492500 0.507500
pine_needles.bmp
1 -43.130676 25.462605 323.318573 0.443012 0.784575 -0.433800 0.007500 0.992500
1 -17.274719 -22.459484 263.051147 0.443012 0.784575 -0.433800 0.492500 0.507500
1 -57.397545 0.195943 263.051147 0.443012 0.784575 -0.433800 0.007500 0.507500
pine_needles.bmp
1 -61.765671 30.627014 264.333252 -0.612462 0.391060 0.686995 0.007500 0.507500
1 -82.810829 -2.333035 264.333252 -0.612462 0.391060 0.686995 0.492500 0.507500
1 -46.964043 -25.221394 309.319733 -0.612462 0.391060 0.686995 0.492500 0.992500
pine_needles.bmp
1 -61.765671 30.627014 264.333252 -0.612462 0.391060 0.686995 0.007500 0.507500
1 -46.964043 -25.221394 309.319733 -0.612462 0.391060 0.686995 0.492500 0.992500
1 -25.918879 7.738655 309.319733 -0.612462 0.391060 0.686995 0.007500 0.992500
pine_needles.bmp
1 -25.918879 7.738655 309.319733 0.612462 -0.391060 -0.686995 0.007500 0.992500
1 -46.964043 -25.221394 309.319733 0.612462 -0.391060 -0.686995 0.492500 0.992500
1 -82.810829 -2.333035 264.333252 0.612462 -0.391060 -0.686995 0.492500 0.507500
pine_needles.bmp
1 -25.918879 7.738655 309.319733 0.612462 -0.391060 -0.686996 0.007500 0.992500
1 -82.810829 -2.333035 264.333252 0.612462 -0.391060 -0.686996 0.492500 0.507500
1 -61.765671 30.627014 264.333252 0.612462 -0.391060 -0.686996 0.007500 0.507500
pine_needles.bmp
1 -83.306068 -6.290798 266.232422 -0.357647 -0.560132 0.747222 0.007500 0.507500
1 -50.346012 -27.335957 266.232422 -0.357647 -0.560132 0.747222 0.492500 0.507500
1 -25.423641 11.696419 307.420593 -0.357647 -0.560132 0.747222 0.492500 0.992500
pine_needles.bmp
1 -83.306068 -6.290798 266.232422 -0.357647 -0.560132 0.747222 0.007500 0.507500
1 -25.423641 11.696419 307.420593 -0.357647 -0.560132 0.747222 0.492500 0.992500
1 -58.383694 32.741577 307.420593 -0.357647 -0.560132 0.747222 0.007500 0.992500
pine_needles.bmp
1 -58.383694 32.741577 307.420593 0.357647 0.560132 -0.747222 0.007500 0.992500
1 -25.423641 11.696419 307.420593 0.357647 0.560132 -0.747222 0.492500 0.992500
1 -50.346012 -27.335957 266.232422 0.357647 0.560132 -0.747222 0.492500 0.507500
pine_needles.bmp
1 -58.383694 32.741577 307.420593 0.357647 0.560132 -0.747222 0.007500 0.992500
1 -50.346012 -27.335957 266.232422 0.357647 0.560132 -0.747222 0.492500 0.507500
1 -83.306068 -6.290798 266.232422 0.357647 0.560132 -0.747222 0.007500 0.507500
pine_needles.bmp
1 -65.430428 24.776724 254.080414 -0.164428 0.811703 0.560448 0.007500 0.007500
1 -98.714226 18.034351 254.080414 -0.164428 0.811703 0.560448 0.492500 0.007500
1 -91.623604 -16.968605 306.855835 -0.164428 0.811703 0.560448 0.492500 0.492500
pine_needles.bmp
1 -65.430428 24.776724 254.080414 -0.164428 0.811703 0.560448 0.007500 0.007500
1 -91.623604 -16.968605 306.855835 -0.164428 0.811703 0.560448 0.492500 0.492500
1 -58.339806 -10.226233 306.855835 -0.164428 0.811703 0.560448 0.007500 0.492500
pine_needles.bmp
1 -58.339806 -10.226233 306.855835 0.164428 -0.811703 -0.560448 0.007500 0.492500
1 -91.623604 -16.968605 306.855835 0.164428 -0.811703 -0.560448 0.492500 0.492500
1 -98.714226 18.034351 254.080414 0.164428 -0.811703 -0.560448 0.492500 0.007500
pine_needles.bmp
1 -58.339806 -10.226233 306.855835 0.164428 -0.811703 -0.560448 0.007500 0.492500
1 -98.714226 18.034351 254.080414 0.164428 -0.811703 -0.560448 0.492500 0.007500
1 -65.430428 24.776724 254.080414 0.164428 -0.811703 -0.560448 0.007500 0.007500
pine_needles.bmp
1 -97.868820 17.310757 253.112854 -0.842023 -0.170570 0.511765 0.007500 0.507500
1 -91.126450 -15.973045 253.112854 -0.842023 -0.170570 0.511765 0.492500 0.507500
1 -59.185211 -9.502640 307.823395 -0.842023 -0.170570 0.511765 0.492500 0.992500
pine_needles.bmp
1 -97.868820 17.310757 253.112854 -0.842023 -0.170570 0.511765 0.007500 0.507500
1 -59.185211 -9.502640 307.823395 -0.842023 -0.170570 0.511765 0.492500 0.992500
1 -65.927582 23.781162 307.823395 -0.842023 -0.170570 0.511765 0.007500 0.992500
pine_needles.bmp
1 -65.927582 23.781162 307.823395 0.842023 0.170570 -0.511765 0.007500 0.992500
1 -59.185211 -9.502640 307.823395 0.842023 0.170570 -0.511765 0.492500 0.992500
1 -91.126450 -15.973045 253.112854 0.842023 0.170570 -0.511765 0.492500 0.507500
pine_needles.bmp
1 -65.927582 23.781162 307.823395 0.842023 0.170570 -0.511765 0.007500 0.992500
1 -91.126450 -15.973045 253.112854 0.842023 0.170570 -0.511765 0.492500 0.507500
1 -97.868820 17.310757 253.112854 0.842023 0.170570 -0.511765 0.007500 0.507500
pine_bark.bmp
0 1.594610 0.000000 298.670654 0.789221 0.420146 -0.447892 0.000000 0.000000
0 2.089491 -2.255367 301.336029 0.937067 -0.219145 0.271811 0.200000 0.000000
0 -32.399715 -34.774696 279.628418 0.684529 -0.720763 -0.109182 0.200000 0.435162
pine_bark.bmp
0 1.594610 0.000000 298.670654 0.789221 0.420146 -0.447892 0.000000 0.000000
0 -32.399715 -34.774696 279.628418 0.684529 -0.720763 -0.109182 0.200000 0.435162
0 -33.142712 -33.343777 277.867920 0.305937 -0.030167 -0.951574 0.000000 0.435162
pine_bark.bmp
0 2.089491 -2.255367 301.336029 0.937067 -0.219145 0.271811 0.200000 0.000000
0 -0.334758 -1.265798 303.574432 0.323470 -0.007097 0.946212 0.400000 0.000000
0 -33.686806 -34.162254 281.435760 0.102185 -0.443038 0.890660 0.400000 0.435162
pine_bark.bmp
0 2.089491 -2.255367 301.336029 0.937067 -0.219145 0.271811 0.200000 0.000000
0 -33.686806 -34.162254 281.435760 0.102185 -0.443038 0.890660 0.400000 0.435162
0 -32.399715 -34.774696 279.628418 0.684529 -0.720763 -0.109182 0.200000 0.435162
pine_bark.bmp
0 -0.334758 -1.265798 303.574432 0.323470 -0.007097 0.946212 0.400000 0.000000
0 -2.296840 1.381575 302.578339 -0.220897 0.701244 0.677836 0.600000 0.000000
0 -35.232101 -32.439316 281.035431 -0.675030 0.466603 0.571504 0.600000 0.435162
pine_bark.bmp
0 -0.334758 -1.265798 303.574432 0.323470 -0.007097 0.946212 0.400000 0.000000
0 -35.232101 -32.439316 281.035431 -0.675030 0.466603 0.571504 0.600000 0.435162
0 -33.686806 -34.162254 281.435760 0.102185 -0.443038 0.890660 0.400000 0.435162
pine_bark.bmp
0 -2.296840 1.381575 302.578339 -0.220897 0.701244 0.677836 0.600000 0.000000
0 -1.034170 2.193069 299.394775 0.077742 0.974983 -0.208243 0.800000 0.000000
0 -34.840054 -31.959124 278.749756 -0.476232 0.654213 -0.587545 0.800000 0.435162
pine_bark.bmp
0 -2.296840 1.381575 302.578339 -0.220897 0.701244 0.677836 0.600000 0.000000
0 -34.840054 -31.959124 278.749756 -0.476232 0.654213 -0.587545 0.800000 0.435162
0 -35.232101 -32.439316 281.035431 -0.675030 0.466603 0.571504 0.600000 0.435162
pine_bark.bmp
0 -1.034170 2.193069 299.394775 0.077742 0.974983 -0.208243 0.800000 0.000000
0 1.594610 0.000000 298.670654 0.789221 0.420146 -0.447892 1.000000 0.000000
0 -33.142712 -33.343777 277.867920 0.305937 -0.030167 -0.951574 1.000000 0.435162
pine_bark.bmp
0 -1.034170 2.193069 299.394775 0.077742 0.974983 -0.208243 0.800000 0.000000
0 -33.142712 -33.343777 277.867920 0.305937 -0.030167 -0.951574 1.000000 0.435162
0 -34.840054 -31.959124 278.749756 -0.476232 0.654213 -0.587545 0.800000 0.435162
pine_bark.bmp
0 -33.142712 -33.343777 277.867920 0.305937 -0.030167 -0.951574 0.000000 0.435162
0 -32.399715 -34.774696 279.628418 0.684529 -0.720763 -0.109182 0.200000 0.435162
0 -61.115650 -61.066765 278.246735 0.113550 -0.988432 -0.100544 0.200000 0.759357
pine_bark.bmp
0 -33.142712 -33.343777 277.867920 0.305937 -0.030167 -0.951574 0.000000 0.435162
0 -61.115650 -61.066765 278.246735 0.113550 -0.988432 -0.100544 0.200000 0.759357
0 -61.526546 -60.625046 277.758118 -0.305951 -0.499746 -0.810338 0.000000 0.759357
pine_bark.bmp
0 -32.399715 -34.774696 279.628418 0.684529 -0.720763 -0.109182 0.200000 0.435162
0 -33.686806 -34.162254 281.435760 0.102185 -0.443038 0.890660 0.400000 0.435162
0 -61.327709 -60.885845 278.933289 -0.214866 -0.687643 0.693527 0.400000 0.759357
pine_bark.bmp
0 -32.399715 -34.774696 279.628418 0.684529 -0.720763 -0.109182 0.200000 0.435162
0 -61.327709 -60.885845 278.933289 -0.214866 -0.687643 0.693527 0.400000 0.759357
0 -61.115650 -61.066765 278.246735 0.113550 -0.988432 -0.100544 0.200000 0.759357
pine_bark.bmp
0 -33.686806 -34.162254 281.435760 0.102185 -0.443038 0.890660 0.400000 0.435162
0 -35.232101 -32.439316 281.035431 -0.675030 0.466603 0.571504 0.600000 0.435162
0 -61.868568 -60.337868 278.957581 -0.846325 -0.024732 0.532093 0.600000 0.759357
pine_bark.bmp
0 -33.686806 -34.162254 281.435760 0.102185 -0.443038 0.890660 0.400000 0.435162
0 -61.868568 -60.337868 278.957581 -0.846325 -0.024732 0.532093 0.600000 0.759357
0 -61.327709 -60.885845 278.933289 -0.214866 -0.687643 0.693527 0.400000 0.759357
pine_bark.bmp
0 -35.232101 -32.439316 281.035431 -0.675030 0.466603 0.571504 0.600000 0.435162
0 -34.840054 -31.959124 278.749756 -0.476232 0.654213 -0.587545 0.800000 0.435162
0 -61.969986 -60.197521 278.212036 -0.908761 0.060172 -0.412955 0.800000 0.759357
pine_bark.bmp
0 -35.232101 -32.439316 281.035431 -0.675030 0.466603 0.571504 0.600000 0.435162
0 -61.969986 -60.197521 278.212036 -0.908761 0.060172 -0.412955 0.800000 0.759357
0 -61.868568 -60.337868 278.957581 -0.846325 -0.024732 0.532093 0.600000 0.759357
pine_bark.bmp
0 -34.840054 -31.959124 278.749756 -0.476232 0.654213 -0.587545 0.800000 0.435162
0 -33.142712 -33.343777 277.867920 0.305937 -0.030167 -0.951574 1.000000 0.435162
0 -61.526546 -60.625046 277.758118 -0.305951 -0.499746 -0.810338 1.000000 0.759357
pine_bark.bmp
0 -34.840054 -31.959124 278.749756 -0.476232 0.654213 -0.587545 0.800000 0.435162
0 -61.526546 -60.625046 277.758118 -0.305951 -0.499746 -0.810338 1.000000 0.759357
0 -61.969986 -60.197521 278.212036 -0.908761 0.060172 -0.412955 0.800000 0.759357
pine_bark.bmp
0 1.594610 0.000000 298.670654 0.789221 0.420146 -0.447892 0.950000 0.500000
0 -1.034170 2.193069 299.394775 0.077742 0.974983 -0.208243 0.639058 0.072025
0 -2.296840 1.381575 302.578339 -0.220897 0.701244 0.677836 0.135942 0.235497
pine_bark.bmp
0 -2.296840 1.381575 302.578339 -0.220897 0.701244 0.677836 0.135942 0.235497
0 -0.334758 -1.265798 303.574432 0.323470 -0.007097 0.946212 0.135942 0.764503
0 2.089491 -2.255367 301.336029 0.937067 -0.219145 0.271811 0.639058 0.927975
pine_bark.bmp
0 -2.296840 1.381575 302.578339 -0.220897 0.701244 0.677836 0.135942 0.235497
0 2.089491 -2.255367 301.336029 0.937067 -0.219145 0.271811 0.639058 0.927975
0 1.594610 0.000000 298.670654 0.789221 0.420146 -0.447892 0.950000 0.500000
pine_bark.bmp
0 -61.969986 -60.197521 278.212036 -0.908761 0.060172 -0.412955 0.639058 0.072025
0 -61.526546 -60.625046 277.758118 -0.305951 -0.499746 -0.810338 0.950000 0.500000
0 -61.115650 -61.066765 278.246735 0.113550 -0.988432 -0.100544 0.639058 0.927975
pine_bark.bmp
0 -61.115650 -61.066765 278.246735 0.113550 -0.988432 -0.100544 0.639058 0.927975
0 -61.327709 -60.885845 278.933289 -0.214866 -0.687643 0.693527 0.135942 0.764503
0 -61.868568 -60.337868 278.957581 -0.846325 -0.024732 0.532093 0.135942 0.235497
pine_bark.bmp
0 -61.115650 -61.066765 278.246735 0.113550 -0.988432 -0.100544 0.639058 0.927975
0 -61.868568 -60.337868 278.957581 -0.846325 -0.024732 0.532093 0.135942 0.235497
0 -61.969986 -60.197521 278.212036 -0.908761 0.060172 -0.412955 0.639058 0.072025
pine_needles.bmp
1 -34.373112 9.677346 275.673248 -0.404325 0.318154 0.857496 0.507500 0.007500
1 -54.592148 -16.017910 275.673248 -0.404325 0.318154 0.857496 0.992500 0.007500
1 -8.718493 -52.114880 310.696442 -0.404325 0.318154 0.857496 0.992500 0.492500
pine_needles.bmp
1 -34.373112 9.677346 275.673248 -0.404325 0.318154 0.857496 0.507500 0.007500
1 -8.718493 -52.114880 310.696442 -0.404325 0.318154 0.857496 0.992500 0.492500
1 11.500541 -26.419624 310.696442 -0.404325 0.318154 0.857496 0.507500 0.492500
pine_needles.bmp
1 11.500541 -26.419624 310.696442 0.404325 -0.318154 -0.857496 0.507500 0.492500
1 -8.718493 -52.114880 310.696442 0.404325 -0.318154 -0.857496 0.992500 0.492500
1 -54.592148 -16.017910 275.673248 0.404325 -0.318154 -0.857496 0.992500 0.007500
pine_needles.bmp
1 11.500541 -26.419624 310.696442 0.404325 -0.318154 -0.857496 0.507500 0.492500
1 -54.592148 -16.017910 275.673248 0.404325 -0.318154 -0.857496 0.992500 0.007500
1 -34.373112 9.677346 275.673248 0.404325 -0.318154 -0.857496 0.507500 0.007500
pine_needles.bmp
1 -50.340328 -31.375286 271.076538 -0.402487 -0.511499 0.759192 0.007500 0.007500
1 -24.645071 -51.594322 271.076538 -0.402487 -0.511499 0.759192 0.492500 0.007500
1 7.248722 -11.062250 315.293182 -0.402487 -0.511499 0.759192 0.492500 0.492500
pine_needles.bmp
1 -50.340328 -31.375286 271.076538 -0.402487 -0.511499 0.759192 0.007500 0.007500
1 7.248722 -11.062250 315.293182 -0.402487 -0.511499 0.759192 0.492500 0.492500
1 -18.446537 9.156785 315.293182 -0.402487 -0.511499 0.759192 0.007500 0.492500
pine_needles.bmp
1 -18.446537 9.156785 315.293182 0.402487 0.511499 -0.759193 0.007500 0.492500
1 7.248722 -11.062250 315.293182 0.402487 0.511499 -0.759193 0.492500 0.492500
1 -24.645071 -51.594322 271.076538 0.402487 0.511499 -0.759193 0.492500 0.007500
pine_needles.bmp
1 -18.446537 9.156785 315.293182 0.402487 0.511499 -0.759192 0.007500 0.492500
1 -24.645071 -51.594322 271.076538 0.402487 0.511499 -0.759192 0.492500 0.007500
1 -50.340328 -31.375286 271.076538 0.402487 0.511499 -0.759192 0.007500 0.007500
pine_needles.bmp
1 -68.766319 -42.121552 268.448944 -0.422480 -0.451650 0.785826 0.507500 0.507500
1 -40.702614 -68.372803 268.448944 -0.422480 -0.451650 0.785826 0.992500 0.507500
1 -8.798570 -34.266010 305.204071 -0.422480 -0.451650 0.785826 0.992500 0.992500
pine_needles.bmp
1 -68.766319 -42.121552 268.448944 -0.422480 -0.451650 0.785826 0.507500 0.507500
1 -8.798570 -34.266010 305.204071 -0.422480 -0.451650 0.785826 0.992500 0.992500
1 -36.862274 -8.014761 305.204071 -0.422480 -0.451650 0.785826 0.507500 0.992500
pine_needles.bmp
1 -36.862274 -8.014761 305.204071 0.422480 0.451650 -0.785826 0.507500 0.992500
1 -8.798570 -34.266010 305.204071 0.422480 0.451650 -0.785826 0.992500 0.992500
1 -40.702614 -68.372803 268.448944 0.422480 0.451650 -0.785826 0.992500 0.507500
pine_needles.bmp
1 -36.862274 -8.014761 305.204071 0.422480 0.451650 -0.785826 0.507500 0.992500
1 -40.702614 -68.372803 268.448944 0.422480 0.451650 -0.785826 0.992500 0.507500
1 -68.766319 -42.121552 268.448944 0.422480 0.451650 -0.785826 0.507500 0.507500
pine_needles.bmp
1 -32.991631 -69.920372 272.155029 0.359923 -0.336678 0.870117 0.507500 0.007500
1 -6.740383 -41.856667 272.155029 0.359923 -0.336678 0.870117 0.992500 0.007500
1 -44.573257 -6.467184 301.497986 0.359923 -0.336678 0.870117 0.992500 0.492500
pine_needles.bmp
1 -32.991631 -69.920372 272.155029 0.359923 -0.336678 0.870117 0.507500 0.007500
1 -44.573257 -6.467184 301.497986 0.359923 -0.336678 0.870117 0.992500 0.492500
1 -70.824501 -34.530891 301.497986 0.359923 -0.336678 0.870117 0.507500 0.492500
pine_needles.bmp
1 -70.824501 -34.530891 301.497986 -0.359923 0.336678 -0.870117 0.507500 0.492500
1 -44.573257 -6.467184 301.497986 -0.359923 0.336678 -0.870117 0.992500 0.492500
1 -6.740383 -41.856667 272.155029 -0.359923 0.336678 -0.870117 0.992500 0.007500
pine_needles.bmp
1 -70.824501 -34.530891 301.497986 -0.359923 0.336678 -0.870117 0.507500 0.492500
1 -6.740383 -41.856667 272.155029 -0.359923 0.336678 -0.870117 0.992500 0.007500
1 -32.991631 -69.920372 272.155029 -0.359923 0.336678 -0.870117 0.507500 0.007500
pine_needles.bmp
1 -32.395859 -37.202560 251.129166 -0.028623 0.862554 0.505154 0.507500 0.007500
1 -80.781410 -38.808182 251.129166 -0.028623 0.862554 0.505154 0.992500 0.007500
1 -79.642311 -73.135025 309.807068 -0.028623 0.862554 0.505154 0.992500 0.492500
pine_needles.bmp
1 -32.395859 -37.202560 251.129166 -0.028623 0.862554 0.505154 0.507500 0.007500
1 -79.642311 -73.135025 309.807068 -0.028623 0.862554 0.505154 0.992500 0.492500
1 -31.256762 -71.529404 309.807068 -0.028623 0.862554 0.505154 0.507500 0.492500
pine_needles.bmp
1 -31.256762 -71.529404 309.807068 0.028623 -0.862554 -0.505154 0.507500 0.492500
1 -79.642311 -73.135025 309.807068 0.028623 -0.862554 -0.505154 0.992500 0.492500
1 -80.781410 -38.808182 251.129166 0.028623 -0.862554 -0.505154 0.992500 0.007500
pine_needles.bmp
1 -31.256762 -71.529404 309.807068 0.028623 -0.862554 -0.505154 0.507500 0.492500
1 -80.781410 -38.808182 251.129166 0.028623 -0.862554 -0.505154 0.992500 0.007500
1 -32.395859 -37.202560 251.129166 0.028623 -0.862554 -0.505154 0.507500 0.007500
pine_needles.bmp
1 -85.866753 -31.939837 262.440399 -0.526861 -0.017483 0.849772 0.507500 0.507500
1 -84.261131 -80.325394 262.440399 -0.526861 -0.017483 0.849772 0.992500 0.507500
1 -26.171417 -78.397751 298.495850 -0.526861 -0.017483 0.849772 0.992500 0.992500
pine_needles.bmp
1 -85.866753 -31.939837 262.440399 -0.526861 -0.017483 0.849772 0.507500 0.507500
1 -26.171417 -78.397751 298.495850 -0.526861 -0.017483 0.849772 0.992500 0.992500
1 -27.777039 -30.012197 298.495850 -0.526861 -0.017483 0.849772 0.507500 0.992500
pine_needles.bmp
1 -27.777039 -30.012197 298.495850 0.526861 0.017483 -0.849772 0.507500 0.992500
1 -26.171417 -78.397751 298.495850 0.526861 0.017483 -0.849772 0.992500 0.992500
1 -84.261131 -80.325394 262.440399 0.526861 0.017483 -0.849772 0.992500 0.507500
pine_needles.bmp
1 -27.777039 -30.012197 298.495850 0.526861 0.017483 -0.849772 0.507500 0.992500
1 -84.261131 -80.325394 262.440399 0.526861 0.017483 -0.849772 0.992500 0.507500
1 -85.866753 -31.939837 262.440399 0.526861 0.017483 -0.849772 0.507500 0.507500
pine_bark.bmp
0 2.959564 0.000000 301.082642 0.808210 0.545354 0.222229 0.000000 0.000000
0 0.997819 -1.215189 303.749207 0.253494 0.204223 0.945534 0.200000 0.000000
0 0.316006 -48.019577 281.595551 0.356372 -0.240668 0.902817 0.200000 0.435162
pine_bark.bmp
0 2.959564 0.000000 301.082642 0.808210 0.545354 0.222229 0.000000 0.000000
0 0.316006 -48.019577 281.595551 0.356372 -0.240668 0.902817 0.200000 0.435162
0 1.670447 -47.518551 279.698090 0.990552 -0.011328 -0.136672 0.000000 0.435162
pine_bark.bmp
0 0.997819 -1.215189 303.749207 0.253494 0.204223 0.945534 0.200000 0.000000
0 -2.237801 -0.682010 302.648621 -0.632200 0.345509 0.693503 0.400000 0.000000
0 -1.871957 -47.805134 280.863678 -0.809493 -0.148040 0.568159 0.400000 0.435162
pine_bark.bmp
0 0.997819 -1.215189 303.749207 0.253494 0.204223 0.945534 0.200000 0.000000
0 -1.871957 -47.805134 280.863678 -0.809493 -0.148040 0.568159 0.400000 0.435162
0 0.316006 -48.019577 281.595551 0.356372 -0.240668 0.902817 0.200000 0.435162
pine_bark.bmp
0 -2.237801 -0.682010 302.648621 -0.632200 0.345509 0.693503 0.400000 0.000000
0 -2.498539 0.744391 299.562012 -0.669157 0.724623 -0.164773 0.600000 0.000000
0 -2.099401 -47.201859 278.632843 -0.810742 0.116048 -0.573786 0.600000 0.435162
pine_bark.bmp
0 -2.237801 -0.682010 302.648621 -0.632200 0.345509 0.693503 0.400000 0.000000
0 -2.099401 -47.201859 278.632843 -0.810742 0.116048 -0.573786 0.600000 0.435162
0 -1.871957 -47.805134 280.863678 -0.809493 -0.148040 0.568159 0.400000 0.435162
pine_bark.bmp
0 -2.498539 0.744391 299.562012 -0.669157 0.724623 -0.164773 0.600000 0.000000
0 0.881277 1.181623 298.557251 0.245446 0.852671 -0.461204 0.800000 0.000000
0 0.186897 -47.033726 277.942963 0.252920 0.192940 -0.948053 0.800000 0.435162
pine_bark.bmp
0 -2.498539 0.744391 299.562012 -0.669157 0.724623 -0.164773 0.600000 0.000000
0 0.186897 -47.033726 277.942963 0.252920 0.192940 -0.948053 0.800000 0.435162
0 -2.099401 -47.201859 278.632843 -0.810742 0.116048 -0.573786 0.600000 0.435162
pine_bark.bmp
0 0.881277 1.181623 298.557251 0.245446 0.852671 -0.461204 0.800000 0.000000
0 2.959564 0.000000 301.082642 0.808210 0.545354 0.222229 1.000000 0.000000
0 1.670447 -47.518551 279.698090 0.990552 -0.011328 -0.136672 1.000000 0.435162
pine_bark.bmp
0 0.881277 1.181623 298.557251 0.245446 0.852671 -0.461204 0.800000 0.000000
0 1.670447 -47.518551 279.698090 0.990552 -0.011328 -0.136672 1.000000 0.435162
0 0.186897 -47.033726 277.942963 0.252920 0.192940 -0.948053 0.800000 0.435162
pine_bark.bmp
0 1.670447 -47.518551 279.698090 0.990552 -0.011328 -0.136672 0.000000 0.435162
0 0.316006 -48.019577 281.595551 0.356372 -0.240668 0.902817 0.200000 0.435162
0 -0.343053 -86.419403 278.977173 0.278495 -0.639570 0.716513 0.200000 0.759358
pine_bark.bmp
0 1.670447 -47.518551 279.698090 0.990552 -0.011328 -0.136672 0.000000 0.435162
0 -0.343053 -86.419403 278.977173 0.278495 -0.639570 0.716513 0.200000 0.759358
0 -0.016325 -86.397362 278.277863 0.790857 -0.604019 -0.098516 0.000000 0.759358
pine_bark.bmp
0 0.316006 -48.019577 281.595551 0.356372 -0.240668 0.902817 0.200000 0.435162
0 -1.871957 -47.805134 280.863678 -0.809493 -0.148040 0.568159 0.400000 0.435162
0 -1.086379 -86.410378 278.885742 -0.597005 -0.626659 0.500883 0.400000 0.759358
pine_bark.bmp
0 0.316006 -48.019577 281.595551 0.356372 -0.240668 0.902817 0.200000 0.435162
0 -1.086379 -86.410378 278.885742 -0.597005 -0.626659 0.500883 0.400000 0.759358
0 -0.343053 -86.419403 278.977173 0.278495 -0.639570 0.716513 0.200000 0.759358
pine_bark.bmp
0 -1.871957 -47.805134 280.863678 -0.809493 -0.148040 0.568159 0.400000 0.435162
0 -2.099401 -47.201859 278.632843 -0.810742 0.116048 -0.573786 0.600000 0.435162
0 -1.304797 -86.383034 278.156860 -0.691011 -0.579402 -0.432200 0.600000 0.759358
pine_bark.bmp
0 -1.871957 -47.805134 280.863678 -0.809493 -0.148040 0.568159 0.400000 0.435162
0 -1.304797 -86.383034 278.156860 -0.691011 -0.579402 -0.432200 0.600000 0.759358
0 -1.086379 -86.410378 278.885742 -0.597005 -0.626659 0.500883 0.400000 0.759358
pine_bark.bmp
0 -2.099401 -47.201859 278.632843 -0.810742 0.116048 -0.573786 0.600000 0.435162
0 0.186897 -47.033726 277.942963 0.252920 0.192940 -0.948053 0.800000 0.435162
0 -0.617020 -86.376030 277.804871 0.179808 -0.592017 -0.785611 0.800000 0.759358
pine_bark.bmp
0 -2.099401 -47.201859 278.632843 -0.810742 0.116048 -0.573786 0.600000 0.435162
0 -0.617020 -86.376030 277.804871 0.179808 -0.592017 -0.785611 0.800000 0.759358
0 -1.304797 -86.383034 278.156860 -0.691011 -0.579402 -0.432200 0.600000 0.759358
pine_bark.bmp
0 0.186897 -47.033726 277.942963 0.252920 0.192940 -0.948053 0.800000 0.435162
0 1.670447 -47.518551 279.698090 0.990552 -0.011328 -0.136672 1.000000 0.435162
0 -0.016325 -86.397362 278.277863 0.790857 -0.604019 -0.098516 1.000000 0.759358
pine_bark.bmp
0 0.186897 -47.033726 277.942963 0.252920 0.192940 -0.948053 0.800000 0.435162
0 -0.016325 -86.397362 278.277863 0.790857 -0.604019 -0.098516 1.000000 0.759358
0 -0.617020 -86.376030 277.804871 0.179808 -0.592017 -0.785611 0.800000 0.759358
pine_bark.bmp
0 2.959564 0.000000 301.082642 0.808210 0.545354 0.222229 0.950000 0.500000
0 0.881277 1.181623 298.557251 0.245446 0.852671 -0.461204 0.639058 0.072025
0 -2.498539 0.744391 299.562012 -0.669157 0.724623 -0.164773 0.135942 0.235497
pine_bark.bmp
0 -2.498539 0.744391 299.562012 -0.669157 0.724623 -0.164773 0.135942 0.235497
0 -2.237801 -0.682010 302.648621 -0.632200 0.345509 0.693503 0.135942 0.764503
0 0.997819 -1.215189 303.749207 0.253494 0.204223 0.945534 0.639058 0.927975
pine_bark.bmp
0 -2.498539 0.744391 299.562012 -0.669157 0.724623 -0.164773 0.135942 0.235497
0 0.997819 -1.215189 303.749207 0.253494 0.204223 0.945534 0.639058 0.927975
0 2.959564 0.000000 301.082642 0.808210 0.545354 0.222229 0.950000 0.500000
pine_bark.bmp
0 -0.617020 -86.376030 277.804871 0.179808 -0.592017 -0.785611 0.639058 0.072025
0 -0.016325 -86.397362 278.277863 0.790857 -0.604019 -0.098516 0.950000 0.500000
0 -0.343053 -86.419403 278.977173 0.278495 -0.639570 0.716513 0.639058 0.927975
pine_bark.bmp
0 -0.343053 -86.419403 278.977173 0.278495 -0.639570 0.716513 0.639058 0.927975
0 -1.086379 -86.410378 278.885742 -0.597005 -0.626659 0.500883 0.135942 0.764503
0 -1.304797 -86.383034 278.156860 -0.691011 -0.579402 -0.432200 0.135942 0.235497
pine_bark.bmp
0 -0.343053 -86.419403 278.977173 0.278495 -0.639570 0.716513 0.639058 0.927975
0 -1.304797 -86.383034 278.156860 -0.691011 -0.579402 -0.432200 0.135942 0.235497
0 -0.617020 -86.376030 277.804871 0.179808 -0.592017 -0.785611 0.639058 0.072025
pine_needles.bmp
1 24.507725 -33.522865 265.526062 0.626763 0.606947 0.488655 0.507500 0.507500
1 -2.723850 -5.402245 265.526062 0.626763 0.606947 0.488655 0.992500 0.507500
1 -24.980555 -26.955292 320.843658 0.626763 0.606947 0.488655 0.992500 0.992500
pine_needles.bmp
1 24.507725 -33.522865 265.526062 0.626763 0.606947 0.488655 0.507500 0.507500
1 -24.980555 -26.955292 320.843658 0.626763 0.606947 0.488655 0.992500 0.992500
1 2.251020 -55.075912 320.843658 0.626763 0.606947 0.488655 0.507500 0.992500
pine_needles.bmp
1 2.251020 -55.075912 320.843658 -0.626763 -0.606947 -0.488655 0.507500 0.992500
1 -24.980555 -26.955292 320.843658 -0.626763 -0.606947 -0.488655 0.992500 0.992500
1 -2.723850 -5.402245 265.526062 -0.626763 -0.606947 -0.488655 0.992500 0.507500
pine_needles.bmp
1 2.251020 -55.075912 320.843658 -0.626763 -0.606947 -0.488655 0.507500 0.992500
1 -2.723850 -5.402245 265.526062 -0.626763 -0.606947 -0.488655 0.992500 0.507500
1 24.507725 -33.522865 265.526062 -0.626763 -0.606947 -0.488655 0.507500 0.507500
pine_needles.bmp
1 0.936533 -3.315187 267.408997 -0.564897 0.583339 0.583615 0.507500 0.007500
1 -27.184088 -30.546761 267.408997 -0.564897 0.583339 0.583615 0.992500 0.007500
1 -1.409363 -57.162971 318.960693 -0.564897 0.583339 0.583615 0.992500 0.492500
pine_needles.bmp
1 0.936533 -3.315187 267.408997 -0.564897 0.583339 0.583615 0.507500 0.007500
1 -1.409363 -57.162971 318.960693 -0.564897 0.583339 0.583615 0.992500 0.492500
1 26.711258 -29.931396 318.960693 -0.564897 0.583339 0.583615 0.507500 0.492500
pine_needles.bmp
1 26.711258 -29.931396 318.960693 0.564897 -0.583339 -0.583615 0.507500 0.492500
1 -1.409363 -57.162971 318.960693 0.564897 -0.583339 -0.583615 0.992500 0.492500
1 -27.184088 -30.546761 267.408997 0.564897 -0.583339 -0.583615 0.992500 0.007500
pine_needles.bmp
1 26.711258 -29.931396 318.960693 0.564897 -0.583339 -0.583615 0.507500 0.492500
1 -27.184088 -30.546761 267.408997 0.564897 -0.583339 -0.583615 0.992500 0.007500
1 0.936533 -3.315187 267.408997 0.564897 -0.583339 -0.583615 0.507500 0.007500
pine_needles.bmp
1 16.215858 -22.668161 270.147095 -0.043480 0.482249 0.874954 0.007500 0.007500
1 -22.479813 -26.157000 270.147095 -0.043480 0.482249 0.874954 0.492500 0.007500
1 -17.066952 -86.192513 303.505920 -0.043480 0.482249 0.874954 0.492500 0.492500
pine_needles.bmp
1 16.215858 -22.668161 270.147095 -0.043480 0.482249 0.874954 0.007500 0.007500
1 -17.066952 -86.192513 303.505920 -0.043480 0.482249 0.874954 0.492500 0.492500
1 21.628719 -82.703674 303.505920 -0.043480 0.482249 0.874954 0.007500 0.492500
pine_needles.bmp
1 21.628719 -82.703674 303.505920 0.043480 -0.482249 -0.874954 0.007500 0.492500
1 -17.066952 -86.192513 303.505920 0.043480 -0.482249 -0.874954 0.492500 0.492500
1 -22.479813 -26.157000 270.147095 0.043480 -0.482249 -0.874954 0.492500 0.007500
pine_needles.bmp
1 21.628719 -82.703674 303.505920 0.043480 -0.482249 -0.874954 0.007500 0.492500
1 -22.479813 -26.157000 270.147095 0.043480 -0.482249 -0.874954 0.492500 0.007500
1 16.215858 -22.668161 270.147095 0.043480 -0.482249 -0.874954 0.007500 0.007500
pine_needles.bmp
1 -23.110834 -36.970551 259.756989 -0.786561 -0.070917 0.613427 0.507500 0.507500
1 -19.621994 -75.666214 259.756989 -0.786561 -0.070917 0.613427 0.992500 0.507500
1 22.259743 -71.890121 313.896027 -0.786561 -0.070917 0.613427 0.992500 0.992500
pine_needles.bmp
1 -23.110834 -36.970551 259.756989 -0.786561 -0.070917 0.613427 0.507500 0.507500
1 22.259743 -71.890121 313.896027 -0.786561 -0.070917 0.613427 0.992500 0.992500
1 18.770903 -33.194450 313.896027 -0.786561 -0.070917 0.613427 0.507500 0.992500
pine_needles.bmp
1 18.770903 -33.194450 313.896027 0.786561 0.070917 -0.613427 0.507500 0.992500
1 22.259743 -71.890121 313.896027 0.786561 0.070917 -0.613427 0.992500 0.992500
1 -19.621994 -75.666214 259.756989 0.786561 0.070917 -0.613427 0.992500 0.507500
pine_needles.bmp
1 18.770903 -33.194450 313.896027 0.786561 0.070917 -0.613427 0.507500 0.992500
1 -19.621994 -75.666214 259.756989 0.786561 0.070917 -0.613427 0.992500 0.507500
1 -23.110834 -36.970551 259.756989 0.786561 0.070917 -0.613427 0.507500 0.507500
pine_needles.bmp
1 25.860950 -84.419662 260.062408 0.610476 0.416370 0.673762 0.007500 0.007500
1 3.651455 -51.856396 260.062408 0.610476 0.416370 0.673762 0.492500 0.007500
1 -27.090305 -72.823547 300.873871 0.610476 0.416370 0.673762 0.492500 0.492500
pine_needles.bmp
1 25.860950 -84.419662 260.062408 0.610476 0.416370 0.673762 0.007500 0.007500
1 -27.090305 -72.823547 300.873871 0.610476 0.416370 0.673762 0.492500 0.492500
1 -4.880810 -105.386810 300.873871 0.610476 0.416370 0.673762 0.007500 0.492500
pine_needles.bmp
1 -4.880810 -105.386810 300.873871 -0.610476 -0.416370 -0.673762 0.007500 0.492500
1 -27.090305 -72.823547 300.873871 -0.610476 -0.416370 -0.673762 0.492500 0.492500
1 3.651455 -51.856396 260.062408 -0.610476 -0.416370 -0.673762 0.492500 0.007500
pine_needles.bmp
1 -4.880810 -105.386810 300.873871 -0.610476 -0.416370 -0.673762 0.007500 0.492500
1 3.651455 -51.856396 260.062408 -0.610476 -0.416370 -0.673762 0.492500 0.007500
1 25.860950 -84.419662 260.062408 -0.610476 -0.416370 -0.673762 0.007500 0.007500
pine_needles.bmp
1 1.664056 -46.986008 268.147217 -0.250283 0.366962 0.895934 0.007500 0.507500
1 -30.899204 -69.195496 268.147217 -0.250283 0.366962 0.895934 0.492500 0.507500
1 -2.893411 -110.257202 292.789062 -0.250283 0.366962 0.895934 0.492500 0.992500
pine_needles.bmp
1 1.664056 -46.986008 268.147217 -0.250283 0.366962 0.895934 0.007500 0.507500
1 -2.893411 -110.257202 292.789062 -0.250283 0.366962 0.895934 0.492500 0.992500
1 29.669849 -88.047714 292.789062 -0.250283 0.366962 0.895934 0.007500 0.992500
pine_needles.bmp
1 29.669849 -88.047714 292.789062 0.250283 -0.366962 -0.895934 0.007500 0.992500
1 -2.893411 -110.257202 292.789062 0.250283 -0.366962 -0.895934 0.492500 0.992500
1 -30.899204 -69.195496 268.147217 0.250283 -0.366962 -0.895934 0.492500 0.507500
pine_needles.bmp
1 29.669849 -88.047714 292.789062 0.250283 -0.366962 -0.895934 0.007500 0.992500
1 -30.899204 -69.195496 268.147217 0.250283 -0.366962 -0.895934 0.492500 0.507500
1 1.664056 -46.986008 268.147217 0.250283 -0.366962 -0.895934 0.007500 0.507500
pine_bark.bmp
0 1.813296 0.000000 303.442688 0.146389 0.403603 0.903147 0.000000 0.000000
0 -1.121914 -1.983367 303.180756 -0.660299 -0.109822 0.742930 0.200000 0.000000
0 26.807957 -39.657127 280.946106 -0.577949 -0.624927 0.524826 0.200000 0.435162
pine_bark.bmp
0 1.813296 0.000000 303.442688 0.146389 0.403603 0.903147 0.000000 0.000000
0 26.807957 -39.657127 280.946106 -0.577949 -0.624927 0.524826 0.200000 0.435162
0 28.776155 -38.443134 281.594604 0.446890 0.040417 0.893675 0.000000 0.435162
pine_bark.bmp
0 -1.121914 -1.983367 303.180756 -0.660299 -0.109822 0.742930 0.200000 0.000000
0 -2.343854 -1.113141 300.098511 -0.983392 0.152644 -0.098187 0.400000 0.000000
0 26.508114 -39.137531 278.733368 -0.709120 -0.395711 -0.583577 0.400000 0.435162
pine_bark.bmp
0 -1.121914 -1.983367 303.180756 -0.660299 -0.109822 0.742930 0.200000 0.000000
0 26.508114 -39.137531 278.733368 -0.709120 -0.395711 -0.583577 0.400000 0.435162
0 26.807957 -39.657127 280.946106 -0.577949 -0.624927 0.524826 0.200000 0.435162
pine_bark.bmp
0 -2.343854 -1.113141 300.098511 -0.983392 0.152644 -0.098187 0.400000 0.000000
0 -0.469079 1.214956 298.405212 -0.405177 0.775042 -0.484914 0.600000 0.000000
0 28.111038 -37.675789 277.842163 0.068313 0.300165 -0.951438 0.600000 0.435162
pine_bark.bmp
0 -2.343854 -1.113141 300.098511 -0.983392 0.152644 -0.098187 0.400000 0.000000
0 28.111038 -37.675789 277.842163 0.068313 0.300165 -0.951438 0.600000 0.435162
0 26.508114 -39.137531 278.733368 -0.709120 -0.395711 -0.583577 0.400000 0.435162
pine_bark.bmp
0 -0.469079 1.214956 298.405212 -0.405177 0.775042 -0.484914 0.600000 0.000000
0 2.225341 1.928582 300.586487 0.311803 0.938069 0.151017 0.800000 0.000000
0 29.527521 -37.268394 279.707977 0.797676 0.594025 -0.104149 0.800000 0.435162
pine_bark.bmp
0 -0.469079 1.214956 298.405212 -0.405177 0.775042 -0.484914 0.600000 0.000000
0 29.527521 -37.268394 279.707977 0.797676 0.594025 -0.104149 0.800000 0.435162
0 28.111038 -37.675789 277.842163 0.068313 0.300165 -0.951438 0.600000 0.435162
pine_bark.bmp
0 2.225341 1.928582 300.586487 0.311803 0.938069 0.151017 0.800000 0.000000
0 1.813296 0.000000 303.442688 0.146389 0.403603 0.903147 1.000000 0.000000
0 28.776155 -38.443134 281.594604 0.446890 0.040417 0.893675 1.000000 0.435162
pine_bark.bmp
0 2.225341 1.928582 300.586487 0.311803 0.938069 0.151017 0.800000 0.000000
0 28.776155 -38.443134 281.594604 0.446890 0.040417 0.893675 1.000000 0.435162
0 29.527521 -37.268394 279.707977 0.797676 0.594025 -0.104149 0.800000 0.435162
pine_bark.bmp
0 28.776155 -38.443134 281.594604 0.446890 0.040417 0.893675 0.000000 0.435162
0 26.807957 -39.657127 280.946106 -0.577949 -0.624927 0.524826 0.200000 0.435162
0 50.299831 -70.261238 278.651978 -0.175063 -0.903273 0.391728 0.200000 0.759358
pine_bark.bmp
0 28.776155 -38.443134 281.594604 0.446890 0.040417 0.893675 0.000000 0.435162
0 50.299831 -70.261238 278.651978 -0.175063 -0.903273 0.391728 0.200000 0.759358
0 50.827877 -69.896606 279.090332 0.542103 -0.378935 0.750021 0.000000 0.759358
pine_bark.bmp
0 26.807957 -39.657127 280.946106 -0.577949 -0.624927 0.524826 0.200000 0.435162
0 26.508114 -39.137531 278.733368 -0.709120 -0.395711 -0.583577 0.400000 0.435162
0 50.463093 -70.111893 277.945343 -0.146901 -0.843372 -0.516859 0.400000 0.759358
pine_bark.bmp
0 26.807957 -39.657127 280.946106 -0.577949 -0.624927 0.524826 0.200000 0.435162
0 50.463093 -70.111893 277.945343 -0.146901 -0.843372 -0.516859 0.400000 0.759358
0 50.299831 -70.261238 278.651978 -0.175063 -0.903273 0.391728 0.200000 0.759358
pine_bark.bmp
0 26.508114 -39.137531 278.733368 -0.709120 -0.395711 -0.583577 0.400000 0.435162
0 28.111038 -37.675789 277.842163 0.068313 0.300165 -0.951438 0.600000 0.435162
0 51.080460 -69.659546 277.858978 0.557438 -0.298926 -0.774536 0.600000 0.759358
pine_bark.bmp
0 26.508114 -39.137531 278.733368 -0.709120 -0.395711 -0.583577 0.400000 0.435162
0 51.080460 -69.659546 277.858978 0.557438 -0.298926 -0.774536 0.600000 0.759358
0 50.463093 -70.111893 277.945343 -0.146901 -0.843372 -0.516859 0.400000 0.759358
pine_bark.bmp
0 28.111038 -37.675789 277.842163 0.068313 0.300165 -0.951438 0.600000 0.435162
0 29.527521 -37.268394 279.707977 0.797676 0.594025 -0.104149 0.800000 0.435162
0 51.283531 -69.543694 278.588226 0.998790 -0.044238 0.021469 0.800000 0.759358
pine_bark.bmp
0 28.111038 -37.675789 277.842163 0.068313 0.300165 -0.951438 0.600000 0.435162
0 51.283531 -69.543694 278.588226 0.998790 -0.044238 0.021469 0.800000 0.759358
0 51.080460 -69.659546 277.858978 0.557438 -0.298926 -0.774536 0.600000 0.759358
pine_bark.bmp
0 29.527521 -37.268394 279.707977 0.797676 0.594025 -0.104149 0.800000 0.435162
0 28.776155 -38.443134 281.594604 0.446890 0.040417 0.893675 1.000000 0.435162
0 50.827877 -69.896606 279.090332 0.542103 -0.378935 0.750021 1.000000 0.759358
pine_bark.bmp
0 29.527521 -37.268394 279.707977 0.797676 0.594025 -0.104149 0.800000 0.435162
0 50.827877 -69.896606 279.090332 0.542103 -0.378935 0.750021 1.000000 0.759358
0 51.283531 -69.543694 278.588226 0.998790 -0.044238 0.021469 0.800000 0.759358
pine_bark.bmp
0 1.813296 0.000000 303.442688 0.146389 0.403603 0.903147 0.950000 0.500000
0 2.225341 1.928582 300.586487 0.311803 0.938069 0.151017 0.639058 0.072025
0 -0.469079 1.214956 298.405212 -0.405177 0.775042 -0.484914 0.135942 0.235497
pine_bark.bmp
0 -0.469079 1.214956 298.405212 -0.405177 0.775042 -0.484914 0.135942 0.235497
0 -2.343854 -1.113141 300.098511 -0.983392 0.152644 -0.098187 0.135942 0.764503
0 -1.121914 -1.983367 303.180756 -0.660299 -0.109822 0.742930 0.639058 0.927975
pine_bark.bmp
0 -0.469079 1.214956 298.405212 -0.405177 0.775042 -0.484914 0.135942 0.235497
0 -1.121914 -1.983367 303.180756 -0.660299 -0.109822 0.742930 0.639058 0.927975
0 1.813296 0.000000 303.442688 0.146389 0.403603 0.903147 0.950000 0.500000
pine_bark.bmp
0 51.283531 -69.543694 278.588226 0.998790 -0.044238 0.021469 0.639058 0.072025
0 50.827877 -69.896606 279.090332 0.542103 -0.378935 0.750021 0.950000 0.500000
0 50.299831 -70.261238 278.651978 -0.175063 -0.903273 0.391728 0.639058 0.927975
pine_bark.bmp
0 50.299831 -70.261238 278.651978 -0.175063 -0.903273 0.391728 0.639058 0.927975
0 50.463093 -70.111893 277.945343 -0.146901 -0.843372 -0.516859 0.135942 0.764503
0 51.080460 -69.659546 277.858978 0.557438 -0.298926 -0.774536 0.135942 0.235497
pine_bark.bmp
0 50.299831 -70.261238 278.651978 -0.175063 -0.903273 0.391728 0.639058 0.927975
0 51.080460 -69.659546 277.858978 0.557438 -0.298926 -0.774536 0.135942 0.235497
0 51.283531 -69.543694 278.588226 0.998790 -0.044238 0.021469 0.639058 0.072025
pine_needles.bmp
1 25.832718 2.962470 268.971741 -0.366674 0.673943 0.641367 0.507500 0.507500
1 -9.627975 -16.330727 268.971741 -0.366674 0.673943 0.641367 0.992500 0.507500
1 9.718910 -51.890099 317.397980 -0.366674 0.673943 0.641367 0.992500 0.992500
pine_needles.bmp
1 25.832718 2.962470 268.971741 -0.366674 0.673943 0.641367 0.507500 0.507500
1 9.718910 -51.890099 317.397980 -0.366674 0.673943 0.641367 0.992500 0.992500
1 45.179604 -32.596901 317.397980 -0.366674 0.673943 0.641367 0.507500 0.992500
pine_needles.bmp
1 45.179604 -32.596901 317.397980 0.366674 -0.673943 -0.641367 0.507500 0.992500
1 9.718910 -51.890099 317.397980 0.366674 -0.673943 -0.641367 0.992500 0.992500
1 -9.627975 -16.330727 268.971741 0.366674 -0.673943 -0.641367 0.992500 0.507500
pine_needles.bmp
1 45.179604 -32.596901 317.397980 0.366674 -0.673943 -0.641367 0.507500 0.992500
1 -9.627975 -16.330727 268.971741 0.366674 -0.673943 -0.641367 0.992500 0.507500
1 25.832718 2.962470 268.971741 0.366674 -0.673943 -0.641367 0.507500 0.507500
pine_needles.bmp
1 -10.932317 -17.104328 270.236786 -0.638237 -0.347248 0.687075 0.507500 0.507500
1 8.360880 -52.565022 270.236786 -0.638237 -0.347248 0.687075 0.992500 0.507500
1 46.483948 -31.823299 316.132904 -0.638237 -0.347248 0.687075 0.992500 0.992500
pine_needles.bmp
1 -10.932317 -17.104328 270.236786 -0.638237 -0.347248 0.687075 0.507500 0.507500
1 46.483948 -31.823299 316.132904 -0.638237 -0.347248 0.687075 0.992500 0.992500
1 27.190750 3.637393 316.132904 -0.638237 -0.347248 0.687075 0.507500 0.992500
pine_needles.bmp
1 27.190750 3.637393 316.132904 0.638237 0.347248 -0.687075 0.507500 0.992500
1 46.483948 -31.823299 316.132904 0.638237 0.347248 -0.687075 0.992500 0.992500
1 8.360880 -52.565022 270.236786 0.638237 0.347248 -0.687075 0.992500 0.507500
pine_needles.bmp
1 27.190750 3.637393 316.132904 0.638237 0.347248 -0.687075 0.507500 0.992500
1 8.360880 -52.565022 270.236786 0.638237 0.347248 -0.687075 0.992500 0.507500
1 -10.932317 -17.104328 270.236786 0.638237 0.347248 -0.687075 0.507500 0.507500
pine_needles.bmp
1 32.249374 -80.312737 272.669373 0.246065 -0.350874 0.903515 0.007500 0.507500
1 66.018364 -56.630829 272.669373 0.246065 -0.350874 0.903515 0.492500 0.507500
1 31.743551 -7.756989 300.983643 0.246065 -0.350874 0.903515 0.492500 0.992500
pine_needles.bmp
1 32.249374 -80.312737 272.669373 0.246065 -0.350874 0.903515 0.007500 0.507500
1 31.743551 -7.756989 300.983643 0.246065 -0.350874 0.903515 0.492500 0.992500
1 -2.025442 -31.438896 300.983643 0.246065 -0.350874 0.903515 0.007500 0.992500
pine_needles.bmp
1 -2.025442 -31.438896 300.983643 -0.246065 0.350874 -0.903515 0.007500 0.992500
1 31.743551 -7.756989 300.983643 -0.246065 0.350874 -0.903515 0.492500 0.992500
1 66.018364 -56.630829 272.669373 -0.246065 0.350874 -0.903515 0.492500 0.507500
pine_needles.bmp
1 -2.025442 -31.438896 300.983643 -0.246065 0.350874 -0.903515 0.007500 0.992500
1 66.018364 -56.630829 272.669373 -0.246065 0.350874 -0.903515 0.492500 0.507500
1 32.249374 -80.312737 272.669373 -0.246065 0.350874 -0.903515 0.007500 0.507500
pine_needles.bmp
1 66.032822 -45.353909 268.053375 0.466117 0.326884 0.822120 0.007500 0.507500
1 42.350906 -11.584918 268.053375 0.466117 0.326884 0.822120 0.492500 0.507500
1 -2.039896 -42.715813 305.599640 0.466117 0.326884 0.822120 0.492500 0.992500
pine_needles.bmp
1 66.032822 -45.353909 268.053375 0.466117 0.326884 0.822120 0.007500 0.507500
1 -2.039896 -42.715813 305.599640 0.466117 0.326884 0.822120 0.492500 0.992500
1 21.642015 -76.484802 305.599640 0.466117 0.326884 0.822120 0.007500 0.992500
pine_needles.bmp
1 21.642015 -76.484802 305.599640 -0.466118 -0.326884 -0.822120 0.007500 0.992500
1 -2.039896 -42.715813 305.599640 -0.466118 -0.326884 -0.822120 0.492500 0.992500
1 42.350906 -11.584918 268.053375 -0.466118 -0.326884 -0.822120 0.492500 0.507500
pine_needles.bmp
1 21.642015 -76.484802 305.599640 -0.466117 -0.326884 -0.822120 0.007500 0.992500
1 42.350906 -11.584918 268.053375 -0.466117 -0.326884 -0.822120 0.492500 0.507500
1 66.032822 -45.353909 268.053375 -0.466117 -0.326884 -0.822120 0.007500 0.507500
pine_needles.bmp
1 68.000542 -77.332626 262.480835 0.668325 0.093577 0.737960 0.007500 0.507500
1 63.392799 -44.424248 262.480835 0.668325 0.093577 0.737960 0.492500 0.507500
1 24.433683 -49.879196 298.455414 0.668325 0.093577 0.737960 0.492500 0.992500
pine_needles.bmp
1 68.000542 -77.332626 262.480835 0.668325 0.093577 0.737960 0.007500 0.507500
1 24.433683 -49.879196 298.455414 0.668325 0.093577 0.737960 0.492500 0.992500
1 29.041426 -82.787582 298.455414 0.668325 0.093577 0.737960 0.007500 0.992500
pine_needles.bmp
1 29.041426 -82.787582 298.455414 -0.668325 -0.093577 -0.737960 0.007500 0.992500
1 24.433683 -49.879196 298.455414 -0.668325 -0.093577 -0.737960 0.492500 0.992500
1 63.392799 -44.424248 262.480835 -0.668325 -0.093577 -0.737960 0.492500 0.507500
pine_needles.bmp
1 29.041426 -82.787582 298.455414 -0.668325 -0.093577 -0.737960 0.007500 0.992500
1 63.392799 -44.424248 262.480835 -0.668325 -0.093577 -0.737960 0.492500 0.507500
1 68.000542 -77.332626 262.480835 -0.668325 -0.093577 -0.737960 0.007500 0.507500
pine_needles.bmp
1 60.499474 -45.790855 258.984314 -0.112049 0.800251 0.589104 0.507500 0.007500
1 27.591087 -50.398594 258.984314 -0.112049 0.800251 0.589104 0.992500 0.007500
1 31.934753 -81.420975 301.951935 -0.112049 0.800251 0.589104 0.992500 0.492500
pine_needles.bmp
1 60.499474 -45.790855 258.984314 -0.112049 0.800251 0.589104 0.507500 0.007500
1 31.934753 -81.420975 301.951935 -0.112049 0.800251 0.589104 0.992500 0.492500
1 64.843140 -76.813232 301.951935 -0.112049 0.800251 0.589104 0.507500 0.492500
pine_needles.bmp
1 64.843140 -76.813232 301.951935 0.112049 -0.800251 -0.589104 0.507500 0.492500
1 31.934753 -81.420975 301.951935 0.112049 -0.800251 -0.589104 0.992500 0.492500
1 27.591087 -50.398594 258.984314 0.112049 -0.800251 -0.589104 0.992500 0.007500
pine_needles.bmp
1 64.843140 -76.813232 301.951935 0.112049 -0.800251 -0.589104 0.507500 0.492500
1 27.591087 -50.398594 258.984314 0.112049 -0.800251 -0.589104 0.992500 0.007500
1 60.499474 -45.790855 258.984314 0.112049 -0.800251 -0.589104 0.507500 0.007500
pine_bark.bmp
0 1.263688 0.000000 303.775543 -0.178682 0.136310 0.974419 0.000000 0.000000
0 -0.225668 -2.845980 302.277588 -0.583108 -0.622200 0.522352 0.200000 0.000000
0 45.550976 -14.340359 280.488831 -0.157014 -0.949396 0.272017 0.200000 0.435162
pine_bark.bmp
0 1.263688 0.000000 303.775543 -0.178682 0.136310 0.974419 0.000000 0.000000
0 45.550976 -14.340359 280.488831 -0.157014 -0.949396 0.272017 0.200000 0.435162
0 46.401409 -12.457036 281.701630 0.267048 0.022788 0.963414 0.000000 0.435162
pine_bark.bmp
0 -0.225668 -2.845980 302.277588 -0.583108 -0.622200 0.522352 0.200000 0.000000
0 -1.321277 -1.597272 299.276978 -0.904644 -0.303494 -0.299183 0.400000 0.000000
0 45.178673 -13.534284 278.372589 -0.310629 -0.557322 -0.770001 0.400000 0.435162
pine_bark.bmp
0 -0.225668 -2.845980 302.277588 -0.583108 -0.622200 0.522352 0.200000 0.000000
0 45.178673 -13.534284 278.372589 -0.310629 -0.557322 -0.770001 0.400000 0.435162
0 45.550976 -14.340359 280.488831 -0.157014 -0.949396 0.272017 0.200000 0.435162
pine_bark.bmp
0 -1.321277 -1.597272 299.276978 -0.904644 -0.303494 -0.299183 0.400000 0.000000
0 -0.667611 1.743368 298.746216 -0.693695 0.599130 -0.399789 0.600000 0.000000
0 45.708294 -11.266617 278.063416 -0.046413 0.509353 -0.859306 0.600000 0.435162
pine_bark.bmp
0 -1.321277 -1.597272 299.276978 -0.904644 -0.303494 -0.299183 0.400000 0.000000
0 45.708294 -11.266617 278.063416 -0.046413 0.509353 -0.859306 0.600000 0.435162
0 45.178673 -13.534284 278.372589 -0.310629 -0.557322 -0.770001 0.400000 0.435162
pine_bark.bmp
0 -0.667611 1.743368 298.746216 -0.693695 0.599130 -0.399789 0.600000 0.000000
0 1.010011 2.767368 301.672882 -0.233750 0.881067 0.411195 0.800000 0.000000
0 46.480995 -10.634608 280.214569 0.320112 0.932500 0.167248 0.800000 0.435162
pine_bark.bmp
0 -0.667611 1.743368 298.746216 -0.693695 0.599130 -0.399789 0.600000 0.000000
0 46.480995 -10.634608 280.214569 0.320112 0.932500 0.167248 0.800000 0.435162
0 45.708294 -11.266617 278.063416 -0.046413 0.509353 -0.859306 0.600000 0.435162
pine_bark.bmp
0 1.010011 2.767368 301.672882 -0.233750 0.881067 0.411195 0.800000 0.000000
0 1.263688 0.000000 303.775543 -0.178682 0.136310 0.974419 1.000000 0.000000
0 46.401409 -12.457036 281.701630 0.267048 0.022788 0.963414 1.000000 0.435162
pine_bark.bmp
0 1.010011 2.767368 301.672882 -0.233750 0.881067 0.411195 0.800000 0.000000
0 46.401409 -12.457036 281.701630 0.267048 0.022788 0.963414 1.000000 0.435162
0 46.480995 -10.634608 280.214569 0.320112 0.932500 0.167248 0.800000 0.435162
pine_bark.bmp
0 46.401409 -12.457036 281.701630 0.267048 0.022788 0.963414 0.000000 0.435162
0 45.550976 -14.340359 280.488831 -0.157014 -0.949396 0.272017 0.200000 0.435162
0 83.223526 -23.247116 278.628815 0.406973 -0.880890 0.241675 0.200000 0.759357
pine_bark.bmp
0 46.401409 -12.457036 281.701630 0.267048 0.022788 0.963414 0.000000 0.435162
0 83.223526 -23.247116 278.628815 0.406973 -0.880890 0.241675 0.200000 0.759357
0 83.402802 -22.649157 279.091034 0.616874 -0.113806 0.778791 0.000000 0.759357
pine_bark.bmp
0 45.550976 -14.340359 280.488831 -0.157014 -0.949396 0.272017 0.200000 0.435162
0 45.178673 -13.534284 278.372589 -0.310629 -0.557322 -0.770001 0.400000 0.435162
0 83.264626 -23.002201 277.931000 0.438243 -0.636471 -0.634703 0.400000 0.759357
pine_bark.bmp
0 45.550976 -14.340359 280.488831 -0.157014 -0.949396 0.272017 0.200000 0.435162
0 83.264626 -23.002201 277.931000 0.438243 -0.636471 -0.634703 0.400000 0.759357
0 83.223526 -23.247116 278.628815 0.406973 -0.880890 0.241675 0.200000 0.759357
pine_bark.bmp
0 45.178673 -13.534284 278.372589 -0.310629 -0.557322 -0.770001 0.400000 0.435162
0 45.708294 -11.266617 278.063416 -0.046413 0.509353 -0.859306 0.600000 0.435162
0 83.464043 -22.260401 277.873596 0.664308 0.258719 -0.701256 0.600000 0.759357
pine_bark.bmp
0 45.178673 -13.534284 278.372589 -0.310629 -0.557322 -0.770001 0.400000 0.435162
0 83.464043 -22.260401 277.873596 0.664308 0.258719 -0.701256 0.600000 0.759357
0 83.264626 -23.002201 277.931000 0.438243 -0.636471 -0.634703 0.400000 0.759357
pine_bark.bmp
0 45.708294 -11.266617 278.063416 -0.046413 0.509353 -0.859306 0.600000 0.435162
0 46.480995 -10.634608 280.214569 0.320112 0.932500 0.167248 0.800000 0.435162
0 83.542526 -22.070414 278.611084 0.804120 0.564869 0.185237 0.800000 0.759357
pine_bark.bmp
0 45.708294 -11.266617 278.063416 -0.046413 0.509353 -0.859306 0.600000 0.435162
0 83.542526 -22.070414 278.611084 0.804120 0.564869 0.185237 0.800000 0.759357
0 83.464043 -22.260401 277.873596 0.664308 0.258719 -0.701256 0.600000 0.759357
pine_bark.bmp
0 46.480995 -10.634608 280.214569 0.320112 0.932500 0.167248 0.800000 0.435162
0 46.401409 -12.457036 281.701630 0.267048 0.022788 0.963414 1.000000 0.435162
0 83.402802 -22.649157 279.091034 0.616874 -0.113806 0.778791 1.000000 0.759357
pine_bark.bmp
0 46.480995 -10.634608 280.214569 0.320112 0.932500 0.167248 0.800000 0.435162
0 83.402802 -22.649157 279.091034 0.616874 -0.113806 0.778791 1.000000 0.759357
0 83.542526 -22.070414 278.611084 0.804120 0.564869 0.185237 0.800000 0.759357
pine_bark.bmp
0 1.263688 0.000000 303.775543 -0.178682 0.136310 0.974419 0.950000 0.500000
0 1.010011 2.767368 301.672882 -0.233750 0.881067 0.411195 0.639058 0.072025
0 -0.667611 1.743368 298.746216 -0.693695 0.599130 -0.399789 0.135942 0.235497
pine_bark.bmp
0 -0.667611 1.743368 298.746216 -0.693695 0.599130 -0.399789 0.135942 0.235497
0 -1.321277 -1.597272 299.276978 -0.904644 -0.303494 -0.299183 0.135942 0.764503
0 -0.225668 -2.845980 302.277588 -0.583108 -0.622200 0.522352 0.639058 0.927975
pine_bark.bmp
0 -0.667611 1.743368 298.746216 -0.693695 0.599130 -0.399789 0.135942 0.235497
0 -0.225668 -2.845980 302.277588 -0.583108 -0.622200 0.522352 0.639058 0.927975
0 1.263688 0.000000 303.775543 -0.178682 0.136310 0.974419 0.950000 0.500000
pine_bark.bmp
0 83.542526 -22.070414 278.611084 0.804120 0.564869 0.185237 0.639058 0.072025
0 83.402802 -22.649157 279.091034 0.616874 -0.113806 0.778791 0.950000 0.500000
0 83.223526 -23.247116 278.628815 0.406973 -0.880890 0.241675 0.639058 0.927975
pine_bark.bmp
0 83.223526 -23.247116 278.628815 0.406973 -0.880890 0.241675 0.639058 0.927975
0 83.264626 -23.002201 277.931000 0.438243 -0.636471 -0.634703 0.135942 0.764503
0 83.464043 -22.260401 277.873596 0.664308 0.258719 -0.701256 0.135942 0.235497
pine_bark.bmp
0 83.223526 -23.247116 278.628815 0.406973 -0.880890 0.241675 0.639058 0.927975
0 83.464043 -22.260401 277.873596 0.664308 0.258719 -0.701256 0.135942 0.235497
0 83.542526 -22.070414 278.611084 0.804120 0.564869 0.185237 0.639058 0.072025
pine_needles.bmp
1 53.607182 -13.480251 268.160278 0.581580 0.701452 0.411984 0.007500 0.007500
1 19.201084 15.046131 268.160278 0.581580 0.701452 0.411984 0.492500 0.007500
1 4.757775 -2.374160 318.209442 0.581580 0.701452 0.411984 0.492500 0.492500
pine_needles.bmp
1 53.607182 -13.480251 268.160278 0.581580 0.701452 0.411983 0.007500 0.007500
1 4.757775 -2.374160 318.209442 0.581580 0.701452 0.411983 0.492500 0.492500
1 39.163876 -30.900543 318.209442 0.581580 0.701452 0.411983 0.007500 0.492500
pine_needles.bmp
1 39.163876 -30.900543 318.209442 -0.581580 -0.701452 -0.411983 0.007500 0.492500
1 4.757775 -2.374160 318.209442 -0.581580 -0.701452 -0.411983 0.492500 0.492500
1 19.201084 15.046131 268.160278 -0.581580 -0.701452 -0.411983 0.492500 0.007500
pine_needles.bmp
1 39.163876 -30.900543 318.209442 -0.581580 -0.701452 -0.411983 0.007500 0.492500
1 19.201084 15.046131 268.160278 -0.581580 -0.701452 -0.411983 0.492500 0.007500
1 53.607182 -13.480251 268.160278 -0.581580 -0.701452 -0.411983 0.007500 0.007500
pine_needles.bmp
1 28.736458 21.471375 273.306946 -0.554994 0.460150 0.692996 0.507500 0.007500
1 0.210076 -12.934727 273.306946 -0.554994 0.460150 0.692996 0.992500 0.007500
1 29.628502 -37.325787 313.062744 -0.554994 0.460150 0.692996 0.992500 0.492500
pine_needles.bmp
1 28.736458 21.471375 273.306946 -0.554994 0.460150 0.692996 0.507500 0.007500
1 29.628502 -37.325787 313.062744 -0.554994 0.460150 0.692996 0.992500 0.492500
1 58.154884 -2.919685 313.062744 -0.554994 0.460150 0.692996 0.507500 0.492500
pine_needles.bmp
1 58.154884 -2.919685 313.062744 0.554994 -0.460150 -0.692996 0.507500 0.492500
1 29.628502 -37.325787 313.062744 0.554994 -0.460150 -0.692996 0.992500 0.492500
1 0.210076 -12.934727 273.306946 0.554994 -0.460150 -0.692996 0.992500 0.007500
pine_needles.bmp
1 58.154884 -2.919685 313.062744 0.554994 -0.460150 -0.692996 0.507500 0.492500
1 0.210076 -12.934727 273.306946 0.554994 -0.460150 -0.692996 0.992500 0.007500
1 28.736458 21.471375 273.306946 0.554994 -0.460150 -0.692996 0.507500 0.007500
pine_needles.bmp
1 71.274261 -0.951481 262.009674 -0.069296 0.899894 0.430567 0.507500 0.007500
1 31.964731 -3.978512 262.009674 -0.069296 0.899894 0.430567 0.992500 0.007500
1 33.782661 -27.586456 311.643341 -0.069296 0.899894 0.430567 0.992500 0.492500
pine_needles.bmp
1 71.274261 -0.951481 262.009674 -0.069296 0.899894 0.430567 0.507500 0.007500
1 33.782661 -27.586456 311.643341 -0.069296 0.899894 0.430567 0.992500 0.492500
1 73.092194 -24.559425 311.643341 -0.069296 0.899894 0.430567 0.507500 0.492500
pine_needles.bmp
1 73.092194 -24.559425 311.643341 0.069296 -0.899894 -0.430567 0.507500 0.492500
1 33.782661 -27.586456 311.643341 0.069296 -0.899894 -0.430567 0.992500 0.492500
1 31.964731 -3.978512 262.009674 0.069296 -0.899894 -0.430567 0.992500 0.007500
pine_needles.bmp
1 73.092194 -24.559425 311.643341 0.069296 -0.899894 -0.430567 0.507500 0.492500
1 31.964731 -3.978512 262.009674 0.069296 -0.899894 -0.430567 0.992500 0.007500
1 71.274261 -0.951481 262.009674 0.069296 -0.899894 -0.430567 0.507500 0.007500
pine_needles.bmp
1 27.954298 3.610014 271.626617 -0.547579 -0.042166 0.835691 0.007500 0.507500
1 30.981329 -35.699520 271.626617 -0.547579 -0.042166 0.835691 0.492500 0.507500
1 77.102623 -32.147953 302.026398 -0.547579 -0.042166 0.835691 0.492500 0.992500
pine_needles.bmp
1 27.954298 3.610014 271.626617 -0.547579 -0.042166 0.835691 0.007500 0.507500
1 77.102623 -32.147953 302.026398 -0.547579 -0.042166 0.835691 0.492500 0.992500
1 74.075592 7.161584 302.026398 -0.547579 -0.042166 0.835691 0.007500 0.992500
pine_needles.bmp
1 74.075592 7.161584 302.026398 0.547579 0.042166 -0.835691 0.007500 0.992500
1 77.102623 -32.147953 302.026398 0.547579 0.042166 -0.835691 0.492500 0.992500
1 30.981329 -35.699520 271.626617 0.547579 0.042166 -0.835691 0.492500 0.507500
pine_needles.bmp
1 74.075592 7.161584 302.026398 0.547579 0.042166 -0.835691 0.007500 0.992500
1 30.981329 -35.699520 271.626617 0.547579 0.042166 -0.835691 0.492500 0.507500
1 27.954298 3.610014 271.626617 0.547579 0.042166 -0.835691 0.007500 0.507500
pine_needles.bmp
1 46.598183 -21.930170 260.086517 -0.474841 -0.512767 0.715259 0.007500 0.007500
1 76.804100 -49.901962 260.086517 -0.474841 -0.512767 0.715259 0.492500 0.007500
1 105.150703 -19.291298 300.849762 -0.474841 -0.512767 0.715259 0.492500 0.492500
pine_needles.bmp
1 46.598183 -21.930170 260.086517 -0.474841 -0.512767 0.715259 0.007500 0.007500
1 105.150703 -19.291298 300.849762 -0.474841 -0.512767 0.715259 0.492500 0.492500
1 74.944778 8.680496 300.849762 -0.474841 -0.512767 0.715259 0.007500 0.492500
pine_needles.bmp
1 74.944778 8.680496 300.849762 0.474841 0.512767 -0.715259 0.007500 0.492500
1 105.150703 -19.291298 300.849762 0.474841 0.512767 -0.715259 0.492500 0.492500
1 76.804100 -49.901962 260.086517 0.474841 0.512767 -0.715259 0.492500 0.007500
pine_needles.bmp
1 74.944778 8.680496 300.849762 0.474841 0.512767 -0.715259 0.007500 0.492500
1 76.804100 -49.901962 260.086517 0.474841 0.512767 -0.715259 0.492500 0.007500
1 46.598183 -21.930170 260.086517 0.474841 0.512767 -0.715259 0.007500 0.007500
pine_needles.bmp
1 73.432579 -46.403896 256.008484 0.617081 -0.571439 0.540989 0.507500 0.507500
1 101.404373 -16.197971 256.008484 0.617081 -0.571439 0.540989 0.992500 0.507500
1 78.316299 5.182428 304.927795 0.617081 -0.571439 0.540989 0.992500 0.992500
pine_needles.bmp
1 73.432579 -46.403896 256.008484 0.617081 -0.571439 0.540989 0.507500 0.507500
1 78.316299 5.182428 304.927795 0.617081 -0.571439 0.540989 0.992500 0.992500
1 50.344513 -25.023495 304.927795 0.617081 -0.571439 0.540989 0.507500 0.992500
pine_needles.bmp
1 50.344513 -25.023495 304.927795 -0.617081 0.571439 -0.540989 0.507500 0.992500
1 78.316299 5.182428 304.927795 -0.617081 0.571439 -0.540989 0.992500 0.992500
1 101.404373 -16.197971 256.008484 -0.617081 0.571439 -0.540989 0.992500 0.507500
pine_needles.bmp
1 50.344513 -25.023495 304.927795 -0.617081 0.571439 -0.540989 0.507500 0.992500
1 101.404373 -16.197971 256.008484 -0.617081 0.571439 -0.540989 0.992500 0.507500
1 73.432579 -46.403896 256.008484 -0.617081 0.571439 -0.540989 0.507500 0.507500
pine_bark.bmp
0 1.354265 0.000000 303.731415 -0.122982 -0.220272 0.967655 0.000000 0.000000
0 1.537671 -2.655632 301.408905 -0.058618 -0.944968 0.321869 0.200000 0.000000
0 43.096348 20.343994 280.106873 0.497461 -0.865152 0.063591 0.200000 0.435162
pine_bark.bmp
0 1.354265 0.000000 303.731415 -0.122982 -0.220272 0.967655 0.000000 0.000000
0 43.096348 20.343994 280.106873 0.497461 -0.865152 0.063591 0.200000 0.435162
0 42.665119 22.083466 281.688812 0.287208 -0.009916 0.957817 0.000000 0.435162
pine_bark.bmp
0 1.537671 -2.655632 301.408905 -0.058618 -0.944968 0.321869 0.200000 0.000000
0 -0.417251 -1.490442 298.831116 -0.587549 -0.697441 -0.410320 0.400000 0.000000
0 42.114594 21.088501 278.165924 0.041963 -0.478796 -0.876923 0.400000 0.435162
pine_bark.bmp
0 1.537671 -2.655632 301.408905 -0.058618 -0.944968 0.321869 0.200000 0.000000
0 42.114594 21.088501 278.165924 0.041963 -0.478796 -0.876923 0.400000 0.435162
0 43.096348 20.343994 280.106873 0.497461 -0.865152 0.063591 0.200000 0.435162
pine_bark.bmp
0 -0.417251 -1.490442 298.831116 -0.587549 -0.697441 -0.410320 0.400000 0.000000
0 -1.805544 1.626767 299.306458 -0.949134 0.151818 -0.275856 0.600000 0.000000
0 41.060108 23.182959 278.312958 -0.429508 0.508221 -0.746481 0.600000 0.435162
pine_bark.bmp
0 -0.417251 -1.490442 298.831116 -0.587549 -0.697441 -0.410320 0.400000 0.000000
0 41.060108 23.182959 278.312958 -0.429508 0.508221 -0.746481 0.600000 0.435162
0 42.114594 21.088501 278.165924 0.041963 -0.478796 -0.876923 0.400000 0.435162
pine_bark.bmp
0 -1.805544 1.626767 299.306458 -0.949134 0.151818 -0.275856 0.600000 0.000000
0 -0.647955 2.582278 302.490021 -0.655413 0.454621 0.603120 0.800000 0.000000
0 41.443008 23.766693 280.576538 -0.319548 0.871680 0.371569 0.800000 0.435162
pine_bark.bmp
0 -1.805544 1.626767 299.306458 -0.949134 0.151818 -0.275856 0.600000 0.000000
0 41.443008 23.766693 280.576538 -0.319548 0.871680 0.371569 0.800000 0.435162
0 41.060108 23.182959 278.312958 -0.429508 0.508221 -0.746481 0.600000 0.435162
pine_bark.bmp
0 -0.647955 2.582278 302.490021 -0.655413 0.454621 0.603120 0.800000 0.000000
0 1.354265 0.000000 303.731415 -0.122982 -0.220272 0.967655 1.000000 0.000000
0 42.665119 22.083466 281.688812 0.287208 -0.009916 0.957817 1.000000 0.435162
pine_bark.bmp
0 -0.647955 2.582278 302.490021 -0.655413 0.454621 0.603120 0.800000 0.000000
0 42.665119 22.083466 281.688812 0.287208 -0.009916 0.957817 1.000000 0.435162
0 41.443008 23.766693 280.576538 -0.319548 0.871680 0.371569 0.800000 0.435162
pine_bark.bmp
0 42.665119 22.083466 281.688812 0.287208 -0.009916 0.957817 0.000000 0.435162
0 43.096348 20.343994 280.106873 0.497461 -0.865152 0.063591 0.200000 0.435162
0 76.799004 39.603035 278.611877 0.909325 -0.398088 0.121055 0.200000 0.759357
pine_bark.bmp
0 42.665119 22.083466 281.688812 0.287208 -0.009916 0.957817 0.000000 0.435162
0 76.799004 39.603035 278.611877 0.909325 -0.398088 0.121055 0.200000 0.759357
0 76.530045 40.151756 279.090973 0.587550 0.225700 0.777075 0.000000 0.759357
pine_bark.bmp
0 43.096348 20.343994 280.106873 0.497461 -0.865152 0.063591 0.200000 0.435162
0 42.114594 21.088501 278.165924 0.041963 -0.478796 -0.876923 0.400000 0.435162
0 76.653610 39.827782 277.921082 0.704111 -0.080250 -0.705541 0.400000 0.759357
pine_bark.bmp
0 43.096348 20.343994 280.106873 0.497461 -0.865152 0.063591 0.200000 0.435162
0 76.653610 39.827782 277.921082 0.704111 -0.080250 -0.705541 0.400000 0.759357
0 76.799004 39.603035 278.611877 0.909325 -0.398088 0.121055 0.200000 0.759357
pine_bark.bmp
0 42.114594 21.088501 278.165924 0.041963 -0.478796 -0.876923 0.400000 0.435162
0 41.060108 23.182959 278.312958 -0.429508 0.508221 -0.746481 0.600000 0.435162
0 76.294899 40.508499 277.884644 0.268053 0.731918 -0.626453 0.600000 0.759357
pine_bark.bmp
0 42.114594 21.088501 278.165924 0.041963 -0.478796 -0.876923 0.400000 0.435162
0 76.294899 40.508499 277.884644 0.268053 0.731918 -0.626453 0.600000 0.759357
0 76.653610 39.827782 277.921082 0.704111 -0.080250 -0.705541 0.400000 0.759357
pine_bark.bmp
0 41.060108 23.182959 278.312958 -0.429508 0.508221 -0.746481 0.600000 0.435162
0 41.443008 23.766693 280.576538 -0.319548 0.871680 0.371569 0.800000 0.435162
0 76.232903 40.682846 278.627411 0.227253 0.925643 0.302557 0.800000 0.759357
pine_bark.bmp
0 41.060108 23.182959 278.312958 -0.429508 0.508221 -0.746481 0.600000 0.435162
0 76.232903 40.682846 278.627411 0.227253 0.925643 0.302557 0.800000 0.759357
0 76.294899 40.508499 277.884644 0.268053 0.731918 -0.626453 0.600000 0.759357
pine_bark.bmp
0 41.443008 23.766693 280.576538 -0.319548 0.871680 0.371569 0.800000 0.435162
0 42.665119 22.083466 281.688812 0.287208 -0.009916 0.957817 1.000000 0.435162
0 76.530045 40.151756 279.090973 0.587550 0.225700 0.777075 1.000000 0.759357
pine_bark.bmp
0 41.443008 23.766693 280.576538 -0.319548 0.871680 0.371569 0.800000 0.435162
0 76.530045 40.151756 279.090973 0.587550 0.225700 0.777075 1.000000 0.759357
0 76.232903 40.682846 278.627411 0.227253 0.925643 0.302557 0.800000 0.759357
pine_bark.bmp
0 1.354265 0.000000 303.731415 -0.122982 -0.220272 0.967655 0.950000 0.500000
0 -0.647955 2.582278 302.490021 -0.655413 0.454621 0.603120 0.639058 0.072025
0 -1.805544 1.626767 299.306458 -0.949134 0.151818 -0.275856 0.135942 0.235497
pine_bark.bmp
0 -1.805544 1.626767 299.306458 -0.949134 0.151818 -0.275856 0.135942 0.235497
0 -0.417251 -1.490442 298.831116 -0.587549 -0.697441 -0.410320 0.135942 0.764503
0 1.537671 -2.655632 301.408905 -0.058618 -0.944968 0.321869 0.639058 0.927975
pine_bark.bmp
0 -1.805544 1.626767 299.306458 -0.949134 0.151818 -0.275856 0.135942 0.235497
0 1.537671 -2.655632 301.408905 -0.058618 -0.944968 0.321869 0.639058 0.927975
0 1.354265 0.000000 303.731415 -0.122982 -0.220272 0.967655 0.950000 0.500000
pine_bark.bmp
0 76.232903 40.682846 278.627411 0.227253 0.925643 0.302557 0.639058 0.072025
0 76.530045 40.151756 279.090973 0.587550 0.225700 0.777075 0.950000 0.500000
0 76.799004 39.603035 278.611877 0.909325 -0.398088 0.121055 0.639058 0.927975
pine_bark.bmp
0 76.799004 39.603035 278.611877 0.909325 -0.398088 0.121055 0.639058 0.927975
0 76.653610 39.827782 277.921082 0.704111 -0.080250 -0.705541 0.135942 0.764503
0 76.294899 40.508499 277.884644 0.268053 0.731918 -0.626453 0.135942 0.235497
pine_bark.bmp
0 76.799004 39.603035 278.611877 0.909325 -0.398088 0.121055 0.639058 0.927975
0 76.294899 40.508499 277.884644 0.268053 0.731918 -0.626453 0.135942 0.235497
0 76.232903 40.682846 278.627411 0.227253 0.925643 0.302557 0.639058 0.072025
pine_needles.bmp
1 12.444696 36.036251 269.227783 -0.789145 0.137820 0.598545 0.007500 0.507500
1 5.841852 -1.770997 269.227783 -0.789145 0.137820 0.598545 0.492500 0.507500
1 41.107803 -7.930018 317.141937 -0.789145 0.137820 0.598545 0.492500 0.992500
pine_needles.bmp
1 12.444696 36.036251 269.227783 -0.789145 0.137820 0.598545 0.007500 0.507500
1 41.107803 -7.930018 317.141937 -0.789145 0.137820 0.598545 0.492500 0.992500
1 47.710648 29.877232 317.141937 -0.789145 0.137820 0.598545 0.007500 0.992500
pine_needles.bmp
1 47.710648 29.877232 317.141937 0.789145 -0.137820 -0.598545 0.007500 0.992500
1 41.107803 -7.930018 317.141937 0.789145 -0.137820 -0.598545 0.492500 0.992500
1 5.841852 -1.770997 269.227783 0.789145 -0.137820 -0.598545 0.492500 0.507500
pine_needles.bmp
1 47.710648 29.877232 317.141937 0.789145 -0.137820 -0.598545 0.007500 0.992500
1 5.841852 -1.770997 269.227783 0.789145 -0.137820 -0.598545 0.492500 0.507500
1 12.444696 36.036251 269.227783 0.789145 -0.137820 -0.598545 0.007500 0.507500
pine_needles.bmp
1 5.060975 1.255291 268.166595 -0.144033 -0.824719 0.546894 0.507500 0.507500
1 42.868221 -5.347554 268.166595 -0.144033 -0.824719 0.546894 0.992500 0.507500
1 48.491528 26.850941 318.203094 -0.144033 -0.824719 0.546894 0.992500 0.992500
pine_needles.bmp
1 5.060975 1.255291 268.166595 -0.144033 -0.824719 0.546894 0.507500 0.507500
1 48.491528 26.850941 318.203094 -0.144033 -0.824719 0.546894 0.992500 0.992500
1 10.684280 33.453785 318.203094 -0.144033 -0.824719 0.546894 0.507500 0.992500
pine_needles.bmp
1 10.684280 33.453785 318.203094 0.144033 0.824719 -0.546894 0.507500 0.992500
1 48.491528 26.850941 318.203094 0.144033 0.824719 -0.546894 0.992500 0.992500
1 42.868221 -5.347554 268.166595 0.144033 0.824719 -0.546894 0.992500 0.507500
pine_needles.bmp
1 10.684280 33.453785 318.203094 0.144033 0.824719 -0.546894 0.507500 0.992500
1 42.868221 -5.347554 268.166595 0.144033 0.824719 -0.546894 0.992500 0.507500
1 5.060975 1.255291 268.166595 0.144033 0.824719 -0.546894 0.507500 0.507500
pine_needles.bmp
1 77.398605 14.616096 267.457520 0.603013 0.340126 0.721588 0.007500 0.507500
1 54.162949 55.810871 267.457520 0.603013 0.340126 0.721588 0.492500 0.507500
1 18.995897 35.975117 306.195496 0.603013 0.340126 0.721588 0.492500 0.992500
pine_needles.bmp
1 77.398605 14.616096 267.457520 0.603013 0.340126 0.721588 0.007500 0.507500
1 18.995897 35.975117 306.195496 0.603013 0.340126 0.721588 0.492500 0.992500
1 42.231552 -5.219657 306.195496 0.603013 0.340126 0.721588 0.007500 0.992500
pine_needles.bmp
1 42.231552 -5.219657 306.195496 -0.603013 -0.340126 -0.721588 0.007500 0.992500
1 18.995897 35.975117 306.195496 -0.603013 -0.340126 -0.721588 0.492500 0.992500
1 54.162949 55.810871 267.457520 -0.603013 -0.340126 -0.721588 0.492500 0.507500
pine_needles.bmp
1 42.231552 -5.219657 306.195496 -0.603013 -0.340126 -0.721588 0.007500 0.992500
1 54.162949 55.810871 267.457520 -0.603013 -0.340126 -0.721588 0.492500 0.507500
1 77.398605 14.616096 267.457520 -0.603013 -0.340126 -0.721588 0.007500 0.507500
pine_needles.bmp
1 61.481949 49.878197 263.237213 -0.415482 0.736613 0.533645 0.007500 0.007500
1 20.287170 26.642542 263.237213 -0.415482 0.736613 0.533645 0.492500 0.007500
1 34.912556 0.713018 310.415802 -0.415482 0.736613 0.533645 0.492500 0.492500
pine_needles.bmp
1 61.481949 49.878197 263.237213 -0.415482 0.736613 0.533645 0.007500 0.007500
1 34.912556 0.713018 310.415802 -0.415482 0.736613 0.533645 0.492500 0.492500
1 76.107330 23.948671 310.415802 -0.415482 0.736613 0.533645 0.007500 0.492500
pine_needles.bmp
1 76.107330 23.948671 310.415802 0.415482 -0.736613 -0.533645 0.007500 0.492500
1 34.912556 0.713018 310.415802 0.415482 -0.736613 -0.533645 0.492500 0.492500
1 20.287170 26.642542 263.237213 0.415482 -0.736613 -0.533645 0.492500 0.007500
pine_needles.bmp
1 76.107330 23.948671 310.415802 0.415482 -0.736613 -0.533645 0.007500 0.492500
1 20.287170 26.642542 263.237213 0.415482 -0.736613 -0.533645 0.492500 0.007500
1 61.481949 49.878197 263.237213 0.415482 -0.736613 -0.533645 0.007500 0.007500
pine_needles.bmp
1 58.893295 65.054230 264.674835 -0.531913 0.248318 0.809572 0.507500 0.007500
1 40.870926 26.449196 264.674835 -0.531913 0.248318 0.809572 0.992500 0.007500
1 80.343201 8.021969 296.261444 -0.531913 0.248318 0.809572 0.992500 0.492500
pine_needles.bmp
1 58.893295 65.054230 264.674835 -0.531913 0.248318 0.809572 0.507500 0.007500
1 80.343201 8.021969 296.261444 -0.531913 0.248318 0.809572 0.992500 0.492500
1 98.365570 46.626999 296.261444 -0.531913 0.248318 0.809572 0.507500 0.492500
pine_needles.bmp
1 98.365570 46.626999 296.261444 0.531913 -0.248318 -0.809572 0.507500 0.492500
1 80.343201 8.021969 296.261444 0.531913 -0.248318 -0.809572 0.992500 0.492500
1 40.870926 26.449196 264.674835 0.531913 -0.248318 -0.809572 0.992500 0.007500
pine_needles.bmp
1 98.365570 46.626999 296.261444 0.531913 -0.248318 -0.809572 0.507500 0.492500
1 40.870926 26.449196 264.674835 0.531913 -0.248318 -0.809572 0.992500 0.007500
1 58.893295 65.054230 264.674835 0.531913 -0.248318 -0.809572 0.507500 0.007500
pine_needles.bmp
1 40.124161 23.718287 268.383179 -0.189662 -0.406268 0.893854 0.007500 0.007500
1 78.729187 5.695923 268.383179 -0.189662 -0.406268 0.893854 0.492500 0.007500
1 99.112335 49.357906 292.553070 -0.189662 -0.406268 0.893854 0.492500 0.492500
pine_needles.bmp
1 40.124161 23.718287 268.383179 -0.189662 -0.406268 0.893854 0.007500 0.007500
1 99.112335 49.357906 292.553070 -0.189662 -0.406268 0.893854 0.492500 0.492500
1 60.507309 67.380272 292.553070 -0.189662 -0.406268 0.893854 0.007500 0.492500
pine_needles.bmp
1 60.507309 67.380272 292.553070 0.189662 0.406268 -0.893854 0.007500 0.492500
1 99.112335 49.357906 292.553070 0.189662 0.406268 -0.893854 0.492500 0.492500
1 78.729187 5.695923 268.383179 0.189662 0.406268 -0.893854 0.492500 0.007500
pine_needles.bmp
1 60.507309 67.380272 292.553070 0.189662 0.406268 -0.893854 0.007500 0.492500
1 78.729187 5.695923 268.383179 0.189662 0.406268 -0.893854 0.492500 0.007500
1 40.124161 23.718287 268.383179 0.189662 0.406268 -0.893854 0.007500 0.007500
pine_bark.bmp
0 1.913038 0.000000 303.362854 0.186811 -0.410236 0.892641 0.000000 0.000000
0 2.330925 -1.879958 300.415619 0.349180 -0.933042 0.086639 0.200000 0.000000
0 27.264250 38.929810 279.622559 0.812704 -0.553645 -0.181630 0.200000 0.435162
pine_bark.bmp
0 1.913038 0.000000 303.362854 0.186811 -0.410236 0.892641 0.000000 0.000000
0 27.264250 38.929810 279.622559 0.812704 -0.553645 -0.181630 0.200000 0.435162
0 26.468351 40.058952 281.564972 0.464543 -0.027470 0.885125 0.000000 0.435162
pine_bark.bmp
0 2.330925 -1.879958 300.415619 0.349180 -0.933042 0.086639 0.200000 0.000000
0 -0.500280 -1.055104 298.622070 -0.383866 -0.791727 -0.475199 0.400000 0.000000
0 25.695522 39.413090 278.003784 0.070731 -0.288204 -0.954953 0.400000 0.435162
pine_bark.bmp
0 2.330925 -1.879958 300.415619 0.349180 -0.933042 0.086639 0.200000 0.000000
0 25.695522 39.413090 278.003784 0.070731 -0.288204 -0.954953 0.400000 0.435162
0 27.264250 38.929810 279.622559 0.812704 -0.553645 -0.181630 0.200000 0.435162
pine_bark.bmp
0 -0.500280 -1.055104 298.622070 -0.383866 -0.791727 -0.475199 0.400000 0.000000
0 -2.647797 1.151610 300.149933 -0.978848 -0.185785 -0.085679 0.600000 0.000000
0 23.912630 40.772667 278.697510 -0.735231 0.360860 -0.573772 0.600000 0.435162
pine_bark.bmp
0 -0.500280 -1.055104 298.622070 -0.383866 -0.791727 -0.475199 0.400000 0.000000
0 23.912630 40.772667 278.697510 -0.735231 0.360860 -0.573772 0.600000 0.435162
0 25.695522 39.413090 278.003784 0.070731 -0.288204 -0.954953 0.400000 0.435162
pine_bark.bmp
0 -2.647797 1.151610 300.149933 -0.978848 -0.185785 -0.085679 0.600000 0.000000
0 -1.069725 1.828030 303.225281 -0.615097 0.053702 0.786621 0.800000 0.000000
0 24.458340 41.151588 280.970978 -0.565405 0.575103 0.591247 0.800000 0.435162
pine_bark.bmp
0 -2.647797 1.151610 300.149933 -0.978848 -0.185785 -0.085679 0.600000 0.000000
0 24.458340 41.151588 280.970978 -0.565405 0.575103 0.591247 0.800000 0.435162
0 23.912630 40.772667 278.697510 -0.735231 0.360860 -0.573772 0.600000 0.435162
pine_bark.bmp
0 -1.069725 1.828030 303.225281 -0.615097 0.053702 0.786621 0.800000 0.000000
0 1.913038 0.000000 303.362854 0.186811 -0.410236 0.892641 1.000000 0.000000
0 26.468351 40.058952 281.564972 0.464543 -0.027470 0.885125 1.000000 0.435162
pine_bark.bmp
0 -1.069725 1.828030 303.225281 -0.615097 0.053702 0.786621 0.800000 0.000000
0 26.468351 40.058952 281.564972 0.464543 -0.027470 0.885125 1.000000 0.435162
0 24.458340 41.151588 280.970978 -0.565405 0.575103 0.591247 0.800000 0.435162
pine_bark.bmp
0 26.468351 40.058952 281.564972 0.464543 -0.027470 0.885125 0.000000 0.435162
0 27.264250 38.929810 279.622559 0.812704 -0.553645 -0.181630 0.200000 0.435162
0 47.010777 72.500664 278.589539 0.994960 0.095199 -0.031484 0.200000 0.759357
pine_bark.bmp
0 26.468351 40.058952 281.564972 0.464543 -0.027470 0.885125 0.000000 0.435162
0 47.010777 72.500664 278.589539 0.994960 0.095199 -0.031484 0.200000 0.759357
0 46.520412 72.834457 279.090118 0.525135 0.406590 0.747608 0.000000 0.759357
pine_bark.bmp
0 27.264250 38.929810 279.622559 0.812704 -0.553645 -0.181630 0.200000 0.435162
0 25.695522 39.413090 278.003784 0.070731 -0.288204 -0.954953 0.400000 0.435162
0 46.752018 72.637383 277.908722 0.534052 0.351110 -0.769097 0.400000 0.759357
pine_bark.bmp
0 27.264250 38.929810 279.622559 0.812704 -0.553645 -0.181630 0.200000 0.435162
0 46.752018 72.637383 277.908722 0.534052 0.351110 -0.769097 0.400000 0.759357
0 47.010777 72.500664 278.589539 0.994960 0.095199 -0.031484 0.200000 0.759357
pine_bark.bmp
0 25.695522 39.413090 278.003784 0.070731 -0.288204 -0.954953 0.400000 0.435162
0 23.912630 40.772667 278.697510 -0.735231 0.360860 -0.573772 0.600000 0.435162
0 46.102509 73.051468 277.899719 -0.215268 0.830060 -0.514451 0.600000 0.759357
pine_bark.bmp
0 25.695522 39.413090 278.003784 0.070731 -0.288204 -0.954953 0.400000 0.435162
0 46.102509 73.051468 277.899719 -0.215268 0.830060 -0.514451 0.600000 0.759357
0 46.752018 72.637383 277.908722 0.534052 0.351110 -0.769097 0.400000 0.759357
pine_bark.bmp
0 23.912630 40.772667 278.697510 -0.735231 0.360860 -0.573772 0.600000 0.435162
0 24.458340 41.151588 280.970978 -0.565405 0.575103 0.591247 0.800000 0.435162
0 45.985264 73.157524 278.648499 -0.196226 0.878762 0.435055 0.800000 0.759357
pine_bark.bmp
0 23.912630 40.772667 278.697510 -0.735231 0.360860 -0.573772 0.600000 0.435162
0 45.985264 73.157524 278.648499 -0.196226 0.878762 0.435055 0.800000 0.759357
0 46.102509 73.051468 277.899719 -0.215268 0.830060 -0.514451 0.600000 0.759357
pine_bark.bmp
0 24.458340 41.151588 280.970978 -0.565405 0.575103 0.591247 0.800000 0.435162
0 26.468351 40.058952 281.564972 0.464543 -0.027470 0.885125 1.000000 0.435162
0 46.520412 72.834457 279.090118 0.525135 0.406590 0.747608 1.000000 0.759357
pine_bark.bmp
0 24.458340 41.151588 280.970978 -0.565405 0.575103 0.591247 0.800000 0.435162
0 46.520412 72.834457 279.090118 0.525135 0.406590 0.747608 1.000000 0.759357
0 45.985264 73.157524 278.648499 -0.196226 0.878762 0.435055 0.800000 0.759357
pine_bark.bmp
0 1.913038 0.000000 303.362854 0.186811 -0.410236 0.892641 0.950000 0.500000
0 -1.069725 1.828030 303.225281 -0.615097 0.053702 0.786621 0.639058 0.072025
0 -2.647797 1.151610 300.149933 -0.978848 -0.185785 -0.085679 0.135942 0.235497
pine_bark.bmp
0 -2.647797 1.151610 300.149933 -0.978848 -0.185785 -0.085679 0.135942 0.235497
0 -0.500280 -1.055104 298.622070 -0.383866 -0.791727 -0.475199 0.135942 0.764503
0 2.330925 -1.879958 300.415619 0.349180 -0.933042 0.086639 0.639058 0.927975
pine_bark.bmp
0 -2.647797 1.151610 300.149933 -0.978848 -0.185785 -0.085679 0.135942 0.235497
0 2.330925 -1.879958 300.415619 0.349180 -0.933042 0.086639 0.639058 0.927975
0 1.913038 0.000000 303.362854 0.186811 -0.410236 0.892641 0.950000 0.500000
pine_bark.bmp
0 45.985264 73.157524 278.648499 -0.196226 0.878762 0.435055 0.639058 0.072025
0 46.520412 72.834457 279.090118 0.525135 0.406590 0.747608 0.950000 0.500000
0 47.010777 72.500664 278.589539 0.994960 0.095199 -0.031484 0.639058 0.927975
pine_bark.bmp
0 47.010777 72.500664 278.589539 0.994960 0.095199 -0.031484 0.639058 0.927975
0 46.752018 72.637383 277.908722 0.534052 0.351110 -0.769097 0.135942 0.764503
0 46.102509 73.051468 277.899719 -0.215268 0.830060 -0.514451 0.135942 0.235497
pine_bark.bmp
0 47.010777 72.500664 278.589539 0.994960 0.095199 -0.031484 0.639058 0.927975
0 46.102509 73.051468 277.899719 -0.215268 0.830060 -0.514451 0.135942 0.235497
0 45.985264 73.157524 278.648499 -0.196226 0.878762 0.435055 0.639058 0.072025
pine_needles.bmp
1 27.402405 5.534186 268.809875 0.790542 -0.244610 0.561435 0.007500 0.507500
1 36.728073 35.673264 268.809875 0.790542 -0.244610 0.561435 0.492500 0.507500
1 5.131419 45.449936 317.559845 0.790542 -0.244610 0.561435 0.492500 0.992500
pine_needles.bmp
1 27.402405 5.534186 268.809875 0.790542 -0.244610 0.561435 0.007500 0.507500
1 5.131419 45.449936 317.559845 0.790542 -0.244610 0.561435 0.492500 0.992500
1 -4.194249 15.310862 317.559845 0.790542 -0.244610 0.561435 0.007500 0.992500
pine_needles.bmp
1 -4.194249 15.310862 317.559845 -0.790542 0.244610 -0.561435 0.007500 0.992500
1 5.131419 45.449936 317.559845 -0.790542 0.244610 -0.561435 0.492500 0.992500
1 36.728073 35.673264 268.809875 -0.790542 0.244610 -0.561435 0.492500 0.507500
pine_needles.bmp
1 -4.194249 15.310862 317.559845 -0.790542 0.244610 -0.561435 0.007500 0.992500
1 36.728073 35.673264 268.809875 -0.790542 0.244610 -0.561435 0.492500 0.507500
1 27.402405 5.534186 268.809875 -0.790542 0.244610 -0.561435 0.007500 0.507500
pine_needles.bmp
1 36.124977 36.304977 268.589813 0.246858 0.797806 0.550060 0.007500 0.507500
1 5.985899 45.630646 268.589813 0.246858 0.797806 0.550060 0.492500 0.507500
1 -3.591150 14.679147 317.779877 0.246858 0.797806 0.550060 0.492500 0.992500
pine_needles.bmp
1 36.124977 36.304977 268.589813 0.246858 0.797807 0.550060 0.007500 0.507500
1 -3.591150 14.679147 317.779877 0.246858 0.797807 0.550060 0.492500 0.992500
1 26.547926 5.353478 317.779877 0.246858 0.797807 0.550060 0.007500 0.992500
pine_needles.bmp
1 26.547926 5.353478 317.779877 -0.246858 -0.797807 -0.550060 0.007500 0.992500
1 -3.591150 14.679147 317.779877 -0.246858 -0.797807 -0.550060 0.492500 0.992500
1 5.985899 45.630646 268.589813 -0.246858 -0.797807 -0.550060 0.492500 0.507500
pine_needles.bmp
1 26.547926 5.353478 317.779877 -0.246858 -0.797806 -0.550060 0.007500 0.992500
1 5.985899 45.630646 268.589813 -0.246858 -0.797806 -0.550060 0.492500 0.507500
1 36.124977 36.304977 268.589813 -0.246858 -0.797806 -0.550060 0.007500 0.507500
pine_needles.bmp
1 42.364159 69.123711 258.823181 -0.322408 0.796996 0.510736 0.507500 0.007500
1 3.719743 53.490921 258.823181 -0.322408 0.796996 0.510736 0.992500 0.007500
1 16.196724 22.647703 314.829834 -0.322408 0.796996 0.510736 0.992500 0.492500
pine_needles.bmp
1 42.364159 69.123711 258.823181 -0.322408 0.796996 0.510736 0.507500 0.007500
1 16.196724 22.647703 314.829834 -0.322408 0.796996 0.510736 0.992500 0.492500
1 54.841141 38.280495 314.829834 -0.322408 0.796996 0.510736 0.507500 0.492500
pine_needles.bmp
1 54.841141 38.280495 314.829834 0.322408 -0.796996 -0.510736 0.507500 0.492500
1 16.196724 22.647703 314.829834 0.322408 -0.796996 -0.510736 0.992500 0.492500
1 3.719743 53.490921 258.823181 0.322408 -0.796996 -0.510736 0.992500 0.007500
pine_needles.bmp
1 54.841141 38.280495 314.829834 0.322408 -0.796996 -0.510736 0.507500 0.492500
1 3.719743 53.490921 258.823181 0.322408 -0.796996 -0.510736 0.992500 0.007500
1 42.364159 69.123711 258.823181 0.322408 -0.796996 -0.510736 0.507500 0.007500
pine_needles.bmp
1 8.872149 60.114128 257.261261 -0.842373 -0.340764 0.417478 0.507500 0.007500
1 24.504940 21.469711 257.261261 -0.842373 -0.340764 0.417478 0.992500 0.007500
1 49.688732 31.657288 316.391724 -0.842373 -0.340764 0.417478 0.992500 0.492500
pine_needles.bmp
1 8.872149 60.114128 257.261261 -0.842373 -0.340764 0.417478 0.507500 0.007500
1 49.688732 31.657288 316.391724 -0.842373 -0.340764 0.417478 0.992500 0.492500
1 34.055943 70.301704 316.391724 -0.842373 -0.340764 0.417478 0.507500 0.492500
pine_needles.bmp
1 34.055943 70.301704 316.391724 0.842373 0.340764 -0.417478 0.507500 0.492500
1 49.688732 31.657288 316.391724 0.842373 0.340764 -0.417478 0.992500 0.492500
1 24.504940 21.469711 257.261261 0.842373 0.340764 -0.417478 0.992500 0.007500
pine_needles.bmp
1 34.055943 70.301704 316.391724 0.842372 0.340764 -0.417478 0.507500 0.492500
1 24.504940 21.469711 257.261261 0.842372 0.340764 -0.417478 0.992500 0.007500
1 8.872149 60.114128 257.261261 0.842372 0.340764 -0.417478 0.507500 0.007500
pine_needles.bmp
1 22.593214 60.763851 253.589554 -0.353425 -0.831001 0.429566 0.007500 0.507500
1 51.986565 48.262859 253.589554 -0.353425 -0.831001 0.429566 0.492500 0.507500
1 61.994728 71.794868 307.346710 -0.353425 -0.831001 0.429566 0.492500 0.992500
pine_needles.bmp
1 22.593214 60.763851 253.589554 -0.353425 -0.831002 0.429566 0.007500 0.507500
1 61.994728 71.794868 307.346710 -0.353425 -0.831002 0.429566 0.492500 0.992500
1 32.601379 84.295860 307.346710 -0.353425 -0.831002 0.429566 0.007500 0.992500
pine_needles.bmp
1 32.601379 84.295860 307.346710 0.353425 0.831002 -0.429566 0.007500 0.992500
1 61.994728 71.794868 307.346710 0.353425 0.831002 -0.429566 0.492500 0.992500
1 51.986565 48.262859 253.589554 0.353425 0.831002 -0.429566 0.492500 0.507500
pine_needles.bmp
1 32.601379 84.295860 307.346710 0.353425 0.831001 -0.429566 0.007500 0.992500
1 51.986565 48.262859 253.589554 0.353425 0.831001 -0.429566 0.492500 0.507500
1 22.593214 60.763851 253.589554 0.353425 0.831001 -0.429566 0.007500 0.507500
pine_needles.bmp
1 58.612190 41.984203 263.278168 0.528181 -0.224635 0.818880 0.007500 0.507500
1 71.113190 71.377548 263.278168 0.528181 -0.224635 0.818880 0.492500 0.507500
1 25.975754 90.574509 297.658112 0.528181 -0.224635 0.818880 0.492500 0.992500
pine_needles.bmp
1 58.612190 41.984203 263.278168 0.528181 -0.224635 0.818880 0.007500 0.507500
1 25.975754 90.574509 297.658112 0.528181 -0.224635 0.818880 0.492500 0.992500
1 13.474754 61.181164 297.658112 0.528181 -0.224635 0.818880 0.007500 0.992500
pine_needles.bmp
1 13.474754 61.181164 297.658112 -0.528181 0.224635 -0.818880 0.007500 0.992500
1 25.975754 90.574509 297.658112 -0.528181 0.224635 -0.818880 0.492500 0.992500
1 71.113190 71.377548 263.278168 -0.528181 0.224635 -0.818880 0.492500 0.507500
pine_needles.bmp
1 13.474754 61.181164 297.658112 -0.528181 0.224635 -0.818880 0.007500 0.992500
1 71.113190 71.377548 263.278168 -0.528181 0.224635 -0.818880 0.492500 0.507500
1 58.612190 41.984203 263.278168 -0.528181 0.224635 -0.818880 0.007500 0.507500
pine_bark.bmp
0 1.820830 0.000000 338.657257 0.825465 -0.456429 -0.332085 0.000000 0.000000
0 -0.801580 -1.901497 338.741364 0.013262 -0.973699 -0.227453 0.200000 0.000000
0 -24.717445 30.463140 318.008575 -0.483680 -0.571498 -0.662905 0.200000 0.376099
pine_bark.bmp
0 1.820830 0.000000 338.657257 0.825465 -0.456429 -0.332085 0.000000 0.000000
0 -24.717445 30.463140 318.008575 -0.483680 -0.571498 -0.662905 0.200000 0.376099
0 -22.742882 31.721430 317.470673 0.428867 0.049775 -0.901995 0.000000 0.376099
pine_bark.bmp
0 -0.801580 -1.901497 338.741364 0.013262 -0.973699 -0.227453 0.200000 0.000000
0 -2.171193 -1.067192 341.428864 -0.363425 -0.718868 0.592580 0.400000 0.000000
0 -25.175917 31.001698 320.190186 -0.793320 -0.428842 0.432131 0.400000 0.376099
pine_bark.bmp
0 -0.801580 -1.901497 338.741364 0.013262 -0.973699 -0.227453 0.200000 0.000000
0 -25.175917 31.001698 320.190186 -0.793320 -0.428842 0.432131 0.400000 0.376099
0 -24.717445 30.463140 318.008575 -0.483680 -0.571498 -0.662905 0.200000 0.376099
pine_bark.bmp
0 -2.171193 -1.067192 341.428864 -0.363425 -0.718868 0.592580 0.400000 0.000000
0 -0.670111 1.164804 343.035034 0.148590 -0.048426 0.987712 0.600000 0.000000
0 -23.673664 32.516773 321.161896 0.014147 0.373195 0.927645 0.600000 0.376099
pine_bark.bmp
0 -2.171193 -1.067192 341.428864 -0.363425 -0.718868 0.592580 0.400000 0.000000
0 -23.673664 32.516773 321.161896 0.014147 0.373195 0.927645 0.600000 0.376099
0 -25.175917 31.001698 320.190186 -0.793320 -0.428842 0.432131 0.400000 0.376099
pine_bark.bmp
0 -0.670111 1.164804 343.035034 0.148590 -0.048426 0.987712 0.600000 0.000000
0 1.918569 1.848974 341.226349 0.906862 0.118107 0.404538 0.800000 0.000000
0 -22.148254 32.939034 319.385132 0.770752 0.636809 -0.020379 0.800000 0.376099
pine_bark.bmp
0 -0.670111 1.164804 343.035034 0.148590 -0.048426 0.987712 0.600000 0.000000
0 -22.148254 32.939034 319.385132 0.770752 0.636809 -0.020379 0.800000 0.376099
0 -23.673664 32.516773 321.161896 0.014147 0.373195 0.927645 0.600000 0.376099
pine_bark.bmp
0 1.918569 1.848974 341.226349 0.906862 0.118107 0.404538 0.800000 0.000000
0 1.820830 0.000000 338.657257 0.825465 -0.456429 -0.332085 1.000000 0.000000
0 -22.742882 31.721430 317.470673 0.428867 0.049775 -0.901995 1.000000 0.376099
pine_bark.bmp
0 1.918569 1.848974 341.226349 0.906862 0.118107 0.404538 0.800000 0.000000
0 -22.742882 31.721430 317.470673 0.428867 0.049775 -0.901995 1.000000 0.376099
0 -22.148254 32.939034 319.385132 0.770752 0.636809 -0.020379 0.800000 0.376099
pine_bark.bmp
0 -22.742882 31.721430 317.470673 0.428867 0.049775 -0.901995 0.000000 0.376099
0 -24.717445 30.463140 318.008575 -0.483680 -0.571498 -0.662905 0.200000 0.376099
0 -43.580101 57.303860 317.684937 -0.880110 0.086528 -0.466818 0.200000 0.646333
pine_bark.bmp
0 -22.742882 31.721430 317.470673 0.428867 0.049775 -0.901995 0.000000 0.376099
0 -43.580101 57.303860 317.684937 -0.880110 0.086528 -0.466818 0.200000 0.646333
0 -43.052464 57.675327 317.251770 -0.147618 0.596908 -0.788613 0.000000 0.646333
pine_bark.bmp
0 -24.717445 30.463140 318.008575 -0.483680 -0.571498 -0.662905 0.200000 0.376099
0 -25.175917 31.001698 320.190186 -0.793320 -0.428842 0.432131 0.400000 0.376099
0 -43.426422 57.456005 318.393066 -0.887523 0.131545 0.441587 0.400000 0.646333
pine_bark.bmp
0 -24.717445 30.463140 318.008575 -0.483680 -0.571498 -0.662905 0.200000 0.376099
0 -43.426422 57.456005 318.393066 -0.887523 0.131545 0.441587 0.400000 0.646333
0 -43.580101 57.303860 317.684937 -0.880110 0.086528 -0.466818 0.200000 0.646333
pine_bark.bmp
0 -25.175917 31.001698 320.190186 -0.793320 -0.428842 0.432131 0.400000 0.376099
0 -23.673664 32.516773 321.161896 0.014147 0.373195 0.927645 0.600000 0.376099
0 -42.816257 57.916832 318.485413 -0.177943 0.654893 0.734473 0.600000 0.646333
pine_bark.bmp
0 -25.175917 31.001698 320.190186 -0.793320 -0.428842 0.432131 0.400000 0.376099
0 -42.816257 57.916832 318.485413 -0.177943 0.654893 0.734473 0.600000 0.646333
0 -43.426422 57.456005 318.393066 -0.887523 0.131545 0.441587 0.400000 0.646333
pine_bark.bmp
0 -23.673664 32.516773 321.161896 0.014147 0.373195 0.927645 0.600000 0.376099
0 -22.148254 32.939034 319.385132 0.770752 0.636809 -0.020379 0.800000 0.376099
0 -42.607044 58.034859 317.758209 0.251430 0.966634 -0.049003 0.800000 0.646333
pine_bark.bmp
0 -23.673664 32.516773 321.161896 0.014147 0.373195 0.927645 0.600000 0.376099
0 -42.607044 58.034859 317.758209 0.251430 0.966634 -0.049003 0.800000 0.646333
0 -42.816257 57.916832 318.485413 -0.177943 0.654893 0.734473 0.600000 0.646333
pine_bark.bmp
0 -22.148254 32.939034 319.385132 0.770752 0.636809 -0.020379 0.800000 0.376099
0 -22.742882 31.721430 317.470673 0.428867 0.049775 -0.901995 1.000000 0.376099
0 -43.052464 57.675327 317.251770 -0.147618 0.596908 -0.788613 1.000000 0.646333
pine_bark.bmp
0 -22.148254 32.939034 319.385132 0.770752 0.636809 -0.020379 0.800000 0.376099
0 -43.052464 57.675327 317.251770 -0.147618 0.596908 -0.788613 1.000000 0.646333
0 -42.607044 58.034859 317.758209 0.251430 0.966634 -0.049003 0.800000 0.646333
pine_bark.bmp
0 1.820830 0.000000 338.657257 0.825465 -0.456429 -0.332085 0.950000 0.500000
0 1.918569 1.848974 341.226349 0.906862 0.118107 0.404538 0.639058 0.072025
0 -0.670111 1.164804 343.035034 0.148590 -0.048426 0.987712 0.135942 0.235497
pine_bark.bmp
0 -0.670111 1.164804 343.035034 0.148590 -0.048426 0.987712 0.135942 0.235497
0 -2.171193 -1.067192 341.428864 -0.363425 -0.718868 0.592580 0.135942 0.764503
0 -0.801580 -1.901497 338.741364 0.013262 -0.973699 -0.227453 0.639058 0.927975
pine_bark.bmp
0 -0.670111 1.164804 343.035034 0.148590 -0.048426 0.987712 0.135942 0.235497
0 -0.801580 -1.901497 338.741364 0.013262 -0.973699 -0.227453 0.639058 0.927975
0 1.820830 0.000000 338.657257 0.825465 -0.456429 -0.332085 0.950000 0.500000
pine_bark.bmp
0 -42.607044 58.034859 317.758209 0.251430 0.966634 -0.049003 0.639058 0.072025
0 -43.052464 57.675327 317.251770 -0.147618 0.596908 -0.788613 0.950000 0.500000
0 -43.580101 57.303860 317.684937 -0.880110 0.086528 -0.466818 0.639058 0.927975
pine_bark.bmp
0 -43.580101 57.303860 317.684937 -0.880110 0.086528 -0.466818 0.639058 0.927975
0 -43.426422 57.456005 318.393066 -0.887523 0.131545 0.441587 0.135942 0.764503
0 -42.816257 57.916832 318.485413 -0.177943 0.654893 0.734473 0.135942 0.235497
pine_bark.bmp
0 -43.580101 57.303860 317.684937 -0.880110 0.086528 -0.466818 0.639058 0.927975
0 -42.816257 57.916832 318.485413 -0.177943 0.654893 0.734473 0.135942 0.235497
0 -42.607044 58.034859 317.758209 0.251430 0.966634 -0.049003 0.639058 0.072025
pine_needles.bmp
1 -41.446472 39.317924 311.688843 -0.668310 -0.114503 0.735018 0.507500 0.007500
1 -33.574203 -6.629610 311.688843 -0.668310 -0.114503 0.735018 0.992500 0.007500
1 11.276905 1.054808 353.666473 -0.668310 -0.114503 0.735018 0.992500 0.492500
pine_needles.bmp
1 -41.446472 39.317924 311.688843 -0.668310 -0.114503 0.735018 0.507500 0.007500
1 11.276905 1.054808 353.666473 -0.668310 -0.114503 0.735018 0.992500 0.492500
1 3.404634 47.002342 353.666473 -0.668310 -0.114503 0.735018 0.507500 0.492500
pine_needles.bmp
1 3.404634 47.002342 353.666473 0.668310 0.114503 -0.735018 0.507500 0.492500
1 11.276905 1.054808 353.666473 0.668310 0.114503 -0.735018 0.992500 0.492500
1 -33.574203 -6.629610 311.688843 0.668310 0.114503 -0.735018 0.992500 0.007500
pine_needles.bmp
1 3.404634 47.002342 353.666473 0.668310 0.114503 -0.735018 0.507500 0.492500
1 -33.574203 -6.629610 311.688843 0.668310 0.114503 -0.735018 0.992500 0.007500
1 -41.446472 39.317924 311.688843 0.668310 0.114503 -0.735018 0.507500 0.007500
pine_needles.bmp
1 -33.720219 -9.071018 315.305298 0.094596 -0.552125 0.828378 0.007500 0.507500
1 12.227316 -1.198750 315.305298 0.094596 -0.552125 0.828378 0.492500 0.507500
1 3.550648 49.443748 350.050018 0.094596 -0.552125 0.828378 0.492500 0.992500
pine_needles.bmp
1 -33.720219 -9.071018 315.305298 0.094596 -0.552125 0.828378 0.007500 0.507500
1 3.550648 49.443748 350.050018 0.094596 -0.552125 0.828378 0.492500 0.992500
1 -42.396885 41.571480 350.050018 0.094596 -0.552125 0.828378 0.007500 0.992500
pine_needles.bmp
1 -42.396885 41.571480 350.050018 -0.094596 0.552125 -0.828378 0.007500 0.992500
1 3.550648 49.443748 350.050018 -0.094596 0.552125 -0.828378 0.492500 0.992500
1 12.227316 -1.198750 315.305298 -0.094596 0.552125 -0.828378 0.492500 0.507500
pine_needles.bmp
1 -42.396885 41.571480 350.050018 -0.094596 0.552125 -0.828378 0.007500 0.992500
1 12.227316 -1.198750 315.305298 -0.094596 0.552125 -0.828378 0.492500 0.507500
1 -33.720219 -9.071018 315.305298 -0.094596 0.552125 -0.828378 0.007500 0.507500
pine_needles.bmp
1 -27.899780 3.521379 308.159088 0.366157 -0.456961 0.810627 0.007500 0.007500
1 5.035251 29.911774 308.159088 0.366157 -0.456961 0.810627 0.492500 0.007500
1 -26.405437 69.149536 344.479584 0.366157 -0.456961 0.810627 0.492500 0.492500
pine_needles.bmp
1 -27.899780 3.521379 308.159088 0.366157 -0.456961 0.810627 0.007500 0.007500
1 -26.405437 69.149536 344.479584 0.366157 -0.456961 0.810627 0.492500 0.492500
1 -59.340469 42.759140 344.479584 0.366157 -0.456961 0.810627 0.007500 0.492500
pine_needles.bmp
1 -59.340469 42.759140 344.479584 -0.366157 0.456961 -0.810627 0.007500 0.492500
1 -26.405437 69.149536 344.479584 -0.366157 0.456961 -0.810627 0.492500 0.492500
1 5.035251 29.911774 308.159088 -0.366157 0.456961 -0.810627 0.492500 0.007500
pine_needles.bmp
1 -59.340469 42.759140 344.479584 -0.366157 0.456961 -0.810627 0.007500 0.492500
1 5.035251 29.911774 308.159088 -0.366157 0.456961 -0.810627 0.492500 0.007500
1 -27.899780 3.521379 308.159088 -0.366157 0.456961 -0.810627 0.007500 0.007500
pine_needles.bmp
1 -4.126399 27.745399 298.191162 0.712211 0.570685 0.408747 0.007500 0.507500
1 -30.516792 60.680428 298.191162 0.712211 0.570685 0.408747 0.492500 0.507500
1 -50.178818 44.925514 354.447510 0.712211 0.570685 0.408747 0.492500 0.992500
pine_needles.bmp
1 -4.126399 27.745399 298.191162 0.712211 0.570685 0.408747 0.007500 0.507500
1 -50.178818 44.925514 354.447510 0.712211 0.570685 0.408747 0.492500 0.992500
1 -23.788425 11.990483 354.447510 0.712211 0.570685 0.408747 0.007500 0.992500
pine_needles.bmp
1 -23.788425 11.990483 354.447510 -0.712211 -0.570685 -0.408747 0.007500 0.992500
1 -50.178818 44.925514 354.447510 -0.712211 -0.570685 -0.408747 0.492500 0.992500
1 -30.516792 60.680428 298.191162 -0.712211 -0.570685 -0.408747 0.492500 0.507500
pine_needles.bmp
1 -23.788425 11.990483 354.447510 -0.712211 -0.570685 -0.408747 0.007500 0.992500
1 -30.516792 60.680428 298.191162 -0.712211 -0.570685 -0.408747 0.492500 0.507500
1 -4.126399 27.745399 298.191162 -0.712211 -0.570685 -0.408747 0.007500 0.507500
pine_needles.bmp
1 -9.882627 67.321114 303.072876 0.216997 0.514911 0.829324 0.007500 0.007500
1 -49.089996 83.844116 303.072876 0.216997 0.514911 0.829324 0.492500 0.007500
1 -68.558243 37.647987 336.849091 0.216997 0.514911 0.829324 0.492500 0.492500
pine_needles.bmp
1 -9.882627 67.321114 303.072876 0.216997 0.514911 0.829324 0.007500 0.007500
1 -68.558243 37.647987 336.849091 0.216997 0.514911 0.829324 0.492500 0.492500
1 -29.350874 21.124985 336.849091 0.216997 0.514911 0.829324 0.007500 0.492500
pine_needles.bmp
1 -29.350874 21.124985 336.849091 -0.216997 -0.514911 -0.829324 0.007500 0.492500
1 -68.558243 37.647987 336.849091 -0.216997 -0.514911 -0.829324 0.492500 0.492500
1 -49.089996 83.844116 303.072876 -0.216997 -0.514911 -0.829324 0.492500 0.007500
pine_needles.bmp
1 -29.350874 21.124985 336.849091 -0.216997 -0.514911 -0.829324 0.007500 0.492500
1 -49.089996 83.844116 303.072876 -0.216997 -0.514911 -0.829324 0.492500 0.007500
1 -9.882627 67.321114 303.072876 -0.216997 -0.514911 -0.829324 0.007500 0.007500
pine_needles.bmp
1 -56.013351 82.646812 306.654236 -0.405098 0.170719 0.898193 0.007500 0.507500
1 -72.536354 43.439449 306.654236 -0.405098 0.170719 0.898193 0.492500 0.507500
1 -22.427521 22.322285 333.267731 -0.405098 0.170719 0.898193 0.492500 0.992500
pine_needles.bmp
1 -56.013351 82.646812 306.654236 -0.405098 0.170719 0.898193 0.007500 0.507500
1 -22.427521 22.322285 333.267731 -0.405098 0.170719 0.898193 0.492500 0.992500
1 -5.904518 61.529652 333.267731 -0.405098 0.170719 0.898193 0.007500 0.992500
pine_needles.bmp
1 -5.904518 61.529652 333.267731 0.405098 -0.170719 -0.898193 0.007500 0.992500
1 -22.427521 22.322285 333.267731 0.405098 -0.170719 -0.898193 0.492500 0.992500
1 -72.536354 43.439449 306.654236 0.405098 -0.170719 -0.898193 0.492500 0.507500
pine_needles.bmp
1 -5.904518 61.529652 333.267731 0.405098 -0.170719 -0.898193 0.007500 0.992500
1 -72.536354 43.439449 306.654236 0.405098 -0.170719 -0.898193 0.492500 0.507500
1 -56.013351 82.646812 306.654236 0.405098 -0.170719 -0.898193 0.007500 0.507500
pine_bark.bmp
0 1.302236 0.000000 338.290375 0.906313 -0.060590 -0.418241 0.000000 0.000000
0 0.175905 -2.658737 339.742279 0.546118 -0.836755 0.039952 0.200000 0.000000
0 -39.337132 2.749186 318.589264 -0.032007 -0.920157 -0.390239 0.200000 0.376099
pine_bark.bmp
0 1.302236 0.000000 338.290375 0.906313 -0.060590 -0.418241 0.000000 0.000000
0 -39.337132 2.749186 318.589264 -0.032007 -0.920157 -0.390239 0.200000 0.376099
0 -38.696442 4.683615 317.330109 0.248656 0.016480 -0.968452 0.000000 0.376099
pine_bark.bmp
0 0.175905 -2.658737 339.742279 0.546118 -0.836755 0.039952 0.200000 0.000000
0 -1.132341 -1.492184 342.337433 0.163907 -0.523054 0.836390 0.400000 0.000000
0 -39.910866 3.577135 320.652710 -0.300743 -0.631618 0.714571 0.400000 0.376099
pine_bark.bmp
0 0.175905 -2.658737 339.742279 0.546118 -0.836755 0.039952 0.200000 0.000000
0 -39.910866 3.577135 320.652710 -0.300743 -0.631618 0.714571 0.400000 0.376099
0 -39.337132 2.749186 318.589264 -0.032007 -0.920157 -0.390239 0.200000 0.376099
pine_bark.bmp
0 -1.132341 -1.492184 342.337433 0.163907 -0.523054 0.836390 0.400000 0.000000
0 -0.938186 1.628668 342.655853 0.234143 0.403788 0.884382 0.600000 0.000000
0 -39.708767 5.906337 320.883911 -0.174096 0.612828 0.770800 0.600000 0.376099
pine_bark.bmp
0 -1.132341 -1.492184 342.337433 0.163907 -0.523054 0.836390 0.400000 0.000000
0 -39.708767 5.906337 320.883911 -0.174096 0.612828 0.770800 0.600000 0.376099
0 -39.910866 3.577135 320.652710 -0.300743 -0.631618 0.714571 0.400000 0.376099
pine_bark.bmp
0 -0.938186 1.628668 342.655853 0.234143 0.403788 0.884382 0.600000 0.000000
0 0.643647 2.585297 340.023590 0.708896 0.699781 0.088168 0.800000 0.000000
0 -38.932549 6.555496 318.738983 0.172144 0.921385 -0.348449 0.800000 0.376099
pine_bark.bmp
0 -0.938186 1.628668 342.655853 0.234143 0.403788 0.884382 0.600000 0.000000
0 -38.932549 6.555496 318.738983 0.172144 0.921385 -0.348449 0.800000 0.376099
0 -39.708767 5.906337 320.883911 -0.174096 0.612828 0.770800 0.600000 0.376099
pine_bark.bmp
0 0.643647 2.585297 340.023590 0.708896 0.699781 0.088168 0.800000 0.000000
0 1.302236 0.000000 338.290375 0.906313 -0.060590 -0.418241 1.000000 0.000000
0 -38.696442 4.683615 317.330109 0.248656 0.016480 -0.968452 1.000000 0.376099
pine_bark.bmp
0 0.643647 2.585297 340.023590 0.708896 0.699781 0.088168 0.800000 0.000000
0 -38.696442 4.683615 317.330109 0.248656 0.016480 -0.968452 1.000000 0.376099
0 -38.932549 6.555496 318.738983 0.172144 0.921385 -0.348449 0.800000 0.376099
pine_bark.bmp
0 -38.696442 4.683615 317.330109 0.248656 0.016480 -0.968452 0.000000 0.376099
0 -39.337132 2.749186 318.589264 -0.032007 -0.920157 -0.390239 0.200000 0.376099
0 -71.559349 7.900404 317.715576 -0.690562 -0.668797 -0.275380 0.200000 0.646333
pine_bark.bmp
0 -38.696442 4.683615 317.330109 0.248656 0.016480 -0.968452 0.000000 0.376099
0 -71.559349 7.900404 317.715576 -0.690562 -0.668797 -0.275380 0.200000 0.646333
0 -71.466309 8.515663 317.250732 -0.555528 0.097243 -0.825792 0.000000 0.646333
pine_bark.bmp
0 -39.337132 2.749186 318.589264 -0.032007 -0.920157 -0.390239 0.200000 0.376099
0 -39.910866 3.577135 320.652710 -0.300743 -0.631618 0.714571 0.400000 0.376099
0 -71.558937 8.152405 318.412109 -0.692889 -0.405367 0.596307 0.400000 0.646333
pine_bark.bmp
0 -39.337132 2.749186 318.589264 -0.032007 -0.920157 -0.390239 0.200000 0.376099
0 -71.558937 8.152405 318.412109 -0.692889 -0.405367 0.596307 0.400000 0.646333
0 -71.559349 7.900404 317.715576 -0.690562 -0.668797 -0.275380 0.200000 0.646333
pine_bark.bmp
0 -39.910866 3.577135 320.652710 -0.300743 -0.631618 0.714571 0.400000 0.376099
0 -39.708767 5.906337 320.883911 -0.174096 0.612828 0.770800 0.600000 0.376099
0 -71.470322 8.915666 318.466125 -0.572143 0.513374 0.639609 0.600000 0.646333
pine_bark.bmp
0 -39.910866 3.577135 320.652710 -0.300743 -0.631618 0.714571 0.400000 0.376099
0 -71.470322 8.915666 318.466125 -0.572143 0.513374 0.639609 0.600000 0.646333
0 -71.558937 8.152405 318.412109 -0.692889 -0.405367 0.596307 0.400000 0.646333
pine_bark.bmp
0 -39.708767 5.906337 320.883911 -0.174096 0.612828 0.770800 0.600000 0.376099
0 -38.932549 6.555496 318.738983 0.172144 0.921385 -0.348449 0.800000 0.376099
0 -71.415665 9.111151 317.727936 -0.520733 0.813309 -0.259548 0.800000 0.646333
pine_bark.bmp
0 -39.708767 5.906337 320.883911 -0.174096 0.612828 0.770800 0.600000 0.376099
0 -71.415665 9.111151 317.727936 -0.520733 0.813309 -0.259548 0.800000 0.646333
0 -71.470322 8.915666 318.466125 -0.572143 0.513374 0.639609 0.600000 0.646333
pine_bark.bmp
0 -38.932549 6.555496 318.738983 0.172144 0.921385 -0.348449 0.800000 0.376099
0 -38.696442 4.683615 317.330109 0.248656 0.016480 -0.968452 1.000000 0.376099
0 -71.466309 8.515663 317.250732 -0.555528 0.097243 -0.825792 1.000000 0.646333
pine_bark.bmp
0 -38.932549 6.555496 318.738983 0.172144 0.921385 -0.348449 0.800000 0.376099
0 -71.466309 8.515663 317.250732 -0.555528 0.097243 -0.825792 1.000000 0.646333
0 -71.415665 9.111151 317.727936 -0.520733 0.813309 -0.259548 0.800000 0.646333
pine_bark.bmp
0 1.302236 0.000000 338.290375 0.906313 -0.060590 -0.418241 0.950000 0.500000
0 0.643647 2.585297 340.023590 0.708896 0.699781 0.088168 0.639058 0.072025
0 -0.938186 1.628668 342.655853 0.234143 0.403788 0.884382 0.135942 0.235497
pine_bark.bmp
0 -0.938186 1.628668 342.655853 0.234143 0.403788 0.884382 0.135942 0.235497
0 -1.132341 -1.492184 342.337433 0.163907 -0.523054 0.836390 0.135942 0.764503
0 0.175905 -2.658737 339.742279 0.546118 -0.836755 0.039952 0.639058 0.927975
pine_bark.bmp
0 -0.938186 1.628668 342.655853 0.234143 0.403788 0.884382 0.135942 0.235497
0 0.175905 -2.658737 339.742279 0.546118 -0.836755 0.039952 0.639058 0.927975
0 1.302236 0.000000 338.290375 0.906313 -0.060590 -0.418241 0.950000 0.500000
pine_bark.bmp
0 -71.415665 9.111151 317.727936 -0.520733 0.813309 -0.259548 0.639058 0.072025
0 -71.466309 8.515663 317.250732 -0.555528 0.097243 -0.825792 0.950000 0.500000
0 -71.559349 7.900404 317.715576 -0.690562 -0.668797 -0.275380 0.639058 0.927975
pine_bark.bmp
0 -71.559349 7.900404 317.715576 -0.690562 -0.668797 -0.275380 0.639058 0.927975
0 -71.558937 8.152405 318.412109 -0.692889 -0.405367 0.596307 0.135942 0.764503
0 -71.470322 8.915666 318.466125 -0.572143 0.513374 0.639609 0.135942 0.235497
pine_bark.bmp
0 -71.559349 7.900404 317.715576 -0.690562 -0.668797 -0.275380 0.639058 0.927975
0 -71.470322 8.915666 318.466125 -0.572143 0.513374 0.639609 0.135942 0.235497
0 -71.415665 9.111151 317.727936 -0.520733 0.813309 -0.259548 0.639058 0.072025
pine_needles.bmp
1 -2.042311 7.219494 309.312469 0.419637 0.726246 0.544492 0.507500 0.007500
1 -32.827057 25.007414 309.312469 0.419637 0.726246 0.544492 0.992500 0.007500
1 -48.003937 -1.258530 356.042847 0.419637 0.726246 0.544492 0.992500 0.492500
pine_needles.bmp
1 -2.042311 7.219494 309.312469 0.419637 0.726246 0.544492 0.507500 0.007500
1 -48.003937 -1.258530 356.042847 0.419637 0.726246 0.544492 0.992500 0.492500
1 -17.219194 -19.046450 356.042847 0.419637 0.726246 0.544492 0.507500 0.492500
pine_needles.bmp
1 -17.219194 -19.046450 356.042847 -0.419637 -0.726246 -0.544492 0.507500 0.492500
1 -48.003937 -1.258530 356.042847 -0.419637 -0.726246 -0.544492 0.992500 0.492500
1 -32.827057 25.007414 309.312469 -0.419637 -0.726246 -0.544492 0.992500 0.007500
pine_needles.bmp
1 -17.219194 -19.046450 356.042847 -0.419637 -0.726246 -0.544492 0.507500 0.492500
1 -32.827057 25.007414 309.312469 -0.419637 -0.726246 -0.544492 0.992500 0.007500
1 -2.042311 7.219494 309.312469 -0.419637 -0.726246 -0.544492 0.507500 0.007500
pine_needles.bmp
1 -38.225716 31.140594 321.044434 -0.359141 0.207517 0.909920 0.007500 0.507500
1 -56.013634 0.355851 321.044434 -0.359141 0.207517 0.909920 0.492500 0.507500
1 -11.820534 -25.179630 344.310883 -0.359141 0.207517 0.909920 0.492500 0.992500
pine_needles.bmp
1 -38.225716 31.140594 321.044434 -0.359141 0.207517 0.909920 0.007500 0.507500
1 -11.820534 -25.179630 344.310883 -0.359141 0.207517 0.909920 0.492500 0.992500
1 5.967384 5.605113 344.310883 -0.359141 0.207517 0.909920 0.007500 0.992500
pine_needles.bmp
1 5.967384 5.605113 344.310883 0.359141 -0.207517 -0.909920 0.007500 0.992500
1 -11.820534 -25.179630 344.310883 0.359141 -0.207517 -0.909920 0.492500 0.992500
1 -56.013634 0.355851 321.044434 0.359141 -0.207517 -0.909920 0.492500 0.507500
pine_needles.bmp
1 5.967384 5.605113 344.310883 0.359141 -0.207517 -0.909920 0.007500 0.992500
1 -56.013634 0.355851 321.044434 0.359141 -0.207517 -0.909920 0.492500 0.507500
1 -38.225716 31.140594 321.044434 0.359141 -0.207517 -0.909920 0.007500 0.507500
pine_needles.bmp
1 -58.510361 -12.120956 301.475342 0.224974 -0.850016 0.476297 0.007500 0.507500
1 -24.686319 -3.168754 301.475342 0.224974 -0.850016 0.476297 0.492500 0.507500
1 -31.572882 22.850693 351.163330 0.224974 -0.850016 0.476297 0.492500 0.992500
pine_needles.bmp
1 -58.510361 -12.120956 301.475342 0.224974 -0.850016 0.476297 0.007500 0.507500
1 -31.572882 22.850693 351.163330 0.224974 -0.850016 0.476297 0.492500 0.992500
1 -65.396927 13.898489 351.163330 0.224974 -0.850016 0.476297 0.007500 0.992500
pine_needles.bmp
1 -65.396927 13.898489 351.163330 -0.224974 0.850016 -0.476297 0.007500 0.992500
1 -31.572882 22.850693 351.163330 -0.224974 0.850016 -0.476297 0.492500 0.992500
1 -24.686319 -3.168754 301.475342 -0.224974 0.850016 -0.476297 0.492500 0.507500
pine_needles.bmp
1 -65.396927 13.898489 351.163330 -0.224974 0.850016 -0.476297 0.007500 0.992500
1 -24.686319 -3.168754 301.475342 -0.224974 0.850016 -0.476297 0.492500 0.507500
1 -58.510361 -12.120956 301.475342 -0.224974 0.850016 -0.476297 0.007500 0.507500
pine_needles.bmp
1 -19.347120 -5.931283 308.315125 0.613096 0.162268 0.773164 0.507500 0.507500
1 -28.299322 27.892761 308.315125 0.613096 0.162268 0.773164 0.992500 0.507500
1 -70.736122 16.661018 344.323517 0.613096 0.162268 0.773164 0.992500 0.992500
pine_needles.bmp
1 -19.347120 -5.931283 308.315125 0.613096 0.162268 0.773164 0.507500 0.507500
1 -70.736122 16.661018 344.323517 0.613096 0.162268 0.773164 0.992500 0.992500
1 -61.783920 -17.163025 344.323517 0.613096 0.162268 0.773164 0.507500 0.992500
pine_needles.bmp
1 -61.783920 -17.163025 344.323517 -0.613096 -0.162268 -0.773164 0.507500 0.992500
1 -70.736122 16.661018 344.323517 -0.613096 -0.162268 -0.773164 0.992500 0.992500
1 -28.299322 27.892761 308.315125 -0.613096 -0.162268 -0.773164 0.992500 0.507500
pine_needles.bmp
1 -61.783920 -17.163025 344.323517 -0.613096 -0.162268 -0.773164 0.507500 0.992500
1 -28.299322 27.892761 308.315125 -0.613096 -0.162268 -0.773164 0.992500 0.507500
1 -19.347120 -5.931283 308.315125 -0.613096 -0.162268 -0.773164 0.507500 0.507500
pine_needles.bmp
1 -62.169594 36.872986 298.380188 -0.323917 0.583809 0.744476 0.007500 0.507500
1 -91.300613 20.710093 298.380188 -0.323917 0.583809 0.744476 0.492500 0.507500
1 -67.950638 -21.374479 341.541779 -0.323917 0.583809 0.744476 0.492500 0.992500
pine_needles.bmp
1 -62.169594 36.872986 298.380188 -0.323917 0.583808 0.744476 0.007500 0.507500
1 -67.950638 -21.374479 341.541779 -0.323917 0.583808 0.744476 0.492500 0.992500
1 -38.819626 -5.211584 341.541779 -0.323917 0.583808 0.744476 0.007500 0.992500
pine_needles.bmp
1 -38.819626 -5.211584 341.541779 0.323917 -0.583808 -0.744476 0.007500 0.992500
1 -67.950638 -21.374479 341.541779 0.323917 -0.583808 -0.744476 0.492500 0.992500
1 -91.300613 20.710093 298.380188 0.323917 -0.583808 -0.744476 0.492500 0.507500
pine_needles.bmp
1 -38.819626 -5.211584 341.541779 0.323917 -0.583809 -0.744476 0.007500 0.992500
1 -91.300613 20.710093 298.380188 0.323917 -0.583809 -0.744476 0.492500 0.507500
1 -62.169594 36.872986 298.380188 0.323917 -0.583809 -0.744476 0.007500 0.507500
pine_needles.bmp
1 -86.915443 14.672542 291.883392 -0.762611 -0.423123 0.489276 0.507500 0.007500
1 -70.752548 -14.458475 291.883392 -0.762611 -0.423123 0.489276 0.992500 0.007500
1 -43.204800 0.825965 348.038574 -0.762611 -0.423123 0.489276 0.992500 0.492500
pine_needles.bmp
1 -86.915443 14.672542 291.883392 -0.762611 -0.423123 0.489276 0.507500 0.007500
1 -43.204800 0.825965 348.038574 -0.762611 -0.423123 0.489276 0.992500 0.492500
1 -59.367699 29.956982 348.038574 -0.762611 -0.423123 0.489276 0.507500 0.492500
pine_needles.bmp
1 -59.367699 29.956982 348.038574 0.762611 0.423123 -0.489276 0.507500 0.492500
1 -43.204800 0.825965 348.038574 0.762611 0.423123 -0.489276 0.992500 0.492500
1 -70.752548 -14.458475 291.883392 0.762611 0.423123 -0.489276 0.992500 0.007500
pine_needles.bmp
1 -59.367699 29.956982 348.038574 0.762611 0.423123 -0.489276 0.507500 0.492500
1 -70.752548 -14.458475 291.883392 0.762611 0.423123 -0.489276 0.992500 0.007500
1 -86.915443 14.672542 291.883392 0.762611 0.423123 -0.489276 0.507500 0.007500
pine_bark.bmp
0 1.808167 0.000000 338.645905 0.816791 0.465017 -0.341485 0.000000 0.000000
0 1.966912 -1.914815 341.222076 0.897443 -0.138542 0.418811 0.200000 0.000000
0 -22.408653 -32.763103 319.376373 0.760661 -0.649147 -0.001506 0.200000 0.376099
pine_bark.bmp
0 1.808167 0.000000 338.645905 0.816791 0.465017 -0.341485 0.000000 0.000000
0 -22.408653 -32.763103 319.376373 0.760661 -0.649147 -0.001506 0.200000 0.376099
0 -23.056021 -31.492252 317.465729 0.411102 -0.036266 -0.910867 0.000000 0.376099
pine_bark.bmp
0 1.966912 -1.914815 341.222076 0.897443 -0.138542 0.418811 0.200000 0.000000
0 -0.605439 -1.074667 342.831879 0.176783 0.046526 0.983150 0.400000 0.000000
0 -23.976444 -32.219170 320.977142 0.034589 -0.385653 0.921995 0.400000 0.376099
pine_bark.bmp
0 1.966912 -1.914815 341.222076 0.897443 -0.138542 0.418811 0.200000 0.000000
0 -23.976444 -32.219170 320.977142 0.034589 -0.385653 0.921995 0.400000 0.376099
0 -22.408653 -32.763103 319.376373 0.760661 -0.649147 -0.001506 0.200000 0.376099
pine_bark.bmp
0 -0.605439 -1.074667 342.831879 0.176783 0.046526 0.983150 0.400000 0.000000
0 -2.357937 1.172962 341.522644 -0.367702 0.704194 0.607376 0.600000 0.000000
0 -25.622547 -30.688967 320.300537 -0.787595 0.425068 0.446108 0.600000 0.376099
pine_bark.bmp
0 -0.605439 -1.074667 342.831879 0.176783 0.046526 0.983150 0.400000 0.000000
0 -25.622547 -30.688967 320.300537 -0.787595 0.425068 0.446108 0.600000 0.376099
0 -23.976444 -32.219170 320.977142 0.034589 -0.385653 0.921995 0.400000 0.376099
pine_bark.bmp
0 -2.357937 1.172962 341.522644 -0.367702 0.704194 0.607376 0.600000 0.000000
0 -0.781375 1.861924 338.807068 0.041738 0.971329 -0.234046 0.800000 0.000000
0 -24.985538 -30.262493 318.058624 -0.464725 0.570552 -0.677127 0.800000 0.376099
pine_bark.bmp
0 -2.357937 1.172962 341.522644 -0.367702 0.704194 0.607376 0.600000 0.000000
0 -24.985538 -30.262493 318.058624 -0.464725 0.570552 -0.677127 0.800000 0.376099
0 -25.622547 -30.688967 320.300537 -0.787595 0.425068 0.446108 0.600000 0.376099
pine_bark.bmp
0 -0.781375 1.861924 338.807068 0.041738 0.971329 -0.234046 0.800000 0.000000
0 1.808167 0.000000 338.645905 0.816791 0.465017 -0.341485 1.000000 0.000000
0 -23.056021 -31.492252 317.465729 0.411102 -0.036266 -0.910867 1.000000 0.376099
pine_bark.bmp
0 -0.781375 1.861924 338.807068 0.041738 0.971329 -0.234046 0.800000 0.000000
0 -23.056021 -31.492252 317.465729 0.411102 -0.036266 -0.910867 1.000000 0.376099
0 -24.985538 -30.262493 318.058624 -0.464725 0.570552 -0.677127 0.800000 0.376099
pine_bark.bmp
0 -23.056021 -31.492252 317.465729 0.411102 -0.036266 -0.910867 0.000000 0.376099
0 -22.408653 -32.763103 319.376373 0.760661 -0.649147 -0.001506 0.200000 0.376099
0 -43.146481 -57.634846 317.752258 0.248445 -0.968291 -0.026232 0.200000 0.646333
pine_bark.bmp
0 -23.056021 -31.492252 317.465729 0.411102 -0.036266 -0.910867 0.000000 0.376099
0 -43.146481 -57.634846 317.752258 0.248445 -0.968291 -0.026232 0.200000 0.646333
0 -43.605114 -57.258640 317.251740 -0.169960 -0.582074 -0.795175 0.000000 0.646333
pine_bark.bmp
0 -22.408653 -32.763103 319.376373 0.760661 -0.649147 -0.001506 0.200000 0.376099
0 -23.976444 -32.219170 320.977142 0.034589 -0.385653 0.921995 0.400000 0.376099
0 -43.395977 -57.480759 318.432861 -0.179678 -0.671997 0.718426 0.400000 0.646333
pine_bark.bmp
0 -22.408653 -32.763103 319.376373 0.760661 -0.649147 -0.001506 0.200000 0.376099
0 -43.395977 -57.480759 318.432861 -0.179678 -0.671997 0.718426 0.400000 0.646333
0 -43.146481 -57.634846 317.752258 0.248445 -0.968291 -0.026232 0.200000 0.646333
pine_bark.bmp
0 -23.976444 -32.219170 320.977142 0.034589 -0.385653 0.921995 0.400000 0.376099
0 -25.622547 -30.688967 320.300537 -0.787595 0.425068 0.446108 0.600000 0.376099
0 -44.008774 -57.014057 318.441681 -0.877772 -0.117970 0.464328 0.600000 0.646333
pine_bark.bmp
0 -23.976444 -32.219170 320.977142 0.034589 -0.385653 0.921995 0.400000 0.376099
0 -44.008774 -57.014057 318.441681 -0.877772 -0.117970 0.464328 0.600000 0.646333
0 -43.395977 -57.480759 318.432861 -0.179678 -0.671997 0.718426 0.400000 0.646333
pine_bark.bmp
0 -25.622547 -30.688967 320.300537 -0.787595 0.425068 0.446108 0.600000 0.376099
0 -24.985538 -30.262493 318.058624 -0.464725 0.570552 -0.677127 0.800000 0.376099
0 -44.113453 -56.894524 317.693054 -0.869395 -0.093465 -0.485198 0.800000 0.646333
pine_bark.bmp
0 -25.622547 -30.688967 320.300537 -0.787595 0.425068 0.446108 0.600000 0.376099
0 -44.113453 -56.894524 317.693054 -0.869395 -0.093465 -0.485198 0.800000 0.646333
0 -44.008774 -57.014057 318.441681 -0.877772 -0.117970 0.464328 0.600000 0.646333
pine_bark.bmp
0 -24.985538 -30.262493 318.058624 -0.464725 0.570552 -0.677127 0.800000 0.376099
0 -23.056021 -31.492252 317.465729 0.411102 -0.036266 -0.910867 1.000000 0.376099
0 -43.605114 -57.258640 317.251740 -0.169960 -0.582074 -0.795175 1.000000 0.646333
pine_bark.bmp
0 -24.985538 -30.262493 318.058624 -0.464725 0.570552 -0.677127 0.800000 0.376099
0 -43.605114 -57.258640 317.251740 -0.169960 -0.582074 -0.795175 1.000000 0.646333
0 -44.113453 -56.894524 317.693054 -0.869395 -0.093465 -0.485198 0.800000 0.646333
pine_bark.bmp
0 1.808167 0.000000 338.645905 0.816791 0.465017 -0.341485 0.950000 0.500000
0 -0.781375 1.861924 338.807068 0.041738 0.971329 -0.234046 0.639058 0.072025
0 -2.357937 1.172962 341.522644 -0.367702 0.704194 0.607376 0.135942 0.235497
pine_bark.bmp
0 -2.357937 1.172962 341.522644 -0.367702 0.704194 0.607376 0.135942 0.235497
0 -0.605439 -1.074667 342.831879 0.176783 0.046526 0.983150 0.135942 0.764503
0 1.966912 -1.914815 341.222076 0.897443 -0.138542 0.418811 0.639058 0.927975
pine_bark.bmp
0 -2.357937 1.172962 341.522644 -0.367702 0.704194 0.607376 0.135942 0.235497
0 1.966912 -1.914815 341.222076 0.897443 -0.138542 0.418811 0.639058 0.927975
0 1.808167 0.000000 338.645905 0.816791 0.465017 -0.341485 0.950000 0.500000
pine_bark.bmp
0 -44.113453 -56.894524 317.693054 -0.869395 -0.093465 -0.485198 0.639058 0.072025
0 -43.605114 -57.258640 317.251740 -0.169960 -0.582074 -0.795175 0.950000 0.500000
0 -43.146481 -57.634846 317.752258 0.248445 -0.968291 -0.026232 0.639058 0.927975
pine_bark.bmp
0 -43.146481 -57.634846 317.752258 0.248445 -0.968291 -0.026232 0.639058 0.927975
0 -43.395977 -57.480759 318.432861 -0.179678 -0.671997 0.718426 0.135942 0.764503
0 -44.008774 -57.014057 318.441681 -0.877772 -0.117970 0.464328 0.135942 0.235497
pine_bark.bmp
0 -43.146481 -57.634846 317.752258 0.248445 -0.968291 -0.026232 0.639058 0.927975
0 -44.008774 -57.014057 318.441681 -0.877772 -0.117970 0.464328 0.135942 0.235497
0 -44.113453 -56.894524 317.693054 -0.869395 -0.093465 -0.485198 0.639058 0.072025
pine_needles.bmp
1 -22.180437 -47.181679 306.566376 0.247444 -0.703687 0.666031 0.507500 0.507500
1 7.092605 -36.888123 306.566376 0.247444 -0.703687 0.666031 0.992500 0.507500
1 -8.375572 7.100628 358.788910 0.247444 -0.703687 0.666031 0.992500 0.992500
pine_needles.bmp
1 -22.180437 -47.181679 306.566376 0.247444 -0.703687 0.666030 0.507500 0.507500
1 -8.375572 7.100628 358.788910 0.247444 -0.703687 0.666030 0.992500 0.992500
1 -37.648613 -3.192928 358.788910 0.247444 -0.703687 0.666030 0.507500 0.992500
pine_needles.bmp
1 -37.648613 -3.192928 358.788910 -0.247444 0.703687 -0.666030 0.507500 0.992500
1 -8.375572 7.100628 358.788910 -0.247444 0.703687 -0.666030 0.992500 0.992500
1 7.092605 -36.888123 306.566376 -0.247444 0.703687 -0.666030 0.992500 0.507500
pine_needles.bmp
1 -37.648613 -3.192928 358.788910 -0.247444 0.703687 -0.666031 0.507500 0.992500
1 7.092605 -36.888123 306.566376 -0.247444 0.703687 -0.666031 0.992500 0.507500
1 -22.180437 -47.181679 306.566376 -0.247444 0.703687 -0.666031 0.507500 0.507500
pine_needles.bmp
1 8.953613 -27.966064 304.169495 0.769345 0.270532 0.578724 0.007500 0.007500
1 -1.339941 1.306978 304.169495 0.769345 0.270532 0.578724 0.492500 0.007500
1 -39.509621 -12.114986 361.185791 0.769345 0.270532 0.578724 0.492500 0.492500
pine_needles.bmp
1 8.953613 -27.966064 304.169495 0.769345 0.270532 0.578724 0.007500 0.007500
1 -39.509621 -12.114986 361.185791 0.769345 0.270532 0.578724 0.492500 0.492500
1 -29.216068 -41.388031 361.185791 0.769345 0.270532 0.578724 0.007500 0.492500
pine_needles.bmp
1 -29.216068 -41.388031 361.185791 -0.769345 -0.270532 -0.578724 0.007500 0.492500
1 -39.509621 -12.114986 361.185791 -0.769345 -0.270532 -0.578724 0.492500 0.492500
1 -1.339941 1.306978 304.169495 -0.769345 -0.270532 -0.578724 0.492500 0.007500
pine_needles.bmp
1 -29.216068 -41.388031 361.185791 -0.769345 -0.270532 -0.578724 0.007500 0.492500
1 -1.339941 1.306978 304.169495 -0.769345 -0.270532 -0.578724 0.492500 0.007500
1 8.953613 -27.966064 304.169495 -0.769345 -0.270532 -0.578724 0.007500 0.007500
pine_needles.bmp
1 1.670477 -34.979893 298.297119 0.562852 0.560184 0.607775 0.507500 0.507500
1 -26.268774 -6.907584 298.297119 0.562852 0.560184 0.607775 0.992500 0.507500
1 -56.671288 -37.165997 354.341553 0.562852 0.560184 0.607775 0.992500 0.992500
pine_needles.bmp
1 1.670477 -34.979893 298.297119 0.562852 0.560184 0.607775 0.507500 0.507500
1 -56.671288 -37.165997 354.341553 0.562852 0.560184 0.607775 0.992500 0.992500
1 -28.732038 -65.238304 354.341553 0.562852 0.560184 0.607775 0.507500 0.992500
pine_needles.bmp
1 -28.732038 -65.238304 354.341553 -0.562852 -0.560184 -0.607775 0.507500 0.992500
1 -56.671288 -37.165997 354.341553 -0.562852 -0.560184 -0.607775 0.992500 0.992500
1 -26.268774 -6.907584 298.297119 -0.562852 -0.560184 -0.607775 0.992500 0.507500
pine_needles.bmp
1 -28.732038 -65.238304 354.341553 -0.562852 -0.560184 -0.607775 0.507500 0.992500
1 -26.268774 -6.907584 298.297119 -0.562852 -0.560184 -0.607775 0.992500 0.507500
1 1.670477 -34.979893 298.297119 -0.562852 -0.560184 -0.607775 0.507500 0.507500
pine_needles.bmp
1 -35.565048 0.102726 309.681885 -0.330853 0.332429 0.883191 0.507500 0.507500
1 -63.637352 -27.836527 309.681885 -0.330853 0.332429 0.883191 0.992500 0.507500
1 -19.435766 -72.248619 342.956787 -0.330853 0.332429 0.883191 0.992500 0.992500
pine_needles.bmp
1 -35.565048 0.102726 309.681885 -0.330853 0.332429 0.883191 0.507500 0.507500
1 -19.435766 -72.248619 342.956787 -0.330853 0.332429 0.883191 0.992500 0.992500
1 8.636541 -44.309364 342.956787 -0.330853 0.332429 0.883191 0.507500 0.992500
pine_needles.bmp
1 8.636541 -44.309364 342.956787 0.330853 -0.332429 -0.883191 0.507500 0.992500
1 -19.435766 -72.248619 342.956787 0.330853 -0.332429 -0.883191 0.992500 0.992500
1 -63.637352 -27.836527 309.681885 0.330853 -0.332429 -0.883191 0.992500 0.507500
pine_needles.bmp
1 8.636541 -44.309364 342.956787 0.330853 -0.332429 -0.883191 0.507500 0.992500
1 -63.637352 -27.836527 309.681885 0.330853 -0.332429 -0.883191 0.992500 0.507500
1 -35.565048 0.102726 309.681885 0.330853 -0.332429 -0.883191 0.507500 0.507500
pine_needles.bmp
1 -57.182713 -27.806417 297.828339 -0.762063 0.041015 0.646202 0.007500 0.007500
1 -59.689877 -74.389969 297.828339 -0.762063 0.041015 0.646202 0.492500 0.007500
1 -22.262913 -76.404312 342.093628 -0.762063 0.041015 0.646202 0.492500 0.492500
pine_needles.bmp
1 -57.182713 -27.806417 297.828339 -0.762063 0.041015 0.646202 0.007500 0.007500
1 -22.262913 -76.404312 342.093628 -0.762063 0.041015 0.646202 0.492500 0.492500
1 -19.755749 -29.820768 342.093628 -0.762063 0.041015 0.646202 0.007500 0.492500
pine_needles.bmp
1 -19.755749 -29.820768 342.093628 0.762063 -0.041015 -0.646202 0.007500 0.492500
1 -22.262913 -76.404312 342.093628 0.762063 -0.041015 -0.646202 0.492500 0.492500
1 -59.689877 -74.389969 297.828339 0.762063 -0.041015 -0.646202 0.492500 0.007500
pine_needles.bmp
1 -19.755749 -29.820768 342.093628 0.762063 -0.041015 -0.646202 0.007500 0.492500
1 -59.689877 -74.389969 297.828339 0.762063 -0.041015 -0.646202 0.492500 0.007500
1 -57.182713 -27.806417 297.828339 0.762063 -0.041015 -0.646202 0.007500 0.007500
pine_needles.bmp
1 -63.692619 -63.449738 293.940674 -0.048359 -0.898510 0.436281 0.007500 0.007500
1 -17.109072 -65.956902 293.940674 -0.048359 -0.898510 0.436281 0.492500 0.007500
1 -15.753007 -40.760994 345.981293 -0.048359 -0.898510 0.436281 0.492500 0.492500
pine_needles.bmp
1 -63.692619 -63.449738 293.940674 -0.048359 -0.898510 0.436281 0.007500 0.007500
1 -15.753007 -40.760994 345.981293 -0.048359 -0.898510 0.436281 0.492500 0.492500
1 -62.336555 -38.253830 345.981293 -0.048359 -0.898510 0.436281 0.007500 0.492500
pine_needles.bmp
1 -62.336555 -38.253830 345.981293 0.048359 0.898510 -0.436281 0.007500 0.492500
1 -15.753007 -40.760994 345.981293 0.048359 0.898510 -0.436281 0.492500 0.492500
1 -17.109072 -65.956902 293.940674 0.048359 0.898510 -0.436281 0.492500 0.007500
pine_needles.bmp
1 -62.336555 -38.253830 345.981293 0.048359 0.898510 -0.436281 0.007500 0.492500
1 -17.109072 -65.956902 293.940674 0.048359 0.898510 -0.436281 0.492500 0.007500
1 -63.692619 -63.449738 293.940674 0.048359 0.898510 -0.436281 0.007500 0.007500
pine_bark.bmp
0 2.366106 0.000000 341.909698 0.518482 0.461131 0.720093 0.000000 0.000000
0 -0.316459 -1.463292 342.974274 -0.329359 0.049812 0.942890 0.200000 0.000000
0 11.149262 -38.582893 320.950012 -0.438749 -0.416989 0.796002 0.200000 0.376099
pine_bark.bmp
0 2.366106 0.000000 341.909698 0.518482 0.461131 0.720093 0.000000 0.000000
0 11.149262 -38.582893 320.950012 -0.438749 -0.416989 0.796002 0.200000 0.376099
0 13.388411 -37.769539 320.632111 0.761371 0.042783 0.646903 0.000000 0.376099
pine_bark.bmp
0 -0.316459 -1.463292 342.974274 -0.329359 0.049812 0.942890 0.200000 0.000000
0 -2.414400 -0.821255 340.729858 -0.925780 0.276018 0.258350 0.400000 0.000000
0 10.090917 -38.234772 318.940796 -0.923744 -0.282067 -0.259103 0.400000 0.376099
pine_bark.bmp
0 -0.316459 -1.463292 342.974274 -0.329359 0.049812 0.942890 0.200000 0.000000
0 10.090917 -38.234772 318.940796 -0.923744 -0.282067 -0.259103 0.400000 0.376099
0 11.149262 -38.582893 320.950012 -0.438749 -0.416989 0.796002 0.200000 0.376099
pine_bark.bmp
0 -2.414400 -0.821255 340.729858 -0.925780 0.276018 0.258350 0.400000 0.000000
0 -1.315003 0.896372 338.368011 -0.487341 0.776468 -0.399495 0.600000 0.000000
0 11.432941 -37.255432 317.300293 -0.198986 0.185128 -0.962357 0.600000 0.376099
pine_bark.bmp
0 -2.414400 -0.821255 340.729858 -0.925780 0.276018 0.258350 0.400000 0.000000
0 11.432941 -37.255432 317.300293 -0.198986 0.185128 -0.962357 0.600000 0.376099
0 10.090917 -38.234772 318.940796 -0.923744 -0.282067 -0.259103 0.400000 0.376099
pine_bark.bmp
0 -1.315003 0.896372 338.368011 -0.487341 0.776468 -0.399495 0.600000 0.000000
0 1.787978 1.422873 339.145172 0.427699 0.897773 -0.105243 0.800000 0.000000
0 13.519114 -36.982483 318.433350 0.797800 0.381613 -0.466783 0.800000 0.376099
pine_bark.bmp
0 -1.315003 0.896372 338.368011 -0.487341 0.776468 -0.399495 0.600000 0.000000
0 13.519114 -36.982483 318.433350 0.797800 0.381613 -0.466783 0.800000 0.376099
0 11.432941 -37.255432 317.300293 -0.198986 0.185128 -0.962357 0.600000 0.376099
pine_bark.bmp
0 1.787978 1.422873 339.145172 0.427699 0.897773 -0.105243 0.800000 0.000000
0 2.366106 0.000000 341.909698 0.518482 0.461131 0.720093 1.000000 0.000000
0 13.388411 -37.769539 320.632111 0.761371 0.042783 0.646903 1.000000 0.376099
pine_bark.bmp
0 1.787978 1.422873 339.145172 0.427699 0.897773 -0.105243 0.800000 0.000000
0 13.388411 -37.769539 320.632111 0.761371 0.042783 0.646903 1.000000 0.376099
0 13.519114 -36.982483 318.433350 0.797800 0.381613 -0.466783 0.800000 0.376099
pine_bark.bmp
0 13.388411 -37.769539 320.632111 0.761371 0.042783 0.646903 0.000000 0.376099
0 11.149262 -38.582893 320.950012 -0.438749 -0.416989 0.796002 0.200000 0.376099
0 21.080069 -68.859711 318.194183 -0.280489 -0.759641 0.586747 0.200000 0.646333
pine_bark.bmp
0 13.388411 -37.769539 320.632111 0.761371 0.042783 0.646903 0.000000 0.376099
0 21.080069 -68.859711 318.194183 -0.280489 -0.759641 0.586747 0.200000 0.646333
0 21.730064 -68.671890 318.577972 0.624685 -0.466361 0.626319 0.000000 0.646333
pine_bark.bmp
0 11.149262 -38.582893 320.950012 -0.438749 -0.416989 0.796002 0.200000 0.376099
0 10.090917 -38.234772 318.940796 -0.923744 -0.282067 -0.259103 0.400000 0.376099
0 21.222816 -68.782784 317.472076 -0.521761 -0.803001 -0.288018 0.400000 0.646333
pine_bark.bmp
0 11.149262 -38.582893 320.950012 -0.438749 -0.416989 0.796002 0.200000 0.376099
0 21.222816 -68.782784 317.472076 -0.521761 -0.803001 -0.288018 0.400000 0.646333
0 21.080069 -68.859711 318.194183 -0.280489 -0.759641 0.586747 0.200000 0.646333
pine_bark.bmp
0 10.090917 -38.234772 318.940796 -0.923744 -0.282067 -0.259103 0.400000 0.376099
0 11.432941 -37.255432 317.300293 -0.198986 0.185128 -0.962357 0.600000 0.376099
0 21.941362 -68.549782 317.322968 0.182627 -0.534149 -0.825428 0.600000 0.646333
pine_bark.bmp
0 10.090917 -38.234772 318.940796 -0.923744 -0.282067 -0.259103 0.400000 0.376099
0 21.941362 -68.549782 317.322968 0.182627 -0.534149 -0.825428 0.600000 0.646333
0 21.222816 -68.782784 317.472076 -0.521761 -0.803001 -0.288018 0.400000 0.646333
pine_bark.bmp
0 11.432941 -37.255432 317.300293 -0.198986 0.185128 -0.962357 0.600000 0.376099
0 13.519114 -36.982483 318.433350 0.797800 0.381613 -0.466783 0.800000 0.376099
0 22.230093 -68.490105 318.030304 0.898217 -0.362208 -0.249021 0.800000 0.646333
pine_bark.bmp
0 11.432941 -37.255432 317.300293 -0.198986 0.185128 -0.962357 0.600000 0.376099
0 22.230093 -68.490105 318.030304 0.898217 -0.362208 -0.249021 0.800000 0.646333
0 21.941362 -68.549782 317.322968 0.182627 -0.534149 -0.825428 0.600000 0.646333
pine_bark.bmp
0 13.519114 -36.982483 318.433350 0.797800 0.381613 -0.466783 0.800000 0.376099
0 13.388411 -37.769539 320.632111 0.761371 0.042783 0.646903 1.000000 0.376099
0 21.730064 -68.671890 318.577972 0.624685 -0.466361 0.626319 1.000000 0.646333
pine_bark.bmp
0 13.519114 -36.982483 318.433350 0.797800 0.381613 -0.466783 0.800000 0.376099
0 21.730064 -68.671890 318.577972 0.624685 -0.466361 0.626319 1.000000 0.646333
0 22.230093 -68.490105 318.030304 0.898217 -0.362208 -0.249021 0.800000 0.646333
pine_bark.bmp
0 2.366106 0.000000 341.909698 0.518482 0.461131 0.720093 0.950000 0.500000
0 1.787978 1.422873 339.145172 0.427699 0.897773 -0.105243 0.639058 0.072025
0 -1.315003 0.896372 338.368011 -0.487341 0.776468 -0.399495 0.135942 0.235497
pine_bark.bmp
0 -1.315003 0.896372 338.368011 -0.487341 0.776468 -0.399495 0.135942 0.235497
0 -2.414400 -0.821255 340.729858 -0.925780 0.276018 0.258350 0.135942 0.764503
0 -0.316459 -1.463292 342.974274 -0.329359 0.049812 0.942890 0.639058 0.927975
pine_bark.bmp
0 -1.315003 0.896372 338.368011 -0.487341 0.776468 -0.399495 0.135942 0.235497
0 -0.316459 -1.463292 342.974274 -0.329359 0.049812 0.942890 0.639058 0.927975
0 2.366106 0.000000 341.909698 0.518482 0.461131 0.720093 0.950000 0.500000
pine_bark.bmp
0 22.230093 -68.490105 318.030304 0.898217 -0.362208 -0.249021 0.639058 0.072025
0 21.730064 -68.671890 318.577972 0.624685 -0.466361 0.626319 0.950000 0.500000
0 21.080069 -68.859711 318.194183 -0.280489 -0.759641 0.586747 0.639058 0.927975
pine_bark.bmp
0 21.080069 -68.859711 318.194183 -0.280489 -0.759641 0.586747 0.639058 0.927975
0 21.222816 -68.782784 317.472076 -0.521761 -0.803001 -0.288018 0.135942 0.764503
0 21.941362 -68.549782 317.322968 0.182627 -0.534149 -0.825428 0.135942 0.235497
pine_bark.bmp
0 21.080069 -68.859711 318.194183 -0.280489 -0.759641 0.586747 0.639058 0.927975
0 21.941362 -68.549782 317.322968 0.182627 -0.534149 -0.825428 0.135942 0.235497
0 22.230093 -68.490105 318.030304 0.898217 -0.362208 -0.249021 0.639058 0.072025
pine_needles.bmp
1 -17.583649 -29.145475 312.620026 -0.390592 -0.647095 0.654756 0.507500 0.007500
1 14.771923 -48.675594 312.620026 -0.390592 -0.647095 0.654756 0.992500 0.007500
1 32.729740 -18.924854 352.735291 -0.390592 -0.647095 0.654756 0.992500 0.492500
pine_needles.bmp
1 -17.583649 -29.145475 312.620026 -0.390592 -0.647095 0.654756 0.507500 0.007500
1 32.729740 -18.924854 352.735291 -0.390592 -0.647095 0.654756 0.992500 0.492500
1 0.374168 0.605265 352.735291 -0.390592 -0.647095 0.654756 0.507500 0.492500
pine_needles.bmp
1 0.374168 0.605265 352.735291 0.390592 0.647095 -0.654756 0.507500 0.492500
1 32.729740 -18.924854 352.735291 0.390592 0.647095 -0.654756 0.992500 0.492500
1 14.771923 -48.675594 312.620026 0.390592 0.647095 -0.654756 0.992500 0.007500
pine_needles.bmp
1 0.374168 0.605265 352.735291 0.390592 0.647095 -0.654756 0.507500 0.492500
1 14.771923 -48.675594 312.620026 0.390592 0.647095 -0.654756 0.992500 0.007500
1 -17.583649 -29.145475 312.620026 0.390592 0.647095 -0.654756 0.507500 0.007500
pine_needles.bmp
1 17.662033 -52.197037 319.549500 0.421761 -0.254579 0.870234 0.507500 0.007500
1 37.192150 -19.841461 319.549500 0.421761 -0.254579 0.870234 0.992500 0.007500
1 -2.515942 4.126705 345.805817 0.421761 -0.254579 0.870234 0.992500 0.492500
pine_needles.bmp
1 17.662033 -52.197037 319.549500 0.421761 -0.254579 0.870234 0.507500 0.007500
1 -2.515942 4.126705 345.805817 0.421761 -0.254579 0.870234 0.992500 0.492500
1 -22.046059 -28.228868 345.805817 0.421761 -0.254579 0.870234 0.507500 0.492500
pine_needles.bmp
1 -22.046059 -28.228868 345.805817 -0.421761 0.254579 -0.870234 0.507500 0.492500
1 -2.515942 4.126705 345.805817 -0.421761 0.254579 -0.870234 0.992500 0.492500
1 37.192150 -19.841461 319.549500 -0.421761 0.254579 -0.870234 0.992500 0.007500
pine_needles.bmp
1 -22.046059 -28.228868 345.805817 -0.421761 0.254579 -0.870234 0.507500 0.492500
1 37.192150 -19.841461 319.549500 -0.421761 0.254579 -0.870234 0.992500 0.007500
1 17.662033 -52.197037 319.549500 -0.421761 0.254579 -0.870234 0.507500 0.007500
pine_needles.bmp
1 2.830809 -19.682926 305.045837 -0.618103 0.351315 0.703226 0.507500 0.507500
1 -12.154766 -46.048527 305.045837 -0.618103 0.351315 0.703226 0.992500 0.507500
1 24.432156 -66.843651 347.592834 -0.618103 0.351315 0.703226 0.992500 0.992500
pine_needles.bmp
1 2.830809 -19.682926 305.045837 -0.618103 0.351315 0.703226 0.507500 0.507500
1 24.432156 -66.843651 347.592834 -0.618103 0.351315 0.703226 0.992500 0.992500
1 39.417732 -40.478054 347.592834 -0.618103 0.351315 0.703226 0.507500 0.992500
pine_needles.bmp
1 39.417732 -40.478054 347.592834 0.618103 -0.351315 -0.703225 0.507500 0.992500
1 24.432156 -66.843651 347.592834 0.618103 -0.351315 -0.703225 0.992500 0.992500
1 -12.154766 -46.048527 305.045837 0.618103 -0.351315 -0.703225 0.992500 0.507500
pine_needles.bmp
1 39.417732 -40.478054 347.592834 0.618103 -0.351315 -0.703226 0.507500 0.992500
1 -12.154766 -46.048527 305.045837 0.618103 -0.351315 -0.703226 0.992500 0.507500
1 2.830809 -19.682926 305.045837 0.618103 -0.351315 -0.703226 0.507500 0.507500
pine_needles.bmp
1 -10.123153 -54.370575 305.391571 -0.345533 -0.607930 0.714862 0.007500 0.007500
1 16.242451 -69.356148 305.391571 -0.345533 -0.607930 0.714862 0.492500 0.007500
1 37.386116 -32.156006 347.247101 -0.345533 -0.607930 0.714862 0.492500 0.492500
pine_needles.bmp
1 -10.123153 -54.370575 305.391571 -0.345533 -0.607930 0.714862 0.007500 0.007500
1 37.386116 -32.156006 347.247101 -0.345533 -0.607930 0.714862 0.492500 0.492500
1 11.020514 -17.170433 347.247101 -0.345533 -0.607930 0.714862 0.007500 0.492500
pine_needles.bmp
1 11.020514 -17.170433 347.247101 0.345533 0.607930 -0.714862 0.007500 0.492500
1 37.386116 -32.156006 347.247101 0.345533 0.607930 -0.714862 0.492500 0.492500
1 16.242451 -69.356148 305.391571 0.345533 0.607930 -0.714862 0.492500 0.007500
pine_needles.bmp
1 11.020514 -17.170433 347.247101 0.345533 0.607930 -0.714862 0.007500 0.492500
1 16.242451 -69.356148 305.391571 0.345533 0.607930 -0.714862 0.492500 0.007500
1 -10.123153 -54.370575 305.391571 0.345533 0.607930 -0.714862 0.007500 0.007500
pine_needles.bmp
1 -11.998474 -53.869518 303.960388 -0.483900 -0.195464 0.853015 0.507500 0.007500
1 2.879982 -90.703430 303.960388 -0.483900 -0.195464 0.853015 0.992500 0.007500
1 51.378315 -71.113327 335.961578 -0.483900 -0.195464 0.853015 0.992500 0.492500
pine_needles.bmp
1 -11.998474 -53.869518 303.960388 -0.483900 -0.195463 0.853015 0.507500 0.007500
1 51.378315 -71.113327 335.961578 -0.483900 -0.195463 0.853015 0.992500 0.492500
1 36.499859 -34.279408 335.961578 -0.483900 -0.195463 0.853015 0.507500 0.492500
pine_needles.bmp
1 36.499859 -34.279408 335.961578 0.483900 0.195463 -0.853015 0.507500 0.492500
1 51.378315 -71.113327 335.961578 0.483900 0.195463 -0.853015 0.992500 0.492500
1 2.879982 -90.703430 303.960388 0.483900 0.195463 -0.853015 0.992500 0.007500
pine_needles.bmp
1 36.499859 -34.279408 335.961578 0.483900 0.195464 -0.853015 0.507500 0.492500
1 2.879982 -90.703430 303.960388 0.483900 0.195464 -0.853015 0.992500 0.007500
1 -11.998474 -53.869518 303.960388 0.483900 0.195464 -0.853015 0.507500 0.007500
pine_needles.bmp
1 9.533805 -90.381630 298.782593 0.259403 -0.642192 0.721318 0.507500 0.507500
1 46.367718 -75.503174 298.782593 0.259403 -0.642192 0.721318 0.992500 0.507500
1 29.846035 -34.601212 341.139374 0.259403 -0.642192 0.721318 0.992500 0.992500
pine_needles.bmp
1 9.533805 -90.381630 298.782593 0.259403 -0.642192 0.721318 0.507500 0.507500
1 29.846035 -34.601212 341.139374 0.259403 -0.642192 0.721318 0.992500 0.992500
1 -6.987876 -49.479668 341.139374 0.259403 -0.642192 0.721318 0.507500 0.992500
pine_needles.bmp
1 -6.987876 -49.479668 341.139374 -0.259403 0.642192 -0.721318 0.507500 0.992500
1 29.846035 -34.601212 341.139374 -0.259403 0.642192 -0.721318 0.992500 0.992500
1 46.367718 -75.503174 298.782593 -0.259403 0.642192 -0.721318 0.992500 0.507500
pine_needles.bmp
1 -6.987876 -49.479668 341.139374 -0.259403 0.642192 -0.721318 0.507500 0.992500
1 46.367718 -75.503174 298.782593 -0.259403 0.642192 -0.721318 0.992500 0.507500
1 9.533805 -90.381630 298.782593 -0.259403 0.642192 -0.721318 0.507500 0.507500
pine_bark.bmp
0 1.436146 0.000000 342.882996 -0.034828 0.235364 0.971283 0.000000 0.000000
0 -0.515957 -2.410830 341.958282 -0.622203 -0.458641 0.634438 0.200000 0.000000
0 33.827915 -21.217459 320.147034 -0.334481 -0.874484 0.351282 0.200000 0.376099
pine_bark.bmp
0 1.436146 0.000000 342.882996 -0.034828 0.235364 0.971283 0.000000 0.000000
0 33.827915 -21.217459 320.147034 -0.334481 -0.874484 0.351282 0.200000 0.376099
0 35.171017 -19.498055 321.143555 0.349345 0.038939 0.936185 0.000000 0.376099
pine_bark.bmp
0 -0.515957 -2.410830 341.958282 -0.622203 -0.458641 0.634438 0.200000 0.000000
0 -1.647231 -1.353050 339.239532 -0.974313 -0.142007 -0.174778 0.400000 0.000000
0 33.448776 -20.481543 318.007172 -0.480163 -0.521199 -0.705546 0.400000 0.376099
pine_bark.bmp
0 -0.515957 -2.410830 341.958282 -0.622203 -0.458641 0.634438 0.200000 0.000000
0 33.448776 -20.481543 318.007172 -0.480163 -0.521199 -0.705546 0.400000 0.376099
0 33.827915 -21.217459 320.147034 -0.334481 -0.874484 0.351282 0.200000 0.376099
pine_bark.bmp
0 -1.647231 -1.353050 339.239532 -0.974313 -0.142007 -0.174778 0.400000 0.000000
0 -0.599764 1.476808 338.369720 -0.614180 0.692982 -0.377571 0.600000 0.000000
0 34.425434 -18.411245 317.483917 -0.006210 0.448054 -0.893985 0.600000 0.376099
pine_bark.bmp
0 -1.647231 -1.353050 339.239532 -0.974313 -0.142007 -0.174778 0.400000 0.000000
0 34.425434 -18.411245 317.483917 -0.006210 0.448054 -0.893985 0.600000 0.376099
0 33.448776 -20.481543 318.007172 -0.480163 -0.521199 -0.705546 0.400000 0.376099
pine_bark.bmp
0 -0.599764 1.476808 338.369720 -0.614180 0.692982 -0.377571 0.600000 0.000000
0 1.400173 2.344239 340.741974 -0.018575 0.935891 0.351800 0.800000 0.000000
0 35.507553 -17.834244 319.516876 0.524068 0.849985 0.053647 0.800000 0.376099
pine_bark.bmp
0 -0.599764 1.476808 338.369720 -0.614180 0.692982 -0.377571 0.600000 0.000000
0 35.507553 -17.834244 319.516876 0.524068 0.849985 0.053647 0.800000 0.376099
0 34.425434 -18.411245 317.483917 -0.006210 0.448054 -0.893985 0.600000 0.376099
pine_bark.bmp
0 1.400173 2.344239 340.741974 -0.018575 0.935891 0.351800 0.800000 0.000000
0 1.436146 0.000000 342.882996 -0.034828 0.235364 0.971283 1.000000 0.000000
0 35.171017 -19.498055 321.143555 0.349345 0.038939 0.936185 1.000000 0.376099
pine_bark.bmp
0 1.400173 2.344239 340.741974 -0.018575 0.935891 0.351800 0.800000 0.000000
0 35.171017 -19.498055 321.143555 0.349345 0.038939 0.936185 1.000000 0.376099
0 35.507553 -17.834244 319.516876 0.524068 0.849985 0.053647 0.800000 0.376099
pine_bark.bmp
0 35.171017 -19.498055 321.143555 0.349345 0.038939 0.936185 0.000000 0.376099
0 33.827915 -21.217459 320.147034 -0.334481 -0.874484 0.351282 0.200000 0.376099
0 62.372746 -35.990448 318.130157 0.194872 -0.936156 0.292639 0.200000 0.646333
pine_bark.bmp
0 35.171017 -19.498055 321.143555 0.349345 0.038939 0.936185 0.000000 0.376099
0 62.372746 -35.990448 318.130157 0.194872 -0.936156 0.292639 0.200000 0.646333
0 62.699890 -35.451008 318.583527 0.605853 -0.213318 0.766445 0.000000 0.646333
pine_bark.bmp
0 33.827915 -21.217459 320.147034 -0.334481 -0.874484 0.351282 0.200000 0.376099
0 33.448776 -20.481543 318.007172 -0.480163 -0.521199 -0.705546 0.400000 0.376099
0 62.463749 -35.769501 317.429169 0.246564 -0.762009 -0.598790 0.400000 0.646333
pine_bark.bmp
0 33.827915 -21.217459 320.147034 -0.334481 -0.874484 0.351282 0.200000 0.376099
0 62.463749 -35.769501 317.429169 0.246564 -0.762009 -0.598790 0.400000 0.646333
0 62.372746 -35.990448 318.130157 0.194872 -0.936156 0.292639 0.200000 0.646333
pine_bark.bmp
0 33.448776 -20.481543 318.007172 -0.480163 -0.521199 -0.705546 0.400000 0.376099
0 34.425434 -18.411245 317.483917 -0.006210 0.448054 -0.893985 0.600000 0.376099
0 62.839016 -35.100300 317.361084 0.676166 0.041730 -0.735566 0.600000 0.646333
pine_bark.bmp
0 33.448776 -20.481543 318.007172 -0.480163 -0.521199 -0.705546 0.400000 0.376099
0 62.839016 -35.100300 317.361084 0.676166 0.041730 -0.735566 0.600000 0.646333
0 62.463749 -35.769501 317.429169 0.246564 -0.762009 -0.598790 0.400000 0.646333
pine_bark.bmp
0 34.425434 -18.411245 317.483917 -0.006210 0.448054 -0.893985 0.600000 0.376099
0 35.507553 -17.834244 319.516876 0.524068 0.849985 0.053647 0.800000 0.376099
0 62.971581 -34.928902 318.095459 0.926284 0.357294 0.119742 0.800000 0.646333
pine_bark.bmp
0 34.425434 -18.411245 317.483917 -0.006210 0.448054 -0.893985 0.600000 0.376099
0 62.971581 -34.928902 318.095459 0.926284 0.357294 0.119742 0.800000 0.646333
0 62.839016 -35.100300 317.361084 0.676166 0.041730 -0.735566 0.600000 0.646333
pine_bark.bmp
0 35.507553 -17.834244 319.516876 0.524068 0.849985 0.053647 0.800000 0.376099
0 35.171017 -19.498055 321.143555 0.349345 0.038939 0.936185 1.000000 0.376099
0 62.699890 -35.451008 318.583527 0.605853 -0.213318 0.766445 1.000000 0.646333
pine_bark.bmp
0 35.507553 -17.834244 319.516876 0.524068 0.849985 0.053647 0.800000 0.376099
0 62.699890 -35.451008 318.583527 0.605853 -0.213318 0.766445 1.000000 0.646333
0 62.971581 -34.928902 318.095459 0.926284 0.357294 0.119742 0.800000 0.646333
pine_bark.bmp
0 1.436146 0.000000 342.882996 -0.034828 0.235364 0.971283 0.950000 0.500000
0 1.400173 2.344239 340.741974 -0.018575 0.935891 0.351800 0.639058 0.072025
0 -0.599764 1.476808 338.369720 -0.614180 0.692982 -0.377571 0.135942 0.235497
pine_bark.bmp
0 -0.599764 1.476808 338.369720 -0.614180 0.692982 -0.377571 0.135942 0.235497
0 -1.647231 -1.353050 339.239532 -0.974313 -0.142007 -0.174778 0.135942 0.764503
0 -0.515957 -2.410830 341.958282 -0.622203 -0.458641 0.634438 0.639058 0.927975
pine_bark.bmp
0 -0.599764 1.476808 338.369720 -0.614180 0.692982 -0.377571 0.135942 0.235497
0 -0.515957 -2.410830 341.958282 -0.622203 -0.458641 0.634438 0.639058 0.927975
0 1.436146 0.000000 342.882996 -0.034828 0.235364 0.971283 0.950000 0.500000
pine_bark.bmp
0 62.971581 -34.928902 318.095459 0.926284 0.357294 0.119742 0.639058 0.072025
0 62.699890 -35.451008 318.583527 0.605853 -0.213318 0.766445 0.950000 0.500000
0 62.372746 -35.990448 318.130157 0.194872 -0.936156 0.292639 0.639058 0.927975
pine_bark.bmp
0 62.372746 -35.990448 318.130157 0.194872 -0.936156 0.292639 0.639058 0.927975
0 62.463749 -35.769501 317.429169 0.246564 -0.762009 -0.598790 0.135942 0.764503
0 62.839016 -35.100300 317.361084 0.676166 0.041730 -0.735566 0.135942 0.235497
pine_bark.bmp
0 62.372746 -35.990448 318.130157 0.194872 -0.936156 0.292639 0.639058 0.927975
0 62.839016 -35.100300 317.361084 0.676166 0.041730 -0.735566 0.135942 0.235497
0 62.971581 -34.928902 318.095459 0.926284 0.357294 0.119742 0.639058 0.072025
pine_needles.bmp
1 17.392733 -43.661011 316.527161 0.258313 -0.472864 0.842421 0.507500 0.007500
1 50.685169 -25.474230 316.527161 0.258313 -0.472864 0.842421 0.992500 0.007500
1 26.474575 18.845304 348.828125 0.258313 -0.472864 0.842421 0.992500 0.492500
pine_needles.bmp
1 17.392733 -43.661011 316.527161 0.258313 -0.472864 0.842422 0.507500 0.007500
1 26.474575 18.845304 348.828125 0.258313 -0.472864 0.842422 0.992500 0.492500
1 -6.817862 0.658524 348.828125 0.258313 -0.472864 0.842422 0.507500 0.492500
pine_needles.bmp
1 -6.817862 0.658524 348.828125 -0.258313 0.472864 -0.842421 0.507500 0.492500
1 26.474575 18.845304 348.828125 -0.258313 0.472864 -0.842421 0.992500 0.492500
1 50.685169 -25.474230 316.527161 -0.258313 0.472864 -0.842421 0.992500 0.007500
pine_needles.bmp
1 -6.817862 0.658524 348.828125 -0.258313 0.472864 -0.842422 0.507500 0.492500
1 50.685169 -25.474230 316.527161 -0.258313 0.472864 -0.842422 0.992500 0.007500
1 17.392733 -43.661011 316.527161 -0.258313 0.472864 -0.842422 0.507500 0.007500
pine_needles.bmp
1 49.713402 -18.846210 311.691711 0.616033 0.336523 0.712219 0.507500 0.507500
1 31.526619 14.446229 311.691711 0.616033 0.336523 0.712219 0.992500 0.507500
1 -5.846089 -5.969497 353.663574 0.616033 0.336523 0.712219 0.992500 0.992500
pine_needles.bmp
1 49.713402 -18.846210 311.691711 0.616033 0.336523 0.712219 0.507500 0.507500
1 -5.846089 -5.969497 353.663574 0.616033 0.336523 0.712219 0.992500 0.992500
1 12.340693 -39.261936 353.663574 0.616033 0.336523 0.712219 0.507500 0.992500
pine_needles.bmp
1 12.340693 -39.261936 353.663574 -0.616033 -0.336523 -0.712219 0.507500 0.992500
1 -5.846089 -5.969497 353.663574 -0.616033 -0.336523 -0.712219 0.992500 0.992500
1 31.526619 14.446229 311.691711 -0.616033 -0.336523 -0.712219 0.992500 0.507500
pine_needles.bmp
1 12.340693 -39.261936 353.663574 -0.616033 -0.336522 -0.712219 0.507500 0.992500
1 31.526619 14.446229 311.691711 -0.616033 -0.336522 -0.712219 0.992500 0.507500
1 49.713402 -18.846210 311.691711 -0.616033 -0.336522 -0.712219 0.507500 0.507500
pine_needles.bmp
1 63.770588 0.117779 313.311157 0.067476 0.444516 0.893226 0.007500 0.007500
1 22.947483 6.314598 313.311157 0.067476 0.444516 0.893226 0.492500 0.007500
1 15.190563 -44.786049 339.327515 0.067476 0.444516 0.893226 0.492500 0.492500
pine_needles.bmp
1 63.770588 0.117779 313.311157 0.067476 0.444516 0.893226 0.007500 0.007500
1 15.190563 -44.786049 339.327515 0.067476 0.444516 0.893226 0.492500 0.492500
1 56.013668 -50.982868 339.327515 0.067476 0.444516 0.893226 0.007500 0.492500
pine_needles.bmp
1 56.013668 -50.982868 339.327515 -0.067476 -0.444516 -0.893226 0.007500 0.492500
1 15.190563 -44.786049 339.327515 -0.067476 -0.444516 -0.893226 0.492500 0.492500
1 22.947483 6.314598 313.311157 -0.067476 -0.444516 -0.893226 0.492500 0.007500
pine_needles.bmp
1 56.013668 -50.982868 339.327515 -0.067476 -0.444516 -0.893226 0.007500 0.492500
1 22.947483 6.314598 313.311157 -0.067476 -0.444516 -0.893226 0.492500 0.007500
1 63.770588 0.117779 313.311157 -0.067476 -0.444516 -0.893226 0.007500 0.007500
pine_needles.bmp
1 22.988293 1.051224 305.402832 -0.717740 0.108951 0.687735 0.507500 0.507500
1 16.791470 -39.771881 305.402832 -0.717740 0.108951 0.687735 0.992500 0.507500
1 55.972858 -45.719498 347.235840 -0.717740 0.108951 0.687735 0.992500 0.992500
pine_needles.bmp
1 22.988293 1.051224 305.402832 -0.717740 0.108951 0.687735 0.507500 0.507500
1 55.972858 -45.719498 347.235840 -0.717740 0.108951 0.687735 0.992500 0.992500
1 62.169682 -4.896389 347.235840 -0.717740 0.108951 0.687735 0.507500 0.992500
pine_needles.bmp
1 62.169682 -4.896389 347.235840 0.717740 -0.108951 -0.687735 0.507500 0.992500
1 55.972858 -45.719498 347.235840 0.717740 -0.108951 -0.687735 0.992500 0.992500
1 16.791470 -39.771881 305.402832 0.717740 -0.108951 -0.687735 0.992500 0.507500
pine_needles.bmp
1 62.169682 -4.896389 347.235840 0.717740 -0.108951 -0.687735 0.507500 0.992500
1 16.791470 -39.771881 305.402832 0.717740 -0.108951 -0.687735 0.992500 0.507500
1 22.988293 1.051224 305.402832 0.717740 -0.108951 -0.687735 0.507500 0.507500
pine_needles.bmp
1 64.042023 -7.188820 297.096466 -0.263681 0.689226 0.674863 0.007500 0.507500
1 35.069912 -18.272825 297.096466 -0.263681 0.689226 0.674863 0.492500 0.507500
1 50.012981 -57.332016 342.825500 -0.263681 0.689226 0.674863 0.492500 0.992500
pine_needles.bmp
1 64.042023 -7.188820 297.096466 -0.263681 0.689226 0.674863 0.007500 0.507500
1 50.012981 -57.332016 342.825500 -0.263681 0.689226 0.674863 0.492500 0.992500
1 78.985092 -46.248013 342.825500 -0.263681 0.689226 0.674863 0.007500 0.992500
pine_needles.bmp
1 78.985092 -46.248013 342.825500 0.263681 -0.689226 -0.674863 0.007500 0.992500
1 50.012981 -57.332016 342.825500 0.263681 -0.689226 -0.674863 0.492500 0.992500
1 35.069912 -18.272825 297.096466 0.263681 -0.689226 -0.674863 0.492500 0.507500
pine_needles.bmp
1 78.985092 -46.248013 342.825500 0.263681 -0.689226 -0.674863 0.007500 0.992500
1 35.069912 -18.272825 297.096466 0.263681 -0.689226 -0.674863 0.492500 0.507500
1 64.042023 -7.188820 297.096466 0.263681 -0.689226 -0.674863 0.007500 0.507500
pine_needles.bmp
1 35.048843 -24.062614 294.522919 -0.768090 -0.293852 0.568937 0.007500 0.007500
1 46.132843 -53.034729 294.522919 -0.768090 -0.293852 0.568937 0.492500 0.007500
1 79.006165 -40.458221 345.399048 -0.768090 -0.293852 0.568937 0.492500 0.492500
pine_needles.bmp
1 35.048843 -24.062614 294.522919 -0.768090 -0.293852 0.568937 0.007500 0.007500
1 79.006165 -40.458221 345.399048 -0.768090 -0.293852 0.568937 0.492500 0.492500
1 67.922165 -11.486107 345.399048 -0.768090 -0.293852 0.568937 0.007500 0.492500
pine_needles.bmp
1 67.922165 -11.486107 345.399048 0.768090 0.293852 -0.568937 0.007500 0.492500
1 79.006165 -40.458221 345.399048 0.768090 0.293852 -0.568937 0.492500 0.492500
1 46.132843 -53.034729 294.522919 0.768090 0.293852 -0.568937 0.492500 0.007500
pine_needles.bmp
1 67.922165 -11.486107 345.399048 0.768090 0.293852 -0.568937 0.007500 0.492500
1 46.132843 -53.034729 294.522919 0.768090 0.293852 -0.568937 0.492500 0.007500
1 35.048843 -24.062614 294.522919 0.768090 0.293852 -0.568937 0.007500 0.007500
pine_bark.bmp
0 1.403284 0.000000 342.903015 -0.062861 -0.195418 0.978703 0.000000 0.000000
0 1.330318 -2.467286 340.830322 -0.069678 -0.934972 0.347811 0.200000 0.000000
0 36.566006 15.599997 319.569611 0.470707 -0.881462 0.038202 0.200000 0.376099
pine_bark.bmp
0 1.403284 0.000000 342.903015 -0.062861 -0.195418 0.978703 0.000000 0.000000
0 36.566006 15.599997 319.569611 0.470707 -0.881462 0.038202 0.200000 0.376099
0 36.271931 17.368757 321.150543 0.327369 -0.014854 0.944780 0.000000 0.376099
pine_bark.bmp
0 1.330318 -2.467286 340.830322 -0.069678 -0.934972 0.347811 0.200000 0.000000
0 -0.579965 -1.384735 338.587524 -0.639126 -0.684439 -0.350800 0.400000 0.000000
0 35.512764 16.357038 317.670380 -0.010477 -0.483807 -0.875112 0.400000 0.376099
pine_bark.bmp
0 1.330318 -2.467286 340.830322 -0.069678 -0.934972 0.347811 0.200000 0.000000
0 35.512764 16.357038 317.670380 -0.010477 -0.483807 -0.875112 0.400000 0.376099
0 36.566006 15.599997 319.569611 0.470707 -0.881462 0.038202 0.200000 0.376099
pine_bark.bmp
0 -0.579965 -1.384735 338.587524 -0.639126 -0.684439 -0.350800 0.400000 0.000000
0 -1.709786 1.511391 339.047852 -0.960877 0.178995 -0.211368 0.600000 0.000000
0 34.536015 18.486763 317.844452 -0.439735 0.511912 -0.737956 0.600000 0.376099
pine_bark.bmp
0 -0.579965 -1.384735 338.587524 -0.639126 -0.684439 -0.350800 0.400000 0.000000
0 34.536015 18.486763 317.844452 -0.439735 0.511912 -0.737956 0.600000 0.376099
0 35.512764 16.357038 317.670380 -0.010477 -0.483807 -0.875112 0.400000 0.376099
pine_bark.bmp
0 -1.709786 1.511391 339.047852 -0.960877 0.178995 -0.211368 0.600000 0.000000
0 -0.415663 2.399135 341.851318 -0.595767 0.489382 0.636842 0.800000 0.000000
0 35.051105 19.080328 320.079803 -0.276984 0.888572 0.365677 0.800000 0.376099
pine_bark.bmp
0 -1.709786 1.511391 339.047852 -0.960877 0.178995 -0.211368 0.600000 0.000000
0 35.051105 19.080328 320.079803 -0.276984 0.888572 0.365677 0.800000 0.376099
0 34.536015 18.486763 317.844452 -0.439735 0.511912 -0.737956 0.600000 0.376099
pine_bark.bmp
0 -0.415663 2.399135 341.851318 -0.595767 0.489382 0.636842 0.800000 0.000000
0 1.403284 0.000000 342.903015 -0.062861 -0.195418 0.978703 1.000000 0.000000
0 36.271931 17.368757 321.150543 0.327369 -0.014854 0.944780 1.000000 0.376099
pine_bark.bmp
0 -0.415663 2.399135 341.851318 -0.595767 0.489382 0.636842 0.800000 0.000000
0 36.271931 17.368757 321.150543 0.327369 -0.014854 0.944780 1.000000 0.376099
0 35.051105 19.080328 320.079803 -0.276984 0.888572 0.365677 0.800000 0.376099
pine_bark.bmp
0 36.271931 17.368757 321.150543 0.327369 -0.014854 0.944780 0.000000 0.376099
0 36.566006 15.599997 319.569611 0.470707 -0.881462 0.038202 0.200000 0.376099
0 64.985512 31.022621 318.103363 0.900382 -0.421591 0.107578 0.200000 0.646333
pine_bark.bmp
0 36.271931 17.368757 321.150543 0.327369 -0.014854 0.944780 0.000000 0.376099
0 64.985512 31.022621 318.103363 0.900382 -0.421591 0.107578 0.200000 0.646333
0 64.736252 31.579559 318.583588 0.603646 0.204860 0.770483 0.000000 0.646333
pine_bark.bmp
0 36.566006 15.599997 319.569611 0.470707 -0.881462 0.038202 0.200000 0.376099
0 35.512764 16.357038 317.670380 -0.010477 -0.483807 -0.875112 0.400000 0.376099
0 64.841774 31.250734 317.413300 0.694375 -0.094407 -0.713394 0.400000 0.646333
pine_bark.bmp
0 36.566006 15.599997 319.569611 0.470707 -0.881462 0.038202 0.200000 0.376099
0 64.841774 31.250734 317.413300 0.694375 -0.094407 -0.713394 0.400000 0.646333
0 64.985512 31.022621 318.103363 0.900382 -0.421591 0.107578 0.200000 0.646333
pine_bark.bmp
0 35.512764 16.357038 317.670380 -0.010477 -0.483807 -0.875112 0.400000 0.376099
0 34.536015 18.486763 317.844452 -0.439735 0.511912 -0.737956 0.600000 0.376099
0 64.502937 31.941645 317.378448 0.286125 0.725968 -0.625382 0.600000 0.646333
pine_bark.bmp
0 35.512764 16.357038 317.670380 -0.010477 -0.483807 -0.875112 0.400000 0.376099
0 64.502937 31.941645 317.378448 0.286125 0.725968 -0.625382 0.600000 0.646333
0 64.841774 31.250734 317.413300 0.694375 -0.094407 -0.713394 0.400000 0.646333
pine_bark.bmp
0 34.536015 18.486763 317.844452 -0.439735 0.511912 -0.737956 0.600000 0.376099
0 35.051105 19.080328 320.079803 -0.276984 0.888572 0.365677 0.800000 0.376099
0 64.451462 32.118599 318.121429 0.261448 0.916159 0.303806 0.800000 0.646333
pine_bark.bmp
0 34.536015 18.486763 317.844452 -0.439735 0.511912 -0.737956 0.600000 0.376099
0 64.451462 32.118599 318.121429 0.261448 0.916159 0.303806 0.800000 0.646333
0 64.502937 31.941645 317.378448 0.286125 0.725968 -0.625382 0.600000 0.646333
pine_bark.bmp
0 35.051105 19.080328 320.079803 -0.276984 0.888572 0.365677 0.800000 0.376099
0 36.271931 17.368757 321.150543 0.327369 -0.014854 0.944780 1.000000 0.376099
0 64.736252 31.579559 318.583588 0.603646 0.204860 0.770483 1.000000 0.646333
pine_bark.bmp
0 35.051105 19.080328 320.079803 -0.276984 0.888572 0.365677 0.800000 0.376099
0 64.736252 31.579559 318.583588 0.603646 0.204860 0.770483 1.000000 0.646333
0 64.451462 32.118599 318.121429 0.261448 0.916159 0.303806 0.800000 0.646333
pine_bark.bmp
0 1.403284 0.000000 342.903015 -0.062861 -0.195418 0.978703 0.950000 0.500000
0 -0.415663 2.399135 341.851318 -0.595767 0.489382 0.636842 0.639058 0.072025
0 -1.709786 1.511391 339.047852 -0.960877 0.178995 -0.211368 0.135942 0.235497
pine_bark.bmp
0 -1.709786 1.511391 339.047852 -0.960877 0.178995 -0.211368 0.135942 0.235497
0 -0.579965 -1.384735 338.587524 -0.639126 -0.684439 -0.350800 0.135942 0.764503
0 1.330318 -2.467286 340.830322 -0.069678 -0.934972 0.347811 0.639058 0.927975
pine_bark.bmp
0 -1.709786 1.511391 339.047852 -0.960877 0.178995 -0.211368 0.135942 0.235497
0 1.330318 -2.467286 340.830322 -0.069678 -0.934972 0.347811 0.639058 0.927975
0 1.403284 0.000000 342.903015 -0.062861 -0.195418 0.978703 0.950000 0.500000
pine_bark.bmp
0 64.451462 32.118599 318.121429 0.261448 0.916159 0.303806 0.639058 0.072025
0 64.736252 31.579559 318.583588 0.603646 0.204860 0.770483 0.950000 0.500000
0 64.985512 31.022621 318.103363 0.900382 -0.421591 0.107578 0.639058 0.927975
pine_bark.bmp
0 64.985512 31.022621 318.103363 0.900382 -0.421591 0.107578 0.639058 0.927975
0 64.841774 31.250734 317.413300 0.694375 -0.094407 -0.713394 0.135942 0.764503
0 64.502937 31.941645 317.378448 0.286125 0.725968 -0.625382 0.135942 0.235497
pine_bark.bmp
0 64.985512 31.022621 318.103363 0.900382 -0.421591 0.107578 0.639058 0.927975
0 64.502937 31.941645 317.378448 0.286125 0.725968 -0.625382 0.135942 0.235497
0 64.451462 32.118599 318.121429 0.261448 0.916159 0.303806 0.639058 0.072025
pine_needles.bmp
1 11.006071 -12.336145 310.583099 0.352464 -0.729340 0.586372 0.007500 0.507500
1 48.205746 5.641101 310.583099 0.352464 -0.729340 0.586372 0.492500 0.507500
1 34.287403 34.441837 354.772186 0.352464 -0.729340 0.586372 0.492500 0.992500
pine_needles.bmp
1 11.006071 -12.336145 310.583099 0.352464 -0.729340 0.586372 0.007500 0.507500
1 34.287403 34.441837 354.772186 0.352464 -0.729340 0.586372 0.492500 0.992500
1 -2.912275 16.464592 354.772186 0.352464 -0.729340 0.586372 0.007500 0.992500
pine_needles.bmp
1 -2.912275 16.464592 354.772186 -0.352464 0.729340 -0.586372 0.007500 0.992500
1 34.287403 34.441837 354.772186 -0.352464 0.729340 -0.586372 0.492500 0.992500
1 48.205746 5.641101 310.583099 -0.352464 0.729340 -0.586372 0.492500 0.507500
pine_needles.bmp
1 -2.912275 16.464592 354.772186 -0.352464 0.729340 -0.586372 0.007500 0.992500
1 48.205746 5.641101 310.583099 -0.352464 0.729340 -0.586372 0.492500 0.507500
1 11.006071 -12.336145 310.583099 -0.352464 0.729340 -0.586372 0.007500 0.507500
pine_needles.bmp
1 43.426285 -1.848868 308.795624 0.789473 0.381523 0.480804 0.007500 0.507500
1 25.449036 35.350807 308.795624 0.789473 0.381523 0.480804 0.492500 0.507500
1 1.867189 23.954563 356.559662 0.789473 0.381523 0.480804 0.492500 0.992500
pine_needles.bmp
1 43.426285 -1.848868 308.795624 0.789473 0.381523 0.480804 0.007500 0.507500
1 1.867189 23.954563 356.559662 0.789473 0.381523 0.480804 0.492500 0.992500
1 19.844437 -13.245114 356.559662 0.789473 0.381523 0.480804 0.007500 0.992500
pine_needles.bmp
1 19.844437 -13.245114 356.559662 -0.789473 -0.381523 -0.480804 0.007500 0.992500
1 1.867189 23.954563 356.559662 -0.789473 -0.381523 -0.480804 0.492500 0.992500
1 25.449036 35.350807 308.795624 -0.789473 -0.381523 -0.480804 0.492500 0.507500
pine_needles.bmp
1 19.844437 -13.245114 356.559662 -0.789473 -0.381523 -0.480804 0.007500 0.992500
1 25.449036 35.350807 308.795624 -0.789473 -0.381523 -0.480804 0.492500 0.507500
1 43.426285 -1.848868 308.795624 -0.789473 -0.381523 -0.480804 0.007500 0.507500
pine_needles.bmp
1 61.762352 6.613366 303.196838 0.767962 0.118252 0.629484 0.007500 0.007500
1 56.794106 38.878544 303.196838 0.767962 0.118252 0.629484 0.492500 0.007500
1 19.765894 33.176876 349.441833 0.767962 0.118252 0.629484 0.492500 0.492500
pine_needles.bmp
1 61.762352 6.613366 303.196838 0.767962 0.118252 0.629484 0.007500 0.007500
1 19.765894 33.176876 349.441833 0.767962 0.118252 0.629484 0.492500 0.492500
1 24.734140 0.911701 349.441833 0.767962 0.118252 0.629484 0.007500 0.492500
pine_needles.bmp
1 24.734140 0.911701 349.441833 -0.767962 -0.118252 -0.629484 0.007500 0.492500
1 19.765894 33.176876 349.441833 -0.767962 -0.118252 -0.629484 0.492500 0.492500
1 56.794106 38.878544 303.196838 -0.767962 -0.118252 -0.629484 0.492500 0.007500
pine_needles.bmp
1 24.734140 0.911701 349.441833 -0.767962 -0.118252 -0.629484 0.007500 0.492500
1 56.794106 38.878544 303.196838 -0.767962 -0.118252 -0.629484 0.492500 0.007500
1 61.762352 6.613366 303.196838 -0.767962 -0.118252 -0.629484 0.007500 0.007500
pine_needles.bmp
1 53.715599 43.038296 305.087250 -0.108452 0.704315 0.701555 0.507500 0.507500
1 21.450418 38.070049 305.087250 -0.108452 0.704315 0.701555 0.992500 0.507500
1 27.812647 -3.248051 347.551422 -0.108452 0.704315 0.701555 0.992500 0.992500
pine_needles.bmp
1 53.715599 43.038296 305.087250 -0.108452 0.704315 0.701555 0.507500 0.507500
1 27.812647 -3.248051 347.551422 -0.108452 0.704315 0.701555 0.992500 0.992500
1 60.077827 1.720196 347.551422 -0.108452 0.704315 0.701555 0.507500 0.992500
pine_needles.bmp
1 60.077827 1.720196 347.551422 0.108452 -0.704315 -0.701555 0.507500 0.992500
1 27.812647 -3.248051 347.551422 0.108452 -0.704315 -0.701555 0.992500 0.992500
1 21.450418 38.070049 305.087250 0.108452 -0.704315 -0.701555 0.992500 0.507500
pine_needles.bmp
1 60.077827 1.720196 347.551422 0.108452 -0.704315 -0.701555 0.507500 0.992500
1 21.450418 38.070049 305.087250 0.108452 -0.704315 -0.701555 0.992500 0.507500
1 53.715599 43.038296 305.087250 0.108452 -0.704315 -0.701555 0.507500 0.507500
pine_needles.bmp
1 40.177715 50.416611 300.734131 -0.691031 0.043697 0.721503 0.507500 0.507500
1 37.595867 9.586908 300.734131 -0.691031 0.043697 0.721503 0.992500 0.507500
1 77.585312 7.058192 339.187836 -0.691031 0.043697 0.721503 0.992500 0.992500
pine_needles.bmp
1 40.177715 50.416611 300.734131 -0.691031 0.043697 0.721503 0.507500 0.507500
1 77.585312 7.058192 339.187836 -0.691031 0.043697 0.721503 0.992500 0.992500
1 80.167160 47.887894 339.187836 -0.691031 0.043697 0.721503 0.507500 0.992500
pine_needles.bmp
1 80.167160 47.887894 339.187836 0.691031 -0.043697 -0.721503 0.507500 0.992500
1 77.585312 7.058192 339.187836 0.691031 -0.043697 -0.721503 0.992500 0.992500
1 37.595867 9.586908 300.734131 0.691031 -0.043697 -0.721503 0.992500 0.507500
pine_needles.bmp
1 80.167160 47.887894 339.187836 0.691031 -0.043697 -0.721503 0.507500 0.992500
1 37.595867 9.586908 300.734131 0.691031 -0.043697 -0.721503 0.992500 0.507500
1 40.177715 50.416611 300.734131 0.691031 -0.043697 -0.721503 0.507500 0.507500
pine_needles.bmp
1 37.113575 8.630493 302.273956 -0.040159 -0.635084 0.771399 0.007500 0.507500
1 77.943283 6.048645 302.273956 -0.040159 -0.635084 0.771399 0.492500 0.507500
1 80.649445 48.844307 337.648010 -0.040159 -0.635084 0.771399 0.492500 0.992500
pine_needles.bmp
1 37.113575 8.630493 302.273956 -0.040159 -0.635084 0.771399 0.007500 0.507500
1 80.649445 48.844307 337.648010 -0.040159 -0.635084 0.771399 0.492500 0.992500
1 39.819744 51.426155 337.648010 -0.040159 -0.635084 0.771399 0.007500 0.992500
pine_needles.bmp
1 39.819744 51.426155 337.648010 0.040159 0.635084 -0.771399 0.007500 0.992500
1 80.649445 48.844307 337.648010 0.040159 0.635084 -0.771399 0.492500 0.992500
1 77.943283 6.048645 302.273956 0.040159 0.635084 -0.771399 0.492500 0.507500
pine_needles.bmp
1 39.819744 51.426155 337.648010 0.040159 0.635084 -0.771399 0.007500 0.992500
1 77.943283 6.048645 302.273956 0.040159 0.635084 -0.771399 0.492500 0.507500
1 37.113575 8.630493 302.273956 0.040159 0.635084 -0.771399 0.007500 0.507500
pine_bark.bmp
0 2.369686 0.000000 341.903259 0.512679 -0.452668 0.729556 0.000000 0.000000
0 1.835199 -1.461081 339.096832 0.415397 -0.900191 -0.130774 0.200000 0.000000
0 13.493501 36.983059 318.399841 0.777485 -0.380822 -0.500492 0.200000 0.376099
pine_bark.bmp
0 2.369686 0.000000 341.903259 0.512679 -0.452668 0.729556 0.000000 0.000000
0 13.493501 36.983059 318.399841 0.777485 -0.380822 -0.500492 0.200000 0.376099
0 13.315301 37.793926 320.627319 0.749845 -0.033956 0.660742 0.000000 0.376099
pine_bark.bmp
0 1.835199 -1.461081 339.096832 0.415397 -0.900191 -0.130774 0.200000 0.000000
0 -1.210192 -0.820014 338.559784 -0.471735 -0.790758 -0.390086 0.400000 0.000000
0 11.394325 37.330116 317.486572 -0.183653 -0.192677 -0.963923 0.400000 0.376099
pine_bark.bmp
0 1.835199 -1.461081 339.096832 0.415397 -0.900191 -0.130774 0.200000 0.000000
0 11.394325 37.330116 317.486572 -0.183653 -0.192677 -0.963923 0.400000 0.376099
0 13.493501 36.983059 318.399841 0.777485 -0.380822 -0.500492 0.200000 0.376099
pine_bark.bmp
0 -1.210192 -0.820014 338.559784 -0.471735 -0.790758 -0.390086 0.400000 0.000000
0 -2.635331 0.895018 340.747314 -0.931543 -0.273112 0.240080 0.600000 0.000000
0 9.821522 38.306461 318.915253 -0.918812 0.272197 -0.285821 0.600000 0.376099
pine_bark.bmp
0 -1.210192 -0.820014 338.559784 -0.471735 -0.790758 -0.390086 0.400000 0.000000
0 9.821522 38.306461 318.915253 -0.918812 0.272197 -0.285821 0.600000 0.376099
0 11.394325 37.330116 317.486572 -0.183653 -0.192677 -0.963923 0.400000 0.376099
pine_bark.bmp
0 -2.635331 0.895018 340.747314 -0.931543 -0.273112 0.240080 0.600000 0.000000
0 -0.302007 1.420723 342.911469 -0.302940 -0.060786 0.951069 0.800000 0.000000
0 11.100571 38.578575 320.898163 -0.403801 0.409370 0.818145 0.800000 0.376099
pine_bark.bmp
0 -2.635331 0.895018 340.747314 -0.931543 -0.273112 0.240080 0.600000 0.000000
0 11.100571 38.578575 320.898163 -0.403801 0.409370 0.818145 0.800000 0.376099
0 9.821522 38.306461 318.915253 -0.918812 0.272197 -0.285821 0.600000 0.376099
pine_bark.bmp
0 -0.302007 1.420723 342.911469 -0.302940 -0.060786 0.951069 0.800000 0.000000
0 2.369686 0.000000 341.903259 0.512679 -0.452668 0.729556 1.000000 0.000000
0 13.315301 37.793926 320.627319 0.749845 -0.033956 0.660742 1.000000 0.376099
pine_bark.bmp
0 -0.302007 1.420723 342.911469 -0.302940 -0.060786 0.951069 0.800000 0.000000
0 13.315301 37.793926 320.627319 0.749845 -0.033956 0.660742 1.000000 0.376099
0 11.100571 38.578575 320.898163 -0.403801 0.409370 0.818145 0.800000 0.376099
pine_bark.bmp
0 13.315301 37.793926 320.627319 0.749845 -0.033956 0.660742 0.000000 0.376099
0 13.493501 36.983059 318.399841 0.777485 -0.380822 -0.500492 0.200000 0.376099
0 22.109034 68.529610 318.033478 0.891704 0.358788 -0.275926 0.200000 0.646333
pine_bark.bmp
0 13.315301 37.793926 320.627319 0.749845 -0.033956 0.660742 0.000000 0.376099
0 22.109034 68.529610 318.033478 0.891704 0.358788 -0.275926 0.200000 0.646333
0 21.589437 68.716225 318.577911 0.611393 0.471550 0.635484 0.000000 0.646333
pine_bark.bmp
0 13.493501 36.983059 318.399841 0.777485 -0.380822 -0.500492 0.200000 0.376099
0 11.394325 37.330116 317.486572 -0.183653 -0.192677 -0.963923 0.400000 0.376099
0 21.771938 68.606041 317.377258 0.197968 0.543971 -0.815417 0.400000 0.646333
pine_bark.bmp
0 13.493501 36.983059 318.399841 0.777485 -0.380822 -0.500492 0.200000 0.376099
0 21.771938 68.606041 317.377258 0.197968 0.543971 -0.815417 0.400000 0.646333
0 22.109034 68.529610 318.033478 0.891704 0.358788 -0.275926 0.200000 0.646333
pine_bark.bmp
0 11.394325 37.330116 317.486572 -0.183653 -0.192677 -0.963923 0.400000 0.376099
0 9.821522 38.306461 318.915253 -0.918812 0.272197 -0.285821 0.600000 0.376099
0 21.038979 68.837547 317.427490 -0.529203 0.791383 -0.306035 0.600000 0.646333
pine_bark.bmp
0 11.394325 37.330116 317.486572 -0.183653 -0.192677 -0.963923 0.400000 0.376099
0 21.038979 68.837547 317.427490 -0.529203 0.791383 -0.306035 0.600000 0.646333
0 21.771938 68.606041 317.377258 0.197968 0.543971 -0.815417 0.400000 0.646333
pine_bark.bmp
0 9.821522 38.306461 318.915253 -0.918812 0.272197 -0.285821 0.600000 0.376099
0 11.100571 38.578575 320.898163 -0.403801 0.409370 0.818145 0.800000 0.376099
0 20.956627 68.896843 318.185822 -0.253100 0.757350 0.601965 0.800000 0.646333
pine_bark.bmp
0 9.821522 38.306461 318.915253 -0.918812 0.272197 -0.285821 0.600000 0.376099
0 20.956627 68.896843 318.185822 -0.253100 0.757350 0.601965 0.800000 0.646333
0 21.038979 68.837547 317.427490 -0.529203 0.791383 -0.306035 0.600000 0.646333
pine_bark.bmp
0 11.100571 38.578575 320.898163 -0.403801 0.409370 0.818145 0.800000 0.376099
0 13.315301 37.793926 320.627319 0.749845 -0.033956 0.660742 1.000000 0.376099
0 21.589437 68.716225 318.577911 0.611393 0.471550 0.635484 1.000000 0.646333
pine_bark.bmp
0 11.100571 38.578575 320.898163 -0.403801 0.409370 0.818145 0.800000 0.376099
0 21.589437 68.716225 318.577911 0.611393 0.471550 0.635484 1.000000 0.646333
0 20.956627 68.896843 318.185822 -0.253100 0.757350 0.601965 0.800000 0.646333
pine_bark.bmp
0 2.369686 0.000000 341.903259 0.512679 -0.452668 0.729556 0.950000 0.500000
0 -0.302007 1.420723 342.911469 -0.302940 -0.060786 0.951069 0.639058 0.072025
0 -2.635331 0.895018 340.747314 -0.931543 -0.273112 0.240080 0.135942 0.235497
pine_bark.bmp
0 -2.635331 0.895018 340.747314 -0.931543 -0.273112 0.240080 0.135942 0.235497
0 -1.210192 -0.820014 338.559784 -0.471735 -0.790758 -0.390086 0.135942 0.764503
0 1.835199 -1.461081 339.096832 0.415397 -0.900191 -0.130774 0.639058 0.927975
pine_bark.bmp
0 -2.635331 0.895018 340.747314 -0.931543 -0.273112 0.240080 0.135942 0.235497
0 1.835199 -1.461081 339.096832 0.415397 -0.900191 -0.130774 0.639058 0.927975
0 2.369686 0.000000 341.903259 0.512679 -0.452668 0.729556 0.950000 0.500000
pine_bark.bmp
0 20.956627 68.896843 318.185822 -0.253100 0.757350 0.601965 0.639058 0.072025
0 21.589437 68.716225 318.577911 0.611393 0.471550 0.635484 0.950000 0.500000
0 22.109034 68.529610 318.033478 0.891704 0.358788 -0.275926 0.639058 0.927975
pine_bark.bmp
0 22.109034 68.529610 318.033478 0.891704 0.358788 -0.275926 0.639058 0.927975
0 21.771938 68.606041 317.377258 0.197968 0.543971 -0.815417 0.135942 0.764503
0 21.038979 68.837547 317.427490 -0.529203 0.791383 -0.306035 0.135942 0.235497
pine_bark.bmp
0 22.109034 68.529610 318.033478 0.891704 0.358788 -0.275926 0.639058 0.927975
0 21.038979 68.837547 317.427490 -0.529203 0.791383 -0.306035 0.135942 0.235497
0 20.956627 68.896843 318.185822 -0.253100 0.757350 0.601965 0.639058 0.072025
pine_needles.bmp
1 36.421543 24.724110 310.197998 0.491879 0.579629 0.649681 0.507500 0.007500
1 3.486463 52.673134 310.197998 0.491879 0.579629 0.649681 0.992500 0.007500
1 -21.374310 23.377249 355.157288 0.491879 0.579629 0.649681 0.992500 0.492500
pine_needles.bmp
1 36.421543 24.724110 310.197998 0.491879 0.579629 0.649681 0.507500 0.007500
1 -21.374310 23.377249 355.157288 0.491879 0.579629 0.649681 0.992500 0.492500
1 11.560771 -4.571777 355.157288 0.491879 0.579629 0.649681 0.507500 0.492500
pine_needles.bmp
1 11.560771 -4.571777 355.157288 -0.491879 -0.579629 -0.649681 0.507500 0.492500
1 -21.374310 23.377249 355.157288 -0.491879 -0.579629 -0.649681 0.992500 0.492500
1 3.486463 52.673134 310.197998 -0.491879 -0.579629 -0.649681 0.992500 0.007500
pine_needles.bmp
1 11.560771 -4.571777 355.157288 -0.491878 -0.579629 -0.649681 0.507500 0.492500
1 3.486463 52.673134 310.197998 -0.491878 -0.579629 -0.649681 0.992500 0.007500
1 36.421543 24.724110 310.197998 -0.491878 -0.579629 -0.649681 0.507500 0.007500
pine_needles.bmp
1 7.249538 52.609711 309.771637 -0.590791 0.501351 0.632150 0.507500 0.007500
1 -20.699490 19.674633 309.771637 -0.590791 0.501351 0.632150 0.992500 0.007500
1 7.797696 -4.508354 355.583649 -0.590791 0.501351 0.632150 0.992500 0.492500
pine_needles.bmp
1 7.249538 52.609711 309.771637 -0.590791 0.501351 0.632150 0.507500 0.007500
1 7.797696 -4.508354 355.583649 -0.590791 0.501351 0.632150 0.992500 0.492500
1 35.746723 28.426725 355.583649 -0.590791 0.501351 0.632150 0.507500 0.492500
pine_needles.bmp
1 35.746723 28.426725 355.583649 0.590791 -0.501351 -0.632150 0.507500 0.492500
1 7.797696 -4.508354 355.583649 0.590791 -0.501351 -0.632150 0.992500 0.492500
1 -20.699490 19.674633 309.771637 0.590791 -0.501351 -0.632150 0.992500 0.007500
pine_needles.bmp
1 35.746723 28.426725 355.583649 0.590791 -0.501351 -0.632150 0.507500 0.492500
1 -20.699490 19.674633 309.771637 0.590791 -0.501351 -0.632150 0.992500 0.007500
1 7.249538 52.609711 309.771637 0.590791 -0.501351 -0.632150 0.507500 0.007500
pine_needles.bmp
1 -20.162746 43.221252 311.515015 -0.383219 -0.299082 0.873895 0.507500 0.007500
1 5.286469 10.612684 311.515015 -0.383219 -0.299082 0.873895 0.992500 0.007500
1 47.247765 43.361191 341.123657 -0.383219 -0.299082 0.873895 0.992500 0.492500
pine_needles.bmp
1 -20.162746 43.221252 311.515015 -0.383219 -0.299082 0.873895 0.507500 0.007500
1 47.247765 43.361191 341.123657 -0.383219 -0.299082 0.873895 0.992500 0.492500
1 21.798550 75.969757 341.123657 -0.383219 -0.299082 0.873895 0.507500 0.492500
pine_needles.bmp
1 21.798550 75.969757 341.123657 0.383219 0.299082 -0.873895 0.507500 0.492500
1 47.247765 43.361191 341.123657 0.383219 0.299082 -0.873895 0.992500 0.492500
1 5.286469 10.612684 311.515015 0.383219 0.299082 -0.873895 0.992500 0.007500
pine_needles.bmp
1 21.798550 75.969757 341.123657 0.383219 0.299082 -0.873895 0.507500 0.492500
1 5.286469 10.612684 311.515015 0.383219 0.299082 -0.873895 0.992500 0.007500
1 -20.162746 43.221252 311.515015 0.383219 0.299082 -0.873895 0.507500 0.007500
pine_needles.bmp
1 10.734140 13.274036 305.329437 0.425359 -0.545021 0.722511 0.507500 0.007500
1 43.342709 38.723251 305.329437 0.425359 -0.545021 0.722511 0.992500 0.007500
1 16.350880 73.308411 347.309235 0.425359 -0.545021 0.722511 0.992500 0.492500
pine_needles.bmp
1 10.734140 13.274036 305.329437 0.425359 -0.545021 0.722511 0.507500 0.007500
1 16.350880 73.308411 347.309235 0.425359 -0.545021 0.722511 0.992500 0.492500
1 -16.257690 47.859192 347.309235 0.425359 -0.545021 0.722511 0.507500 0.492500
pine_needles.bmp
1 -16.257690 47.859192 347.309235 -0.425359 0.545021 -0.722511 0.507500 0.492500
1 16.350880 73.308411 347.309235 -0.425359 0.545021 -0.722511 0.992500 0.492500
1 43.342709 38.723251 305.329437 -0.425359 0.545021 -0.722511 0.992500 0.007500
pine_needles.bmp
1 -16.257690 47.859192 347.309235 -0.425359 0.545021 -0.722511 0.507500 0.492500
1 43.342709 38.723251 305.329437 -0.425359 0.545021 -0.722511 0.992500 0.007500
1 10.734140 13.274036 305.329437 -0.425359 0.545021 -0.722511 0.507500 0.007500
pine_needles.bmp
1 10.157578 37.811192 295.508484 0.487111 -0.700801 0.521153 0.007500 0.507500
1 46.009445 62.731030 295.508484 0.487111 -0.700801 0.521153 0.492500 0.507500
1 28.965225 87.252342 344.413483 0.487111 -0.700801 0.521153 0.492500 0.992500
pine_needles.bmp
1 10.157578 37.811192 295.508484 0.487111 -0.700801 0.521153 0.007500 0.507500
1 28.965225 87.252342 344.413483 0.487111 -0.700801 0.521153 0.492500 0.992500
1 -6.886640 62.332500 344.413483 0.487111 -0.700801 0.521153 0.007500 0.992500
pine_needles.bmp
1 -6.886640 62.332500 344.413483 -0.487111 0.700801 -0.521153 0.007500 0.992500
1 28.965225 87.252342 344.413483 -0.487111 0.700801 -0.521153 0.492500 0.992500
1 46.009445 62.731030 295.508484 -0.487111 0.700801 -0.521153 0.492500 0.507500
pine_needles.bmp
1 -6.886640 62.332500 344.413483 -0.487111 0.700801 -0.521153 0.007500 0.992500
1 46.009445 62.731030 295.508484 -0.487111 0.700801 -0.521153 0.492500 0.507500
1 10.157578 37.811192 295.508484 -0.487111 0.700801 -0.521153 0.007500 0.507500
pine_needles.bmp
1 51.998497 58.491520 304.524933 0.439908 0.305771 0.844384 0.507500 0.507500
1 27.078655 94.343391 304.524933 0.439908 0.305771 0.844384 0.992500 0.507500
1 -12.875687 66.572014 335.397034 0.439908 0.305771 0.844384 0.992500 0.992500
pine_needles.bmp
1 51.998497 58.491520 304.524933 0.439908 0.305771 0.844384 0.507500 0.507500
1 -12.875687 66.572014 335.397034 0.439908 0.305771 0.844384 0.992500 0.992500
1 12.044153 30.720142 335.397034 0.439908 0.305771 0.844384 0.507500 0.992500
pine_needles.bmp
1 12.044153 30.720142 335.397034 -0.439908 -0.305771 -0.844384 0.507500 0.992500
1 -12.875687 66.572014 335.397034 -0.439908 -0.305771 -0.844384 0.992500 0.992500
1 27.078655 94.343391 304.524933 -0.439908 -0.305771 -0.844384 0.992500 0.507500
pine_needles.bmp
1 12.044153 30.720142 335.397034 -0.439908 -0.305771 -0.844384 0.507500 0.992500
1 27.078655 94.343391 304.524933 -0.439908 -0.305771 -0.844384 0.992500 0.507500
1 51.998497 58.491520 304.524933 -0.439908 -0.305771 -0.844384 0.507500 0.507500
pine_bark.bmp
0 1.502281 0.000000 378.220093 0.915916 -0.263895 -0.302420 0.000000 0.000000
0 -0.278606 -2.213830 378.920013 0.297595 -0.954404 -0.023459 0.200000 0.000000
0 -28.243338 13.618979 357.815430 -0.270550 -0.803732 -0.529921 0.200000 0.319760
pine_bark.bmp
0 1.502281 0.000000 378.220093 0.915916 -0.263895 -0.302420 0.000000 0.000000
0 -28.243338 13.618979 357.815430 -0.270550 -0.803732 -0.529921 0.200000 0.319760
0 -26.860344 15.357351 356.908173 0.350346 0.036331 -0.935915 0.000000 0.319760
pine_bark.bmp
0 -0.278606 -2.213830 378.920013 0.297595 -0.954404 -0.023459 0.200000 0.000000
0 -1.576541 -1.242486 381.240387 -0.117061 -0.643016 0.756854 0.400000 0.000000
0 -28.801323 14.363014 359.913971 -0.572077 -0.590923 0.568803 0.400000 0.319760
pine_bark.bmp
0 -0.278606 -2.213830 378.920013 0.297595 -0.954404 -0.023459 0.200000 0.000000
0 -28.801323 14.363014 359.913971 -0.572077 -0.590923 0.568803 0.400000 0.319760
0 -28.243338 13.618979 357.815430 -0.270550 -0.803732 -0.529921 0.200000 0.319760
pine_bark.bmp
0 -1.576541 -1.242486 381.240387 -0.117061 -0.643016 0.756854 0.400000 0.000000
0 -0.787332 1.356131 382.063080 0.181593 0.213479 0.959922 0.600000 0.000000
0 -27.908180 16.456150 360.491302 -0.067847 0.538906 0.839629 0.600000 0.319760
pine_bark.bmp
0 -1.576541 -1.242486 381.240387 -0.117061 -0.643016 0.756854 0.400000 0.000000
0 -27.908180 16.456150 360.491302 -0.067847 0.538906 0.839629 0.600000 0.319760
0 -28.801323 14.363014 359.913971 -0.572077 -0.590923 0.568803 0.400000 0.319760
pine_bark.bmp
0 -0.787332 1.356131 382.063080 0.181593 0.213479 0.959922 0.600000 0.000000
0 1.210753 2.152680 380.096130 0.841620 0.455608 0.289995 0.800000 0.000000
0 -26.683006 17.039516 358.540924 0.490347 0.845534 -0.211261 0.800000 0.319760
pine_bark.bmp
0 -0.787332 1.356131 382.063080 0.181593 0.213479 0.959922 0.600000 0.000000
0 -26.683006 17.039516 358.540924 0.490347 0.845534 -0.211261 0.800000 0.319760
0 -27.908180 16.456150 360.491302 -0.067847 0.538906 0.839629 0.600000 0.319760
pine_bark.bmp
0 1.210753 2.152680 380.096130 0.841620 0.455608 0.289995 0.800000 0.000000
0 1.502281 0.000000 378.220093 0.915916 -0.263895 -0.302420 1.000000 0.000000
0 -26.860344 15.357351 356.908173 0.350346 0.036331 -0.935915 1.000000 0.319760
pine_bark.bmp
0 1.210753 2.152680 380.096130 0.841620 0.455608 0.289995 0.800000 0.000000
0 -26.860344 15.357351 356.908173 0.350346 0.036331 -0.935915 1.000000 0.319760
0 -26.683006 17.039516 358.540924 0.490347 0.845534 -0.211261 0.800000 0.319760
pine_bark.bmp
0 -26.860344 15.357351 356.908173 0.350346 0.036331 -0.935915 0.000000 0.319760
0 -28.243338 13.618979 357.815430 -0.270550 -0.803732 -0.529921 0.200000 0.319760
0 -50.666981 27.380301 357.194031 -0.867904 -0.324346 -0.376221 0.200000 0.536052
pine_bark.bmp
0 -26.860344 15.357351 356.908173 0.350346 0.036331 -0.935915 0.000000 0.319760
0 -50.666981 27.380301 357.194031 -0.867904 -0.324346 -0.376221 0.200000 0.536052
0 -50.339363 27.922457 356.744171 -0.424833 0.382462 -0.820512 0.000000 0.536052
pine_bark.bmp
0 -28.243338 13.618979 357.815430 -0.270550 -0.803732 -0.529921 0.200000 0.319760
0 -28.801323 14.363014 359.913971 -0.572077 -0.590923 0.568803 0.400000 0.319760
0 -50.586239 27.602360 357.895905 -0.836373 -0.172593 0.520281 0.400000 0.536052
pine_bark.bmp
0 -28.243338 13.618979 357.815430 -0.270550 -0.803732 -0.529921 0.200000 0.319760
0 -50.586239 27.602360 357.895905 -0.836373 -0.172593 0.520281 0.400000 0.536052
0 -50.666981 27.380301 357.194031 -0.867904 -0.324346 -0.376221 0.200000 0.536052
pine_bark.bmp
0 -28.801323 14.363014 359.913971 -0.572077 -0.590923 0.568803 0.400000 0.319760
0 -27.908180 16.456150 360.491302 -0.067847 0.538906 0.839629 0.600000 0.319760
0 -50.217815 28.274931 357.967957 -0.388338 0.619641 0.682084 0.600000 0.536052
pine_bark.bmp
0 -28.801323 14.363014 359.913971 -0.572077 -0.590923 0.568803 0.400000 0.319760
0 -50.217815 28.274931 357.967957 -0.388338 0.619641 0.682084 0.600000 0.536052
0 -50.586239 27.602360 357.895905 -0.836373 -0.172593 0.520281 0.400000 0.536052
pine_bark.bmp
0 -27.908180 16.456150 360.491302 -0.067847 0.538906 0.839629 0.600000 0.319760
0 -26.683006 17.039516 358.540924 0.490347 0.845534 -0.211261 0.800000 0.319760
0 -50.078140 28.447189 357.235046 -0.172841 0.970031 -0.170779 0.800000 0.536052
pine_bark.bmp
0 -27.908180 16.456150 360.491302 -0.067847 0.538906 0.839629 0.600000 0.319760
0 -50.078140 28.447189 357.235046 -0.172841 0.970031 -0.170779 0.800000 0.536052
0 -50.217815 28.274931 357.967957 -0.388338 0.619641 0.682084 0.600000 0.536052
pine_bark.bmp
0 -26.683006 17.039516 358.540924 0.490347 0.845534 -0.211261 0.800000 0.319760
0 -26.860344 15.357351 356.908173 0.350346 0.036331 -0.935915 1.000000 0.319760
0 -50.339363 27.922457 356.744171 -0.424833 0.382462 -0.820512 1.000000 0.536052
pine_bark.bmp
0 -26.683006 17.039516 358.540924 0.490347 0.845534 -0.211261 0.800000 0.319760
0 -50.339363 27.922457 356.744171 -0.424833 0.382462 -0.820512 1.000000 0.536052
0 -50.078140 28.447189 357.235046 -0.172841 0.970031 -0.170779 0.800000 0.536052
pine_bark.bmp
0 1.502281 0.000000 378.220093 0.915916 -0.263895 -0.302420 0.950000 0.500000
0 1.210753 2.152680 380.096130 0.841620 0.455608 0.289995 0.639058 0.072025
0 -0.787332 1.356131 382.063080 0.181593 0.213479 0.959922 0.135942 0.235497
pine_bark.bmp
0 -0.787332 1.356131 382.063080 0.181593 0.213479 0.959922 0.135942 0.235497
0 -1.576541 -1.242486 381.240387 -0.117061 -0.643016 0.756854 0.135942 0.764503
0 -0.278606 -2.213830 378.920013 0.297595 -0.954404 -0.023459 0.639058 0.927975
pine_bark.bmp
0 -0.787332 1.356131 382.063080 0.181593 0.213479 0.959922 0.135942 0.235497
0 -0.278606 -2.213830 378.920013 0.297595 -0.954404 -0.023459 0.639058 0.927975
0 1.502281 0.000000 378.220093 0.915916 -0.263895 -0.302420 0.950000 0.500000
pine_bark.bmp
0 -50.078140 28.447189 357.235046 -0.172841 0.970031 -0.170779 0.639058 0.072025
0 -50.339363 27.922457 356.744171 -0.424833 0.382462 -0.820512 0.950000 0.500000
0 -50.666981 27.380301 357.194031 -0.867904 -0.324346 -0.376221 0.639058 0.927975
pine_bark.bmp
0 -50.666981 27.380301 357.194031 -0.867904 -0.324346 -0.376221 0.639058 0.927975
0 -50.586239 27.602360 357.895905 -0.836373 -0.172593 0.520281 0.135942 0.764503
0 -50.217815 28.274931 357.967957 -0.388338 0.619641 0.682084 0.135942 0.235497
pine_bark.bmp
0 -50.666981 27.380301 357.194031 -0.867904 -0.324346 -0.376221 0.639058 0.927975
0 -50.217815 28.274931 357.967957 -0.388338 0.619641 0.682084 0.135942 0.235497
0 -50.078140 28.447189 357.235046 -0.172841 0.970031 -0.170779 0.639058 0.072025
pine_needles.bmp
1 -39.983276 5.053571 350.969757 -0.400632 -0.709121 0.580208 0.507500 0.507500
1 -10.140445 -11.806714 350.969757 -0.400632 -0.709121 0.580208 0.992500 0.507500
1 4.717607 14.492150 393.371246 -0.400632 -0.709121 0.580208 0.992500 0.992500
pine_needles.bmp
1 -39.983276 5.053571 350.969757 -0.400632 -0.709121 0.580208 0.507500 0.507500
1 4.717607 14.492150 393.371246 -0.400632 -0.709121 0.580208 0.992500 0.992500
1 -25.125227 31.352436 393.371246 -0.400632 -0.709121 0.580208 0.507500 0.992500
pine_needles.bmp
1 -25.125227 31.352436 393.371246 0.400632 0.709121 -0.580208 0.507500 0.992500
1 4.717607 14.492150 393.371246 0.400632 0.709121 -0.580208 0.992500 0.992500
1 -10.140445 -11.806714 350.969757 0.400632 0.709121 -0.580208 0.992500 0.507500
pine_needles.bmp
1 -25.125227 31.352436 393.371246 0.400632 0.709121 -0.580208 0.507500 0.992500
1 -10.140445 -11.806714 350.969757 0.400632 0.709121 -0.580208 0.992500 0.507500
1 -39.983276 5.053571 350.969757 0.400632 0.709121 -0.580208 0.507500 0.507500
pine_needles.bmp
1 -13.195026 -12.418552 350.748810 0.716640 -0.404880 0.567890 0.007500 0.007500
1 3.665257 17.424280 350.748810 0.716640 -0.404880 0.567890 0.492500 0.007500
1 -22.070644 31.964273 393.592194 0.716640 -0.404880 0.567890 0.492500 0.492500
pine_needles.bmp
1 -13.195026 -12.418552 350.748810 0.716640 -0.404880 0.567890 0.007500 0.007500
1 -22.070644 31.964273 393.592194 0.716640 -0.404880 0.567890 0.492500 0.492500
1 -38.930927 2.121441 393.592194 0.716640 -0.404880 0.567890 0.007500 0.492500
pine_needles.bmp
1 -38.930927 2.121441 393.592194 -0.716640 0.404880 -0.567890 0.007500 0.492500
1 -22.070644 31.964273 393.592194 -0.716640 0.404880 -0.567890 0.492500 0.492500
1 3.665257 17.424280 350.748810 -0.716640 0.404880 -0.567890 0.492500 0.007500
pine_needles.bmp
1 -38.930927 2.121441 393.592194 -0.716640 0.404880 -0.567890 0.007500 0.492500
1 3.665257 17.424280 350.748810 -0.716640 0.404880 -0.567890 0.492500 0.007500
1 -13.195026 -12.418552 350.748810 -0.716640 0.404880 -0.567890 0.007500 0.007500
pine_needles.bmp
1 -22.695019 -1.990850 337.511292 0.891974 -0.184516 0.412718 0.007500 0.507500
1 -15.668175 31.977791 337.511292 0.891974 -0.184516 0.412718 0.492500 0.507500
1 -40.783180 37.173149 394.113007 0.891974 -0.184516 0.412718 0.492500 0.992500
pine_needles.bmp
1 -22.695019 -1.990850 337.511292 0.891974 -0.184516 0.412718 0.007500 0.507500
1 -40.783180 37.173149 394.113007 0.891974 -0.184516 0.412718 0.492500 0.992500
1 -47.810024 3.204507 394.113007 0.891974 -0.184516 0.412718 0.007500 0.992500
pine_needles.bmp
1 -47.810024 3.204507 394.113007 -0.891974 0.184516 -0.412718 0.007500 0.992500
1 -40.783180 37.173149 394.113007 -0.891974 0.184516 -0.412718 0.492500 0.992500
1 -15.668175 31.977791 337.511292 -0.891974 0.184516 -0.412718 0.492500 0.507500
pine_needles.bmp
1 -47.810024 3.204507 394.113007 -0.891974 0.184516 -0.412718 0.007500 0.992500
1 -15.668175 31.977791 337.511292 -0.891974 0.184516 -0.412718 0.492500 0.507500
1 -22.695019 -1.990850 337.511292 -0.891974 0.184516 -0.412718 0.007500 0.507500
pine_needles.bmp
1 -10.879598 32.810844 341.225403 0.159881 0.772884 0.614075 0.007500 0.007500
1 -44.848236 39.837685 341.225403 0.159881 0.772884 0.614075 0.492500 0.007500
1 -52.598602 2.371454 390.398895 0.159881 0.772884 0.614075 0.492500 0.492500
pine_needles.bmp
1 -10.879598 32.810844 341.225403 0.159881 0.772884 0.614075 0.007500 0.007500
1 -52.598602 2.371454 390.398895 0.159881 0.772884 0.614075 0.492500 0.492500
1 -18.629963 -4.655389 390.398895 0.159881 0.772884 0.614075 0.007500 0.492500
pine_needles.bmp
1 -18.629963 -4.655389 390.398895 -0.159881 -0.772884 -0.614075 0.007500 0.492500
1 -52.598602 2.371454 390.398895 -0.159881 -0.772884 -0.614075 0.492500 0.492500
1 -44.848236 39.837685 341.225403 -0.159881 -0.772884 -0.614075 0.492500 0.007500
pine_needles.bmp
1 -18.629963 -4.655389 390.398895 -0.159881 -0.772884 -0.614075 0.007500 0.492500
1 -44.848236 39.837685 341.225403 -0.159881 -0.772884 -0.614075 0.492500 0.007500
1 -10.879598 32.810844 341.225403 -0.159881 -0.772884 -0.614075 0.007500 0.007500
pine_needles.bmp
1 -19.760710 12.362012 333.318909 0.741751 0.201718 0.639621 0.007500 0.007500
1 -29.961035 49.870274 333.318909 0.741751 0.201718 0.639621 0.492500 0.007500
1 -71.930023 38.456860 385.588684 0.741751 0.201718 0.639621 0.492500 0.492500
pine_needles.bmp
1 -19.760710 12.362012 333.318909 0.741751 0.201718 0.639621 0.007500 0.007500
1 -71.930023 38.456860 385.588684 0.741751 0.201718 0.639621 0.492500 0.492500
1 -61.729698 0.948600 385.588684 0.741751 0.201718 0.639621 0.007500 0.492500
pine_needles.bmp
1 -61.729698 0.948600 385.588684 -0.741751 -0.201718 -0.639621 0.007500 0.492500
1 -71.930023 38.456860 385.588684 -0.741751 -0.201718 -0.639621 0.492500 0.492500
1 -29.961035 49.870274 333.318909 -0.741751 -0.201718 -0.639621 0.492500 0.007500
pine_needles.bmp
1 -61.729698 0.948600 385.588684 -0.741751 -0.201718 -0.639621 0.007500 0.492500
1 -29.961035 49.870274 333.318909 -0.741751 -0.201718 -0.639621 0.492500 0.007500
1 -19.760710 12.362012 333.318909 -0.741751 -0.201718 -0.639621 0.007500 0.007500
pine_needles.bmp
1 -32.410072 50.067833 332.185333 -0.210610 0.774448 0.596551 0.007500 0.007500
1 -69.918335 39.867508 332.185333 -0.210610 0.774448 0.596551 0.492500 0.007500
1 -59.280666 0.751041 386.722260 -0.210610 0.774448 0.596551 0.492500 0.492500
pine_needles.bmp
1 -32.410072 50.067833 332.185333 -0.210610 0.774448 0.596551 0.007500 0.007500
1 -59.280666 0.751041 386.722260 -0.210610 0.774448 0.596551 0.492500 0.492500
1 -21.772400 10.951366 386.722260 -0.210610 0.774448 0.596551 0.007500 0.492500
pine_needles.bmp
1 -21.772400 10.951366 386.722260 0.210610 -0.774448 -0.596551 0.007500 0.492500
1 -59.280666 0.751041 386.722260 0.210610 -0.774448 -0.596551 0.492500 0.492500
1 -69.918335 39.867508 332.185333 0.210610 -0.774448 -0.596551 0.492500 0.007500
pine_needles.bmp
1 -21.772400 10.951366 386.722260 0.210610 -0.774448 -0.596551 0.007500 0.492500
1 -69.918335 39.867508 332.185333 0.210610 -0.774448 -0.596551 0.492500 0.007500
1 -32.410072 50.067833 332.185333 0.210610 -0.774448 -0.596551 0.007500 0.007500
pine_bark.bmp
0 1.540158 0.000000 378.249939 0.902173 0.311216 -0.298710 0.000000 0.000000
0 1.335452 -2.159386 380.192291 0.841877 -0.422685 0.335532 0.200000 0.000000
0 -25.444437 -18.883444 358.595184 0.534030 -0.830411 -0.158840 0.200000 0.319760
pine_bark.bmp
0 1.540158 0.000000 378.249939 0.902173 0.311216 -0.298710 0.000000 0.000000
0 -25.444437 -18.883444 358.595184 0.534030 -0.830411 -0.158840 0.200000 0.319760
0 -25.725433 -17.202290 356.921448 0.356896 -0.022184 -0.933881 0.000000 0.319760
pine_bark.bmp
0 1.335452 -2.159386 380.192291 0.841877 -0.422685 0.335532 0.200000 0.000000
0 -0.706477 -1.211929 381.926270 0.195390 -0.179037 0.964245 0.400000 0.000000
0 -26.753757 -18.163898 360.347656 -0.040441 -0.526823 0.849012 0.400000 0.319760
pine_bark.bmp
0 1.335452 -2.159386 380.192291 0.841877 -0.422685 0.335532 0.200000 0.000000
0 -26.753757 -18.163898 360.347656 -0.040441 -0.526823 0.849012 0.400000 0.319760
0 -25.444437 -18.883444 358.595184 0.534030 -0.830411 -0.158840 0.200000 0.319760
pine_bark.bmp
0 -0.706477 -1.211929 381.926270 0.195390 -0.179037 0.964245 0.400000 0.000000
0 -1.800214 1.322780 381.264709 -0.173801 0.646079 0.743220 0.600000 0.000000
0 -27.890463 -16.139658 359.990021 -0.615996 0.565309 0.548611 0.600000 0.319760
pine_bark.bmp
0 -0.706477 -1.211929 381.926270 0.195390 -0.179037 0.964245 0.400000 0.000000
0 -27.890463 -16.139658 359.990021 -0.615996 0.565309 0.548611 0.600000 0.319760
0 -26.753757 -18.163898 360.347656 -0.040441 -0.526823 0.849012 0.400000 0.319760
pine_bark.bmp
0 -1.800214 1.322780 381.264709 -0.173801 0.646079 0.743220 0.600000 0.000000
0 -0.335025 2.099739 378.877625 0.277719 0.958839 -0.059157 0.800000 0.000000
0 -27.197790 -15.575493 357.794373 -0.292586 0.765373 -0.573235 0.800000 0.319760
pine_bark.bmp
0 -1.800214 1.322780 381.264709 -0.173801 0.646079 0.743220 0.600000 0.000000
0 -27.197790 -15.575493 357.794373 -0.292586 0.765373 -0.573235 0.800000 0.319760
0 -27.890463 -16.139658 359.990021 -0.615996 0.565309 0.548611 0.600000 0.319760
pine_bark.bmp
0 -0.335025 2.099739 378.877625 0.277719 0.958839 -0.059157 0.800000 0.000000
0 1.540158 0.000000 378.249939 0.902173 0.311216 -0.298710 1.000000 0.000000
0 -25.725433 -17.202290 356.921448 0.356896 -0.022184 -0.933881 1.000000 0.319760
pine_bark.bmp
0 -0.335025 2.099739 378.877625 0.277719 0.958839 -0.059157 0.800000 0.000000
0 -25.725433 -17.202290 356.921448 0.356896 -0.022184 -0.933881 1.000000 0.319760
0 -27.197790 -15.575493 357.794373 -0.292586 0.765373 -0.573235 0.800000 0.319760
pine_bark.bmp
0 -25.725433 -17.202290 356.921448 0.356896 -0.022184 -0.933881 0.000000 0.319760
0 -25.444437 -18.883444 358.595184 0.534030 -0.830411 -0.158840 0.200000 0.319760
0 -48.020737 -31.797480 357.232178 -0.098831 -0.987343 -0.124038 0.200000 0.536052
pine_bark.bmp
0 -25.725433 -17.202290 356.921448 0.356896 -0.022184 -0.933881 0.000000 0.319760
0 -48.020737 -31.797480 357.232178 -0.098831 -0.987343 -0.124038 0.200000 0.536052
0 -48.326721 -31.276888 356.744263 -0.397185 -0.411596 -0.820264 0.000000 0.536052
pine_bark.bmp
0 -25.444437 -18.883444 358.595184 0.534030 -0.830411 -0.158840 0.200000 0.319760
0 -26.753757 -18.163898 360.347656 -0.040441 -0.526823 0.849012 0.400000 0.319760
0 -48.201721 -31.584253 357.918335 -0.360616 -0.643244 0.675421 0.400000 0.536052
pine_bark.bmp
0 -25.444437 -18.883444 358.595184 0.534030 -0.830411 -0.158840 0.200000 0.319760
0 -48.201721 -31.584253 357.918335 -0.360616 -0.643244 0.675421 0.400000 0.536052
0 -48.020737 -31.797480 357.232178 -0.098831 -0.987343 -0.124038 0.200000 0.536052
pine_bark.bmp
0 -26.753757 -18.163898 360.347656 -0.040441 -0.526823 0.849012 0.400000 0.319760
0 -27.890463 -16.139658 359.990021 -0.615996 0.565309 0.548611 0.600000 0.319760
0 -48.620888 -30.938431 357.943054 -0.842118 0.129223 0.523583 0.600000 0.536052
pine_bark.bmp
0 -26.753757 -18.163898 360.347656 -0.040441 -0.526823 0.849012 0.400000 0.319760
0 -48.620888 -30.938431 357.943054 -0.842118 0.129223 0.523583 0.600000 0.536052
0 -48.201721 -31.584253 357.918335 -0.360616 -0.643244 0.675421 0.400000 0.536052
pine_bark.bmp
0 -27.890463 -16.139658 359.990021 -0.615996 0.565309 0.548611 0.600000 0.319760
0 -27.197790 -15.575493 357.794373 -0.292586 0.765373 -0.573235 0.800000 0.319760
0 -48.681053 -30.773024 357.198181 -0.875797 0.240492 -0.418500 0.800000 0.536052
pine_bark.bmp
0 -27.890463 -16.139658 359.990021 -0.615996 0.565309 0.548611 0.600000 0.319760
0 -48.681053 -30.773024 357.198181 -0.875797 0.240492 -0.418500 0.800000 0.536052
0 -48.620888 -30.938431 357.943054 -0.842118 0.129223 0.523583 0.600000 0.536052
pine_bark.bmp
0 -27.197790 -15.575493 357.794373 -0.292586 0.765373 -0.573235 0.800000 0.319760
0 -25.725433 -17.202290 356.921448 0.356896 -0.022184 -0.933881 1.000000 0.319760
0 -48.326721 -31.276888 356.744263 -0.397185 -0.411596 -0.820264 1.000000 0.536052
pine_bark.bmp
0 -27.197790 -15.575493 357.794373 -0.292586 0.765373 -0.573235 0.800000 0.319760
0 -48.326721 -31.276888 356.744263 -0.397185 -0.411596 -0.820264 1.000000 0.536052
0 -48.681053 -30.773024 357.198181 -0.875797 0.240492 -0.418500 0.800000 0.536052
pine_bark.bmp
0 1.540158 0.000000 378.249939 0.902173 0.311216 -0.298710 0.950000 0.500000
0 -0.335025 2.099739 378.877625 0.277719 0.958839 -0.059157 0.639058 0.072025
0 -1.800214 1.322780 381.264709 -0.173801 0.646079 0.743220 0.135942 0.235497
pine_bark.bmp
0 -1.800214 1.322780 381.264709 -0.173801 0.646079 0.743220 0.135942 0.235497
0 -0.706477 -1.211929 381.926270 0.195390 -0.179037 0.964245 0.135942 0.764503
0 1.335452 -2.159386 380.192291 0.841877 -0.422685 0.335532 0.639058 0.927975
pine_bark.bmp
0 -1.800214 1.322780 381.264709 -0.173801 0.646079 0.743220 0.135942 0.235497
0 1.335452 -2.159386 380.192291 0.841877 -0.422685 0.335532 0.639058 0.927975
0 1.540158 0.000000 378.249939 0.902173 0.311216 -0.298710 0.950000 0.500000
pine_bark.bmp
0 -48.681053 -30.773024 357.198181 -0.875797 0.240492 -0.418500 0.639058 0.072025
0 -48.326721 -31.276888 356.744263 -0.397185 -0.411596 -0.820264 0.950000 0.500000
0 -48.020737 -31.797480 357.232178 -0.098831 -0.987343 -0.124038 0.639058 0.927975
pine_bark.bmp
0 -48.020737 -31.797480 357.232178 -0.098831 -0.987343 -0.124038 0.639058 0.927975
0 -48.201721 -31.584253 357.918335 -0.360616 -0.643244 0.675421 0.135942 0.764503
0 -48.620888 -30.938431 357.943054 -0.842118 0.129223 0.523583 0.135942 0.235497
pine_bark.bmp
0 -48.020737 -31.797480 357.232178 -0.098831 -0.987343 -0.124038 0.639058 0.927975
0 -48.620888 -30.938431 357.943054 -0.842118 0.129223 0.523583 0.135942 0.235497
0 -48.681053 -30.773024 357.198181 -0.875797 0.240492 -0.418500 0.639058 0.072025
pine_needles.bmp
1 16.637562 -8.356722 359.652130 0.317002 0.276523 0.907218 0.507500 0.507500
1 -9.805534 21.957176 359.652130 0.317002 0.276523 0.907218 0.992500 0.507500
1 -50.495544 -13.537102 384.688873 0.317002 0.276523 0.907218 0.992500 0.992500
pine_needles.bmp
1 16.637562 -8.356722 359.652130 0.317001 0.276523 0.907218 0.507500 0.507500
1 -50.495544 -13.537102 384.688873 0.317001 0.276523 0.907218 0.992500 0.992500
1 -24.052448 -43.850998 384.688873 0.317001 0.276523 0.907218 0.507500 0.992500
pine_needles.bmp
1 -24.052448 -43.850998 384.688873 -0.317001 -0.276523 -0.907218 0.507500 0.992500
1 -50.495544 -13.537102 384.688873 -0.317001 -0.276523 -0.907218 0.992500 0.992500
1 -9.805534 21.957176 359.652130 -0.317001 -0.276523 -0.907218 0.992500 0.507500
pine_needles.bmp
1 -24.052448 -43.850998 384.688873 -0.317002 -0.276523 -0.907218 0.507500 0.992500
1 -9.805534 21.957176 359.652130 -0.317002 -0.276523 -0.907218 0.992500 0.507500
1 16.637562 -8.356722 359.652130 -0.317002 -0.276523 -0.907218 0.507500 0.507500
pine_needles.bmp
1 -18.727634 21.712225 357.382812 -0.326947 0.374806 0.867540 0.007500 0.007500
1 -49.041534 -4.730873 357.382812 -0.326947 0.374806 0.867540 0.492500 0.007500
1 -15.130350 -43.606049 386.958191 -0.326947 0.374806 0.867540 0.492500 0.492500
pine_needles.bmp
1 -18.727634 21.712225 357.382812 -0.326947 0.374806 0.867540 0.007500 0.007500
1 -15.130350 -43.606049 386.958191 -0.326947 0.374806 0.867540 0.492500 0.492500
1 15.183549 -17.162951 386.958191 -0.326947 0.374806 0.867540 0.007500 0.492500
pine_needles.bmp
1 15.183549 -17.162951 386.958191 0.326947 -0.374806 -0.867540 0.007500 0.492500
1 -15.130350 -43.606049 386.958191 0.326947 -0.374806 -0.867540 0.492500 0.492500
1 -49.041534 -4.730873 357.382812 0.326947 -0.374806 -0.867540 0.492500 0.007500
pine_needles.bmp
1 15.183549 -17.162951 386.958191 0.326947 -0.374806 -0.867540 0.007500 0.492500
1 -49.041534 -4.730873 357.382812 0.326947 -0.374806 -0.867540 0.492500 0.007500
1 -18.727634 21.712225 357.382812 0.326947 -0.374806 -0.867540 0.007500 0.007500
pine_needles.bmp
1 -22.004705 -53.527077 349.356354 0.340085 -0.341212 0.876308 0.507500 0.507500
1 3.322260 -28.283749 349.356354 0.340085 -0.341212 0.876308 0.992500 0.507500
1 -38.939659 14.118198 382.267944 0.340085 -0.341212 0.876308 0.992500 0.992500
pine_needles.bmp
1 -22.004705 -53.527077 349.356354 0.340085 -0.341212 0.876308 0.507500 0.507500
1 -38.939659 14.118198 382.267944 0.340085 -0.341212 0.876308 0.992500 0.992500
1 -64.266624 -11.125130 382.267944 0.340085 -0.341212 0.876308 0.507500 0.992500
pine_needles.bmp
1 -64.266624 -11.125130 382.267944 -0.340085 0.341212 -0.876308 0.507500 0.992500
1 -38.939659 14.118198 382.267944 -0.340085 0.341212 -0.876308 0.992500 0.992500
1 3.322260 -28.283749 349.356354 -0.340085 0.341212 -0.876308 0.992500 0.507500
pine_needles.bmp
1 -64.266624 -11.125130 382.267944 -0.340085 0.341212 -0.876308 0.507500 0.992500
1 3.322260 -28.283749 349.356354 -0.340085 0.341212 -0.876308 0.992500 0.507500
1 -22.004705 -53.527077 349.356354 -0.340085 0.341212 -0.876308 0.507500 0.507500
pine_needles.bmp
1 -8.066770 -22.616486 334.857178 0.646797 0.644661 0.407511 0.007500 0.007500
1 -33.310101 2.710484 334.857178 0.646797 0.644661 0.407511 0.492500 0.007500
1 -52.877598 -16.792395 396.767120 0.646797 0.644661 0.407511 0.492500 0.492500
pine_needles.bmp
1 -8.066770 -22.616486 334.857178 0.646797 0.644661 0.407511 0.007500 0.007500
1 -52.877598 -16.792395 396.767120 0.646797 0.644661 0.407511 0.492500 0.492500
1 -27.634270 -42.119362 396.767120 0.646797 0.644661 0.407511 0.007500 0.492500
pine_needles.bmp
1 -27.634270 -42.119362 396.767120 -0.646797 -0.644661 -0.407511 0.007500 0.492500
1 -52.877598 -16.792395 396.767120 -0.646797 -0.644661 -0.407511 0.492500 0.492500
1 -33.310101 2.710484 334.857178 -0.646797 -0.644661 -0.407511 0.492500 0.007500
pine_needles.bmp
1 -27.634270 -42.119362 396.767120 -0.646797 -0.644661 -0.407511 0.007500 0.492500
1 -33.310101 2.710484 334.857178 -0.646797 -0.644661 -0.407511 0.492500 0.007500
1 -8.066770 -22.616486 334.857178 -0.646797 -0.644661 -0.407511 0.007500 0.007500
pine_needles.bmp
1 -33.221756 -63.406975 343.198090 0.336312 -0.309820 0.889329 0.507500 0.007500
1 -8.304054 -36.358616 343.198090 0.336312 -0.309820 0.889329 0.992500 0.007500
1 -54.809002 6.483035 375.709534 0.336312 -0.309820 0.889329 0.992500 0.492500
pine_needles.bmp
1 -33.221756 -63.406975 343.198090 0.336312 -0.309820 0.889329 0.507500 0.007500
1 -54.809002 6.483035 375.709534 0.336312 -0.309820 0.889329 0.992500 0.492500
1 -79.726700 -20.565323 375.709534 0.336312 -0.309820 0.889329 0.507500 0.492500
pine_needles.bmp
1 -79.726700 -20.565323 375.709534 -0.336312 0.309820 -0.889329 0.507500 0.492500
1 -54.809002 6.483035 375.709534 -0.336312 0.309820 -0.889329 0.992500 0.492500
1 -8.304054 -36.358616 343.198090 -0.336312 0.309820 -0.889329 0.992500 0.007500
pine_needles.bmp
1 -79.726700 -20.565323 375.709534 -0.336312 0.309820 -0.889329 0.507500 0.492500
1 -8.304054 -36.358616 343.198090 -0.336312 0.309820 -0.889329 0.992500 0.007500
1 -33.221756 -63.406975 343.198090 -0.336312 0.309820 -0.889329 0.507500 0.007500
pine_needles.bmp
1 -9.274355 -17.889767 342.639618 0.320524 0.347932 0.881026 0.007500 0.507500
1 -36.322708 7.027931 342.639618 0.320524 0.347932 0.881026 0.492500 0.507500
1 -78.756401 -39.034172 376.268005 0.320524 0.347932 0.881026 0.492500 0.992500
pine_needles.bmp
1 -9.274355 -17.889767 342.639618 0.320524 0.347932 0.881026 0.007500 0.507500
1 -78.756401 -39.034172 376.268005 0.320524 0.347932 0.881026 0.492500 0.992500
1 -51.708046 -63.951870 376.268005 0.320524 0.347932 0.881026 0.007500 0.992500
pine_needles.bmp
1 -51.708046 -63.951870 376.268005 -0.320524 -0.347932 -0.881026 0.007500 0.992500
1 -78.756401 -39.034172 376.268005 -0.320524 -0.347932 -0.881026 0.492500 0.992500
1 -36.322708 7.027931 342.639618 -0.320524 -0.347932 -0.881026 0.492500 0.507500
pine_needles.bmp
1 -51.708046 -63.951870 376.268005 -0.320524 -0.347932 -0.881026 0.007500 0.992500
1 -36.322708 7.027931 342.639618 -0.320524 -0.347932 -0.881026 0.492500 0.507500
1 -9.274355 -17.889767 342.639618 -0.320524 -0.347932 -0.881026 0.007500 0.507500
pine_bark.bmp
0 2.288646 0.000000 379.283173 0.853921 0.520367 0.006098 0.000000 0.000000
0 1.405335 -1.453172 381.636871 0.604255 0.008724 0.796743 0.200000 0.000000
0 -6.533019 -31.506807 359.868652 0.772395 -0.436535 0.461350 0.200000 0.319760
pine_bark.bmp
0 2.288646 0.000000 379.283173 0.853921 0.520367 0.006098 0.000000 0.000000
0 -6.533019 -31.506807 359.868652 0.772395 -0.436535 0.461350 0.200000 0.319760
0 -6.276488 -30.652515 357.664612 0.756936 -0.035324 -0.652533 0.000000 0.319760
pine_bark.bmp
0 1.405335 -1.453172 381.636871 0.604255 0.008724 0.796743 0.200000 0.000000
0 -1.374837 -0.815575 381.760223 -0.299491 0.164225 0.939859 0.400000 0.000000
0 -8.763149 -31.141165 360.386871 -0.378649 -0.228457 0.896902 0.400000 0.319760
pine_bark.bmp
0 1.405335 -1.453172 381.636871 0.604255 0.008724 0.796743 0.200000 0.000000
0 -8.763149 -31.141165 360.386871 -0.378649 -0.228457 0.896902 0.400000 0.319760
0 -6.533019 -31.506807 359.868652 0.772395 -0.436535 0.461350 0.200000 0.319760
pine_bark.bmp
0 -1.374837 -0.815575 381.760223 -0.299491 0.164225 0.939859 0.400000 0.000000
0 -2.320330 0.890173 379.720917 -0.642793 0.717779 0.267600 0.600000 0.000000
0 -10.025362 -30.112530 358.714355 -0.961273 0.267406 -0.066703 0.600000 0.319760
pine_bark.bmp
0 -1.374837 -0.815575 381.760223 -0.299491 0.164225 0.939859 0.400000 0.000000
0 -10.025362 -30.112530 358.714355 -0.961273 0.267406 -0.066703 0.600000 0.319760
0 -8.763149 -31.141165 360.386871 -0.378649 -0.228457 0.896902 0.400000 0.319760
pine_bark.bmp
0 -2.320330 0.890173 379.720917 -0.642793 0.717779 0.267600 0.600000 0.000000
0 0.065284 1.413032 378.119385 0.091361 0.941486 -0.324434 0.800000 0.000000
0 -8.390605 -29.825846 357.007416 -0.217143 0.354891 -0.909341 0.800000 0.319760
pine_bark.bmp
0 -2.320330 0.890173 379.720917 -0.642793 0.717779 0.267600 0.600000 0.000000
0 -8.390605 -29.825846 357.007416 -0.217143 0.354891 -0.909341 0.800000 0.319760
0 -10.025362 -30.112530 358.714355 -0.961273 0.267406 -0.066703 0.600000 0.319760
pine_bark.bmp
0 0.065284 1.413032 378.119385 0.091361 0.941486 -0.324434 0.800000 0.000000
0 2.288646 0.000000 379.283173 0.853921 0.520367 0.006098 1.000000 0.000000
0 -6.276488 -30.652515 357.664612 0.756936 -0.035324 -0.652533 1.000000 0.319760
pine_bark.bmp
0 0.065284 1.413032 378.119385 0.091361 0.941486 -0.324434 0.800000 0.000000
0 -6.276488 -30.652515 357.664612 0.756936 -0.035324 -0.652533 1.000000 0.319760
0 -8.390605 -29.825846 357.007416 -0.217143 0.354891 -0.909341 0.800000 0.319760
pine_bark.bmp
0 -6.276488 -30.652515 357.664612 0.756936 -0.035324 -0.652533 0.000000 0.319760
0 -6.533019 -31.506807 359.868652 0.772395 -0.436535 0.461350 0.200000 0.319760
0 -13.923638 -55.891441 357.334717 0.511441 -0.798706 0.317013 0.200000 0.536052
pine_bark.bmp
0 -6.276488 -30.652515 357.664612 0.756936 -0.035324 -0.652533 0.000000 0.319760
0 -13.923638 -55.891441 357.334717 0.511441 -0.798706 0.317013 0.200000 0.536052
0 -14.414219 -55.731846 356.756714 0.363373 -0.692751 -0.622941 0.000000 0.536052
pine_bark.bmp
0 -6.533019 -31.506807 359.868652 0.772395 -0.436535 0.461350 0.200000 0.319760
0 -8.763149 -31.141165 360.386871 -0.378649 -0.228457 0.896902 0.400000 0.319760
0 -14.306129 -55.826073 357.967407 -0.255493 -0.613293 0.747392 0.400000 0.536052
pine_bark.bmp
0 -6.533019 -31.506807 359.868652 0.772395 -0.436535 0.461350 0.200000 0.319760
0 -14.306129 -55.826073 357.967407 -0.255493 -0.613293 0.747392 0.400000 0.536052
0 -13.923638 -55.891441 357.334717 0.511441 -0.798706 0.317013 0.200000 0.536052
pine_bark.bmp
0 -8.763149 -31.141165 360.386871 -0.378649 -0.228457 0.896902 0.400000 0.319760
0 -10.025362 -30.112530 358.714355 -0.961273 0.267406 -0.066703 0.600000 0.319760
0 -15.043824 -55.628086 357.868561 -0.903477 -0.411103 0.121344 0.600000 0.536052
pine_bark.bmp
0 -8.763149 -31.141165 360.386871 -0.378649 -0.228457 0.896902 0.400000 0.319760
0 -15.043824 -55.628086 357.868561 -0.903477 -0.411103 0.121344 0.600000 0.536052
0 -14.306129 -55.826073 357.967407 -0.255493 -0.613293 0.747392 0.400000 0.536052
pine_bark.bmp
0 -10.025362 -30.112530 358.714355 -0.961273 0.267406 -0.066703 0.600000 0.319760
0 -8.390605 -29.825846 357.007416 -0.217143 0.354891 -0.909341 0.800000 0.319760
0 -15.078823 -55.577377 357.106079 -0.497379 -0.474148 -0.726497 0.800000 0.536052
pine_bark.bmp
0 -10.025362 -30.112530 358.714355 -0.961273 0.267406 -0.066703 0.600000 0.319760
0 -15.078823 -55.577377 357.106079 -0.497379 -0.474148 -0.726497 0.800000 0.536052
0 -15.043824 -55.628086 357.868561 -0.903477 -0.411103 0.121344 0.600000 0.536052
pine_bark.bmp
0 -8.390605 -29.825846 357.007416 -0.217143 0.354891 -0.909341 0.800000 0.319760
0 -6.276488 -30.652515 357.664612 0.756936 -0.035324 -0.652533 1.000000 0.319760
0 -14.414219 -55.731846 356.756714 0.363373 -0.692751 -0.622941 1.000000 0.536052
pine_bark.bmp
0 -8.390605 -29.825846 357.007416 -0.217143 0.354891 -0.909341 0.800000 0.319760
0 -14.414219 -55.731846 356.756714 0.363373 -0.692751 -0.622941 1.000000 0.536052
0 -15.078823 -55.577377 357.106079 -0.497379 -0.474148 -0.726497 0.800000 0.536052
pine_bark.bmp
0 2.288646 0.000000 379.283173 0.853921 0.520367 0.006098 0.950000 0.500000
0 0.065284 1.413032 378.119385 0.091361 0.941486 -0.324434 0.639058 0.072025
0 -2.320330 0.890173 379.720917 -0.642793 0.717779 0.267600 0.135942 0.235497
pine_bark.bmp
0 -2.320330 0.890173 379.720917 -0.642793 0.717779 0.267600 0.135942 0.235497
0 -1.374837 -0.815575 381.760223 -0.299491 0.164225 0.939859 0.135942 0.764503
0 1.405335 -1.453172 381.636871 0.604255 0.008724 0.796743 0.639058 0.927975
pine_bark.bmp
0 -2.320330 0.890173 379.720917 -0.642793 0.717779 0.267600 0.135942 0.235497
0 1.405335 -1.453172 381.636871 0.604255 0.008724 0.796743 0.639058 0.927975
0 2.288646 0.000000 379.283173 0.853921 0.520367 0.006098 0.950000 0.500000
pine_bark.bmp
0 -15.078823 -55.577377 357.106079 -0.497379 -0.474148 -0.726497 0.639058 0.072025
0 -14.414219 -55.731846 356.756714 0.363373 -0.692751 -0.622941 0.950000 0.500000
0 -13.923638 -55.891441 357.334717 0.511441 -0.798706 0.317013 0.639058 0.927975
pine_bark.bmp
0 -13.923638 -55.891441 357.334717 0.511441 -0.798706 0.317013 0.639058 0.927975
0 -14.306129 -55.826073 357.967407 -0.255493 -0.613293 0.747392 0.135942 0.764503
0 -15.043824 -55.628086 357.868561 -0.903477 -0.411103 0.121344 0.135942 0.235497
pine_bark.bmp
0 -13.923638 -55.891441 357.334717 0.511441 -0.798706 0.317013 0.639058 0.927975
0 -15.043824 -55.628086 357.868561 -0.903477 -0.411103 0.121344 0.135942 0.235497
0 -15.078823 -55.577377 357.106079 -0.497379 -0.474148 -0.726497 0.639058 0.072025
pine_needles.bmp
1 -29.913490 -8.880939 348.209930 -0.718375 -0.142796 0.680843 0.007500 0.007500
1 -23.963081 -38.816124 348.209930 -0.718375 -0.142796 0.680843 0.492500 0.007500
1 19.728035 -30.131357 396.131073 -0.718375 -0.142796 0.680843 0.492500 0.492500
pine_needles.bmp
1 -29.913490 -8.880939 348.209930 -0.718375 -0.142796 0.680843 0.007500 0.007500
1 19.728035 -30.131357 396.131073 -0.718375 -0.142796 0.680843 0.492500 0.492500
1 13.777625 -0.196174 396.131073 -0.718375 -0.142796 0.680843 0.007500 0.492500
pine_needles.bmp
1 13.777625 -0.196174 396.131073 0.718375 0.142796 -0.680843 0.007500 0.492500
1 19.728035 -30.131357 396.131073 0.718375 0.142796 -0.680843 0.492500 0.492500
1 -23.963081 -38.816124 348.209930 0.718375 0.142796 -0.680843 0.492500 0.007500
pine_needles.bmp
1 13.777625 -0.196174 396.131073 0.718375 0.142796 -0.680843 0.007500 0.492500
1 -23.963081 -38.816124 348.209930 0.718375 0.142796 -0.680843 0.492500 0.007500
1 -29.913490 -8.880939 348.209930 0.718375 0.142796 -0.680843 0.007500 0.007500
pine_needles.bmp
1 -17.062664 -37.561874 343.408691 0.171936 -0.864972 0.471446 0.507500 0.507500
1 12.872515 -31.611465 343.408691 0.171936 -0.864972 0.471446 0.992500 0.507500
1 6.877209 -1.450420 400.932312 0.171936 -0.864972 0.471446 0.992500 0.992500
pine_needles.bmp
1 -17.062664 -37.561874 343.408691 0.171936 -0.864972 0.471446 0.507500 0.507500
1 6.877209 -1.450420 400.932312 0.171936 -0.864972 0.471446 0.992500 0.992500
1 -23.057972 -7.400829 400.932312 0.171936 -0.864972 0.471446 0.507500 0.992500
pine_needles.bmp
1 -23.057972 -7.400829 400.932312 -0.171936 0.864972 -0.471446 0.507500 0.992500
1 6.877209 -1.450420 400.932312 -0.171936 0.864972 -0.471446 0.992500 0.992500
1 12.872515 -31.611465 343.408691 -0.171936 0.864972 -0.471446 0.992500 0.507500
pine_needles.bmp
1 -23.057972 -7.400829 400.932312 -0.171936 0.864972 -0.471446 0.507500 0.992500
1 12.872515 -31.611465 343.408691 -0.171936 0.864972 -0.471446 0.992500 0.507500
1 -17.062664 -37.561874 343.408691 -0.171936 0.864972 -0.471446 0.507500 0.507500
pine_needles.bmp
1 -4.784006 -58.539013 343.257355 0.710286 -0.414705 0.568783 0.507500 0.007500
1 13.389730 -27.411922 343.257355 0.710286 -0.414705 0.568783 0.992500 0.007500
1 -13.549814 -11.683109 388.366943 0.710286 -0.414705 0.568783 0.992500 0.492500
pine_needles.bmp
1 -4.784006 -58.539013 343.257355 0.710286 -0.414705 0.568783 0.507500 0.007500
1 -13.549814 -11.683109 388.366943 0.710286 -0.414705 0.568783 0.992500 0.492500
1 -31.723551 -42.810200 388.366943 0.710286 -0.414705 0.568783 0.507500 0.492500
pine_needles.bmp
1 -31.723551 -42.810200 388.366943 -0.710286 0.414705 -0.568783 0.507500 0.492500
1 -13.549814 -11.683109 388.366943 -0.710286 0.414705 -0.568783 0.992500 0.492500
1 13.389730 -27.411922 343.257355 -0.710286 0.414705 -0.568783 0.992500 0.007500
pine_needles.bmp
1 -31.723551 -42.810200 388.366943 -0.710286 0.414705 -0.568783 0.507500 0.492500
1 13.389730 -27.411922 343.257355 -0.710286 0.414705 -0.568783 0.992500 0.007500
1 -4.784006 -58.539013 343.257355 -0.710286 0.414705 -0.568783 0.507500 0.007500
pine_needles.bmp
1 16.664948 -26.610863 347.330261 0.338846 0.580359 0.740518 0.007500 0.007500
1 -14.462141 -8.437126 347.330261 0.338846 0.580359 0.740518 0.492500 0.007500
1 -34.998764 -43.611259 384.294037 0.338846 0.580359 0.740518 0.492500 0.492500
pine_needles.bmp
1 16.664948 -26.610863 347.330261 0.338846 0.580359 0.740518 0.007500 0.007500
1 -34.998764 -43.611259 384.294037 0.338846 0.580359 0.740518 0.492500 0.492500
1 -3.871678 -61.784996 384.294037 0.338846 0.580359 0.740518 0.007500 0.492500
pine_needles.bmp
1 -3.871678 -61.784996 384.294037 -0.338846 -0.580359 -0.740518 0.007500 0.492500
1 -34.998764 -43.611259 384.294037 -0.338846 -0.580359 -0.740518 0.492500 0.492500
1 -14.462141 -8.437126 347.330261 -0.338846 -0.580359 -0.740518 0.492500 0.007500
pine_needles.bmp
1 -3.871678 -61.784996 384.294037 -0.338846 -0.580359 -0.740518 0.007500 0.492500
1 -14.462141 -8.437126 347.330261 -0.338846 -0.580359 -0.740518 0.492500 0.007500
1 16.664948 -26.610863 347.330261 -0.338846 -0.580359 -0.740518 0.007500 0.007500
pine_needles.bmp
1 -39.876129 -51.625122 336.953278 -0.548971 -0.499684 0.670035 0.507500 0.507500
1 -16.644396 -77.148331 336.953278 -0.548971 -0.499684 0.670035 0.992500 0.507500
1 13.393940 -49.806839 381.954346 -0.548971 -0.499684 0.670035 0.992500 0.992500
pine_needles.bmp
1 -39.876129 -51.625122 336.953278 -0.548971 -0.499684 0.670035 0.507500 0.507500
1 13.393940 -49.806839 381.954346 -0.548971 -0.499684 0.670035 0.992500 0.992500
1 -9.837792 -24.283632 381.954346 -0.548971 -0.499684 0.670035 0.507500 0.992500
pine_needles.bmp
1 -9.837792 -24.283632 381.954346 0.548971 0.499684 -0.670035 0.507500 0.992500
1 13.393940 -49.806839 381.954346 0.548971 0.499684 -0.670035 0.992500 0.992500
1 -16.644396 -77.148331 336.953278 0.548971 0.499684 -0.670035 0.992500 0.507500
pine_needles.bmp
1 -9.837792 -24.283632 381.954346 0.548971 0.499684 -0.670035 0.507500 0.992500
1 -16.644396 -77.148331 336.953278 0.548971 0.499684 -0.670035 0.992500 0.507500
1 -39.876129 -51.625122 336.953278 0.548971 0.499684 -0.670035 0.507500 0.507500
pine_needles.bmp
1 -13.579308 -75.980629 335.447571 0.533648 -0.586285 0.609500 0.507500 0.507500
1 11.943906 -52.748898 335.447571 0.533648 -0.586285 0.609500 0.992500 0.507500
1 -12.902881 -25.451328 383.460022 0.533648 -0.586285 0.609500 0.992500 0.992500
pine_needles.bmp
1 -13.579308 -75.980629 335.447571 0.533648 -0.586285 0.609500 0.507500 0.507500
1 -12.902881 -25.451328 383.460022 0.533648 -0.586285 0.609500 0.992500 0.992500
1 -38.426094 -48.683064 383.460022 0.533648 -0.586285 0.609500 0.507500 0.992500
pine_needles.bmp
1 -38.426094 -48.683064 383.460022 -0.533648 0.586285 -0.609500 0.507500 0.992500
1 -12.902881 -25.451328 383.460022 -0.533648 0.586285 -0.609500 0.992500 0.992500
1 11.943906 -52.748898 335.447571 -0.533648 0.586285 -0.609500 0.992500 0.507500
pine_needles.bmp
1 -38.426094 -48.683064 383.460022 -0.533648 0.586285 -0.609500 0.507500 0.992500
1 11.943906 -52.748898 335.447571 -0.533648 0.586285 -0.609500 0.992500 0.507500
1 -13.579308 -75.980629 335.447571 -0.533648 0.586285 -0.609500 0.507500 0.507500
pine_bark.bmp
0 1.794395 0.000000 381.750854 0.255553 0.339429 0.905252 0.000000 0.000000
0 -0.472672 -1.853436 381.768555 -0.517856 -0.235011 0.822554 0.200000 0.000000
0 19.101501 -25.958349 360.013000 -0.474044 -0.692151 0.544251 0.200000 0.319760
pine_bark.bmp
0 1.794395 0.000000 381.750854 0.255553 0.339429 0.905252 0.000000 0.000000
0 19.101501 -25.958349 360.013000 -0.474044 -0.692151 0.544251 0.200000 0.319760
0 21.042896 -24.610237 360.446289 0.556037 0.066313 0.828508 0.000000 0.319760
pine_bark.bmp
0 -0.472672 -1.853436 381.768555 -0.517856 -0.235011 0.822554 0.200000 0.000000
0 -1.961607 -1.040219 379.501312 -0.995160 0.064184 0.074409 0.400000 0.000000
0 18.449633 -25.381348 357.889709 -0.728477 -0.430954 -0.532541 0.400000 0.319760
pine_bark.bmp
0 -0.472672 -1.853436 381.768555 -0.517856 -0.235011 0.822554 0.200000 0.000000
0 18.449633 -25.381348 357.889709 -0.728477 -0.430954 -0.532541 0.400000 0.319760
0 19.101501 -25.958349 360.013000 -0.474044 -0.692151 0.544251 0.200000 0.319760
pine_bark.bmp
0 -1.961607 -1.040219 379.501312 -0.995160 0.064184 0.074409 0.400000 0.000000
0 -0.854733 1.135363 378.066589 -0.543960 0.769803 -0.333932 0.600000 0.000000
0 19.791624 -23.758116 356.861298 -0.063719 0.329982 -0.941834 0.600000 0.319760
pine_bark.bmp
0 -1.961607 -1.040219 379.501312 -0.995160 0.064184 0.074409 0.400000 0.000000
0 19.791624 -23.758116 356.861298 -0.063719 0.329982 -0.941834 0.600000 0.319760
0 18.449633 -25.381348 357.889709 -0.728477 -0.430954 -0.532541 0.400000 0.319760
pine_bark.bmp
0 -0.854733 1.135363 378.066589 -0.543960 0.769803 -0.333932 0.600000 0.000000
0 1.582208 1.802240 379.535156 0.248257 0.948877 0.194936 0.800000 0.000000
0 21.424505 -23.305714 358.534698 0.727817 0.656739 -0.197423 0.800000 0.319760
pine_bark.bmp
0 -0.854733 1.135363 378.066589 -0.543960 0.769803 -0.333932 0.600000 0.000000
0 21.424505 -23.305714 358.534698 0.727817 0.656739 -0.197423 0.800000 0.319760
0 19.791624 -23.758116 356.861298 -0.063719 0.329982 -0.941834 0.600000 0.319760
pine_bark.bmp
0 1.582208 1.802240 379.535156 0.248257 0.948877 0.194936 0.800000 0.000000
0 1.794395 0.000000 381.750854 0.255553 0.339429 0.905252 1.000000 0.000000
0 21.042896 -24.610237 360.446289 0.556037 0.066313 0.828508 1.000000 0.319760
pine_bark.bmp
0 1.582208 1.802240 379.535156 0.248257 0.948877 0.194936 0.800000 0.000000
0 21.042896 -24.610237 360.446289 0.556037 0.066313 0.828508 1.000000 0.319760
0 21.424505 -23.305714 358.534698 0.727817 0.656739 -0.197423 0.800000 0.319760
pine_bark.bmp
0 21.042896 -24.610237 360.446289 0.556037 0.066313 0.828508 0.000000 0.319760
0 19.101501 -25.958349 360.013000 -0.474044 -0.692151 0.544251 0.200000 0.319760
0 35.808285 -45.136848 357.647278 -0.091347 -0.902790 0.420268 0.200000 0.536052
pine_bark.bmp
0 21.042896 -24.610237 360.446289 0.556037 0.066313 0.828508 0.000000 0.319760
0 35.808285 -45.136848 357.647278 -0.091347 -0.902790 0.420268 0.200000 0.536052
0 36.326427 -44.745884 358.074860 0.610015 -0.333481 0.718799 0.000000 0.536052
pine_bark.bmp
0 19.101501 -25.958349 360.013000 -0.474044 -0.692151 0.544251 0.200000 0.319760
0 18.449633 -25.381348 357.889709 -0.728477 -0.430954 -0.532541 0.400000 0.319760
0 35.946396 -44.976715 356.937714 -0.119957 -0.864680 -0.487790 0.400000 0.536052
pine_bark.bmp
0 19.101501 -25.958349 360.013000 -0.474044 -0.692151 0.544251 0.200000 0.319760
0 35.946396 -44.976715 356.937714 -0.119957 -0.864680 -0.487790 0.400000 0.536052
0 35.808285 -45.136848 357.647278 -0.091347 -0.902790 0.420268 0.200000 0.536052
pine_bark.bmp
0 18.449633 -25.381348 357.889709 -0.728477 -0.430954 -0.532541 0.400000 0.319760
0 19.791624 -23.758116 356.861298 -0.063719 0.329982 -0.941834 0.600000 0.319760
0 36.536472 -44.491703 356.839081 0.524457 -0.292687 -0.799549 0.600000 0.536052
pine_bark.bmp
0 18.449633 -25.381348 357.889709 -0.728477 -0.430954 -0.532541 0.400000 0.319760
0 36.536472 -44.491703 356.839081 0.524457 -0.292687 -0.799549 0.600000 0.536052
0 35.946396 -44.976715 356.937714 -0.119957 -0.864680 -0.487790 0.400000 0.536052
pine_bark.bmp
0 19.791624 -23.758116 356.861298 -0.063719 0.329982 -0.941834 0.600000 0.319760
0 21.424505 -23.305714 358.534698 0.727817 0.656739 -0.197423 0.800000 0.319760
0 36.750443 -44.367481 357.563934 0.998948 -0.000022 -0.045862 0.800000 0.536052
pine_bark.bmp
0 19.791624 -23.758116 356.861298 -0.063719 0.329982 -0.941834 0.600000 0.319760
0 36.750443 -44.367481 357.563934 0.998948 -0.000022 -0.045862 0.800000 0.536052
0 36.536472 -44.491703 356.839081 0.524457 -0.292687 -0.799549 0.600000 0.536052
pine_bark.bmp
0 21.424505 -23.305714 358.534698 0.727817 0.656739 -0.197423 0.800000 0.319760
0 21.042896 -24.610237 360.446289 0.556037 0.066313 0.828508 1.000000 0.319760
0 36.326427 -44.745884 358.074860 0.610015 -0.333481 0.718799 1.000000 0.536052
pine_bark.bmp
0 21.424505 -23.305714 358.534698 0.727817 0.656739 -0.197423 0.800000 0.319760
0 36.326427 -44.745884 358.074860 0.610015 -0.333481 0.718799 1.000000 0.536052
0 36.750443 -44.367481 357.563934 0.998948 -0.000022 -0.045862 0.800000 0.536052
pine_bark.bmp
0 1.794395 0.000000 381.750854 0.255553 0.339429 0.905252 0.950000 0.500000
0 1.582208 1.802240 379.535156 0.248257 0.948877 0.194936 0.639058 0.072025
0 -0.854733 1.135363 378.066589 -0.543960 0.769803 -0.333932 0.135942 0.235497
pine_bark.bmp
0 -0.854733 1.135363 378.066589 -0.543960 0.769803 -0.333932 0.135942 0.235497
0 -1.961607 -1.040219 379.501312 -0.995160 0.064184 0.074409 0.135942 0.764503
0 -0.472672 -1.853436 381.768555 -0.517856 -0.235011 0.822554 0.639058 0.927975
pine_bark.bmp
0 -0.854733 1.135363 378.066589 -0.543960 0.769803 -0.333932 0.135942 0.235497
0 -0.472672 -1.853436 381.768555 -0.517856 -0.235011 0.822554 0.639058 0.927975
0 1.794395 0.000000 381.750854 0.255553 0.339429 0.905252 0.950000 0.500000
pine_bark.bmp
0 36.750443 -44.367481 357.563934 0.998948 -0.000022 -0.045862 0.639058 0.072025
0 36.326427 -44.745884 358.074860 0.610015 -0.333481 0.718799 0.950000 0.500000
0 35.808285 -45.136848 357.647278 -0.091347 -0.902790 0.420268 0.639058 0.927975
pine_bark.bmp
0 35.808285 -45.136848 357.647278 -0.091347 -0.902790 0.420268 0.639058 0.927975
0 35.946396 -44.976715 356.937714 -0.119957 -0.864680 -0.487790 0.135942 0.764503
0 36.536472 -44.491703 356.839081 0.524457 -0.292687 -0.799549 0.135942 0.235497
pine_bark.bmp
0 35.808285 -45.136848 357.647278 -0.091347 -0.902790 0.420268 0.639058 0.927975
0 36.536472 -44.491703 356.839081 0.524457 -0.292687 -0.799549 0.135942 0.235497
0 36.750443 -44.367481 357.563934 0.998948 -0.000022 -0.045862 0.639058 0.072025
pine_needles.bmp
1 10.610573 5.444046 348.335785 -0.748718 0.462436 0.474947 0.507500 0.507500
1 -7.109937 -23.246796 348.335785 -0.748718 0.462436 0.474947 0.992500 0.507500
1 14.778941 -36.766167 396.005219 -0.748718 0.462436 0.474947 0.992500 0.992500
pine_needles.bmp
1 10.610573 5.444046 348.335785 -0.748718 0.462436 0.474947 0.507500 0.507500
1 14.778941 -36.766167 396.005219 -0.748718 0.462436 0.474947 0.992500 0.992500
1 32.499451 -8.075323 396.005219 -0.748718 0.462436 0.474947 0.507500 0.992500
pine_needles.bmp
1 32.499451 -8.075323 396.005219 0.748718 -0.462436 -0.474947 0.507500 0.992500
1 14.778941 -36.766167 396.005219 0.748718 -0.462436 -0.474947 0.992500 0.992500
1 -7.109937 -23.246796 348.335785 0.748718 -0.462436 -0.474947 0.992500 0.507500
pine_needles.bmp
1 32.499451 -8.075323 396.005219 0.748718 -0.462436 -0.474947 0.507500 0.992500
1 -7.109937 -23.246796 348.335785 0.748718 -0.462436 -0.474947 0.992500 0.507500
1 10.610573 5.444046 348.335785 0.748718 -0.462436 -0.474947 0.507500 0.507500
pine_needles.bmp
1 -12.106237 -23.729164 353.637146 -0.358165 -0.579897 0.731736 0.007500 0.007500
1 16.584606 -41.449677 353.637146 -0.358165 -0.579897 0.731736 0.492500 0.007500
1 37.495754 -7.592957 390.703857 -0.358165 -0.579897 0.731736 0.492500 0.492500
pine_needles.bmp
1 -12.106237 -23.729164 353.637146 -0.358165 -0.579897 0.731736 0.007500 0.007500
1 37.495754 -7.592957 390.703857 -0.358165 -0.579897 0.731736 0.492500 0.492500
1 8.804909 10.127555 390.703857 -0.358165 -0.579897 0.731736 0.007500 0.492500
pine_needles.bmp
1 8.804909 10.127555 390.703857 0.358165 0.579897 -0.731736 0.007500 0.492500
1 37.495754 -7.592957 390.703857 0.358165 0.579897 -0.731736 0.492500 0.492500
1 16.584606 -41.449677 353.637146 0.358165 0.579897 -0.731736 0.492500 0.007500
pine_needles.bmp
1 8.804909 10.127555 390.703857 0.358165 0.579897 -0.731736 0.007500 0.492500
1 16.584606 -41.449677 353.637146 0.358165 0.579897 -0.731736 0.492500 0.007500
1 -12.106237 -23.729164 353.637146 0.358165 0.579897 -0.731736 0.007500 0.007500
pine_needles.bmp
1 5.334423 -8.558037 340.539856 -0.805112 0.043164 0.591550 0.507500 0.007500
1 3.335838 -45.836468 340.539856 -0.805112 0.043164 0.591550 0.992500 0.007500
1 40.366699 -47.821781 391.084473 -0.805112 0.043164 0.591550 0.992500 0.492500
pine_needles.bmp
1 5.334423 -8.558037 340.539856 -0.805112 0.043164 0.591550 0.507500 0.007500
1 40.366699 -47.821781 391.084473 -0.805112 0.043164 0.591550 0.992500 0.492500
1 42.365284 -10.543346 391.084473 -0.805112 0.043164 0.591550 0.507500 0.492500
pine_needles.bmp
1 42.365284 -10.543346 391.084473 0.805112 -0.043164 -0.591550 0.507500 0.492500
1 40.366699 -47.821781 391.084473 0.805112 -0.043164 -0.591550 0.992500 0.492500
1 3.335838 -45.836468 340.539856 0.805112 -0.043164 -0.591550 0.992500 0.007500
pine_needles.bmp
1 42.365284 -10.543346 391.084473 0.805112 -0.043164 -0.591550 0.507500 0.492500
1 3.335838 -45.836468 340.539856 0.805112 -0.043164 -0.591550 0.992500 0.007500
1 5.334423 -8.558037 340.539856 0.805112 -0.043164 -0.591550 0.507500 0.007500
pine_needles.bmp
1 2.902394 -51.605747 346.036285 -0.033667 -0.627967 0.777511 0.507500 0.507500
1 40.180824 -53.604332 346.036285 -0.033667 -0.627967 0.777511 0.992500 0.507500
1 42.798729 -4.774067 385.588043 -0.033667 -0.627967 0.777511 0.992500 0.992500
pine_needles.bmp
1 2.902394 -51.605747 346.036285 -0.033667 -0.627967 0.777511 0.507500 0.507500
1 42.798729 -4.774067 385.588043 -0.033667 -0.627967 0.777511 0.992500 0.992500
1 5.520298 -2.775482 385.588043 -0.033667 -0.627967 0.777511 0.507500 0.992500
pine_needles.bmp
1 5.520298 -2.775482 385.588043 0.033667 0.627967 -0.777511 0.507500 0.992500
1 42.798729 -4.774067 385.588043 0.033667 0.627967 -0.777511 0.992500 0.992500
1 40.180824 -53.604332 346.036285 0.033667 0.627967 -0.777511 0.992500 0.507500
pine_needles.bmp
1 5.520298 -2.775482 385.588043 0.033667 0.627967 -0.777511 0.507500 0.992500
1 40.180824 -53.604332 346.036285 0.033667 0.627967 -0.777511 0.992500 0.507500
1 2.902394 -51.605747 346.036285 0.033667 0.627967 -0.777511 0.507500 0.507500
pine_needles.bmp
1 20.541672 -13.489985 340.912720 -0.580178 0.260006 0.771874 0.007500 0.507500
1 4.387672 -49.536060 340.912720 -0.580178 0.260006 0.771874 0.492500 0.507500
1 45.471062 -67.947525 377.994904 -0.580178 0.260006 0.771874 0.492500 0.992500
pine_needles.bmp
1 20.541672 -13.489985 340.912720 -0.580178 0.260006 0.771874 0.007500 0.507500
1 45.471062 -67.947525 377.994904 -0.580178 0.260006 0.771874 0.492500 0.992500
1 61.625061 -31.901447 377.994904 -0.580178 0.260006 0.771874 0.007500 0.992500
pine_needles.bmp
1 61.625061 -31.901447 377.994904 0.580178 -0.260006 -0.771874 0.007500 0.992500
1 45.471062 -67.947525 377.994904 0.580178 -0.260006 -0.771874 0.492500 0.992500
1 4.387672 -49.536060 340.912720 0.580178 -0.260006 -0.771874 0.492500 0.507500
pine_needles.bmp
1 61.625061 -31.901447 377.994904 0.580178 -0.260006 -0.771874 0.007500 0.992500
1 4.387672 -49.536060 340.912720 0.580178 -0.260006 -0.771874 0.492500 0.507500
1 20.541672 -13.489985 340.912720 0.580178 -0.260006 -0.771874 0.007500 0.507500
pine_needles.bmp
1 8.337878 -47.470432 335.364136 -0.339036 -0.756526 0.559216 0.507500 0.507500
1 44.383953 -63.624432 335.364136 -0.339036 -0.756526 0.559216 0.992500 0.507500
1 57.674854 -33.967075 383.543488 -0.339036 -0.756526 0.559216 0.992500 0.992500
pine_needles.bmp
1 8.337878 -47.470432 335.364136 -0.339036 -0.756526 0.559216 0.507500 0.507500
1 57.674854 -33.967075 383.543488 -0.339036 -0.756526 0.559216 0.992500 0.992500
1 21.628780 -17.813076 383.543488 -0.339036 -0.756526 0.559216 0.507500 0.992500
pine_needles.bmp
1 21.628780 -17.813076 383.543488 0.339036 0.756526 -0.559216 0.507500 0.992500
1 57.674854 -33.967075 383.543488 0.339036 0.756526 -0.559216 0.992500 0.992500
1 44.383953 -63.624432 335.364136 0.339036 0.756526 -0.559216 0.992500 0.507500
pine_needles.bmp
1 21.628780 -17.813076 383.543488 0.339036 0.756526 -0.559216 0.507500 0.992500
1 44.383953 -63.624432 335.364136 0.339036 0.756526 -0.559216 0.992500 0.507500
1 8.337878 -47.470432 335.364136 0.339036 0.756526 -0.559216 0.507500 0.507500
pine_bark.bmp
0 1.383739 0.000000 382.102631 -0.032222 0.059736 0.997694 0.000000 0.000000
0 0.244861 -2.403485 380.892853 -0.413471 -0.717179 0.560978 0.200000 0.000000
0 31.475288 -5.796550 359.403564 -0.006997 -0.978478 0.206233 0.200000 0.319760
pine_bark.bmp
0 1.383739 0.000000 382.102631 -0.032222 0.059736 0.997694 0.000000 0.000000
0 31.475288 -5.796550 359.403564 -0.006997 -0.978478 0.206233 0.200000 0.319760
0 32.206146 -3.862245 360.614105 0.349436 0.022083 0.936700 0.000000 0.319760
pine_bark.bmp
0 0.244861 -2.403485 380.892853 -0.413471 -0.717179 0.560978 0.200000 0.000000
0 -1.170688 -1.348927 378.677307 -0.900324 -0.399601 -0.172439 0.400000 0.000000
0 30.754663 -4.968654 357.385498 -0.301055 -0.556457 -0.774417 0.400000 0.319760
pine_bark.bmp
0 0.244861 -2.403485 380.892853 -0.413471 -0.717179 0.560978 0.200000 0.000000
0 30.754663 -4.968654 357.385498 -0.301055 -0.556457 -0.774417 0.400000 0.319760
0 31.475288 -5.796550 359.403564 -0.006997 -0.978478 0.206233 0.200000 0.319760
pine_bark.bmp
0 -1.170688 -1.348927 378.677307 -0.900324 -0.399601 -0.172439 0.400000 0.000000
0 -1.032400 1.472308 378.378662 -0.817597 0.524476 -0.237615 0.600000 0.000000
0 30.940794 -2.639601 357.140198 -0.192413 0.519681 -0.832411 0.600000 0.319760
pine_bark.bmp
0 -1.170688 -1.348927 378.677307 -0.900324 -0.399601 -0.172439 0.400000 0.000000
0 30.940794 -2.639601 357.140198 -0.192413 0.519681 -0.832411 0.600000 0.319760
0 30.754663 -4.968654 357.385498 -0.301055 -0.556457 -0.774417 0.400000 0.319760
pine_bark.bmp
0 -1.032400 1.472308 378.378662 -0.817597 0.524476 -0.237615 0.600000 0.000000
0 0.627584 2.337096 380.606720 -0.267861 0.818351 0.508480 0.800000 0.000000
0 31.870031 -1.990483 359.225037 0.207892 0.965327 0.157877 0.800000 0.319760
pine_bark.bmp
0 -1.032400 1.472308 378.378662 -0.817597 0.524476 -0.237615 0.600000 0.000000
0 31.870031 -1.990483 359.225037 0.207892 0.965327 0.157877 0.800000 0.319760
0 30.940794 -2.639601 357.140198 -0.192413 0.519681 -0.832411 0.600000 0.319760
pine_bark.bmp
0 0.627584 2.337096 380.606720 -0.267861 0.818351 0.508480 0.800000 0.000000
0 1.383739 0.000000 382.102631 -0.032222 0.059736 0.997694 1.000000 0.000000
0 32.206146 -3.862245 360.614105 0.349436 0.022083 0.936700 1.000000 0.319760
pine_bark.bmp
0 0.627584 2.337096 380.606720 -0.267861 0.818351 0.508480 0.800000 0.000000
0 32.206146 -3.862245 360.614105 0.349436 0.022083 0.936700 1.000000 0.319760
0 31.870031 -1.990483 359.225037 0.207892 0.965327 0.157877 0.800000 0.319760
pine_bark.bmp
0 32.206146 -3.862245 360.614105 0.349436 0.022083 0.936700 0.000000 0.319760
0 31.475288 -5.796550 359.403564 -0.006997 -0.978478 0.206233 0.200000 0.319760
0 57.105560 -7.637254 357.612427 0.540424 -0.814242 0.212019 0.200000 0.536052
pine_bark.bmp
0 32.206146 -3.862245 360.614105 0.349436 0.022083 0.936700 0.000000 0.319760
0 57.105560 -7.637254 357.612427 0.540424 -0.814242 0.212019 0.200000 0.536052
0 57.205746 -7.022263 358.076202 0.642388 -0.042142 0.765220 0.000000 0.536052
pine_bark.bmp
0 31.475288 -5.796550 359.403564 -0.006997 -0.978478 0.206233 0.200000 0.319760
0 30.754663 -4.968654 357.385498 -0.301055 -0.556457 -0.774417 0.400000 0.319760
0 57.099480 -7.385363 356.915894 0.519373 -0.548146 -0.655582 0.400000 0.536052
pine_bark.bmp
0 31.475288 -5.796550 359.403564 -0.006997 -0.978478 0.206233 0.200000 0.319760
0 57.099480 -7.385363 356.915894 0.519373 -0.548146 -0.655582 0.400000 0.536052
0 57.105560 -7.637254 357.612427 0.540424 -0.814242 0.212019 0.200000 0.536052
pine_bark.bmp
0 30.754663 -4.968654 357.385498 -0.301055 -0.556457 -0.774417 0.400000 0.319760
0 30.940794 -2.639601 357.140198 -0.192413 0.519681 -0.832411 0.600000 0.319760
0 57.190262 -6.622434 356.860840 0.613804 0.359272 -0.702971 0.600000 0.536052
pine_bark.bmp
0 30.754663 -4.968654 357.385498 -0.301055 -0.556457 -0.774417 0.400000 0.319760
0 57.190262 -6.622434 356.860840 0.613804 0.359272 -0.702971 0.600000 0.536052
0 57.099480 -7.385363 356.915894 0.519373 -0.548146 -0.655582 0.400000 0.536052
pine_bark.bmp
0 30.940794 -2.639601 357.140198 -0.192413 0.519681 -0.832411 0.600000 0.319760
0 31.870031 -1.990483 359.225037 0.207892 0.965327 0.157877 0.800000 0.319760
0 57.253464 -6.427034 357.598389 0.726080 0.662267 0.184960 0.800000 0.536052
pine_bark.bmp
0 30.940794 -2.639601 357.140198 -0.192413 0.519681 -0.832411 0.600000 0.319760
0 57.253464 -6.427034 357.598389 0.726080 0.662267 0.184960 0.800000 0.536052
0 57.190262 -6.622434 356.860840 0.613804 0.359272 -0.702971 0.600000 0.536052
pine_bark.bmp
0 31.870031 -1.990483 359.225037 0.207892 0.965327 0.157877 0.800000 0.319760
0 32.206146 -3.862245 360.614105 0.349436 0.022083 0.936700 1.000000 0.319760
0 57.205746 -7.022263 358.076202 0.642388 -0.042142 0.765220 1.000000 0.536052
pine_bark.bmp
0 31.870031 -1.990483 359.225037 0.207892 0.965327 0.157877 0.800000 0.319760
0 57.205746 -7.022263 358.076202 0.642388 -0.042142 0.765220 1.000000 0.536052
0 57.253464 -6.427034 357.598389 0.726080 0.662267 0.184960 0.800000 0.536052
pine_bark.bmp
0 1.383739 0.000000 382.102631 -0.032222 0.059736 0.997694 0.950000 0.500000
0 0.627584 2.337096 380.606720 -0.267861 0.818351 0.508480 0.639058 0.072025
0 -1.032400 1.472308 378.378662 -0.817597 0.524476 -0.237615 0.135942 0.235497
pine_bark.bmp
0 -1.032400 1.472308 378.378662 -0.817597 0.524476 -0.237615 0.135942 0.235497
0 -1.170688 -1.348927 378.677307 -0.900324 -0.399601 -0.172439 0.135942 0.764503
0 0.244861 -2.403485 380.892853 -0.413471 -0.717179 0.560978 0.639058 0.927975
pine_bark.bmp
0 -1.032400 1.472308 378.378662 -0.817597 0.524476 -0.237615 0.135942 0.235497
0 0.244861 -2.403485 380.892853 -0.413471 -0.717179 0.560978 0.639058 0.927975
0 1.383739 0.000000 382.102631 -0.032222 0.059736 0.997694 0.950000 0.500000
pine_bark.bmp
0 57.253464 -6.427034 357.598389 0.726080 0.662267 0.184960 0.639058 0.072025
0 57.205746 -7.022263 358.076202 0.642388 -0.042142 0.765220 0.950000 0.500000
0 57.105560 -7.637254 357.612427 0.540424 -0.814242 0.212019 0.639058 0.927975
pine_bark.bmp
0 57.105560 -7.637254 357.612427 0.540424 -0.814242 0.212019 0.639058 0.927975
0 57.099480 -7.385363 356.915894 0.519373 -0.548146 -0.655582 0.135942 0.764503
0 57.190262 -6.622434 356.860840 0.613804 0.359272 -0.702971 0.135942 0.235497
pine_bark.bmp
0 57.105560 -7.637254 357.612427 0.540424 -0.814242 0.212019 0.639058 0.927975
0 57.190262 -6.622434 356.860840 0.613804 0.359272 -0.702971 0.135942 0.235497
0 57.253464 -6.427034 357.598389 0.726080 0.662267 0.184960 0.639058 0.072025
pine_needles.bmp
1 46.883553 8.011009 355.212158 0.330821 0.473290 0.816427 0.007500 0.507500
1 20.608189 26.377010 355.212158 0.330821 0.473290 0.816427 0.492500 0.507500
1 -6.864312 -12.926594 389.128845 0.330821 0.473290 0.816427 0.492500 0.992500
pine_needles.bmp
1 46.883553 8.011009 355.212158 0.330821 0.473290 0.816427 0.007500 0.507500
1 -6.864312 -12.926594 389.128845 0.330821 0.473290 0.816427 0.492500 0.992500
1 19.411055 -31.292595 389.128845 0.330821 0.473290 0.816427 0.007500 0.992500
pine_needles.bmp
1 19.411055 -31.292595 389.128845 -0.330821 -0.473290 -0.816427 0.007500 0.992500
1 -6.864312 -12.926594 389.128845 -0.330821 -0.473290 -0.816427 0.492500 0.992500
1 20.608189 26.377010 355.212158 -0.330821 -0.473290 -0.816427 0.492500 0.507500
pine_needles.bmp
1 19.411055 -31.292595 389.128845 -0.330821 -0.473290 -0.816427 0.007500 0.992500
1 20.608189 26.377010 355.212158 -0.330821 -0.473290 -0.816427 0.492500 0.507500
1 46.883553 8.011009 355.212158 -0.330821 -0.473290 -0.816427 0.007500 0.507500
pine_needles.bmp
1 19.008625 17.798317 345.760651 -0.741643 0.518395 0.425714 0.007500 0.507500
1 0.642624 -8.477049 345.760651 -0.741643 0.518395 0.425714 0.492500 0.507500
1 21.010616 -22.713902 398.580353 -0.741643 0.518395 0.425714 0.492500 0.992500
pine_needles.bmp
1 19.008625 17.798317 345.760651 -0.741643 0.518395 0.425714 0.007500 0.507500
1 21.010616 -22.713902 398.580353 -0.741643 0.518395 0.425714 0.492500 0.992500
1 39.376617 3.561464 398.580353 -0.741643 0.518395 0.425714 0.007500 0.992500
pine_needles.bmp
1 39.376617 3.561464 398.580353 0.741643 -0.518395 -0.425714 0.007500 0.992500
1 21.010616 -22.713902 398.580353 0.741643 -0.518395 -0.425714 0.492500 0.992500
1 0.642624 -8.477049 345.760651 0.741643 -0.518395 -0.425714 0.492500 0.507500
pine_needles.bmp
1 39.376617 3.561464 398.580353 0.741643 -0.518395 -0.425714 0.007500 0.992500
1 0.642624 -8.477049 345.760651 0.741643 -0.518395 -0.425714 0.492500 0.507500
1 19.008625 17.798317 345.760651 0.741643 -0.518395 -0.425714 0.007500 0.507500
pine_needles.bmp
1 47.034657 -24.414812 340.996552 0.797603 -0.244766 0.551288 0.507500 0.007500
1 56.351597 5.945663 340.996552 0.797603 -0.244766 0.551288 0.992500 0.007500
1 24.999973 15.566761 390.627747 0.797603 -0.244766 0.551288 0.992500 0.492500
pine_needles.bmp
1 47.034657 -24.414812 340.996552 0.797603 -0.244766 0.551288 0.507500 0.007500
1 24.999973 15.566761 390.627747 0.797603 -0.244766 0.551288 0.992500 0.492500
1 15.683033 -14.793715 390.627747 0.797603 -0.244766 0.551288 0.507500 0.492500
pine_needles.bmp
1 15.683033 -14.793715 390.627747 -0.797603 0.244766 -0.551288 0.507500 0.492500
1 24.999973 15.566761 390.627747 -0.797603 0.244766 -0.551288 0.992500 0.492500
1 56.351597 5.945663 340.996552 -0.797603 0.244766 -0.551288 0.992500 0.007500
pine_needles.bmp
1 15.683033 -14.793715 390.627747 -0.797603 0.244766 -0.551288 0.507500 0.492500
1 56.351597 5.945663 340.996552 -0.797603 0.244766 -0.551288 0.992500 0.007500
1 47.034657 -24.414812 340.996552 -0.797603 0.244766 -0.551288 0.507500 0.007500
pine_needles.bmp
1 54.793854 2.636532 338.767242 0.267207 0.870729 0.412834 0.007500 0.007500
1 24.433380 11.953470 338.767242 0.267207 0.870729 0.412834 0.492500 0.007500
1 17.240776 -11.484583 392.857086 0.267207 0.870729 0.412834 0.492500 0.492500
pine_needles.bmp
1 54.793854 2.636532 338.767242 0.267207 0.870729 0.412834 0.007500 0.007500
1 17.240776 -11.484583 392.857086 0.267207 0.870729 0.412834 0.492500 0.492500
1 47.601250 -20.801521 392.857086 0.267207 0.870729 0.412834 0.007500 0.492500
pine_needles.bmp
1 47.601250 -20.801521 392.857086 -0.267207 -0.870729 -0.412834 0.007500 0.492500
1 17.240776 -11.484583 392.857086 -0.267207 -0.870729 -0.412834 0.492500 0.492500
1 24.433380 11.953470 338.767242 -0.267207 -0.870729 -0.412834 0.492500 0.007500
pine_needles.bmp
1 47.601250 -20.801521 392.857086 -0.267207 -0.870729 -0.412834 0.007500 0.492500
1 24.433380 11.953470 338.767242 -0.267207 -0.870729 -0.412834 0.492500 0.007500
1 54.793854 2.636532 338.767242 -0.267207 -0.870729 -0.412834 0.007500 0.007500
pine_needles.bmp
1 27.527798 -29.548824 342.986206 -0.052358 -0.541336 0.839175 0.007500 0.007500
1 71.629898 -33.814358 342.986206 -0.052358 -0.541336 0.839175 0.492500 0.007500
1 76.522232 16.768307 375.921387 -0.052358 -0.541336 0.839175 0.492500 0.492500
pine_needles.bmp
1 27.527798 -29.548824 342.986206 -0.052358 -0.541336 0.839175 0.007500 0.007500
1 76.522232 16.768307 375.921387 -0.052358 -0.541336 0.839175 0.492500 0.492500
1 32.420128 21.033840 375.921387 -0.052358 -0.541336 0.839175 0.007500 0.492500
pine_needles.bmp
1 32.420128 21.033840 375.921387 0.052358 0.541336 -0.839175 0.007500 0.492500
1 76.522232 16.768307 375.921387 0.052358 0.541336 -0.839175 0.492500 0.492500
1 71.629898 -33.814358 342.986206 0.052358 0.541336 -0.839175 0.492500 0.007500
pine_needles.bmp
1 32.420128 21.033840 375.921387 0.052358 0.541336 -0.839175 0.007500 0.492500
1 71.629898 -33.814358 342.986206 0.052358 0.541336 -0.839175 0.492500 0.007500
1 27.527798 -29.548824 342.986206 0.052358 0.541336 -0.839175 0.007500 0.007500
pine_needles.bmp
1 71.121712 -30.494612 338.073792 0.704670 -0.068155 0.706254 0.007500 0.007500
1 75.387245 13.607489 338.073792 0.704670 -0.068155 0.706254 0.492500 0.007500
1 32.928314 17.714094 380.833801 0.704670 -0.068155 0.706254 0.492500 0.492500
pine_needles.bmp
1 71.121712 -30.494612 338.073792 0.704670 -0.068155 0.706254 0.007500 0.007500
1 32.928314 17.714094 380.833801 0.704670 -0.068155 0.706254 0.492500 0.492500
1 28.662781 -26.388006 380.833801 0.704670 -0.068155 0.706254 0.007500 0.492500
pine_needles.bmp
1 28.662781 -26.388006 380.833801 -0.704670 0.068155 -0.706254 0.007500 0.492500
1 32.928314 17.714094 380.833801 -0.704670 0.068155 -0.706254 0.492500 0.492500
1 75.387245 13.607489 338.073792 -0.704670 0.068155 -0.706254 0.492500 0.007500
pine_needles.bmp
1 28.662781 -26.388006 380.833801 -0.704670 0.068155 -0.706254 0.007500 0.492500
1 75.387245 13.607489 338.073792 -0.704670 0.068155 -0.706254 0.492500 0.007500
1 71.121712 -30.494612 338.073792 -0.704670 0.068155 -0.706254 0.007500 0.007500
pine_bark.bmp
0 1.744972 0.000000 381.802277 0.214441 -0.311922 0.925592 0.000000 0.000000
0 1.598855 -1.905931 379.612000 0.210459 -0.957353 0.197946 0.200000 0.000000
0 22.639557 22.170015 358.597321 0.694848 -0.690157 -0.202161 0.200000 0.319760
pine_bark.bmp
0 1.744972 0.000000 381.802277 0.214441 -0.311922 0.925592 0.000000 0.000000
0 22.639557 22.170015 358.597321 0.694848 -0.690157 -0.202161 0.200000 0.319760
0 22.208279 23.576990 360.474091 0.516209 -0.048534 0.855086 0.000000 0.319760
pine_bark.bmp
0 1.598855 -1.905931 379.612000 0.210459 -0.957353 0.197946 0.200000 0.000000
0 -0.752265 -1.069681 378.242371 -0.545677 -0.776368 -0.315419 0.400000 0.000000
0 21.034201 22.772211 357.054138 -0.038040 -0.361849 -0.931460 0.400000 0.319760
pine_bark.bmp
0 1.598855 -1.905931 379.612000 0.210459 -0.957353 0.197946 0.200000 0.000000
0 21.034201 22.772211 357.054138 -0.038040 -0.361849 -0.931460 0.400000 0.319760
0 22.639557 22.170015 358.597321 0.694848 -0.690157 -0.202161 0.200000 0.319760
pine_bark.bmp
0 -0.752265 -1.069681 378.242371 -0.545677 -0.776368 -0.315419 0.400000 0.000000
0 -2.092176 1.167520 379.354828 -0.998916 -0.037530 0.027531 0.600000 0.000000
0 19.560965 24.466316 357.738495 -0.690971 0.428394 -0.582269 0.600000 0.319760
pine_bark.bmp
0 -0.752265 -1.069681 378.242371 -0.545677 -0.776368 -0.315419 0.400000 0.000000
0 19.560965 24.466316 357.738495 -0.690971 0.428394 -0.582269 0.600000 0.319760
0 21.034201 22.772211 357.054138 -0.038040 -0.361849 -0.931460 0.400000 0.319760
pine_bark.bmp
0 -2.092176 1.167520 379.354828 -0.998916 -0.037530 0.027531 0.600000 0.000000
0 -0.463019 1.853285 381.664276 -0.514086 0.255977 0.818652 0.800000 0.000000
0 20.356565 24.938473 359.921326 -0.438356 0.712859 0.547426 0.800000 0.319760
pine_bark.bmp
0 -2.092176 1.167520 379.354828 -0.998916 -0.037530 0.027531 0.600000 0.000000
0 20.356565 24.938473 359.921326 -0.438356 0.712859 0.547426 0.800000 0.319760
0 19.560965 24.466316 357.738495 -0.690971 0.428394 -0.582269 0.600000 0.319760
pine_bark.bmp
0 -0.463019 1.853285 381.664276 -0.514086 0.255977 0.818652 0.800000 0.000000
0 1.744972 0.000000 381.802277 0.214441 -0.311922 0.925592 1.000000 0.000000
0 22.208279 23.576990 360.474091 0.516209 -0.048534 0.855086 1.000000 0.319760
pine_bark.bmp
0 -0.463019 1.853285 381.664276 -0.514086 0.255977 0.818652 0.800000 0.000000
0 22.208279 23.576990 360.474091 0.516209 -0.048534 0.855086 1.000000 0.319760
0 20.356565 24.938473 359.921326 -0.438356 0.712859 0.547426 0.800000 0.319760
pine_bark.bmp
0 22.208279 23.576990 360.474091 0.516209 -0.048534 0.855086 0.000000 0.319760
0 22.639557 22.170015 358.597321 0.694848 -0.690157 -0.202161 0.200000 0.319760
0 38.947582 42.452709 357.572876 0.997190 -0.056829 -0.048813 0.200000 0.536052
pine_bark.bmp
0 22.208279 23.576990 360.474091 0.516209 -0.048534 0.855086 0.000000 0.319760
0 38.947582 42.452709 357.572876 0.997190 -0.056829 -0.048813 0.200000 0.536052
0 38.525352 42.867252 358.075104 0.597017 0.328304 0.731975 0.000000 0.536052
pine_bark.bmp
0 22.639557 22.170015 358.597321 0.694848 -0.690157 -0.202161 0.200000 0.319760
0 21.034201 22.772211 357.054138 -0.038040 -0.361849 -0.931460 0.400000 0.319760
0 38.704746 42.622498 356.893555 0.571893 0.256467 -0.779207 0.400000 0.536052
pine_bark.bmp
0 22.639557 22.170015 358.597321 0.694848 -0.690157 -0.202161 0.200000 0.319760
0 38.704746 42.622498 356.893555 0.571893 0.256467 -0.779207 0.400000 0.536052
0 38.947582 42.452709 357.572876 0.997190 -0.056829 -0.048813 0.200000 0.536052
pine_bark.bmp
0 21.034201 22.772211 357.054138 -0.038040 -0.361849 -0.931460 0.400000 0.319760
0 19.560965 24.466316 357.738495 -0.690971 0.428394 -0.582269 0.600000 0.319760
0 38.131245 43.136765 356.887268 -0.074536 0.848661 -0.523660 0.600000 0.536052
pine_bark.bmp
0 21.034201 22.772211 357.054138 -0.038040 -0.361849 -0.931460 0.400000 0.319760
0 38.131245 43.136765 356.887268 -0.074536 0.848661 -0.523660 0.600000 0.536052
0 38.704746 42.622498 356.893555 0.571893 0.256467 -0.779207 0.400000 0.536052
pine_bark.bmp
0 19.560965 24.466316 357.738495 -0.690971 0.428394 -0.582269 0.600000 0.319760
0 20.356565 24.938473 359.921326 -0.438356 0.712859 0.547426 0.800000 0.319760
0 38.043625 43.268475 357.636047 -0.035935 0.905446 0.422938 0.800000 0.536052
pine_bark.bmp
0 19.560965 24.466316 357.738495 -0.690971 0.428394 -0.582269 0.600000 0.319760
0 38.043625 43.268475 357.636047 -0.035935 0.905446 0.422938 0.800000 0.536052
0 38.131245 43.136765 356.887268 -0.074536 0.848661 -0.523660 0.600000 0.536052
pine_bark.bmp
0 20.356565 24.938473 359.921326 -0.438356 0.712859 0.547426 0.800000 0.319760
0 22.208279 23.576990 360.474091 0.516209 -0.048534 0.855086 1.000000 0.319760
0 38.525352 42.867252 358.075104 0.597017 0.328304 0.731975 1.000000 0.536052
pine_bark.bmp
0 20.356565 24.938473 359.921326 -0.438356 0.712859 0.547426 0.800000 0.319760
0 38.525352 42.867252 358.075104 0.597017 0.328304 0.731975 1.000000 0.536052
0 38.043625 43.268475 357.636047 -0.035935 0.905446 0.422938 0.800000 0.536052
pine_bark.bmp
0 1.744972 0.000000 381.802277 0.214441 -0.311922 0.925592 0.950000 0.500000
0 -0.463019 1.853285 381.664276 -0.514086 0.255977 0.818652 0.639058 0.072025
0 -2.092176 1.167520 379.354828 -0.998916 -0.037530 0.027531 0.135942 0.235497
pine_bark.bmp
0 -2.092176 1.167520 379.354828 -0.998916 -0.037530 0.027531 0.135942 0.235497
0 -0.752265 -1.069681 378.242371 -0.545677 -0.776368 -0.315419 0.135942 0.764503
0 1.598855 -1.905931 379.612000 0.210459 -0.957353 0.197946 0.639058 0.927975
pine_bark.bmp
0 -2.092176 1.167520 379.354828 -0.998916 -0.037530 0.027531 0.135942 0.235497
0 1.598855 -1.905931 379.612000 0.210459 -0.957353 0.197946 0.639058 0.927975
0 1.744972 0.000000 381.802277 0.214441 -0.311922 0.925592 0.950000 0.500000
pine_bark.bmp
0 38.043625 43.268475 357.636047 -0.035935 0.905446 0.422938 0.639058 0.072025
0 38.525352 42.867252 358.075104 0.597017 0.328304 0.731975 0.950000 0.500000
0 38.947582 42.452709 357.572876 0.997190 -0.056829 -0.048813 0.639058 0.927975
pine_bark.bmp
0 38.947582 42.452709 357.572876 0.997190 -0.056829 -0.048813 0.639058 0.927975
0 38.704746 42.622498 356.893555 0.571893 0.256467 -0.779207 0.135942 0.764503
0 38.131245 43.136765 356.887268 -0.074536 0.848661 -0.523660 0.135942 0.235497
pine_bark.bmp
0 38.947582 42.452709 357.572876 0.997190 -0.056829 -0.048813 0.639058 0.927975
0 38.131245 43.136765 356.887268 -0.074536 0.848661 -0.523660 0.135942 0.235497
0 38.043625 43.268475 357.636047 -0.035935 0.905446 0.422938 0.639058 0.072025
pine_needles.bmp
1 -0.971286 -8.327052 352.515350 0.002424 -0.645171 0.764035 0.507500 0.507500
1 28.077173 -8.217910 352.515350 0.002424 -0.645171 0.764035 0.992500 0.507500
1 27.902266 38.334129 391.825653 0.002424 -0.645171 0.764035 0.992500 0.992500
pine_needles.bmp
1 -0.971286 -8.327052 352.515350 0.002424 -0.645171 0.764035 0.507500 0.507500
1 27.902266 38.334129 391.825653 0.002424 -0.645171 0.764035 0.992500 0.992500
1 -1.146192 38.224987 391.825653 0.002424 -0.645171 0.764035 0.507500 0.992500
pine_needles.bmp
1 -1.146192 38.224987 391.825653 -0.002424 0.645171 -0.764035 0.507500 0.992500
1 27.902266 38.334129 391.825653 -0.002424 0.645171 -0.764035 0.992500 0.992500
1 28.077173 -8.217910 352.515350 -0.002424 0.645171 -0.764035 0.992500 0.507500
pine_needles.bmp
1 -1.146192 38.224987 391.825653 -0.002424 0.645171 -0.764035 0.507500 0.992500
1 28.077173 -8.217910 352.515350 -0.002424 0.645171 -0.764035 0.992500 0.507500
1 -0.971286 -8.327052 352.515350 -0.002424 0.645171 -0.764035 0.507500 0.507500
pine_needles.bmp
1 25.840759 0.525602 344.485168 0.913607 0.003433 0.406585 0.007500 0.007500
1 25.731617 29.574059 344.485168 0.913607 0.003433 0.406585 0.492500 0.007500
1 1.090222 29.481476 399.855835 0.913607 0.003433 0.406585 0.492500 0.492500
pine_needles.bmp
1 25.840759 0.525602 344.485168 0.913607 0.003433 0.406585 0.007500 0.007500
1 1.090222 29.481476 399.855835 0.913607 0.003433 0.406585 0.492500 0.492500
1 1.199365 0.433018 399.855835 0.913607 0.003433 0.406585 0.007500 0.492500
pine_needles.bmp
1 1.199365 0.433018 399.855835 -0.913607 -0.003433 -0.406585 0.007500 0.492500
1 1.090222 29.481476 399.855835 -0.913607 -0.003433 -0.406585 0.492500 0.492500
1 25.731617 29.574059 344.485168 -0.913607 -0.003433 -0.406585 0.492500 0.007500
pine_needles.bmp
1 1.199365 0.433018 399.855835 -0.913607 -0.003433 -0.406585 0.007500 0.492500
1 25.731617 29.574059 344.485168 -0.913607 -0.003433 -0.406585 0.492500 0.007500
1 25.840759 0.525602 344.485168 -0.913607 -0.003433 -0.406585 0.007500 0.007500
pine_needles.bmp
1 4.981421 -0.725433 352.209717 0.047470 -0.466258 0.883375 0.507500 0.007500
1 48.688087 3.724369 352.209717 0.047470 -0.466258 0.883375 0.992500 0.007500
1 43.494339 54.738171 379.414612 0.047470 -0.466258 0.883375 0.992500 0.492500
pine_needles.bmp
1 4.981421 -0.725433 352.209717 0.047470 -0.466257 0.883375 0.507500 0.007500
1 43.494339 54.738171 379.414612 0.047470 -0.466257 0.883375 0.992500 0.492500
1 -0.212325 50.288368 379.414612 0.047470 -0.466257 0.883375 0.507500 0.492500
pine_needles.bmp
1 -0.212325 50.288368 379.414612 -0.047470 0.466258 -0.883375 0.507500 0.492500
1 43.494339 54.738171 379.414612 -0.047470 0.466258 -0.883375 0.992500 0.492500
1 48.688087 3.724369 352.209717 -0.047470 0.466258 -0.883375 0.992500 0.007500
pine_needles.bmp
1 -0.212325 50.288368 379.414612 -0.047470 0.466257 -0.883375 0.507500 0.492500
1 48.688087 3.724369 352.209717 -0.047470 0.466257 -0.883375 0.992500 0.007500
1 4.981421 -0.725433 352.209717 -0.047470 0.466257 -0.883375 0.507500 0.007500
pine_needles.bmp
1 48.004398 7.346201 346.608734 0.660108 0.067206 0.748158 0.507500 0.007500
1 43.554596 51.052868 346.608734 0.660108 0.067206 0.748158 0.992500 0.007500
1 0.471363 46.666538 385.015594 0.660108 0.067206 0.748158 0.992500 0.492500
pine_needles.bmp
1 48.004398 7.346201 346.608734 0.660108 0.067206 0.748158 0.507500 0.007500
1 0.471363 46.666538 385.015594 0.660108 0.067206 0.748158 0.992500 0.492500
1 4.921165 2.959871 385.015594 0.660108 0.067206 0.748158 0.507500 0.492500
pine_needles.bmp
1 4.921165 2.959871 385.015594 -0.660108 -0.067206 -0.748158 0.507500 0.492500
1 0.471363 46.666538 385.015594 -0.660108 -0.067206 -0.748158 0.992500 0.492500
1 43.554596 51.052868 346.608734 -0.660108 -0.067206 -0.748158 0.992500 0.007500
pine_needles.bmp
1 4.921165 2.959871 385.015594 -0.660108 -0.067206 -0.748158 0.507500 0.492500
1 43.554596 51.052868 346.608734 -0.660108 -0.067206 -0.748158 0.992500 0.007500
1 48.004398 7.346201 346.608734 -0.660108 -0.067206 -0.748158 0.507500 0.007500
pine_needles.bmp
1 60.272861 36.993416 330.472473 0.671495 0.495629 0.550859 0.507500 0.007500
1 40.528278 63.744061 330.472473 0.671495 0.495629 0.550859 0.992500 0.007500
1 9.747684 41.024982 388.435150 0.671495 0.495629 0.550859 0.992500 0.492500
pine_needles.bmp
1 60.272861 36.993416 330.472473 0.671495 0.495629 0.550859 0.507500 0.007500
1 9.747684 41.024982 388.435150 0.671495 0.495629 0.550859 0.992500 0.492500
1 29.492268 14.274340 388.435150 0.671495 0.495629 0.550859 0.507500 0.492500
pine_needles.bmp
1 29.492268 14.274340 388.435150 -0.671495 -0.495629 -0.550859 0.507500 0.492500
1 9.747684 41.024982 388.435150 -0.671495 -0.495629 -0.550859 0.992500 0.492500
1 40.528278 63.744061 330.472473 -0.671495 -0.495629 -0.550859 0.992500 0.007500
pine_needles.bmp
1 29.492268 14.274340 388.435150 -0.671495 -0.495629 -0.550859 0.507500 0.492500
1 40.528278 63.744061 330.472473 -0.671495 -0.495629 -0.550859 0.992500 0.007500
1 60.272861 36.993416 330.472473 -0.671495 -0.495629 -0.550859 0.507500 0.007500
pine_needles.bmp
1 30.461666 73.165451 341.887512 -0.298716 0.404711 0.864279 0.507500 0.007500
1 3.711020 53.420872 341.887512 -0.298716 0.404711 0.864279 0.992500 0.007500
1 39.558884 4.852947 377.020081 -0.298716 0.404711 0.864279 0.992500 0.492500
pine_needles.bmp
1 30.461666 73.165451 341.887512 -0.298716 0.404711 0.864278 0.507500 0.007500
1 39.558884 4.852947 377.020081 -0.298716 0.404711 0.864278 0.992500 0.492500
1 66.309525 24.597530 377.020081 -0.298716 0.404711 0.864278 0.507500 0.492500
pine_needles.bmp
1 66.309525 24.597530 377.020081 0.298716 -0.404711 -0.864278 0.507500 0.492500
1 39.558884 4.852947 377.020081 0.298716 -0.404711 -0.864278 0.992500 0.492500
1 3.711020 53.420872 341.887512 0.298716 -0.404711 -0.864278 0.992500 0.007500
pine_needles.bmp
1 66.309525 24.597530 377.020081 0.298716 -0.404711 -0.864278 0.507500 0.492500
1 3.711020 53.420872 341.887512 0.298716 -0.404711 -0.864278 0.992500 0.007500
1 30.461666 73.165451 341.887512 0.298716 -0.404711 -0.864278 0.507500 0.007500
pine_bark.bmp
0 2.367111 0.000000 379.533966 0.853225 -0.509673 0.110639 0.000000 0.000000
0 0.284739 -1.405002 378.048157 0.107946 -0.933735 -0.341301 0.200000 0.000000
0 -5.533309 30.428677 356.880219 -0.137282 -0.322877 -0.936432 0.200000 0.319760
pine_bark.bmp
0 2.367111 0.000000 379.533966 0.853225 -0.509673 0.110639 0.000000 0.000000
0 -5.533309 30.428677 356.880219 -0.137282 -0.322877 -0.936432 0.200000 0.319760
0 -3.535870 31.213966 357.949341 0.847810 0.037270 -0.528988 0.000000 0.319760
pine_bark.bmp
0 0.284739 -1.405002 378.048157 0.107946 -0.933735 -0.341301 0.200000 0.000000
0 -2.077935 -0.788540 379.509003 -0.652756 -0.740165 0.161448 0.400000 0.000000
0 -7.223927 30.764786 358.413452 -0.948034 -0.234543 -0.214989 0.400000 0.319760
pine_bark.bmp
0 0.284739 -1.405002 378.048157 0.107946 -0.933735 -0.341301 0.200000 0.000000
0 -7.223927 30.764786 358.413452 -0.948034 -0.234543 -0.214989 0.400000 0.319760
0 -5.533309 30.428677 356.880219 -0.137282 -0.322877 -0.936432 0.200000 0.319760
pine_bark.bmp
0 -2.077935 -0.788540 379.509003 -0.652756 -0.740165 0.161448 0.400000 0.000000
0 -1.683921 0.860665 381.759308 -0.433251 -0.185419 0.881994 0.600000 0.000000
0 -6.528002 31.710335 360.422943 -0.540149 0.200721 0.817282 0.600000 0.319760
pine_bark.bmp
0 -2.077935 -0.788540 379.509003 -0.652756 -0.740165 0.161448 0.400000 0.000000
0 -6.528002 31.710335 360.422943 -0.540149 0.200721 0.817282 0.600000 0.319760
0 -7.223927 30.764786 358.413452 -0.948034 -0.234543 -0.214989 0.400000 0.319760
pine_bark.bmp
0 -1.683921 0.860665 381.759308 -0.433251 -0.185419 0.881994 0.600000 0.000000
0 1.204015 1.366193 381.765900 0.521713 -0.041327 0.852120 0.800000 0.000000
0 -4.172946 31.973866 360.069824 0.723976 0.386141 0.571623 0.800000 0.319760
pine_bark.bmp
0 -1.683921 0.860665 381.759308 -0.433251 -0.185419 0.881994 0.600000 0.000000
0 -4.172946 31.973866 360.069824 0.723976 0.386141 0.571623 0.800000 0.319760
0 -6.528002 31.710335 360.422943 -0.540149 0.200721 0.817282 0.600000 0.319760
pine_bark.bmp
0 1.204015 1.366193 381.765900 0.521713 -0.041327 0.852120 0.800000 0.000000
0 2.367111 0.000000 379.533966 0.853225 -0.509673 0.110639 1.000000 0.000000
0 -3.535870 31.213966 357.949341 0.847810 0.037270 -0.528988 1.000000 0.319760
pine_bark.bmp
0 1.204015 1.366193 381.765900 0.521713 -0.041327 0.852120 0.800000 0.000000
0 -3.535870 31.213966 357.949341 0.847810 0.037270 -0.528988 1.000000 0.319760
0 -4.172946 31.973866 360.069824 0.723976 0.386141 0.571623 0.800000 0.319760
pine_bark.bmp
0 -3.535870 31.213966 357.949341 0.847810 0.037270 -0.528988 0.000000 0.319760
0 -5.533309 30.428677 356.880219 -0.137282 -0.322877 -0.936432 0.200000 0.319760
0 -10.368003 56.642120 357.044434 -0.375423 0.518202 -0.768456 0.200000 0.536052
pine_bark.bmp
0 -3.535870 31.213966 357.949341 0.847810 0.037270 -0.528988 0.000000 0.319760
0 -10.368003 56.642120 357.044434 -0.375423 0.518202 -0.768456 0.200000 0.536052
0 -9.646545 56.752666 356.771942 0.511325 0.685443 -0.518378 0.000000 0.536052
pine_bark.bmp
0 -5.533309 30.428677 356.880219 -0.137282 -0.322877 -0.936432 0.200000 0.319760
0 -7.223927 30.764786 358.413452 -0.948034 -0.234543 -0.214989 0.400000 0.319760
0 -10.334623 56.687401 357.781982 -0.873848 0.485466 -0.026683 0.400000 0.536052
pine_bark.bmp
0 -5.533309 30.428677 356.880219 -0.137282 -0.322877 -0.936432 0.200000 0.319760
0 -10.334623 56.687401 357.781982 -0.873848 0.485466 -0.026683 0.400000 0.536052
0 -10.368003 56.642120 357.044434 -0.375423 0.518202 -0.768456 0.200000 0.536052
pine_bark.bmp
0 -7.223927 30.764786 358.413452 -0.948034 -0.234543 -0.214989 0.400000 0.319760
0 -6.528002 31.710335 360.422943 -0.540149 0.200721 0.817282 0.600000 0.319760
0 -9.626010 56.824535 358.047760 -0.337342 0.599207 0.726052 0.600000 0.536052
pine_bark.bmp
0 -7.223927 30.764786 358.413452 -0.948034 -0.234543 -0.214989 0.400000 0.319760
0 -9.626010 56.824535 358.047760 -0.337342 0.599207 0.726052 0.600000 0.536052
0 -10.334623 56.687401 357.781982 -0.873848 0.485466 -0.026683 0.400000 0.536052
pine_bark.bmp
0 -6.528002 31.710335 360.422943 -0.540149 0.200721 0.817282 0.600000 0.319760
0 -4.172946 31.973866 360.069824 0.723976 0.386141 0.571623 0.800000 0.319760
0 -9.222276 56.859657 357.395844 0.522273 0.752392 0.401419 0.800000 0.536052
pine_bark.bmp
0 -6.528002 31.710335 360.422943 -0.540149 0.200721 0.817282 0.600000 0.319760
0 -9.222276 56.859657 357.395844 0.522273 0.752392 0.401419 0.800000 0.536052
0 -9.626010 56.824535 358.047760 -0.337342 0.599207 0.726052 0.600000 0.536052
pine_bark.bmp
0 -4.172946 31.973866 360.069824 0.723976 0.386141 0.571623 0.800000 0.319760
0 -3.535870 31.213966 357.949341 0.847810 0.037270 -0.528988 1.000000 0.319760
0 -9.646545 56.752666 356.771942 0.511325 0.685443 -0.518378 1.000000 0.536052
pine_bark.bmp
0 -4.172946 31.973866 360.069824 0.723976 0.386141 0.571623 0.800000 0.319760
0 -9.646545 56.752666 356.771942 0.511325 0.685443 -0.518378 1.000000 0.536052
0 -9.222276 56.859657 357.395844 0.522273 0.752392 0.401419 0.800000 0.536052
pine_bark.bmp
0 2.367111 0.000000 379.533966 0.853225 -0.509673 0.110639 0.950000 0.500000
0 1.204015 1.366193 381.765900 0.521713 -0.041327 0.852120 0.639058 0.072025
0 -1.683921 0.860665 381.759308 -0.433251 -0.185419 0.881994 0.135942 0.235497
pine_bark.bmp
0 -1.683921 0.860665 381.759308 -0.433251 -0.185419 0.881994 0.135942 0.235497
0 -2.077935 -0.788540 379.509003 -0.652756 -0.740165 0.161448 0.135942 0.764503
0 0.284739 -1.405002 378.048157 0.107946 -0.933735 -0.341301 0.639058 0.927975
pine_bark.bmp
0 -1.683921 0.860665 381.759308 -0.433251 -0.185419 0.881994 0.135942 0.235497
0 0.284739 -1.405002 378.048157 0.107946 -0.933735 -0.341301 0.639058 0.927975
0 2.367111 0.000000 379.533966 0.853225 -0.509673 0.110639 0.950000 0.500000
pine_bark.bmp
0 -9.222276 56.859657 357.395844 0.522273 0.752392 0.401419 0.639058 0.072025
0 -9.646545 56.752666 356.771942 0.511325 0.685443 -0.518378 0.950000 0.500000
0 -10.368003 56.642120 357.044434 -0.375423 0.518202 -0.768456 0.639058 0.927975
pine_bark.bmp
0 -10.368003 56.642120 357.044434 -0.375423 0.518202 -0.768456 0.639058 0.927975
0 -10.334623 56.687401 357.781982 -0.873848 0.485466 -0.026683 0.135942 0.764503
0 -9.626010 56.824535 358.047760 -0.337342 0.599207 0.726052 0.135942 0.235497
pine_bark.bmp
0 -10.368003 56.642120 357.044434 -0.375423 0.518202 -0.768456 0.639058 0.927975
0 -9.626010 56.824535 358.047760 -0.337342 0.599207 0.726052 0.135942 0.235497
0 -9.222276 56.859657 357.395844 0.522273 0.752392 0.401419 0.639058 0.072025
pine_needles.bmp
1 26.618679 10.082567 347.905914 0.656449 0.278825 0.700950 0.507500 0.507500
1 10.390009 48.290359 347.905914 0.656449 0.278825 0.700950 0.992500 0.507500
1 -33.509140 29.644300 396.435089 0.656449 0.278825 0.700950 0.992500 0.992500
pine_needles.bmp
1 26.618679 10.082567 347.905914 0.656449 0.278825 0.700950 0.507500 0.507500
1 -33.509140 29.644300 396.435089 0.656449 0.278825 0.700950 0.992500 0.992500
1 -17.280472 -8.563494 396.435089 0.656449 0.278825 0.700950 0.507500 0.992500
pine_needles.bmp
1 -17.280472 -8.563494 396.435089 -0.656449 -0.278825 -0.700950 0.507500 0.992500
1 -33.509140 29.644300 396.435089 -0.656449 -0.278825 -0.700950 0.992500 0.992500
1 10.390009 48.290359 347.905914 -0.656449 -0.278825 -0.700950 0.992500 0.507500
pine_needles.bmp
1 -17.280472 -8.563494 396.435089 -0.656449 -0.278825 -0.700950 0.507500 0.992500
1 10.390009 48.290359 347.905914 -0.656449 -0.278825 -0.700950 0.992500 0.507500
1 26.618679 10.082567 347.905914 -0.656449 -0.278825 -0.700950 0.507500 0.507500
pine_needles.bmp
1 4.891011 53.328480 352.079285 -0.230393 0.542423 0.807896 0.507500 0.007500
1 -33.316780 37.099812 352.079285 -0.230393 0.542423 0.807896 0.992500 0.007500
1 -11.781473 -13.601613 392.261719 -0.230393 0.542423 0.807896 0.992500 0.492500
pine_needles.bmp
1 4.891011 53.328480 352.079285 -0.230393 0.542423 0.807896 0.507500 0.007500
1 -11.781473 -13.601613 392.261719 -0.230393 0.542423 0.807896 0.992500 0.492500
1 26.426319 2.627056 392.261719 -0.230393 0.542423 0.807896 0.507500 0.492500
pine_needles.bmp
1 26.426319 2.627056 392.261719 0.230393 -0.542423 -0.807896 0.507500 0.492500
1 -11.781473 -13.601613 392.261719 0.230393 -0.542423 -0.807896 0.992500 0.492500
1 -33.316780 37.099812 352.079285 0.230393 -0.542423 -0.807896 0.992500 0.007500
pine_needles.bmp
1 26.426319 2.627056 392.261719 0.230393 -0.542423 -0.807896 0.507500 0.492500
1 -33.316780 37.099812 352.079285 0.230393 -0.542423 -0.807896 0.992500 0.007500
1 4.891011 53.328480 352.079285 0.230393 -0.542423 -0.807896 0.507500 0.007500
pine_needles.bmp
1 12.999449 47.721199 340.064148 0.248113 0.794488 0.554282 0.507500 0.007500
1 -15.179617 56.521336 340.064148 0.248113 0.794488 0.554282 0.992500 0.007500
1 -25.402281 23.787167 391.560150 0.248113 0.794488 0.554282 0.992500 0.492500
pine_needles.bmp
1 12.999449 47.721199 340.064148 0.248113 0.794488 0.554282 0.507500 0.007500
1 -25.402281 23.787167 391.560150 0.248113 0.794488 0.554282 0.992500 0.492500
1 2.776784 14.987028 391.560150 0.248113 0.794488 0.554282 0.507500 0.492500
pine_needles.bmp
1 2.776784 14.987028 391.560150 -0.248113 -0.794488 -0.554282 0.507500 0.492500
1 -25.402281 23.787167 391.560150 -0.248113 -0.794488 -0.554282 0.992500 0.492500
1 -15.179617 56.521336 340.064148 -0.248113 -0.794488 -0.554282 0.992500 0.007500
pine_needles.bmp
1 2.776784 14.987028 391.560150 -0.248113 -0.794488 -0.554282 0.507500 0.492500
1 -15.179617 56.521336 340.064148 -0.248113 -0.794488 -0.554282 0.992500 0.007500
1 12.999449 47.721199 340.064148 -0.248113 -0.794488 -0.554282 0.507500 0.007500
pine_needles.bmp
1 -27.550879 57.885120 350.313965 -0.475509 0.148498 0.867087 0.507500 0.007500
1 -36.351013 29.706059 350.313965 -0.475509 0.148498 0.867087 0.992500 0.007500
1 15.148046 13.623239 381.310333 -0.475509 0.148498 0.867087 0.992500 0.492500
pine_needles.bmp
1 -27.550879 57.885120 350.313965 -0.475509 0.148498 0.867087 0.507500 0.007500
1 15.148046 13.623239 381.310333 -0.475509 0.148498 0.867087 0.992500 0.492500
1 23.948183 41.802303 381.310333 -0.475509 0.148498 0.867087 0.507500 0.492500
pine_needles.bmp
1 23.948183 41.802303 381.310333 0.475509 -0.148498 -0.867087 0.507500 0.492500
1 15.148046 13.623239 381.310333 0.475509 -0.148498 -0.867087 0.992500 0.492500
1 -36.351013 29.706059 350.313965 0.475509 -0.148498 -0.867087 0.992500 0.007500
pine_needles.bmp
1 23.948183 41.802303 381.310333 0.475509 -0.148498 -0.867087 0.507500 0.492500
1 -36.351013 29.706059 350.313965 0.475509 -0.148498 -0.867087 0.992500 0.007500
1 -27.550879 57.885120 350.313965 0.475509 -0.148498 -0.867087 0.507500 0.007500
pine_needles.bmp
1 -23.825062 30.150160 333.683655 0.213905 -0.807323 0.549977 0.507500 0.507500
1 14.602504 40.331757 333.683655 0.213905 -0.807323 0.549977 0.992500 0.507500
1 5.909862 73.139694 385.223969 0.213905 -0.807323 0.549977 0.992500 0.992500
pine_needles.bmp
1 -23.825062 30.150160 333.683655 0.213905 -0.807323 0.549977 0.507500 0.507500
1 5.909862 73.139694 385.223969 0.213905 -0.807323 0.549977 0.992500 0.992500
1 -32.517704 62.958099 385.223969 0.213905 -0.807323 0.549977 0.507500 0.992500
pine_needles.bmp
1 -32.517704 62.958099 385.223969 -0.213905 0.807323 -0.549977 0.507500 0.992500
1 5.909862 73.139694 385.223969 -0.213905 0.807323 -0.549977 0.992500 0.992500
1 14.602504 40.331757 333.683655 -0.213905 0.807323 -0.549977 0.992500 0.507500
pine_needles.bmp
1 -32.517704 62.958099 385.223969 -0.213905 0.807323 -0.549977 0.507500 0.992500
1 14.602504 40.331757 333.683655 -0.213905 0.807323 -0.549977 0.992500 0.507500
1 -23.825062 30.150160 333.683655 -0.213905 0.807323 -0.549977 0.507500 0.507500
pine_needles.bmp
1 18.841677 38.447880 339.283142 0.629707 0.166844 0.758704 0.007500 0.507500
1 8.660084 76.875443 339.283142 0.629707 0.166844 0.758704 0.492500 0.507500
1 -36.756878 64.841980 379.624451 0.629707 0.166844 0.758704 0.492500 0.992500
pine_needles.bmp
1 18.841677 38.447880 339.283142 0.629707 0.166844 0.758704 0.007500 0.507500
1 -36.756878 64.841980 379.624451 0.629707 0.166844 0.758704 0.492500 0.992500
1 -26.575285 26.414410 379.624451 0.629707 0.166844 0.758704 0.007500 0.992500
pine_needles.bmp
1 -26.575285 26.414410 379.624451 -0.629707 -0.166844 -0.758704 0.007500 0.992500
1 -36.756878 64.841980 379.624451 -0.629707 -0.166844 -0.758704 0.492500 0.992500
1 8.660084 76.875443 339.283142 -0.629707 -0.166844 -0.758704 0.492500 0.507500
pine_needles.bmp
1 -26.575285 26.414410 379.624451 -0.629707 -0.166844 -0.758704 0.007500 0.992500
1 8.660084 76.875443 339.283142 -0.629707 -0.166844 -0.758704 0.492500 0.507500
1 18.841677 38.447880 339.283142 -0.629707 -0.166844 -0.758704 0.007500 0.507500
pine_bark.bmp
0 1.470363 0.000000 418.022156 0.981566 -0.029073 -0.188899 0.000000 0.000000
0 0.388260 -2.155283 419.023590 0.556268 -0.807174 0.197575 0.200000 0.000000
0 -23.509623 -0.233448 397.627289 0.059787 -0.912768 -0.404078 0.200000 0.267870
pine_bark.bmp
0 1.470363 0.000000 418.022156 0.981566 -0.029073 -0.188899 0.000000 0.000000
0 -23.509623 -0.233448 397.627289 0.059787 -0.912768 -0.404078 0.200000 0.267870
0 -22.736450 1.709446 396.456451 0.376391 0.013707 -0.926360 0.000000 0.267870
pine_bark.bmp
0 0.388260 -2.155283 419.023590 0.556268 -0.807174 0.197575 0.200000 0.000000
0 -1.172096 -1.209627 420.783691 -0.013859 -0.494413 0.869117 0.400000 0.000000
0 -24.482565 0.598124 399.537842 -0.364398 -0.656403 0.660568 0.400000 0.267870
pine_bark.bmp
0 0.388260 -2.155283 419.023590 0.556268 -0.807174 0.197575 0.200000 0.000000
0 -24.482565 0.598124 399.537842 -0.364398 -0.656403 0.660568 0.400000 0.267870
0 -23.509623 -0.233448 397.627289 0.059787 -0.912768 -0.404078 0.200000 0.267870
pine_bark.bmp
0 -1.172096 -1.209627 420.783691 -0.013859 -0.494413 0.869117 0.400000 0.000000
0 -1.175482 1.320267 420.984558 0.007352 0.432437 0.901634 0.600000 0.000000
0 -24.427061 2.937519 399.747314 -0.298400 0.639109 0.708871 0.600000 0.267870
pine_bark.bmp
0 -1.172096 -1.209627 420.783691 -0.013859 -0.494413 0.869117 0.400000 0.000000
0 -24.427061 2.937519 399.747314 -0.298400 0.639109 0.708871 0.600000 0.267870
0 -24.482565 0.598124 399.537842 -0.364398 -0.656403 0.660568 0.400000 0.267870
pine_bark.bmp
0 -1.175482 1.320267 420.984558 0.007352 0.432437 0.901634 0.600000 0.000000
0 0.542338 2.095750 419.188507 0.643291 0.729753 0.231595 0.800000 0.000000
0 -23.304640 3.589519 397.758240 0.173019 0.912440 -0.370833 0.800000 0.267870
pine_bark.bmp
0 -1.175482 1.320267 420.984558 0.007352 0.432437 0.901634 0.600000 0.000000
0 -23.304640 3.589519 397.758240 0.173019 0.912440 -0.370833 0.800000 0.267870
0 -24.427061 2.937519 399.747314 -0.298400 0.639109 0.708871 0.600000 0.267870
pine_bark.bmp
0 0.542338 2.095750 419.188507 0.643291 0.729753 0.231595 0.800000 0.000000
0 1.470363 0.000000 418.022156 0.981566 -0.029073 -0.188899 1.000000 0.000000
0 -22.736450 1.709446 396.456451 0.376391 0.013707 -0.926360 1.000000 0.267870
pine_bark.bmp
0 0.542338 2.095750 419.188507 0.643291 0.729753 0.231595 0.800000 0.000000
0 -22.736450 1.709446 396.456451 0.376391 0.013707 -0.926360 1.000000 0.267870
0 -23.304640 3.589519 397.758240 0.173019 0.912440 -0.370833 0.800000 0.267870
pine_bark.bmp
0 -22.736450 1.709446 396.456451 0.376391 0.013707 -0.926360 0.000000 0.267870
0 -23.509623 -0.233448 397.627289 0.059787 -0.912768 -0.404078 0.200000 0.267870
0 -43.118427 2.490081 396.701538 -0.662460 -0.688018 -0.296271 0.200000 0.430260
pine_bark.bmp
0 -22.736450 1.709446 396.456451 0.376391 0.013707 -0.926360 0.000000 0.267870
0 -43.118427 2.490081 396.701538 -0.662460 -0.688018 -0.296271 0.200000 0.430260
0 -43.041119 3.108083 396.237396 -0.538944 0.067347 -0.839645 0.000000 0.430260
pine_bark.bmp
0 -23.509623 -0.233448 397.627289 0.059787 -0.912768 -0.404078 0.200000 0.267870
0 -24.482565 0.598124 399.537842 -0.364398 -0.656403 0.660568 0.400000 0.267870
0 -43.149212 2.743205 397.396973 -0.697603 -0.427459 0.575003 0.400000 0.430260
pine_bark.bmp
0 -23.509623 -0.233448 397.627289 0.059787 -0.912768 -0.404078 0.200000 0.267870
0 -43.149212 2.743205 397.396973 -0.697603 -0.427459 0.575003 0.400000 0.430260
0 -43.118427 2.490081 396.701538 -0.662460 -0.688018 -0.296271 0.200000 0.430260
pine_bark.bmp
0 -24.482565 0.598124 399.537842 -0.364398 -0.656403 0.660568 0.400000 0.267870
0 -24.427061 2.937519 399.747314 -0.298400 0.639109 0.708871 0.600000 0.267870
0 -43.097713 3.509870 397.450958 -0.621773 0.485322 0.614704 0.600000 0.430260
pine_bark.bmp
0 -24.482565 0.598124 399.537842 -0.364398 -0.656403 0.660568 0.400000 0.267870
0 -43.097713 3.509870 397.450958 -0.621773 0.485322 0.614704 0.600000 0.430260
0 -43.149212 2.743205 397.396973 -0.697603 -0.427459 0.575003 0.400000 0.430260
pine_bark.bmp
0 -24.427061 2.937519 399.747314 -0.298400 0.639109 0.708871 0.600000 0.267870
0 -23.304640 3.589519 397.758240 0.173019 0.912440 -0.370833 0.800000 0.267870
0 -43.031574 3.706227 396.713928 -0.563131 0.775445 -0.285601 0.800000 0.430260
pine_bark.bmp
0 -24.427061 2.937519 399.747314 -0.298400 0.639109 0.708871 0.600000 0.267870
0 -43.031574 3.706227 396.713928 -0.563131 0.775445 -0.285601 0.800000 0.430260
0 -43.097713 3.509870 397.450958 -0.621773 0.485322 0.614704 0.600000 0.430260
pine_bark.bmp
0 -23.304640 3.589519 397.758240 0.173019 0.912440 -0.370833 0.800000 0.267870
0 -22.736450 1.709446 396.456451 0.376391 0.013707 -0.926360 1.000000 0.267870
0 -43.041119 3.108083 396.237396 -0.538944 0.067347 -0.839645 1.000000 0.430260
pine_bark.bmp
0 -23.304640 3.589519 397.758240 0.173019 0.912440 -0.370833 0.800000 0.267870
0 -43.041119 3.108083 396.237396 -0.538944 0.067347 -0.839645 1.000000 0.430260
0 -43.031574 3.706227 396.713928 -0.563131 0.775445 -0.285601 0.800000 0.430260
pine_bark.bmp
0 1.470363 0.000000 418.022156 0.981566 -0.029073 -0.188899 0.950000 0.500000
0 0.542338 2.095750 419.188507 0.643291 0.729753 0.231595 0.639058 0.072025
0 -1.175482 1.320267 420.984558 0.007352 0.432437 0.901634 0.135942 0.235497
pine_bark.bmp
0 -1.175482 1.320267 420.984558 0.007352 0.432437 0.901634 0.135942 0.235497
0 -1.172096 -1.209627 420.783691 -0.013859 -0.494413 0.869117 0.135942 0.764503
0 0.388260 -2.155283 419.023590 0.556268 -0.807174 0.197575 0.639058 0.927975
pine_bark.bmp
0 -1.175482 1.320267 420.984558 0.007352 0.432437 0.901634 0.135942 0.235497
0 0.388260 -2.155283 419.023590 0.556268 -0.807174 0.197575 0.639058 0.927975
0 1.470363 0.000000 418.022156 0.981566 -0.029073 -0.188899 0.950000 0.500000
pine_bark.bmp
0 -43.031574 3.706227 396.713928 -0.563131 0.775445 -0.285601 0.639058 0.072025
0 -43.041119 3.108083 396.237396 -0.538944 0.067347 -0.839645 0.950000 0.500000
0 -43.118427 2.490081 396.701538 -0.662460 -0.688018 -0.296271 0.639058 0.927975
pine_bark.bmp
0 -43.118427 2.490081 396.701538 -0.662460 -0.688018 -0.296271 0.639058 0.927975
0 -43.149212 2.743205 397.396973 -0.697603 -0.427459 0.575003 0.135942 0.764503
0 -43.097713 3.509870 397.450958 -0.621773 0.485322 0.614704 0.135942 0.235497
pine_bark.bmp
0 -43.118427 2.490081 396.701538 -0.662460 -0.688018 -0.296271 0.639058 0.927975
0 -43.097713 3.509870 397.450958 -0.621773 0.485322 0.614704 0.135942 0.235497
0 -43.031574 3.706227 396.713928 -0.563131 0.775445 -0.285601 0.639058 0.072025
pine_needles.bmp
1 10.256386 15.994986 388.837921 0.168812 0.728929 0.663449 0.507500 0.507500
1 -31.285309 25.615602 388.837921 0.168812 0.728929 0.663449 0.992500 0.507500
1 -40.418022 -13.819326 434.488708 0.168812 0.728929 0.663449 0.992500 0.992500
pine_needles.bmp
1 10.256386 15.994986 388.837921 0.168812 0.728929 0.663449 0.507500 0.507500
1 -40.418022 -13.819326 434.488708 0.168812 0.728929 0.663449 0.992500 0.992500
1 1.123674 -23.439943 434.488708 0.168812 0.728929 0.663449 0.507500 0.992500
pine_needles.bmp
1 1.123674 -23.439943 434.488708 -0.168812 -0.728929 -0.663449 0.507500 0.992500
1 -40.418022 -13.819326 434.488708 -0.168812 -0.728929 -0.663449 0.992500 0.992500
1 -31.285309 25.615602 388.837921 -0.168812 -0.728929 -0.663449 0.992500 0.507500
pine_needles.bmp
1 1.123674 -23.439943 434.488708 -0.168812 -0.728929 -0.663449 0.507500 0.992500
1 -31.285309 25.615602 388.837921 -0.168812 -0.728929 -0.663449 0.992500 0.507500
1 10.256386 15.994986 388.837921 -0.168812 -0.728929 -0.663449 0.507500 0.507500
pine_needles.bmp
1 -26.636459 25.648857 386.262360 -0.812583 0.188185 0.551630 0.007500 0.007500
1 -36.257072 -15.892837 386.262360 -0.812583 0.188185 0.551630 0.492500 0.007500
1 -3.525175 -23.473198 437.064301 -0.812583 0.188185 0.551630 0.492500 0.492500
pine_needles.bmp
1 -26.636459 25.648857 386.262360 -0.812583 0.188185 0.551630 0.007500 0.007500
1 -3.525175 -23.473198 437.064301 -0.812583 0.188185 0.551630 0.492500 0.492500
1 6.095441 18.068497 437.064301 -0.812583 0.188185 0.551630 0.007500 0.492500
pine_needles.bmp
1 6.095441 18.068497 437.064301 0.812583 -0.188185 -0.551630 0.007500 0.492500
1 -3.525175 -23.473198 437.064301 0.812583 -0.188185 -0.551630 0.492500 0.492500
1 -36.257072 -15.892837 386.262360 0.812583 -0.188185 -0.551630 0.492500 0.007500
pine_needles.bmp
1 6.095441 18.068497 437.064301 0.812583 -0.188185 -0.551630 0.007500 0.492500
1 -36.257072 -15.892837 386.262360 0.812583 -0.188185 -0.551630 0.492500 0.007500
1 -26.636459 25.648857 386.262360 0.812583 -0.188185 -0.551630 0.007500 0.007500
pine_needles.bmp
1 -5.670053 -20.551094 391.447662 0.491384 -0.065828 0.868452 0.507500 0.507500
1 -0.502722 18.021126 391.447662 0.491384 -0.065828 0.868452 0.992500 0.507500
1 -48.620888 24.467278 419.162292 0.491384 -0.065828 0.868452 0.992500 0.992500
pine_needles.bmp
1 -5.670053 -20.551094 391.447662 0.491384 -0.065828 0.868452 0.507500 0.507500
1 -48.620888 24.467278 419.162292 0.491384 -0.065828 0.868452 0.992500 0.992500
1 -53.788216 -14.104941 419.162292 0.491384 -0.065828 0.868452 0.507500 0.992500
pine_needles.bmp
1 -53.788216 -14.104941 419.162292 -0.491384 0.065828 -0.868452 0.507500 0.992500
1 -48.620888 24.467278 419.162292 -0.491384 0.065828 -0.868452 0.992500 0.992500
1 -0.502722 18.021126 391.447662 -0.491384 0.065828 -0.868452 0.992500 0.507500
pine_needles.bmp
1 -53.788216 -14.104941 419.162292 -0.491384 0.065828 -0.868452 0.507500 0.992500
1 -0.502722 18.021126 391.447662 -0.491384 0.065828 -0.868452 0.992500 0.507500
1 -5.670053 -20.551094 391.447662 -0.491384 0.065828 -0.868452 0.507500 0.507500
pine_needles.bmp
1 -6.137987 12.223839 380.757660 0.117411 0.876426 0.467003 0.507500 0.007500
1 -44.710209 17.391171 380.757660 0.117411 0.876426 0.467003 0.992500 0.007500
1 -48.152950 -8.307653 429.852295 0.117411 0.876426 0.467003 0.992500 0.492500
pine_needles.bmp
1 -6.137987 12.223839 380.757660 0.117411 0.876426 0.467003 0.507500 0.007500
1 -48.152950 -8.307653 429.852295 0.117411 0.876426 0.467003 0.992500 0.492500
1 -9.580732 -13.474985 429.852295 0.117411 0.876426 0.467003 0.507500 0.492500
pine_needles.bmp
1 -9.580732 -13.474985 429.852295 -0.117411 -0.876426 -0.467003 0.507500 0.492500
1 -48.152950 -8.307653 429.852295 -0.117411 -0.876426 -0.467003 0.992500 0.492500
1 -44.710209 17.391171 380.757660 -0.117411 -0.876426 -0.467003 0.992500 0.007500
pine_needles.bmp
1 -9.580732 -13.474985 429.852295 -0.117411 -0.876426 -0.467003 0.507500 0.492500
1 -44.710209 17.391171 380.757660 -0.117411 -0.876426 -0.467003 0.992500 0.007500
1 -6.137987 12.223839 380.757660 -0.117411 -0.876426 -0.467003 0.507500 0.007500
pine_needles.bmp
1 -13.032381 -11.983109 375.825623 0.692454 0.111044 0.712865 0.007500 0.007500
1 -18.976328 25.082512 375.825623 0.692454 0.111044 0.712865 0.492500 0.007500
1 -65.387871 17.639820 422.067627 0.692454 0.111044 0.712865 0.492500 0.492500
pine_needles.bmp
1 -13.032381 -11.983109 375.825623 0.692454 0.111044 0.712865 0.007500 0.007500
1 -65.387871 17.639820 422.067627 0.692454 0.111044 0.712865 0.492500 0.492500
1 -59.443924 -19.425800 422.067627 0.692454 0.111044 0.712865 0.007500 0.492500
pine_needles.bmp
1 -59.443924 -19.425800 422.067627 -0.692454 -0.111044 -0.712865 0.007500 0.492500
1 -65.387871 17.639820 422.067627 -0.692454 -0.111044 -0.712865 0.492500 0.492500
1 -18.976328 25.082512 375.825623 -0.692454 -0.111044 -0.712865 0.492500 0.007500
pine_needles.bmp
1 -59.443924 -19.425800 422.067627 -0.692454 -0.111044 -0.712865 0.007500 0.492500
1 -18.976328 25.082512 375.825623 -0.692454 -0.111044 -0.712865 0.492500 0.007500
1 -13.032381 -11.983109 375.825623 -0.692454 -0.111044 -0.712865 0.007500 0.007500
pine_needles.bmp
1 -24.705376 30.918732 377.918854 -0.100880 0.629072 0.770773 0.007500 0.007500
1 -61.770996 24.974781 377.918854 -0.100880 0.629072 0.770773 0.492500 0.007500
1 -53.714874 -25.262020 419.974396 -0.100880 0.629072 0.770773 0.492500 0.492500
pine_needles.bmp
1 -24.705376 30.918732 377.918854 -0.100880 0.629072 0.770773 0.007500 0.007500
1 -53.714874 -25.262020 419.974396 -0.100880 0.629072 0.770773 0.492500 0.492500
1 -16.649254 -19.318069 419.974396 -0.100880 0.629072 0.770773 0.007500 0.492500
pine_needles.bmp
1 -16.649254 -19.318069 419.974396 0.100880 -0.629072 -0.770773 0.007500 0.492500
1 -53.714874 -25.262020 419.974396 0.100880 -0.629072 -0.770773 0.492500 0.492500
1 -61.770996 24.974781 377.918854 0.100880 -0.629072 -0.770773 0.492500 0.007500
pine_needles.bmp
1 -16.649254 -19.318069 419.974396 0.100880 -0.629072 -0.770773 0.007500 0.492500
1 -61.770996 24.974781 377.918854 0.100880 -0.629072 -0.770773 0.492500 0.007500
1 -24.705376 30.918732 377.918854 0.100880 -0.629072 -0.770773 0.007500 0.007500
pine_bark.bmp
0 1.887022 0.000000 418.533508 0.899652 0.435043 -0.036922 0.000000 0.000000
0 1.285897 -1.679392 420.423187 0.719176 -0.220297 0.658980 0.200000 0.000000
0 -11.046873 -21.478815 398.820984 0.742755 -0.649796 0.161494 0.200000 0.267870
pine_bark.bmp
0 1.887022 0.000000 418.533508 0.899652 0.435043 -0.036922 0.000000 0.000000
0 -11.046873 -21.478815 398.820984 0.742755 -0.649796 0.161494 0.200000 0.267870
0 -11.072104 -20.191368 396.816711 0.604993 -0.036135 -0.795411 0.000000 0.267870
pine_bark.bmp
0 1.285897 -1.679392 420.423187 0.719176 -0.220297 0.658980 0.200000 0.000000
0 -1.062196 -0.942538 421.085785 -0.125846 -0.029304 0.991617 0.400000 0.000000
0 -13.025344 -20.927778 399.886505 -0.213585 -0.355593 0.909909 0.400000 0.267870
pine_bark.bmp
0 1.285897 -1.679392 420.423187 0.719176 -0.220297 0.658980 0.200000 0.000000
0 -13.025344 -20.927778 399.886505 -0.213585 -0.355593 0.909909 0.400000 0.267870
0 -11.046873 -21.478815 398.820984 0.742755 -0.649796 0.161494 0.200000 0.267870
pine_bark.bmp
0 -1.062196 -0.942538 421.085785 -0.125846 -0.029304 0.991617 0.400000 0.000000
0 -1.991052 1.028749 419.801117 -0.498948 0.687796 0.527245 0.600000 0.000000
0 -14.376877 -19.377594 398.764618 -0.882693 0.437285 0.172148 0.600000 0.267870
pine_bark.bmp
0 -1.062196 -0.942538 421.085785 -0.125846 -0.029304 0.991617 0.400000 0.000000
0 -14.376877 -19.377594 398.764618 -0.882693 0.437285 0.172148 0.600000 0.267870
0 -13.025344 -20.927778 399.886505 -0.213585 -0.355593 0.909909 0.400000 0.267870
pine_bark.bmp
0 -1.991052 1.028749 419.801117 -0.498948 0.687796 0.527245 0.600000 0.000000
0 -0.069838 1.633004 418.147461 0.153940 0.979916 -0.126759 0.800000 0.000000
0 -13.083049 -18.945549 396.819061 -0.281693 0.552323 -0.784595 0.800000 0.267870
pine_bark.bmp
0 -1.991052 1.028749 419.801117 -0.498948 0.687796 0.527245 0.600000 0.000000
0 -13.083049 -18.945549 396.819061 -0.281693 0.552323 -0.784595 0.800000 0.267870
0 -14.376877 -19.377594 398.764618 -0.882693 0.437285 0.172148 0.600000 0.267870
pine_bark.bmp
0 -0.069838 1.633004 418.147461 0.153940 0.979916 -0.126759 0.800000 0.000000
0 1.887022 0.000000 418.533508 0.899652 0.435043 -0.036922 1.000000 0.000000
0 -11.072104 -20.191368 396.816711 0.604993 -0.036135 -0.795411 1.000000 0.267870
pine_bark.bmp
0 -0.069838 1.633004 418.147461 0.153940 0.979916 -0.126759 0.800000 0.000000
0 -11.072104 -20.191368 396.816711 0.604993 -0.036135 -0.795411 1.000000 0.267870
0 -13.083049 -18.945549 396.819061 -0.281693 0.552323 -0.784595 0.800000 0.267870
pine_bark.bmp
0 -11.072104 -20.191368 396.816711 0.604993 -0.036135 -0.795411 0.000000 0.267870
0 -11.046873 -21.478815 398.820984 0.742755 -0.649796 0.161494 0.200000 0.267870
0 -22.223526 -37.040199 396.773560 0.302145 -0.947167 0.107623 0.200000 0.430260
pine_bark.bmp
0 -11.072104 -20.191368 396.816711 0.604993 -0.036135 -0.795411 0.000000 0.267870
0 -22.223526 -37.040199 396.773560 0.302145 -0.947167 0.107623 0.200000 0.430260
0 -22.682344 -36.711578 396.241486 0.008900 -0.660560 -0.750720 0.000000 0.430260
pine_bark.bmp
0 -11.046873 -21.478815 398.820984 0.742755 -0.649796 0.161494 0.200000 0.267870
0 -13.025344 -20.927778 399.886505 -0.213585 -0.355593 0.909909 0.400000 0.267870
0 -22.528893 -36.905602 397.435730 -0.263582 -0.627455 0.732683 0.400000 0.430260
pine_bark.bmp
0 -11.046873 -21.478815 398.820984 0.742755 -0.649796 0.161494 0.200000 0.267870
0 -22.528893 -36.905602 397.435730 -0.263582 -0.627455 0.732683 0.400000 0.430260
0 -22.223526 -37.040199 396.773560 0.302145 -0.947167 0.107623 0.200000 0.430260
pine_bark.bmp
0 -13.025344 -20.927778 399.886505 -0.213585 -0.355593 0.909909 0.400000 0.267870
0 -14.376877 -19.377594 398.764618 -0.882693 0.437285 0.172148 0.600000 0.267870
0 -23.181593 -36.497929 397.401550 -0.936651 -0.181655 0.299478 0.600000 0.430260
pine_bark.bmp
0 -13.025344 -20.927778 399.886505 -0.213585 -0.355593 0.909909 0.400000 0.267870
0 -23.181593 -36.497929 397.401550 -0.936651 -0.181655 0.299478 0.600000 0.430260
0 -22.528893 -36.905602 397.435730 -0.263582 -0.627455 0.732683 0.400000 0.430260
pine_bark.bmp
0 -14.376877 -19.377594 398.764618 -0.882693 0.437285 0.172148 0.600000 0.267870
0 -13.083049 -18.945549 396.819061 -0.281693 0.552323 -0.784595 0.800000 0.267870
0 -23.249186 -36.393517 396.646576 -0.746791 -0.224657 -0.625965 0.800000 0.430260
pine_bark.bmp
0 -14.376877 -19.377594 398.764618 -0.882693 0.437285 0.172148 0.600000 0.267870
0 -23.249186 -36.393517 396.646576 -0.746791 -0.224657 -0.625965 0.800000 0.430260
0 -23.181593 -36.497929 397.401550 -0.936651 -0.181655 0.299478 0.600000 0.430260
pine_bark.bmp
0 -13.083049 -18.945549 396.819061 -0.281693 0.552323 -0.784595 0.800000 0.267870
0 -11.072104 -20.191368 396.816711 0.604993 -0.036135 -0.795411 1.000000 0.267870
0 -22.682344 -36.711578 396.241486 0.008900 -0.660560 -0.750720 1.000000 0.430260
pine_bark.bmp
0 -13.083049 -18.945549 396.819061 -0.281693 0.552323 -0.784595 0.800000 0.267870
0 -22.682344 -36.711578 396.241486 0.008900 -0.660560 -0.750720 1.000000 0.430260
0 -23.249186 -36.393517 396.646576 -0.746791 -0.224657 -0.625965 0.800000 0.430260
pine_bark.bmp
0 1.887022 0.000000 418.533508 0.899652 0.435043 -0.036922 0.950000 0.500000
0 -0.069838 1.633004 418.147461 0.153940 0.979916 -0.126759 0.639058 0.072025
0 -1.991052 1.028749 419.801117 -0.498948 0.687796 0.527245 0.135942 0.235497
pine_bark.bmp
0 -1.991052 1.028749 419.801117 -0.498948 0.687796 0.527245 0.135942 0.235497
0 -1.062196 -0.942538 421.085785 -0.125846 -0.029304 0.991617 0.135942 0.764503
0 1.285897 -1.679392 420.423187 0.719176 -0.220297 0.658980 0.639058 0.927975
pine_bark.bmp
0 -1.991052 1.028749 419.801117 -0.498948 0.687796 0.527245 0.135942 0.235497
0 1.285897 -1.679392 420.423187 0.719176 -0.220297 0.658980 0.639058 0.927975
0 1.887022 0.000000 418.533508 0.899652 0.435043 -0.036922 0.950000 0.500000
pine_bark.bmp
0 -23.249186 -36.393517 396.646576 -0.746791 -0.224657 -0.625965 0.639058 0.072025
0 -22.682344 -36.711578 396.241486 0.008900 -0.660560 -0.750720 0.950000 0.500000
0 -22.223526 -37.040199 396.773560 0.302145 -0.947167 0.107623 0.639058 0.927975
pine_bark.bmp
0 -22.223526 -37.040199 396.773560 0.302145 -0.947167 0.107623 0.639058 0.927975
0 -22.528893 -36.905602 397.435730 -0.263582 -0.627455 0.732683 0.135942 0.764503
0 -23.181593 -36.497929 397.401550 -0.936651 -0.181655 0.299478 0.135942 0.235497
pine_bark.bmp
0 -22.223526 -37.040199 396.773560 0.302145 -0.947167 0.107623 0.639058 0.927975
0 -23.181593 -36.497929 397.401550 -0.936651 -0.181655 0.299478 0.135942 0.235497
0 -23.249186 -36.393517 396.646576 -0.746791 -0.224657 -0.625965 0.639058 0.072025
pine_needles.bmp
1 -24.447605 16.520432 390.956696 -0.522184 0.275958 0.806952 0.507500 0.007500
1 -41.518028 -15.781277 390.956696 -0.522184 0.275958 0.806952 0.992500 0.007500
1 8.508184 -42.218540 432.369934 -0.522184 0.275958 0.806952 0.992500 0.492500
pine_needles.bmp
1 -24.447605 16.520432 390.956696 -0.522184 0.275958 0.806951 0.507500 0.007500
1 8.508184 -42.218540 432.369934 -0.522184 0.275958 0.806951 0.992500 0.492500
1 25.578609 -9.916831 432.369934 -0.522184 0.275958 0.806951 0.507500 0.492500
pine_needles.bmp
1 25.578609 -9.916831 432.369934 0.522184 -0.275958 -0.806951 0.507500 0.492500
1 8.508184 -42.218540 432.369934 0.522184 -0.275958 -0.806951 0.992500 0.492500
1 -41.518028 -15.781277 390.956696 0.522184 -0.275958 -0.806951 0.992500 0.007500
pine_needles.bmp
1 25.578609 -9.916831 432.369934 0.522184 -0.275958 -0.806952 0.507500 0.492500
1 -41.518028 -15.781277 390.956696 0.522184 -0.275958 -0.806952 0.992500 0.007500
1 -24.447605 16.520432 390.956696 0.522184 -0.275958 -0.806952 0.507500 0.007500
pine_needles.bmp
1 -30.869431 -17.084461 379.952057 -0.425204 -0.804597 0.414517 0.507500 0.507500
1 1.432279 -34.154884 379.952057 -0.425204 -0.804597 0.414517 0.992500 0.507500
1 14.930011 -8.613646 443.374573 -0.425204 -0.804597 0.414517 0.992500 0.992500
pine_needles.bmp
1 -30.869431 -17.084461 379.952057 -0.425204 -0.804597 0.414517 0.507500 0.507500
1 14.930011 -8.613646 443.374573 -0.425204 -0.804597 0.414517 0.992500 0.992500
1 -17.371696 8.456779 443.374573 -0.425204 -0.804597 0.414517 0.507500 0.992500
pine_needles.bmp
1 -17.371696 8.456779 443.374573 0.425204 0.804597 -0.414517 0.507500 0.992500
1 14.930011 -8.613646 443.374573 0.425204 0.804597 -0.414517 0.992500 0.992500
1 1.432279 -34.154884 379.952057 0.425204 0.804597 -0.414517 0.992500 0.507500
pine_needles.bmp
1 -17.371696 8.456779 443.374573 0.425204 0.804597 -0.414517 0.507500 0.992500
1 1.432279 -34.154884 379.952057 0.425204 0.804597 -0.414517 0.992500 0.507500
1 -30.869431 -17.084461 379.952057 0.425204 0.804597 -0.414517 0.507500 0.507500
pine_needles.bmp
1 -34.406910 4.593505 387.573273 -0.535209 0.144976 0.832186 0.507500 0.507500
1 -45.655952 -36.934574 387.573273 -0.535209 0.144976 0.832186 0.992500 0.507500
1 5.715958 -50.850094 423.036682 -0.535209 0.144976 0.832186 0.992500 0.992500
pine_needles.bmp
1 -34.406910 4.593505 387.573273 -0.535209 0.144976 0.832186 0.507500 0.507500
1 5.715958 -50.850094 423.036682 -0.535209 0.144976 0.832186 0.992500 0.992500
1 16.965000 -9.322014 423.036682 -0.535209 0.144976 0.832186 0.507500 0.992500
pine_needles.bmp
1 16.965000 -9.322014 423.036682 0.535209 -0.144976 -0.832186 0.507500 0.992500
1 5.715958 -50.850094 423.036682 0.535209 -0.144976 -0.832186 0.992500 0.992500
1 -45.655952 -36.934574 387.573273 0.535209 -0.144976 -0.832186 0.992500 0.507500
pine_needles.bmp
1 16.965000 -9.322014 423.036682 0.535209 -0.144976 -0.832186 0.507500 0.992500
1 -45.655952 -36.934574 387.573273 0.535209 -0.144976 -0.832186 0.992500 0.507500
1 -34.406910 4.593505 387.573273 0.535209 -0.144976 -0.832186 0.507500 0.507500
pine_needles.bmp
1 -40.428631 -37.140343 380.783783 -0.201219 -0.742840 0.638514 0.007500 0.507500
1 1.099450 -48.389389 380.783783 -0.201219 -0.742840 0.638514 0.492500 0.507500
1 11.737679 -9.116243 429.826172 -0.201219 -0.742840 0.638514 0.492500 0.992500
pine_needles.bmp
1 -40.428631 -37.140343 380.783783 -0.201219 -0.742840 0.638514 0.007500 0.507500
1 11.737679 -9.116243 429.826172 -0.201219 -0.742840 0.638514 0.492500 0.992500
1 -29.790401 2.132799 429.826172 -0.201219 -0.742840 0.638514 0.007500 0.992500
pine_needles.bmp
1 -29.790401 2.132799 429.826172 0.201219 0.742840 -0.638514 0.007500 0.992500
1 11.737679 -9.116243 429.826172 0.201219 0.742840 -0.638514 0.492500 0.992500
1 1.099450 -48.389389 380.783783 0.201219 0.742840 -0.638514 0.492500 0.507500
pine_needles.bmp
1 -29.790401 2.132799 429.826172 0.201219 0.742840 -0.638514 0.007500 0.992500
1 1.099450 -48.389389 380.783783 0.201219 0.742840 -0.638514 0.492500 0.507500
1 -40.428631 -37.140343 380.783783 0.201219 0.742840 -0.638514 0.007500 0.507500
pine_needles.bmp
1 -16.445164 -62.058235 382.316742 0.362009 -0.426950 0.828652 0.007500 0.007500
1 6.844629 -42.310905 382.316742 0.362009 -0.426950 0.828652 0.492500 0.007500
1 -24.997328 -4.756838 415.576508 0.362009 -0.426950 0.828652 0.492500 0.492500
pine_needles.bmp
1 -16.445164 -62.058235 382.316742 0.362009 -0.426950 0.828652 0.007500 0.007500
1 -24.997328 -4.756838 415.576508 0.362009 -0.426950 0.828652 0.492500 0.492500
1 -48.287121 -24.504168 415.576508 0.362009 -0.426950 0.828652 0.007500 0.492500
pine_needles.bmp
1 -48.287121 -24.504168 415.576508 -0.362009 0.426950 -0.828652 0.007500 0.492500
1 -24.997328 -4.756838 415.576508 -0.362009 0.426950 -0.828652 0.492500 0.492500
1 6.844629 -42.310905 382.316742 -0.362009 0.426950 -0.828652 0.492500 0.007500
pine_needles.bmp
1 -48.287121 -24.504168 415.576508 -0.362009 0.426950 -0.828652 0.007500 0.492500
1 6.844629 -42.310905 382.316742 -0.362009 0.426950 -0.828652 0.492500 0.007500
1 -16.445164 -62.058235 382.316742 -0.362009 0.426950 -0.828652 0.007500 0.007500
pine_needles.bmp
1 6.004670 -30.763466 379.161163 0.508822 0.431428 0.744963 0.507500 0.507500
1 -13.742661 -7.473678 379.161163 0.508822 0.431428 0.744963 0.992500 0.507500
1 -47.447159 -36.051601 418.732086 0.508822 0.431428 0.744963 0.992500 0.992500
pine_needles.bmp
1 6.004670 -30.763466 379.161163 0.508822 0.431428 0.744964 0.507500 0.507500
1 -47.447159 -36.051601 418.732086 0.508822 0.431428 0.744964 0.992500 0.992500
1 -27.699829 -59.341393 418.732086 0.508822 0.431428 0.744964 0.507500 0.992500
pine_needles.bmp
1 -27.699829 -59.341393 418.732086 -0.508822 -0.431428 -0.744963 0.507500 0.992500
1 -47.447159 -36.051601 418.732086 -0.508822 -0.431428 -0.744963 0.992500 0.992500
1 -13.742661 -7.473678 379.161163 -0.508822 -0.431428 -0.744963 0.992500 0.507500
pine_needles.bmp
1 -27.699829 -59.341393 418.732086 -0.508821 -0.431428 -0.744963 0.507500 0.992500
1 -13.742661 -7.473678 379.161163 -0.508821 -0.431428 -0.744963 0.992500 0.507500
1 6.004670 -30.763466 379.161163 -0.508821 -0.431428 -0.744963 0.507500 0.507500
pine_bark.bmp
0 2.095114 0.000000 420.206024 0.642834 0.396257 0.655549 0.000000 0.000000
0 0.248524 -1.512590 421.263519 -0.090735 -0.138898 0.986141 0.200000 0.000000
0 6.060342 -23.949730 399.980652 -0.207417 -0.479715 0.852556 0.200000 0.267870
pine_bark.bmp
0 2.095114 0.000000 420.206024 0.642834 0.396257 0.655549 0.000000 0.000000
0 6.060342 -23.949730 399.980652 -0.207417 -0.479715 0.852556 0.200000 0.267870
0 8.057949 -22.930038 399.126312 0.916397 0.061129 0.395576 0.000000 0.267870
pine_bark.bmp
0 0.248524 -1.512590 421.263519 -0.090735 -0.138898 0.986141 0.200000 0.000000
0 -1.841129 -0.848923 419.976288 -0.847273 0.129261 0.515190 0.400000 0.000000
0 4.430979 -23.513294 398.407959 -0.943444 -0.319833 -0.087289 0.400000 0.267870
pine_bark.bmp
0 0.248524 -1.512590 421.263519 -0.090735 -0.138898 0.986141 0.200000 0.000000
0 4.430979 -23.513294 398.407959 -0.943444 -0.319833 -0.087289 0.400000 0.267870
0 6.060342 -23.949730 399.980652 -0.207417 -0.479715 0.852556 0.200000 0.267870
pine_bark.bmp
0 -1.841129 -0.848923 419.976288 -0.847273 0.129261 0.515190 0.400000 0.000000
0 -1.488286 0.926570 418.219849 -0.620774 0.774327 -0.122711 0.600000 0.000000
0 5.168185 -22.285507 396.568787 -0.406749 0.234836 -0.882841 0.600000 0.267870
pine_bark.bmp
0 -1.841129 -0.848923 419.976288 -0.847273 0.129261 0.515190 0.400000 0.000000
0 5.168185 -22.285507 396.568787 -0.406749 0.234836 -0.882841 0.600000 0.267870
0 4.430979 -23.513294 398.407959 -0.943444 -0.319833 -0.087289 0.400000 0.267870
pine_bark.bmp
0 -1.488286 0.926570 418.219849 -0.620774 0.774327 -0.122711 0.600000 0.000000
0 1.069066 1.470809 418.376740 0.323413 0.945738 -0.031370 0.800000 0.000000
0 7.482803 -21.943317 397.080963 0.639236 0.442432 -0.628992 0.800000 0.267870
pine_bark.bmp
0 -1.488286 0.926570 418.219849 -0.620774 0.774327 -0.122711 0.600000 0.000000
0 7.482803 -21.943317 397.080963 0.639236 0.442432 -0.628992 0.800000 0.267870
0 5.168185 -22.285507 396.568787 -0.406749 0.234836 -0.882841 0.600000 0.267870
pine_bark.bmp
0 1.069066 1.470809 418.376740 0.323413 0.945738 -0.031370 0.800000 0.000000
0 2.095114 0.000000 420.206024 0.642834 0.396257 0.655549 1.000000 0.000000
0 8.057949 -22.930038 399.126312 0.916397 0.061129 0.395576 1.000000 0.267870
pine_bark.bmp
0 1.069066 1.470809 418.376740 0.323413 0.945738 -0.031370 0.800000 0.000000
0 8.057949 -22.930038 399.126312 0.916397 0.061129 0.395576 1.000000 0.267870
0 7.482803 -21.943317 397.080963 0.639236 0.442432 -0.628992 0.800000 0.267870
pine_bark.bmp
0 8.057949 -22.930038 399.126312 0.916397 0.061129 0.395576 0.000000 0.267870
0 6.060342 -23.949730 399.980652 -0.207417 -0.479715 0.852556 0.200000 0.267870
0 10.793197 -41.858513 397.245911 -0.153355 -0.736418 0.658916 0.200000 0.430260
pine_bark.bmp
0 8.057949 -22.930038 399.126312 0.916397 0.061129 0.395576 0.000000 0.267870
0 10.793197 -41.858513 397.245911 -0.153355 -0.736418 0.658916 0.200000 0.430260
0 11.491334 -41.690979 397.547699 0.732814 -0.484801 0.477443 0.000000 0.430260
pine_bark.bmp
0 6.060342 -23.949730 399.980652 -0.207417 -0.479715 0.852556 0.200000 0.267870
0 4.430979 -23.513294 398.407959 -0.943444 -0.319833 -0.087289 0.400000 0.267870
0 10.848780 -41.789894 396.511444 -0.572382 -0.808453 -0.137053 0.400000 0.430260
pine_bark.bmp
0 6.060342 -23.949730 399.980652 -0.207417 -0.479715 0.852556 0.200000 0.267870
0 10.848780 -41.789894 396.511444 -0.572382 -0.808453 -0.137053 0.400000 0.430260
0 10.793197 -41.858513 397.245911 -0.153355 -0.736418 0.658916 0.200000 0.430260
pine_bark.bmp
0 4.430979 -23.513294 398.407959 -0.943444 -0.319833 -0.087289 0.400000 0.267870
0 5.168185 -22.285507 396.568787 -0.406749 0.234836 -0.882841 0.600000 0.267870
0 11.551044 -41.582058 396.275635 -0.007700 -0.571885 -0.820297 0.600000 0.430260
pine_bark.bmp
0 4.430979 -23.513294 398.407959 -0.943444 -0.319833 -0.087289 0.400000 0.267870
0 11.551044 -41.582058 396.275635 -0.007700 -0.571885 -0.820297 0.600000 0.430260
0 10.848780 -41.789894 396.511444 -0.572382 -0.808453 -0.137053 0.400000 0.430260
pine_bark.bmp
0 5.168185 -22.285507 396.568787 -0.406749 0.234836 -0.882841 0.600000 0.267870
0 7.482803 -21.943317 397.080963 0.639236 0.442432 -0.628992 0.800000 0.267870
0 11.926228 -41.528828 396.942780 0.799898 -0.410502 -0.437779 0.800000 0.430260
pine_bark.bmp
0 5.168185 -22.285507 396.568787 -0.406749 0.234836 -0.882841 0.600000 0.267870
0 11.926228 -41.528828 396.942780 0.799898 -0.410502 -0.437779 0.800000 0.430260
0 11.551044 -41.582058 396.275635 -0.007700 -0.571885 -0.820297 0.600000 0.430260
pine_bark.bmp
0 7.482803 -21.943317 397.080963 0.639236 0.442432 -0.628992 0.800000 0.267870
0 8.057949 -22.930038 399.126312 0.916397 0.061129 0.395576 1.000000 0.267870
0 11.491334 -41.690979 397.547699 0.732814 -0.484801 0.477443 1.000000 0.430260
pine_bark.bmp
0 7.482803 -21.943317 397.080963 0.639236 0.442432 -0.628992 0.800000 0.267870
0 11.491334 -41.690979 397.547699 0.732814 -0.484801 0.477443 1.000000 0.430260
0 11.926228 -41.528828 396.942780 0.799898 -0.410502 -0.437779 0.800000 0.430260
pine_bark.bmp
0 2.095114 0.000000 420.206024 0.642834 0.396257 0.655549 0.950000 0.500000
0 1.069066 1.470809 418.376740 0.323413 0.945738 -0.031370 0.639058 0.072025
0 -1.488286 0.926570 418.219849 -0.620774 0.774327 -0.122711 0.135942 0.235497
pine_bark.bmp
0 -1.488286 0.926570 418.219849 -0.620774 0.774327 -0.122711 0.135942 0.235497
0 -1.841129 -0.848923 419.976288 -0.847273 0.129261 0.515190 0.135942 0.764503
0 0.248524 -1.512590 421.263519 -0.090735 -0.138898 0.986141 0.639058 0.927975
pine_bark.bmp
0 -1.488286 0.926570 418.219849 -0.620774 0.774327 -0.122711 0.135942 0.235497
0 0.248524 -1.512590 421.263519 -0.090735 -0.138898 0.986141 0.639058 0.927975
0 2.095114 0.000000 420.206024 0.642834 0.396257 0.655549 0.950000 0.500000
pine_bark.bmp
0 11.926228 -41.528828 396.942780 0.799898 -0.410502 -0.437779 0.639058 0.072025
0 11.491334 -41.690979 397.547699 0.732814 -0.484801 0.477443 0.950000 0.500000
0 10.793197 -41.858513 397.245911 -0.153355 -0.736418 0.658916 0.639058 0.927975
pine_bark.bmp
0 10.793197 -41.858513 397.245911 -0.153355 -0.736418 0.658916 0.639058 0.927975
0 10.848780 -41.789894 396.511444 -0.572382 -0.808453 -0.137053 0.135942 0.764503
0 11.551044 -41.582058 396.275635 -0.007700 -0.571885 -0.820297 0.135942 0.235497
pine_bark.bmp
0 10.793197 -41.858513 397.245911 -0.153355 -0.736418 0.658916 0.639058 0.927975
0 11.551044 -41.582058 396.275635 -0.007700 -0.571885 -0.820297 0.135942 0.235497
0 11.926228 -41.528828 396.942780 0.799898 -0.410502 -0.437779 0.639058 0.072025
pine_needles.bmp
1 -14.358471 -37.210922 390.584290 -0.111368 -0.627751 0.770406 0.507500 0.007500
1 13.382522 -42.132393 390.584290 -0.111368 -0.627751 0.770406 0.992500 0.007500
1 22.281227 8.027235 432.742340 -0.111368 -0.627751 0.770406 0.992500 0.492500
pine_needles.bmp
1 -14.358471 -37.210922 390.584290 -0.111368 -0.627751 0.770406 0.507500 0.007500
1 22.281227 8.027235 432.742340 -0.111368 -0.627751 0.770406 0.992500 0.492500
1 -5.459764 12.948703 432.742340 -0.111368 -0.627751 0.770406 0.507500 0.492500
pine_needles.bmp
1 -5.459764 12.948703 432.742340 0.111368 0.627751 -0.770406 0.507500 0.492500
1 22.281227 8.027235 432.742340 0.111368 0.627751 -0.770406 0.992500 0.492500
1 13.382522 -42.132393 390.584290 0.111368 0.627751 -0.770406 0.992500 0.007500
pine_needles.bmp
1 -5.459764 12.948703 432.742340 0.111368 0.627751 -0.770406 0.507500 0.492500
1 13.382522 -42.132393 390.584290 0.111368 0.627751 -0.770406 0.992500 0.007500
1 -14.358471 -37.210922 390.584290 0.111368 0.627751 -0.770406 0.507500 0.007500
pine_needles.bmp
1 30.245941 -33.561981 395.980560 0.465954 -0.082664 0.880939 0.007500 0.507500
1 35.167408 -5.820986 395.980560 0.465954 -0.082664 0.880939 0.492500 0.507500
1 -22.323185 4.378292 427.346069 0.465954 -0.082664 0.880939 0.492500 0.992500
pine_needles.bmp
1 30.245941 -33.561981 395.980560 0.465954 -0.082664 0.880939 0.007500 0.507500
1 -22.323185 4.378292 427.346069 0.465954 -0.082664 0.880939 0.492500 0.992500
1 -27.244652 -23.362701 427.346069 0.465954 -0.082664 0.880939 0.007500 0.992500
pine_needles.bmp
1 -27.244652 -23.362701 427.346069 -0.465954 0.082664 -0.880939 0.007500 0.992500
1 -22.323185 4.378292 427.346069 -0.465954 0.082664 -0.880939 0.492500 0.992500
1 35.167408 -5.820986 395.980560 -0.465954 0.082664 -0.880939 0.492500 0.507500
pine_needles.bmp
1 -27.244652 -23.362701 427.346069 -0.465954 0.082664 -0.880939 0.007500 0.992500
1 35.167408 -5.820986 395.980560 -0.465954 0.082664 -0.880939 0.492500 0.507500
1 30.245941 -33.561981 395.980560 -0.465954 0.082664 -0.880939 0.007500 0.507500
pine_needles.bmp
1 5.984902 -54.607193 389.216980 0.379056 -0.468354 0.798098 0.007500 0.007500
1 35.088615 -31.052494 389.216980 0.379056 -0.468354 0.798098 0.492500 0.007500
1 8.276061 2.076562 421.392975 0.379056 -0.468354 0.798098 0.492500 0.492500
pine_needles.bmp
1 5.984902 -54.607193 389.216980 0.379056 -0.468354 0.798098 0.007500 0.007500
1 8.276061 2.076562 421.392975 0.379056 -0.468354 0.798098 0.492500 0.492500
1 -20.827652 -21.478140 421.392975 0.379056 -0.468354 0.798098 0.007500 0.492500
pine_needles.bmp
1 -20.827652 -21.478140 421.392975 -0.379056 0.468354 -0.798098 0.007500 0.492500
1 8.276061 2.076562 421.392975 -0.379056 0.468354 -0.798098 0.492500 0.492500
1 35.088615 -31.052494 389.216980 -0.379056 0.468354 -0.798098 0.492500 0.007500
pine_needles.bmp
1 -20.827652 -21.478140 421.392975 -0.379056 0.468354 -0.798098 0.007500 0.492500
1 35.088615 -31.052494 389.216980 -0.379056 0.468354 -0.798098 0.492500 0.007500
1 5.984902 -54.607193 389.216980 -0.379056 0.468354 -0.798098 0.007500 0.007500
pine_needles.bmp
1 36.388367 -26.669540 390.865021 0.419993 0.339916 0.841465 0.507500 0.507500
1 12.833663 2.434174 390.865021 0.419993 0.339916 0.841465 0.992500 0.507500
1 -22.127399 -25.861092 419.744934 0.419993 0.339916 0.841465 0.992500 0.992500
pine_needles.bmp
1 36.388367 -26.669540 390.865021 0.419993 0.339916 0.841465 0.507500 0.507500
1 -22.127399 -25.861092 419.744934 0.419993 0.339916 0.841465 0.992500 0.992500
1 1.427301 -54.964806 419.744934 0.419993 0.339916 0.841465 0.507500 0.992500
pine_needles.bmp
1 1.427301 -54.964806 419.744934 -0.419993 -0.339916 -0.841465 0.507500 0.992500
1 -22.127399 -25.861092 419.744934 -0.419993 -0.339916 -0.841465 0.992500 0.992500
1 12.833663 2.434174 390.865021 -0.419993 -0.339916 -0.841465 0.992500 0.507500
pine_needles.bmp
1 1.427301 -54.964806 419.744934 -0.419993 -0.339916 -0.841465 0.507500 0.992500
1 12.833663 2.434174 390.865021 -0.419993 -0.339916 -0.841465 0.992500 0.507500
1 36.388367 -26.669540 390.865021 -0.419993 -0.339916 -0.841465 0.507500 0.507500
pine_needles.bmp
1 36.497704 -55.522552 380.493591 0.578997 0.007045 0.815299 0.007500 0.507500
1 36.062103 -19.722794 380.493591 0.578997 0.007045 0.815299 0.492500 0.507500
1 -15.898531 -20.355034 417.399658 0.578997 0.007045 0.815299 0.492500 0.992500
pine_needles.bmp
1 36.497704 -55.522552 380.493591 0.578997 0.007045 0.815299 0.007500 0.507500
1 -15.898531 -20.355034 417.399658 0.578997 0.007045 0.815299 0.492500 0.992500
1 -15.462931 -56.154793 417.399658 0.578997 0.007045 0.815299 0.007500 0.992500
pine_needles.bmp
1 -15.462931 -56.154793 417.399658 -0.578997 -0.007045 -0.815299 0.007500 0.992500
1 -15.898531 -20.355034 417.399658 -0.578997 -0.007045 -0.815299 0.492500 0.992500
1 36.062103 -19.722794 380.493591 -0.578997 -0.007045 -0.815299 0.492500 0.507500
pine_needles.bmp
1 -15.462931 -56.154793 417.399658 -0.578997 -0.007045 -0.815299 0.007500 0.992500
1 36.062103 -19.722794 380.493591 -0.578997 -0.007045 -0.815299 0.492500 0.507500
1 36.497704 -55.522552 380.493591 -0.578997 -0.007045 -0.815299 0.007500 0.507500
pine_needles.bmp
1 27.901445 -13.228367 378.606506 -0.007773 0.638803 0.769331 0.007500 0.507500
1 -7.898313 -13.663967 378.606506 -0.007773 0.638803 0.769331 0.492500 0.507500
1 -7.302275 -62.649220 419.286774 -0.007773 0.638803 0.769331 0.492500 0.992500
pine_needles.bmp
1 27.901445 -13.228367 378.606506 -0.007773 0.638803 0.769331 0.007500 0.507500
1 -7.302275 -62.649220 419.286774 -0.007773 0.638803 0.769331 0.492500 0.992500
1 28.497484 -62.213619 419.286774 -0.007773 0.638803 0.769331 0.007500 0.992500
pine_needles.bmp
1 28.497484 -62.213619 419.286774 0.007773 -0.638803 -0.769331 0.007500 0.992500
1 -7.302275 -62.649220 419.286774 0.007773 -0.638803 -0.769331 0.492500 0.992500
1 -7.898313 -13.663967 378.606506 0.007773 -0.638803 -0.769331 0.492500 0.507500
pine_needles.bmp
1 28.497484 -62.213619 419.286774 0.007773 -0.638803 -0.769331 0.007500 0.992500
1 -7.898313 -13.663967 378.606506 0.007773 -0.638803 -0.769331 0.492500 0.507500
1 27.901445 -13.228367 378.606506 0.007773 -0.638803 -0.769331 0.007500 0.507500
pine_bark.bmp
0 1.520340 0.000000 421.153778 0.142429 0.136305 0.980375 0.000000 0.000000
0 0.087768 -2.084434 420.493042 -0.404481 -0.604457 0.686314 0.200000 0.000000
0 22.036684 -10.190592 399.073029 -0.158115 -0.945498 0.284663 0.200000 0.267870
pine_bark.bmp
0 1.520340 0.000000 421.153778 0.142429 0.136305 0.980375 0.000000 0.000000
0 22.036684 -10.190592 399.073029 -0.158115 -0.945498 0.284663 0.200000 0.267870
0 23.258074 -8.339559 399.989075 0.455604 0.055090 0.888476 0.000000 0.267870
pine_bark.bmp
0 0.087768 -2.084434 420.493042 -0.404481 -0.604457 0.686314 0.200000 0.000000
0 -1.387990 -1.169863 418.647919 -0.961515 -0.274491 0.011944 0.400000 0.000000
0 21.190874 -9.398336 397.088623 -0.473361 -0.542611 -0.693904 0.400000 0.267870
pine_bark.bmp
0 0.087768 -2.084434 420.493042 -0.404481 -0.604457 0.686314 0.200000 0.000000
0 21.190874 -9.398336 397.088623 -0.473361 -0.542611 -0.693904 0.400000 0.267870
0 22.036684 -10.190592 399.073029 -0.158115 -0.945498 0.284663 0.200000 0.267870
pine_bark.bmp
0 -1.387990 -1.169863 418.647919 -0.961515 -0.274491 0.011944 0.400000 0.000000
0 -1.023279 1.276866 418.087402 -0.770539 0.618561 -0.153791 0.600000 0.000000
0 21.742622 -7.169550 396.596008 -0.189393 0.477417 -0.858023 0.600000 0.267870
pine_bark.bmp
0 -1.387990 -1.169863 418.647919 -0.961515 -0.274491 0.011944 0.400000 0.000000
0 21.742622 -7.169550 396.596008 -0.189393 0.477417 -0.858023 0.600000 0.267870
0 21.190874 -9.398336 397.088623 -0.473361 -0.542611 -0.693904 0.400000 0.267870
pine_bark.bmp
0 -1.023279 1.276866 418.087402 -0.770539 0.618561 -0.153791 0.600000 0.000000
0 0.865797 2.026857 419.718842 -0.071922 0.882706 0.464389 0.800000 0.000000
0 23.058283 -6.548377 398.476288 0.392660 0.919597 0.012612 0.800000 0.267870
pine_bark.bmp
0 -1.023279 1.276866 418.087402 -0.770539 0.618561 -0.153791 0.600000 0.000000
0 23.058283 -6.548377 398.476288 0.392660 0.919597 0.012612 0.800000 0.267870
0 21.742622 -7.169550 396.596008 -0.189393 0.477417 -0.858023 0.600000 0.267870
pine_bark.bmp
0 0.865797 2.026857 419.718842 -0.071922 0.882706 0.464389 0.800000 0.000000
0 1.520340 0.000000 421.153778 0.142429 0.136305 0.980375 1.000000 0.000000
0 23.258074 -8.339559 399.989075 0.455604 0.055090 0.888476 1.000000 0.267870
pine_bark.bmp
0 0.865797 2.026857 419.718842 -0.071922 0.882706 0.464389 0.800000 0.000000
0 23.258074 -8.339559 399.989075 0.455604 0.055090 0.888476 1.000000 0.267870
0 23.058283 -6.548377 398.476288 0.392660 0.919597 0.012612 0.800000 0.267870
pine_bark.bmp
0 23.258074 -8.339559 399.989075 0.455604 0.055090 0.888476 0.000000 0.267870
0 22.036684 -10.190592 399.073029 -0.158115 -0.945498 0.284663 0.200000 0.267870
0 40.250088 -15.743211 397.116943 0.361177 -0.893266 0.267630 0.200000 0.430260
pine_bark.bmp
0 23.258074 -8.339559 399.989075 0.455604 0.055090 0.888476 0.000000 0.267870
0 40.250088 -15.743211 397.116943 0.361177 -0.893266 0.267630 0.200000 0.430260
0 40.501530 -15.162834 397.568115 0.656853 -0.126605 0.743313 0.000000 0.430260
pine_bark.bmp
0 22.036684 -10.190592 399.073029 -0.158115 -0.945498 0.284663 0.200000 0.267870
0 21.190874 -9.398336 397.088623 -0.473361 -0.542611 -0.693904 0.400000 0.267870
0 40.286575 -15.505498 396.416473 0.357249 -0.699281 -0.619176 0.400000 0.430260
pine_bark.bmp
0 22.036684 -10.190592 399.073029 -0.158115 -0.945498 0.284663 0.200000 0.267870
0 40.286575 -15.505498 396.416473 0.357249 -0.699281 -0.619176 0.400000 0.430260
0 40.250088 -15.743211 397.116943 0.361177 -0.893266 0.267630 0.200000 0.430260
pine_bark.bmp
0 21.190874 -9.398336 397.088623 -0.473361 -0.542611 -0.693904 0.400000 0.267870
0 21.742622 -7.169550 396.596008 -0.189393 0.477417 -0.858023 0.600000 0.267870
0 40.551212 -14.785510 396.346649 0.642699 0.144486 -0.752371 0.600000 0.430260
pine_bark.bmp
0 21.190874 -9.398336 397.088623 -0.473361 -0.542611 -0.693904 0.400000 0.267870
0 40.551212 -14.785510 396.346649 0.642699 0.144486 -0.752371 0.600000 0.430260
0 40.286575 -15.505498 396.416473 0.357249 -0.699281 -0.619176 0.400000 0.430260
pine_bark.bmp
0 21.742622 -7.169550 396.596008 -0.189393 0.477417 -0.858023 0.600000 0.267870
0 23.058283 -6.548377 398.476288 0.392660 0.919597 0.012612 0.800000 0.267870
0 40.675373 -14.601109 397.079376 0.871433 0.481416 0.094037 0.800000 0.430260
pine_bark.bmp
0 21.742622 -7.169550 396.596008 -0.189393 0.477417 -0.858023 0.600000 0.267870
0 40.675373 -14.601109 397.079376 0.871433 0.481416 0.094037 0.800000 0.430260
0 40.551212 -14.785510 396.346649 0.642699 0.144486 -0.752371 0.600000 0.430260
pine_bark.bmp
0 23.058283 -6.548377 398.476288 0.392660 0.919597 0.012612 0.800000 0.267870
0 23.258074 -8.339559 399.989075 0.455604 0.055090 0.888476 1.000000 0.267870
0 40.501530 -15.162834 397.568115 0.656853 -0.126605 0.743313 1.000000 0.430260
pine_bark.bmp
0 23.058283 -6.548377 398.476288 0.392660 0.919597 0.012612 0.800000 0.267870
0 40.501530 -15.162834 397.568115 0.656853 -0.126605 0.743313 1.000000 0.430260
0 40.675373 -14.601109 397.079376 0.871433 0.481416 0.094037 0.800000 0.430260
pine_bark.bmp
0 1.520340 0.000000 421.153778 0.142429 0.136305 0.980375 0.950000 0.500000
0 0.865797 2.026857 419.718842 -0.071922 0.882706 0.464389 0.639058 0.072025
0 -1.023279 1.276866 418.087402 -0.770539 0.618561 -0.153791 0.135942 0.235497
pine_bark.bmp
0 -1.023279 1.276866 418.087402 -0.770539 0.618561 -0.153791 0.135942 0.235497
0 -1.387990 -1.169863 418.647919 -0.961515 -0.274491 0.011944 0.135942 0.764503
0 0.087768 -2.084434 420.493042 -0.404481 -0.604457 0.686314 0.639058 0.927975
pine_bark.bmp
0 -1.023279 1.276866 418.087402 -0.770539 0.618561 -0.153791 0.135942 0.235497
0 0.087768 -2.084434 420.493042 -0.404481 -0.604457 0.686314 0.639058 0.927975
0 1.520340 0.000000 421.153778 0.142429 0.136305 0.980375 0.950000 0.500000
pine_bark.bmp
0 40.675373 -14.601109 397.079376 0.871433 0.481416 0.094037 0.639058 0.072025
0 40.501530 -15.162834 397.568115 0.656853 -0.126605 0.743313 0.950000 0.500000
0 40.250088 -15.743211 397.116943 0.361177 -0.893266 0.267630 0.639058 0.927975
pine_bark.bmp
0 40.250088 -15.743211 397.116943 0.361177 -0.893266 0.267630 0.639058 0.927975
0 40.286575 -15.505498 396.416473 0.357249 -0.699281 -0.619176 0.135942 0.764503
0 40.551212 -14.785510 396.346649 0.642699 0.144486 -0.752371 0.135942 0.235497
pine_bark.bmp
0 40.250088 -15.743211 397.116943 0.361177 -0.893266 0.267630 0.639058 0.927975
0 40.551212 -14.785510 396.346649 0.642699 0.144486 -0.752371 0.135942 0.235497
0 40.675373 -14.601109 397.079376 0.871433 0.481416 0.094037 0.639058 0.072025
pine_needles.bmp
1 3.591330 20.936857 394.036285 -0.562149 0.293095 0.773359 0.507500 0.507500
1 -13.408664 -11.668725 394.036285 -0.562149 0.293095 0.773359 0.992500 0.507500
1 24.724762 -31.550842 429.290344 -0.562149 0.293095 0.773359 0.992500 0.992500
pine_needles.bmp
1 3.591330 20.936857 394.036285 -0.562149 0.293095 0.773359 0.507500 0.507500
1 24.724762 -31.550842 429.290344 -0.562149 0.293095 0.773359 0.992500 0.992500
1 41.724754 1.054741 429.290344 -0.562149 0.293095 0.773359 0.507500 0.992500
pine_needles.bmp
1 41.724754 1.054741 429.290344 0.562149 -0.293095 -0.773359 0.507500 0.992500
1 24.724762 -31.550842 429.290344 0.562149 -0.293095 -0.773359 0.992500 0.992500
1 -13.408664 -11.668725 394.036285 0.562149 -0.293095 -0.773359 0.992500 0.507500
pine_needles.bmp
1 41.724754 1.054741 429.290344 0.562149 -0.293095 -0.773359 0.507500 0.992500
1 -13.408664 -11.668725 394.036285 0.562149 -0.293095 -0.773359 0.992500 0.507500
1 3.591330 20.936857 394.036285 0.562149 -0.293095 -0.773359 0.507500 0.507500
pine_needles.bmp
1 -10.608906 -13.041055 390.814209 -0.347391 -0.666288 0.659833 0.507500 0.007500
1 21.996677 -30.041046 390.814209 -0.347391 -0.666288 0.659833 0.992500 0.007500
1 38.924999 2.427070 432.512421 -0.347391 -0.666288 0.659833 0.992500 0.492500
pine_needles.bmp
1 -10.608906 -13.041055 390.814209 -0.347391 -0.666288 0.659833 0.507500 0.007500
1 38.924999 2.427070 432.512421 -0.347391 -0.666288 0.659833 0.992500 0.492500
1 6.319414 19.427063 432.512421 -0.347391 -0.666288 0.659833 0.507500 0.492500
pine_needles.bmp
1 6.319414 19.427063 432.512421 0.347391 0.666288 -0.659833 0.507500 0.492500
1 38.924999 2.427070 432.512421 0.347391 0.666288 -0.659833 0.992500 0.492500
1 21.996677 -30.041046 390.814209 0.347391 0.666288 -0.659833 0.992500 0.007500
pine_needles.bmp
1 6.319414 19.427063 432.512421 0.347391 0.666288 -0.659833 0.507500 0.492500
1 21.996677 -30.041046 390.814209 0.347391 0.666288 -0.659833 0.992500 0.007500
1 -10.608906 -13.041055 390.814209 0.347391 0.666288 -0.659833 0.507500 0.007500
pine_needles.bmp
1 13.318042 -35.136669 384.565094 0.045683 -0.642092 0.765266 0.007500 0.507500
1 41.150520 -33.156456 384.565094 0.045683 -0.642092 0.765266 0.492500 0.507500
1 37.650917 16.031498 426.044861 0.045683 -0.642092 0.765266 0.492500 0.992500
pine_needles.bmp
1 13.318042 -35.136669 384.565094 0.045683 -0.642092 0.765266 0.007500 0.507500
1 37.650917 16.031498 426.044861 0.045683 -0.642092 0.765266 0.492500 0.992500
1 9.818440 14.051285 426.044861 0.045683 -0.642092 0.765266 0.007500 0.992500
pine_needles.bmp
1 9.818440 14.051285 426.044861 -0.045683 0.642092 -0.765266 0.007500 0.992500
1 37.650917 16.031498 426.044861 -0.045683 0.642092 -0.765266 0.492500 0.992500
1 41.150520 -33.156456 384.565094 -0.045683 0.642092 -0.765266 0.492500 0.507500
pine_needles.bmp
1 9.818440 14.051285 426.044861 -0.045683 0.642091 -0.765266 0.007500 0.992500
1 41.150520 -33.156456 384.565094 -0.045683 0.642091 -0.765266 0.492500 0.507500
1 13.318042 -35.136669 384.565094 -0.045683 0.642091 -0.765266 0.007500 0.507500
pine_needles.bmp
1 55.100071 -21.432192 390.474731 0.457936 0.032581 0.888388 0.507500 0.007500
1 53.119858 6.400286 390.474731 0.457936 0.032581 0.888388 0.992500 0.007500
1 -4.131111 2.327021 420.135223 0.457936 0.032581 0.888388 0.992500 0.492500
pine_needles.bmp
1 55.100071 -21.432192 390.474731 0.457936 0.032581 0.888388 0.507500 0.007500
1 -4.131111 2.327021 420.135223 0.457936 0.032581 0.888388 0.992500 0.492500
1 -2.150898 -25.505457 420.135223 0.457936 0.032581 0.888388 0.507500 0.492500
pine_needles.bmp
1 -2.150898 -25.505457 420.135223 -0.457936 -0.032581 -0.888388 0.507500 0.492500
1 -4.131111 2.327021 420.135223 -0.457936 -0.032581 -0.888388 0.992500 0.492500
1 53.119858 6.400286 390.474731 -0.457936 -0.032581 -0.888388 0.992500 0.007500
pine_needles.bmp
1 -2.150898 -25.505457 420.135223 -0.457936 -0.032581 -0.888388 0.507500 0.492500
1 53.119858 6.400286 390.474731 -0.457936 -0.032581 -0.888388 0.992500 0.007500
1 55.100071 -21.432192 390.474731 -0.457936 -0.032581 -0.888388 0.507500 0.007500
pine_needles.bmp
1 64.860626 -17.845055 385.832031 0.439161 0.226598 0.869362 0.507500 0.007500
1 49.767239 11.406921 385.832031 0.439161 0.226598 0.869362 0.992500 0.007500
1 8.761208 -9.751305 412.061218 0.439161 0.226598 0.869362 0.992500 0.492500
pine_needles.bmp
1 64.860626 -17.845055 385.832031 0.439161 0.226598 0.869362 0.507500 0.007500
1 8.761208 -9.751305 412.061218 0.439161 0.226598 0.869362 0.992500 0.492500
1 23.854597 -39.003281 412.061218 0.439161 0.226598 0.869362 0.507500 0.492500
pine_needles.bmp
1 23.854597 -39.003281 412.061218 -0.439161 -0.226598 -0.869362 0.507500 0.492500
1 8.761208 -9.751305 412.061218 -0.439161 -0.226598 -0.869362 0.992500 0.492500
1 49.767239 11.406921 385.832031 -0.439161 -0.226598 -0.869362 0.992500 0.007500
pine_needles.bmp
1 23.854597 -39.003281 412.061218 -0.439161 -0.226598 -0.869362 0.507500 0.492500
1 49.767239 11.406921 385.832031 -0.439161 -0.226598 -0.869362 0.992500 0.007500
1 64.860626 -17.845055 385.832031 -0.439161 -0.226598 -0.869362 0.507500 0.007500
pine_needles.bmp
1 44.575241 7.046872 377.207611 -0.377702 0.732012 0.567009 0.507500 0.507500
1 15.323263 -8.046515 377.207611 -0.377702 0.732012 0.567009 0.992500 0.507500
1 29.046595 -34.643230 420.685638 -0.377702 0.732012 0.567009 0.992500 0.992500
pine_needles.bmp
1 44.575241 7.046872 377.207611 -0.377702 0.732012 0.567009 0.507500 0.507500
1 29.046595 -34.643230 420.685638 -0.377702 0.732012 0.567009 0.992500 0.992500
1 58.298569 -19.549843 420.685638 -0.377702 0.732012 0.567009 0.507500 0.992500
pine_needles.bmp
1 58.298569 -19.549843 420.685638 0.377702 -0.732012 -0.567009 0.507500 0.992500
1 29.046595 -34.643230 420.685638 0.377702 -0.732012 -0.567009 0.992500 0.992500
1 15.323263 -8.046515 377.207611 0.377702 -0.732012 -0.567009 0.992500 0.507500
pine_needles.bmp
1 58.298569 -19.549843 420.685638 0.377702 -0.732012 -0.567009 0.507500 0.992500
1 15.323263 -8.046515 377.207611 0.377702 -0.732012 -0.567009 0.992500 0.507500
1 44.575241 7.046872 377.207611 0.377702 -0.732012 -0.567009 0.507500 0.507500
pine_bark.bmp
0 1.516666 0.000000 421.157318 0.136033 -0.115893 0.983902 0.000000 0.000000
0 0.876374 -2.089483 419.737122 -0.089965 -0.890393 0.446214 0.200000 0.000000
0 23.171690 6.196815 398.496033 0.370775 -0.928492 -0.020709 0.200000 0.267870
pine_bark.bmp
0 1.516666 0.000000 421.157318 0.136033 -0.115893 0.983902 0.000000 0.000000
0 23.171690 6.196815 398.496033 0.370775 -0.928492 -0.020709 0.200000 0.267870
0 23.359289 8.054440 399.991119 0.446458 -0.030287 0.894292 0.000000 0.267870
pine_bark.bmp
0 0.876374 -2.089483 419.737122 -0.089965 -0.890393 0.446214 0.200000 0.000000
0 -0.941921 -1.172697 418.220306 -0.769652 -0.624343 -0.133537 0.400000 0.000000
0 21.888268 6.991892 396.756744 -0.180606 -0.501072 -0.846350 0.400000 0.267870
pine_bark.bmp
0 0.876374 -2.089483 419.737122 -0.089965 -0.890393 0.446214 0.200000 0.000000
0 21.888268 6.991892 396.756744 -0.180606 -0.501072 -0.846350 0.400000 0.267870
0 23.171690 6.196815 398.496033 0.370775 -0.928492 -0.020709 0.200000 0.267870
pine_bark.bmp
0 -0.941921 -1.172697 418.220306 -0.769652 -0.624343 -0.133537 0.400000 0.000000
0 -1.504015 1.279959 418.548187 -0.961093 0.275977 -0.011742 0.600000 0.000000
0 21.198515 9.228616 396.959442 -0.466709 0.519773 -0.715555 0.600000 0.267870
pine_bark.bmp
0 -0.941921 -1.172697 418.220306 -0.769652 -0.624343 -0.133537 0.400000 0.000000
0 21.198515 9.228616 396.959442 -0.466709 0.519773 -0.715555 0.600000 0.267870
0 21.888268 6.991892 396.756744 -0.180606 -0.501072 -0.846350 0.400000 0.267870
pine_bark.bmp
0 -1.504015 1.279959 418.548187 -0.961093 0.275977 -0.011742 0.600000 0.000000
0 0.096675 2.031767 420.456085 -0.385892 0.599168 0.701488 0.800000 0.000000
0 22.164040 9.852001 399.035858 -0.132008 0.939229 0.316895 0.800000 0.267870
pine_bark.bmp
0 -1.504015 1.279959 418.548187 -0.961093 0.275977 -0.011742 0.600000 0.000000
0 22.164040 9.852001 399.035858 -0.132008 0.939229 0.316895 0.800000 0.267870
0 21.198515 9.228616 396.959442 -0.466709 0.519773 -0.715555 0.600000 0.267870
pine_bark.bmp
0 0.096675 2.031767 420.456085 -0.385892 0.599168 0.701488 0.800000 0.000000
0 1.516666 0.000000 421.157318 0.136033 -0.115893 0.983902 1.000000 0.000000
0 23.359289 8.054440 399.991119 0.446458 -0.030287 0.894292 1.000000 0.267870
pine_bark.bmp
0 0.096675 2.031767 420.456085 -0.385892 0.599168 0.701488 0.800000 0.000000
0 23.359289 8.054440 399.991119 0.446458 -0.030287 0.894292 1.000000 0.267870
0 22.164040 9.852001 399.035858 -0.132008 0.939229 0.316895 0.800000 0.267870
pine_bark.bmp
0 23.359289 8.054440 399.991119 0.446458 -0.030287 0.894292 0.000000 0.267870
0 23.171690 6.196815 398.496033 0.370775 -0.928492 -0.020709 0.200000 0.267870
0 40.865887 14.061341 397.085876 0.862099 -0.501629 0.071786 0.200000 0.430260
pine_bark.bmp
0 23.359289 8.054440 399.991119 0.446458 -0.030287 0.894292 0.000000 0.267870
0 40.865887 14.061341 397.085876 0.862099 -0.501629 0.071786 0.200000 0.430260
0 40.691837 14.644437 397.568115 0.650992 0.138692 0.746307 0.000000 0.430260
pine_bark.bmp
0 23.171690 6.196815 398.496033 0.370775 -0.928492 -0.020709 0.200000 0.267870
0 21.888268 6.991892 396.756744 -0.180606 -0.501072 -0.846350 0.400000 0.267870
0 40.728413 14.300168 396.398102 0.658305 -0.155615 -0.736490 0.400000 0.430260
pine_bark.bmp
0 23.171690 6.196815 398.496033 0.370775 -0.928492 -0.020709 0.200000 0.267870
0 40.728413 14.300168 396.398102 0.658305 -0.155615 -0.736490 0.400000 0.430260
0 40.865887 14.061341 397.085876 0.862099 -0.501629 0.071786 0.200000 0.430260
pine_bark.bmp
0 21.888268 6.991892 396.756744 -0.180606 -0.501072 -0.846350 0.400000 0.267870
0 21.198515 9.228616 396.959442 -0.466709 0.519773 -0.715555 0.600000 0.267870
0 40.465431 15.023528 396.366852 0.354665 0.684762 -0.636643 0.600000 0.430260
pine_bark.bmp
0 21.888268 6.991892 396.756744 -0.180606 -0.501072 -0.846350 0.400000 0.267870
0 40.465431 15.023528 396.366852 0.354665 0.684762 -0.636643 0.600000 0.430260
0 40.728413 14.300168 396.398102 0.658305 -0.155615 -0.736490 0.400000 0.430260
pine_bark.bmp
0 21.198515 9.228616 396.959442 -0.466709 0.519773 -0.715555 0.600000 0.267870
0 22.164040 9.852001 399.035858 -0.132008 0.939229 0.316895 0.800000 0.267870
0 40.454193 15.208795 397.109467 0.383371 0.877136 0.289239 0.800000 0.430260
pine_bark.bmp
0 21.198515 9.228616 396.959442 -0.466709 0.519773 -0.715555 0.600000 0.267870
0 40.454193 15.208795 397.109467 0.383371 0.877136 0.289239 0.800000 0.430260
0 40.465431 15.023528 396.366852 0.354665 0.684762 -0.636643 0.600000 0.430260
pine_bark.bmp
0 22.164040 9.852001 399.035858 -0.132008 0.939229 0.316895 0.800000 0.267870
0 23.359289 8.054440 399.991119 0.446458 -0.030287 0.894292 1.000000 0.267870
0 40.691837 14.644437 397.568115 0.650992 0.138692 0.746307 1.000000 0.430260
pine_bark.bmp
0 22.164040 9.852001 399.035858 -0.132008 0.939229 0.316895 0.800000 0.267870
0 40.691837 14.644437 397.568115 0.650992 0.138692 0.746307 1.000000 0.430260
0 40.454193 15.208795 397.109467 0.383371 0.877136 0.289239 0.800000 0.430260
pine_bark.bmp
0 1.516666 0.000000 421.157318 0.136033 -0.115893 0.983902 0.950000 0.500000
0 0.096675 2.031767 420.456085 -0.385892 0.599168 0.701488 0.639058 0.072025
0 -1.504015 1.279959 418.548187 -0.961093 0.275977 -0.011742 0.135942 0.235497
pine_bark.bmp
0 -1.504015 1.279959 418.548187 -0.961093 0.275977 -0.011742 0.135942 0.235497
0 -0.941921 -1.172697 418.220306 -0.769652 -0.624343 -0.133537 0.135942 0.764503
0 0.876374 -2.089483 419.737122 -0.089965 -0.890393 0.446214 0.639058 0.927975
pine_bark.bmp
0 -1.504015 1.279959 418.548187 -0.961093 0.275977 -0.011742 0.135942 0.235497
0 0.876374 -2.089483 419.737122 -0.089965 -0.890393 0.446214 0.639058 0.927975
0 1.516666 0.000000 421.157318 0.136033 -0.115893 0.983902 0.950000 0.500000
pine_bark.bmp
0 40.454193 15.208795 397.109467 0.383371 0.877136 0.289239 0.639058 0.072025
0 40.691837 14.644437 397.568115 0.650992 0.138692 0.746307 0.950000 0.500000
0 40.865887 14.061341 397.085876 0.862099 -0.501629 0.071786 0.639058 0.927975
pine_bark.bmp
0 40.865887 14.061341 397.085876 0.862099 -0.501629 0.071786 0.639058 0.927975
0 40.728413 14.300168 396.398102 0.658305 -0.155615 -0.736490 0.135942 0.764503
0 40.465431 15.023528 396.366852 0.354665 0.684762 -0.636643 0.135942 0.235497
pine_bark.bmp
0 40.865887 14.061341 397.085876 0.862099 -0.501629 0.071786 0.639058 0.927975
0 40.465431 15.023528 396.366852 0.354665 0.684762 -0.636643 0.135942 0.235497
0 40.454193 15.208795 397.109467 0.383371 0.877136 0.289239 0.639058 0.072025
pine_needles.bmp
1 -7.646915 24.545147 391.802307 -0.670687 0.003220 0.741733 0.007500 0.007500
1 -7.832399 -14.083103 391.802307 -0.670687 0.003220 0.741733 0.492500 0.007500
1 36.096390 -14.294041 431.524353 -0.670687 0.003220 0.741733 0.492500 0.492500
pine_needles.bmp
1 -7.646915 24.545147 391.802307 -0.670687 0.003220 0.741733 0.007500 0.007500
1 36.096390 -14.294041 431.524353 -0.670687 0.003220 0.741733 0.492500 0.492500
1 36.281872 24.334209 431.524353 -0.670687 0.003220 0.741733 0.007500 0.492500
pine_needles.bmp
1 36.281872 24.334209 431.524353 0.670687 -0.003220 -0.741733 0.007500 0.492500
1 36.096390 -14.294041 431.524353 0.670687 -0.003220 -0.741733 0.492500 0.492500
1 -7.832399 -14.083103 391.802307 0.670687 -0.003220 -0.741733 0.492500 0.007500
pine_needles.bmp
1 36.281872 24.334209 431.524353 0.670687 -0.003220 -0.741733 0.007500 0.492500
1 -7.832399 -14.083103 391.802307 0.670687 -0.003220 -0.741733 0.492500 0.007500
1 -7.646915 24.545147 391.802307 0.670687 -0.003220 -0.741733 0.007500 0.007500
pine_needles.bmp
1 -5.146544 -6.684563 384.707062 -0.004393 -0.914775 0.403939 0.007500 0.507500
1 33.481705 -6.870048 384.707062 -0.004393 -0.914775 0.403939 0.492500 0.507500
1 33.596016 16.935669 438.619568 -0.004393 -0.914775 0.403939 0.492500 0.992500
pine_needles.bmp
1 -5.146544 -6.684563 384.707062 -0.004393 -0.914775 0.403939 0.007500 0.507500
1 33.596016 16.935669 438.619568 -0.004393 -0.914775 0.403939 0.492500 0.992500
1 -5.032234 17.121155 438.619568 -0.004393 -0.914775 0.403939 0.007500 0.992500
pine_needles.bmp
1 -5.032234 17.121155 438.619568 0.004393 0.914775 -0.403939 0.007500 0.992500
1 33.596016 16.935669 438.619568 0.004393 0.914775 -0.403939 0.492500 0.992500
1 33.481705 -6.870048 384.707062 0.004393 0.914775 -0.403939 0.492500 0.507500
pine_needles.bmp
1 -5.032234 17.121155 438.619568 0.004393 0.914775 -0.403939 0.007500 0.992500
1 33.481705 -6.870048 384.707062 0.004393 0.914775 -0.403939 0.492500 0.507500
1 -5.146544 -6.684563 384.707062 0.004393 0.914775 -0.403939 0.007500 0.507500
pine_needles.bmp
1 43.005268 -3.755648 379.029022 0.853100 0.112115 0.509559 0.007500 0.007500
1 39.060226 26.262810 379.029022 0.853100 0.112115 0.509559 0.492500 0.007500
1 8.203776 22.207638 431.580933 0.853100 0.112115 0.509559 0.492500 0.492500
pine_needles.bmp
1 43.005268 -3.755648 379.029022 0.853100 0.112115 0.509559 0.007500 0.007500
1 8.203776 22.207638 431.580933 0.853100 0.112115 0.509559 0.492500 0.492500
1 12.148818 -7.810820 431.580933 0.853100 0.112115 0.509559 0.007500 0.492500
pine_needles.bmp
1 12.148818 -7.810820 431.580933 -0.853100 -0.112115 -0.509559 0.007500 0.492500
1 8.203776 22.207638 431.580933 -0.853100 -0.112115 -0.509559 0.492500 0.492500
1 39.060226 26.262810 379.029022 -0.853100 -0.112115 -0.509559 0.492500 0.007500
pine_needles.bmp
1 12.148818 -7.810820 431.580933 -0.853100 -0.112115 -0.509559 0.007500 0.492500
1 39.060226 26.262810 379.029022 -0.853100 -0.112115 -0.509559 0.492500 0.007500
1 43.005268 -3.755648 379.029022 -0.853100 -0.112115 -0.509559 0.007500 0.007500
pine_needles.bmp
1 37.392197 35.711842 387.122894 -0.077196 0.587394 0.805611 0.507500 0.507500
1 7.373739 31.766800 387.122894 -0.077196 0.587394 0.805611 0.992500 0.507500
1 13.816849 -17.259853 423.487061 -0.077196 0.587394 0.805611 0.992500 0.992500
pine_needles.bmp
1 37.392197 35.711842 387.122894 -0.077196 0.587394 0.805611 0.507500 0.507500
1 13.816849 -17.259853 423.487061 -0.077196 0.587394 0.805611 0.992500 0.992500
1 43.835304 -13.314811 423.487061 -0.077196 0.587394 0.805611 0.507500 0.992500
pine_needles.bmp
1 43.835304 -13.314811 423.487061 0.077196 -0.587394 -0.805611 0.507500 0.992500
1 13.816849 -17.259853 423.487061 0.077196 -0.587394 -0.805611 0.992500 0.992500
1 7.373739 31.766800 387.122894 0.077196 -0.587394 -0.805611 0.992500 0.507500
pine_needles.bmp
1 43.835304 -13.314811 423.487061 0.077196 -0.587394 -0.805611 0.507500 0.992500
1 7.373739 31.766800 387.122894 0.077196 -0.587394 -0.805611 0.992500 0.507500
1 37.392197 35.711842 387.122894 0.077196 -0.587394 -0.805611 0.507500 0.507500
pine_needles.bmp
1 49.740864 -5.967718 369.192108 0.868141 -0.153759 0.471899 0.507500 0.007500
1 55.591488 27.065693 369.192108 0.868141 -0.153759 0.471899 0.992500 0.007500
1 24.227764 32.620594 428.701141 0.868141 -0.153759 0.471899 0.992500 0.492500
pine_needles.bmp
1 49.740864 -5.967718 369.192108 0.868141 -0.153759 0.471899 0.507500 0.007500
1 24.227764 32.620594 428.701141 0.868141 -0.153759 0.471899 0.992500 0.492500
1 18.377140 -0.412816 428.701141 0.868141 -0.153759 0.471899 0.507500 0.492500
pine_needles.bmp
1 18.377140 -0.412816 428.701141 -0.868141 0.153759 -0.471899 0.507500 0.492500
1 24.227764 32.620594 428.701141 -0.868141 0.153759 -0.471899 0.992500 0.492500
1 55.591488 27.065693 369.192108 -0.868141 0.153759 -0.471899 0.992500 0.007500
pine_needles.bmp
1 18.377140 -0.412816 428.701141 -0.868141 0.153759 -0.471899 0.507500 0.492500
1 55.591488 27.065693 369.192108 -0.868141 0.153759 -0.471899 0.992500 0.007500
1 49.740864 -5.967718 369.192108 -0.868141 0.153759 -0.471899 0.507500 0.007500
pine_needles.bmp
1 57.132877 30.907089 372.304230 0.137403 0.775797 0.615841 0.007500 0.507500
1 24.099468 36.757713 372.304230 0.137403 0.775797 0.615841 0.492500 0.507500
1 16.835751 -4.254213 425.589050 0.137403 0.775797 0.615841 0.492500 0.992500
pine_needles.bmp
1 57.132877 30.907089 372.304230 0.137403 0.775797 0.615841 0.007500 0.507500
1 16.835751 -4.254213 425.589050 0.137403 0.775797 0.615841 0.492500 0.992500
1 49.869160 -10.104836 425.589050 0.137403 0.775797 0.615841 0.007500 0.992500
pine_needles.bmp
1 49.869160 -10.104836 425.589050 -0.137403 -0.775797 -0.615841 0.007500 0.992500
1 16.835751 -4.254213 425.589050 -0.137403 -0.775797 -0.615841 0.492500 0.992500
1 24.099468 36.757713 372.304230 -0.137403 -0.775797 -0.615841 0.492500 0.507500
pine_needles.bmp
1 49.869160 -10.104836 425.589050 -0.137403 -0.775797 -0.615841 0.007500 0.992500
1 24.099468 36.757713 372.304230 -0.137403 -0.775797 -0.615841 0.492500 0.507500
1 57.132877 30.907089 372.304230 -0.137403 -0.775797 -0.615841 0.007500 0.507500
pine_bark.bmp
0 2.054257 0.000000 420.331665 0.592037 -0.370191 0.715856 0.000000 0.000000
0 1.166085 -1.542673 418.438629 0.307097 -0.951628 -0.009785 0.200000 0.000000
0 9.075250 21.410391 397.188446 0.646166 -0.477509 -0.595361 0.200000 0.267870
pine_bark.bmp
0 2.054257 0.000000 420.331665 0.592037 -0.370191 0.715856 0.000000 0.000000
0 9.075250 21.410391 397.188446 0.646166 -0.477509 -0.595361 0.200000 0.267870
0 9.435707 22.481098 399.283447 0.866345 -0.061272 0.495673 0.000000 0.267870
pine_bark.bmp
0 1.166085 -1.542673 418.438629 0.307097 -0.951628 -0.009785 0.200000 0.000000
0 -1.287535 -0.865807 418.272064 -0.595290 -0.791169 -0.140289 0.400000 0.000000
0 6.863545 21.868662 396.665039 -0.335966 -0.255639 -0.906519 0.400000 0.267870
pine_bark.bmp
0 1.166085 -1.542673 418.438629 0.307097 -0.951628 -0.009785 0.200000 0.000000
0 6.863545 21.868662 396.665039 -0.335966 -0.255639 -0.906519 0.400000 0.267870
0 9.075250 21.410391 397.188446 0.646166 -0.477509 -0.595361 0.200000 0.267870
pine_bark.bmp
0 -1.287535 -0.865807 418.272064 -0.595290 -0.791169 -0.140289 0.400000 0.000000
0 -2.024303 0.944999 419.870148 -0.890169 -0.120088 0.439521 0.600000 0.000000
0 5.708974 23.157875 398.234161 -0.922301 0.327924 -0.204513 0.600000 0.267870
pine_bark.bmp
0 -1.287535 -0.865807 418.272064 -0.595290 -0.791169 -0.140289 0.400000 0.000000
0 5.708974 23.157875 398.234161 -0.922301 0.327924 -0.204513 0.600000 0.267870
0 6.863545 21.868662 396.665039 -0.335966 -0.255639 -0.906519 0.400000 0.267870
pine_bark.bmp
0 -2.024303 0.944999 419.870148 -0.890169 -0.120088 0.439521 0.600000 0.000000
0 0.151289 1.500062 421.202209 -0.132339 0.147628 0.980149 0.800000 0.000000
0 7.395852 23.517185 399.877106 -0.238357 0.506657 0.828544 0.800000 0.267870
pine_bark.bmp
0 -2.024303 0.944999 419.870148 -0.890169 -0.120088 0.439521 0.600000 0.000000
0 7.395852 23.517185 399.877106 -0.238357 0.506657 0.828544 0.800000 0.267870
0 5.708974 23.157875 398.234161 -0.922301 0.327924 -0.204513 0.600000 0.267870
pine_bark.bmp
0 0.151289 1.500062 421.202209 -0.132339 0.147628 0.980149 0.800000 0.000000
0 2.054257 0.000000 420.331665 0.592037 -0.370191 0.715856 1.000000 0.000000
0 9.435707 22.481098 399.283447 0.866345 -0.061272 0.495673 1.000000 0.267870
pine_bark.bmp
0 0.151289 1.500062 421.202209 -0.132339 0.147628 0.980149 0.800000 0.000000
0 9.435707 22.481098 399.283447 0.866345 -0.061272 0.495673 1.000000 0.267870
0 7.395852 23.517185 399.877106 -0.238357 0.506657 0.828544 0.800000 0.267870
pine_bark.bmp
0 9.435707 22.481098 399.283447 0.866345 -0.061272 0.495673 0.000000 0.267870
0 9.075250 21.410391 397.188446 0.646166 -0.477509 -0.595361 0.200000 0.267870
0 14.596087 40.670113 396.976074 0.850067 0.348332 -0.395033 0.200000 0.430260
pine_bark.bmp
0 9.435707 22.481098 399.283447 0.866345 -0.061272 0.495673 0.000000 0.267870
0 14.596087 40.670113 396.976074 0.850067 0.348332 -0.395033 0.200000 0.430260
0 14.123767 40.874722 397.555115 0.703795 0.457726 0.543286 0.000000 0.430260
pine_bark.bmp
0 9.075250 21.410391 397.188446 0.646166 -0.477509 -0.595361 0.200000 0.267870
0 6.863545 21.868662 396.665039 -0.335966 -0.255639 -0.906519 0.400000 0.267870
0 14.214010 40.753918 396.345276 0.113369 0.554473 -0.824444 0.400000 0.430260
pine_bark.bmp
0 9.075250 21.410391 397.188446 0.646166 -0.477509 -0.595361 0.200000 0.267870
0 14.214010 40.753918 396.345276 0.113369 0.554473 -0.824444 0.400000 0.430260
0 14.596087 40.670113 396.976074 0.850067 0.348332 -0.395033 0.200000 0.430260
pine_bark.bmp
0 6.863545 21.868662 396.665039 -0.335966 -0.255639 -0.906519 0.400000 0.267870
0 5.708974 23.157875 398.234161 -0.922301 0.327924 -0.204513 0.600000 0.267870
0 13.493944 41.007748 396.446381 -0.515751 0.825268 -0.230072 0.600000 0.430260
pine_bark.bmp
0 6.863545 21.868662 396.665039 -0.335966 -0.255639 -0.906519 0.400000 0.267870
0 13.493944 41.007748 396.446381 -0.515751 0.825268 -0.230072 0.600000 0.430260
0 14.214010 40.753918 396.345276 0.113369 0.554473 -0.824444 0.400000 0.430260
pine_bark.bmp
0 5.708974 23.157875 398.234161 -0.922301 0.327924 -0.204513 0.600000 0.267870
0 7.395852 23.517185 399.877106 -0.238357 0.506657 0.828544 0.800000 0.267870
0 13.469451 41.072758 397.208221 -0.135606 0.760759 0.634710 0.800000 0.430260
pine_bark.bmp
0 5.708974 23.157875 398.234161 -0.922301 0.327924 -0.204513 0.600000 0.267870
0 13.469451 41.072758 397.208221 -0.135606 0.760759 0.634710 0.800000 0.430260
0 13.493944 41.007748 396.446381 -0.515751 0.825268 -0.230072 0.600000 0.430260
pine_bark.bmp
0 7.395852 23.517185 399.877106 -0.238357 0.506657 0.828544 0.800000 0.267870
0 9.435707 22.481098 399.283447 0.866345 -0.061272 0.495673 1.000000 0.267870
0 14.123767 40.874722 397.555115 0.703795 0.457726 0.543286 1.000000 0.430260
pine_bark.bmp
0 7.395852 23.517185 399.877106 -0.238357 0.506657 0.828544 0.800000 0.267870
0 14.123767 40.874722 397.555115 0.703795 0.457726 0.543286 1.000000 0.430260
0 13.469451 41.072758 397.208221 -0.135606 0.760759 0.634710 0.800000 0.430260
pine_bark.bmp
0 2.054257 0.000000 420.331665 0.592037 -0.370191 0.715856 0.950000 0.500000
0 0.151289 1.500062 421.202209 -0.132339 0.147628 0.980149 0.639058 0.072025
0 -2.024303 0.944999 419.870148 -0.890169 -0.120088 0.439521 0.135942 0.235497
pine_bark.bmp
0 -2.024303 0.944999 419.870148 -0.890169 -0.120088 0.439521 0.135942 0.235497
0 -1.287535 -0.865807 418.272064 -0.595290 -0.791169 -0.140289 0.135942 0.764503
0 1.166085 -1.542673 418.438629 0.307097 -0.951628 -0.009785 0.639058 0.927975
pine_bark.bmp
0 -2.024303 0.944999 419.870148 -0.890169 -0.120088 0.439521 0.135942 0.235497
0 1.166085 -1.542673 418.438629 0.307097 -0.951628 -0.009785 0.639058 0.927975
0 2.054257 0.000000 420.331665 0.592037 -0.370191 0.715856 0.950000 0.500000
pine_bark.bmp
0 13.469451 41.072758 397.208221 -0.135606 0.760759 0.634710 0.639058 0.072025
0 14.123767 40.874722 397.555115 0.703795 0.457726 0.543286 0.950000 0.500000
0 14.596087 40.670113 396.976074 0.850067 0.348332 -0.395033 0.639058 0.927975
pine_bark.bmp
0 14.596087 40.670113 396.976074 0.850067 0.348332 -0.395033 0.639058 0.927975
0 14.214010 40.753918 396.345276 0.113369 0.554473 -0.824444 0.135942 0.764503
0 13.493944 41.007748 396.446381 -0.515751 0.825268 -0.230072 0.135942 0.235497
pine_bark.bmp
0 14.596087 40.670113 396.976074 0.850067 0.348332 -0.395033 0.639058 0.927975
0 13.493944 41.007748 396.446381 -0.515751 0.825268 -0.230072 0.135942 0.235497
0 13.469451 41.072758 397.208221 -0.135606 0.760759 0.634710 0.639058 0.072025
pine_needles.bmp
1 18.587667 -6.530138 390.896240 0.773845 -0.112627 0.623281 0.507500 0.507500
1 23.958866 30.374613 390.896240 0.773845 -0.112627 0.623281 0.992500 0.507500
1 -8.800248 35.142445 432.430420 0.773845 -0.112627 0.623281 0.992500 0.992500
pine_needles.bmp
1 18.587667 -6.530138 390.896240 0.773845 -0.112627 0.623281 0.507500 0.507500
1 -8.800248 35.142445 432.430420 0.773845 -0.112627 0.623281 0.992500 0.992500
1 -14.171447 -1.762306 432.430420 0.773845 -0.112627 0.623281 0.507500 0.992500
pine_needles.bmp
1 -14.171447 -1.762306 432.430420 -0.773845 0.112627 -0.623281 0.507500 0.992500
1 -8.800248 35.142445 432.430420 -0.773845 0.112627 -0.623281 0.992500 0.992500
1 23.958866 30.374613 390.896240 -0.773845 0.112627 -0.623281 0.992500 0.507500
pine_needles.bmp
1 -14.171447 -1.762306 432.430420 -0.773845 0.112627 -0.623281 0.507500 0.992500
1 23.958866 30.374613 390.896240 -0.773845 0.112627 -0.623281 0.992500 0.507500
1 18.587667 -6.530138 390.896240 -0.773845 0.112627 -0.623281 0.507500 0.507500
pine_needles.bmp
1 26.534536 33.527966 396.811066 0.080240 0.551316 0.830429 0.507500 0.007500
1 -10.370214 38.899162 396.811066 0.080240 0.551316 0.830429 0.992500 0.007500
1 -16.747118 -4.915659 426.515594 0.080240 0.551316 0.830429 0.992500 0.492500
pine_needles.bmp
1 26.534536 33.527966 396.811066 0.080240 0.551316 0.830429 0.507500 0.007500
1 -16.747118 -4.915659 426.515594 0.080240 0.551316 0.830429 0.992500 0.492500
1 20.157633 -10.286858 426.515594 0.080240 0.551316 0.830429 0.507500 0.492500
pine_needles.bmp
1 20.157633 -10.286858 426.515594 -0.080240 -0.551316 -0.830429 0.507500 0.492500
1 -16.747118 -4.915659 426.515594 -0.080240 -0.551316 -0.830429 0.992500 0.492500
1 -10.370214 38.899162 396.811066 -0.080240 -0.551316 -0.830429 0.992500 0.007500
pine_needles.bmp
1 20.157633 -10.286858 426.515594 -0.080240 -0.551316 -0.830429 0.507500 0.492500
1 -10.370214 38.899162 396.811066 -0.080240 -0.551316 -0.830429 0.992500 0.007500
1 26.534536 33.527966 396.811066 -0.080240 -0.551316 -0.830429 0.507500 0.007500
pine_needles.bmp
1 -11.905622 8.616505 384.757874 0.012534 -0.774120 0.632915 0.507500 0.507500
1 30.066833 9.296097 384.757874 0.012534 -0.774120 0.632915 0.992500 0.507500
1 29.522972 42.885643 425.852081 0.012534 -0.774120 0.632915 0.992500 0.992500
pine_needles.bmp
1 -11.905622 8.616505 384.757874 0.012534 -0.774120 0.632915 0.507500 0.507500
1 29.522972 42.885643 425.852081 0.012534 -0.774120 0.632915 0.992500 0.992500
1 -12.449481 42.206051 425.852081 0.012534 -0.774120 0.632915 0.507500 0.992500
pine_needles.bmp
1 -12.449481 42.206051 425.852081 -0.012534 0.774120 -0.632915 0.507500 0.992500
1 29.522972 42.885643 425.852081 -0.012534 0.774120 -0.632915 0.992500 0.992500
1 30.066833 9.296097 384.757874 -0.012534 0.774120 -0.632915 0.992500 0.507500
pine_needles.bmp
1 -12.449481 42.206051 425.852081 -0.012534 0.774120 -0.632915 0.507500 0.992500
1 30.066833 9.296097 384.757874 -0.012534 0.774120 -0.632915 0.992500 0.507500
1 -11.905622 8.616505 384.757874 -0.012534 0.774120 -0.632915 0.507500 0.507500
pine_needles.bmp
1 27.751842 5.066061 386.337646 0.713784 0.011557 0.700271 0.007500 0.007500
1 27.072250 47.038513 386.337646 0.713784 0.011557 0.700271 0.492500 0.007500
1 -10.134490 46.436089 424.272308 0.713784 0.011557 0.700271 0.492500 0.492500
pine_needles.bmp
1 27.751842 5.066061 386.337646 0.713784 0.011557 0.700271 0.007500 0.007500
1 -10.134490 46.436089 424.272308 0.713784 0.011557 0.700271 0.492500 0.492500
1 -9.454900 4.463633 424.272308 0.713784 0.011557 0.700271 0.007500 0.492500
pine_needles.bmp
1 -9.454900 4.463633 424.272308 -0.713784 -0.011557 -0.700271 0.007500 0.492500
1 -10.134490 46.436089 424.272308 -0.713784 -0.011557 -0.700271 0.492500 0.492500
1 27.072250 47.038513 386.337646 -0.713784 -0.011557 -0.700271 0.492500 0.007500
pine_needles.bmp
1 -9.454900 4.463633 424.272308 -0.713784 -0.011557 -0.700271 0.007500 0.492500
1 27.072250 47.038513 386.337646 -0.713784 -0.011557 -0.700271 0.492500 0.007500
1 27.751842 5.066061 386.337646 -0.713784 -0.011557 -0.700271 0.007500 0.007500
pine_needles.bmp
1 -5.505466 32.899796 370.946320 -0.457091 -0.785057 0.418036 0.507500 0.507500
1 17.986193 19.222034 370.946320 -0.457091 -0.785057 0.418036 0.992500 0.507500
1 30.952753 41.492203 426.946930 -0.457091 -0.785057 0.418036 0.992500 0.992500
pine_needles.bmp
1 -5.505466 32.899796 370.946320 -0.457091 -0.785057 0.418035 0.507500 0.507500
1 30.952753 41.492203 426.946930 -0.457091 -0.785057 0.418035 0.992500 0.992500
1 7.461094 55.169960 426.946930 -0.457091 -0.785057 0.418035 0.507500 0.992500
pine_needles.bmp
1 7.461094 55.169960 426.946930 0.457091 0.785057 -0.418036 0.507500 0.992500
1 30.952753 41.492203 426.946930 0.457091 0.785057 -0.418036 0.992500 0.992500
1 17.986193 19.222034 370.946320 0.457091 0.785057 -0.418036 0.992500 0.507500
pine_needles.bmp
1 7.461094 55.169960 426.946930 0.457091 0.785057 -0.418035 0.507500 0.992500
1 17.986193 19.222034 370.946320 0.457091 0.785057 -0.418035 0.992500 0.507500
1 -5.505466 32.899796 370.946320 0.457091 0.785057 -0.418035 0.507500 0.507500
pine_needles.bmp
1 30.259315 11.258354 385.893799 0.362950 -0.211324 0.907529 0.507500 0.007500
1 43.937073 34.750015 385.893799 0.362950 -0.211324 0.907529 0.992500 0.007500
1 -4.812029 63.133644 411.999451 0.362950 -0.211324 0.907529 0.992500 0.492500
pine_needles.bmp
1 30.259315 11.258354 385.893799 0.362950 -0.211324 0.907529 0.507500 0.007500
1 -4.812029 63.133644 411.999451 0.362950 -0.211324 0.907529 0.992500 0.492500
1 -18.489788 39.641983 411.999451 0.362950 -0.211324 0.907529 0.507500 0.492500
pine_needles.bmp
1 -18.489788 39.641983 411.999451 -0.362950 0.211324 -0.907529 0.507500 0.492500
1 -4.812029 63.133644 411.999451 -0.362950 0.211324 -0.907529 0.992500 0.492500
1 43.937073 34.750015 385.893799 -0.362950 0.211324 -0.907529 0.992500 0.007500
pine_needles.bmp
1 -18.489788 39.641983 411.999451 -0.362950 0.211324 -0.907529 0.507500 0.492500
1 43.937073 34.750015 385.893799 -0.362950 0.211324 -0.907529 0.992500 0.007500
1 30.259315 11.258354 385.893799 -0.362950 0.211324 -0.907529 0.507500 0.007500
pine_bark.bmp
0 1.770669 0.000000 418.355682 0.921237 -0.379015 -0.087574 0.000000 0.000000
0 -0.134083 -1.789747 418.239929 0.169389 -0.983160 -0.068578 0.200000 0.000000
0 -16.157419 16.516247 396.941650 -0.308926 -0.641479 -0.702189 0.200000 0.267870
pine_bark.bmp
0 1.770669 0.000000 418.355682 0.921237 -0.379015 -0.087574 0.000000 0.000000
0 -16.157419 16.516247 396.941650 -0.308926 -0.641479 -0.702189 0.200000 0.267870
0 -14.259458 17.965973 396.671234 0.539361 0.047756 -0.840719 0.000000 0.267870
pine_bark.bmp
0 -0.134083 -1.789747 418.239929 0.169389 -0.983160 -0.068578 0.200000 0.000000
0 -1.749148 -1.004474 420.028564 -0.396525 -0.683763 0.612566 0.400000 0.000000
0 -17.092495 17.136740 398.946503 -0.808122 -0.507659 0.298698 0.400000 0.267870
pine_bark.bmp
0 -0.134083 -1.789747 418.239929 0.169389 -0.983160 -0.068578 0.200000 0.000000
0 -17.092495 17.136740 398.946503 -0.808122 -0.507659 0.298698 0.400000 0.267870
0 -16.157419 16.516247 396.941650 -0.308926 -0.641479 -0.702189 0.200000 0.267870
pine_bark.bmp
0 -1.749148 -1.004474 420.028564 -0.396525 -0.683763 0.612566 0.400000 0.000000
0 -1.047013 1.096349 421.251923 -0.059106 0.093588 0.993855 0.600000 0.000000
0 -15.980467 18.882322 400.044678 -0.164878 0.410719 0.896730 0.600000 0.267870
pine_bark.bmp
0 -1.749148 -1.004474 420.028564 -0.396525 -0.683763 0.612566 0.400000 0.000000
0 -15.980467 18.882322 400.044678 -0.164878 0.410719 0.896730 0.600000 0.267870
0 -17.092495 17.136740 398.946503 -0.808122 -0.507659 0.298698 0.400000 0.267870
pine_bark.bmp
0 -1.047013 1.096349 421.251923 -0.059106 0.093588 0.993855 0.600000 0.000000
0 1.238128 1.740310 420.159180 0.780973 0.286390 0.555033 0.800000 0.000000
0 -14.187025 19.368824 398.550415 0.693815 0.720032 0.013212 0.800000 0.267870
pine_bark.bmp
0 -1.047013 1.096349 421.251923 -0.059106 0.093588 0.993855 0.600000 0.000000
0 -14.187025 19.368824 398.550415 0.693815 0.720032 0.013212 0.800000 0.267870
0 -15.980467 18.882322 400.044678 -0.164878 0.410719 0.896730 0.600000 0.267870
pine_bark.bmp
0 1.238128 1.740310 420.159180 0.780973 0.286390 0.555033 0.800000 0.000000
0 1.770669 0.000000 418.355682 0.921237 -0.379015 -0.087574 1.000000 0.000000
0 -14.259458 17.965973 396.671234 0.539361 0.047756 -0.840719 1.000000 0.267870
pine_bark.bmp
0 1.238128 1.740310 420.159180 0.780973 0.286390 0.555033 0.800000 0.000000
0 -14.259458 17.965973 396.671234 0.539361 0.047756 -0.840719 1.000000 0.267870
0 -14.187025 19.368824 398.550415 0.693815 0.720032 0.013212 0.800000 0.267870
pine_bark.bmp
0 -14.259458 17.965973 396.671234 0.539361 0.047756 -0.840719 0.000000 0.267870
0 -16.157419 16.516247 396.941650 -0.308926 -0.641479 -0.702189 0.200000 0.267870
0 -28.713852 32.258636 396.656525 -0.841086 0.047830 -0.538783 0.200000 0.430260
pine_bark.bmp
0 -14.259458 17.965973 396.671234 0.539361 0.047756 -0.840719 0.000000 0.267870
0 -28.713852 32.258636 396.656525 -0.841086 0.047830 -0.538783 0.200000 0.430260
0 -28.199026 32.665405 396.239502 -0.141703 0.607012 -0.781957 0.000000 0.430260
pine_bark.bmp
0 -16.157419 16.516247 396.941650 -0.308926 -0.641479 -0.702189 0.200000 0.267870
0 -17.092495 17.136740 398.946503 -0.808122 -0.507659 0.298698 0.400000 0.267870
0 -28.597866 32.425243 397.368469 -0.929248 0.066532 0.363417 0.400000 0.430260
pine_bark.bmp
0 -16.157419 16.516247 396.941650 -0.308926 -0.641479 -0.702189 0.200000 0.267870
0 -28.597866 32.425243 397.368469 -0.929248 0.066532 0.363417 0.400000 0.430260
0 -28.713852 32.258636 396.656525 -0.841086 0.047830 -0.538783 0.200000 0.430260
pine_bark.bmp
0 -17.092495 17.136740 398.946503 -0.808122 -0.507659 0.298698 0.400000 0.267870
0 -15.980467 18.882322 400.044678 -0.164878 0.410719 0.896730 0.600000 0.267870
0 -28.026669 32.929859 397.478882 -0.290677 0.619916 0.728842 0.600000 0.430260
pine_bark.bmp
0 -17.092495 17.136740 398.946503 -0.808122 -0.507659 0.298698 0.400000 0.267870
0 -28.026669 32.929859 397.478882 -0.290677 0.619916 0.728842 0.600000 0.430260
0 -28.597866 32.425243 397.368469 -0.929248 0.066532 0.363417 0.400000 0.430260
pine_bark.bmp
0 -15.980467 18.882322 400.044678 -0.164878 0.410719 0.896730 0.600000 0.267870
0 -14.187025 19.368824 398.550415 0.693815 0.720032 0.013212 0.800000 0.267870
0 -27.799927 33.059101 396.758698 0.160617 0.986963 -0.010287 0.800000 0.430260
pine_bark.bmp
0 -15.980467 18.882322 400.044678 -0.164878 0.410719 0.896730 0.600000 0.267870
0 -27.799927 33.059101 396.758698 0.160617 0.986963 -0.010287 0.800000 0.430260
0 -28.026669 32.929859 397.478882 -0.290677 0.619916 0.728842 0.600000 0.430260
pine_bark.bmp
0 -14.187025 19.368824 398.550415 0.693815 0.720032 0.013212 0.800000 0.267870
0 -14.259458 17.965973 396.671234 0.539361 0.047756 -0.840719 1.000000 0.267870
0 -28.199026 32.665405 396.239502 -0.141703 0.607012 -0.781957 1.000000 0.430260
pine_bark.bmp
0 -14.187025 19.368824 398.550415 0.693815 0.720032 0.013212 0.800000 0.267870
0 -28.199026 32.665405 396.239502 -0.141703 0.607012 -0.781957 1.000000 0.430260
0 -27.799927 33.059101 396.758698 0.160617 0.986963 -0.010287 0.800000 0.430260
pine_bark.bmp
0 1.770669 0.000000 418.355682 0.921237 -0.379015 -0.087574 0.950000 0.500000
0 1.238128 1.740310 420.159180 0.780973 0.286390 0.555033 0.639058 0.072025
0 -1.047013 1.096349 421.251923 -0.059106 0.093588 0.993855 0.135942 0.235497
pine_bark.bmp
0 -1.047013 1.096349 421.251923 -0.059106 0.093588 0.993855 0.135942 0.235497
0 -1.749148 -1.004474 420.028564 -0.396525 -0.683763 0.612566 0.135942 0.764503
0 -0.134083 -1.789747 418.239929 0.169389 -0.983160 -0.068578 0.639058 0.927975
pine_bark.bmp
0 -1.047013 1.096349 421.251923 -0.059106 0.093588 0.993855 0.135942 0.235497
0 -0.134083 -1.789747 418.239929 0.169389 -0.983160 -0.068578 0.639058 0.927975
0 1.770669 0.000000 418.355682 0.921237 -0.379015 -0.087574 0.950000 0.500000
pine_bark.bmp
0 -27.799927 33.059101 396.758698 0.160617 0.986963 -0.010287 0.639058 0.072025
0 -28.199026 32.665405 396.239502 -0.141703 0.607012 -0.781957 0.950000 0.500000
0 -28.713852 32.258636 396.656525 -0.841086 0.047830 -0.538783 0.639058 0.927975
pine_bark.bmp
0 -28.713852 32.258636 396.656525 -0.841086 0.047830 -0.538783 0.639058 0.927975
0 -28.597866 32.425243 397.368469 -0.929248 0.066532 0.363417 0.135942 0.764503
0 -28.026669 32.929859 397.478882 -0.290677 0.619916 0.728842 0.135942 0.235497
pine_bark.bmp
0 -28.713852 32.258636 396.656525 -0.841086 0.047830 -0.538783 0.639058 0.927975
0 -28.026669 32.929859 397.478882 -0.290677 0.619916 0.728842 0.135942 0.235497
0 -27.799927 33.059101 396.758698 0.160617 0.986963 -0.010287 0.639058 0.072025
pine_needles.bmp
1 5.801454 34.846176 388.458099 0.026876 0.694543 0.718949 0.507500 0.507500
1 -23.734484 35.989082 388.458099 0.026876 0.694543 0.718949 0.992500 0.507500
1 -25.590681 -11.980391 434.868561 0.026876 0.694543 0.718949 0.992500 0.992500
pine_needles.bmp
1 5.801454 34.846176 388.458099 0.026876 0.694543 0.718949 0.507500 0.507500
1 -25.590681 -11.980391 434.868561 0.026876 0.694543 0.718949 0.992500 0.992500
1 3.945256 -13.123295 434.868561 0.026876 0.694543 0.718949 0.507500 0.992500
pine_needles.bmp
1 3.945256 -13.123295 434.868561 -0.026876 -0.694543 -0.718949 0.507500 0.992500
1 -25.590681 -11.980391 434.868561 -0.026876 -0.694543 -0.718949 0.992500 0.992500
1 -23.734484 35.989082 388.458099 -0.026876 -0.694543 -0.718949 0.992500 0.507500
pine_needles.bmp
1 3.945256 -13.123295 434.868561 -0.026876 -0.694543 -0.718949 0.507500 0.992500
1 -23.734484 35.989082 388.458099 -0.026876 -0.694543 -0.718949 0.992500 0.507500
1 5.801454 34.846176 388.458099 -0.026876 -0.694543 -0.718949 0.507500 0.507500
pine_needles.bmp
1 -26.900387 26.881020 383.406128 -0.848312 0.032826 0.528478 0.507500 0.007500
1 -28.043291 -2.654919 383.406128 -0.848312 0.032826 0.528478 0.992500 0.007500
1 7.111158 -4.015234 439.920532 -0.848312 0.032826 0.528478 0.992500 0.492500
pine_needles.bmp
1 -26.900387 26.881020 383.406128 -0.848312 0.032826 0.528478 0.507500 0.007500
1 7.111158 -4.015234 439.920532 -0.848312 0.032826 0.528478 0.992500 0.492500
1 8.254063 25.520706 439.920532 -0.848312 0.032826 0.528478 0.507500 0.492500
pine_needles.bmp
1 8.254063 25.520706 439.920532 0.848312 -0.032826 -0.528478 0.507500 0.492500
1 7.111158 -4.015234 439.920532 0.848312 -0.032826 -0.528478 0.992500 0.492500
1 -28.043291 -2.654919 383.406128 0.848312 -0.032826 -0.528478 0.992500 0.007500
pine_needles.bmp
1 8.254063 25.520706 439.920532 0.848312 -0.032826 -0.528478 0.507500 0.492500
1 -28.043291 -2.654919 383.406128 0.848312 -0.032826 -0.528478 0.992500 0.007500
1 -26.900387 26.881020 383.406128 0.848312 -0.032826 -0.528478 0.507500 0.007500
pine_needles.bmp
1 -37.184349 26.244081 383.034363 -0.724429 -0.460345 0.513112 0.007500 0.507500
1 -20.909771 0.633333 383.034363 -0.724429 -0.460345 0.513112 0.492500 0.507500
1 1.563741 14.914326 427.575592 -0.724429 -0.460345 0.513112 0.492500 0.992500
pine_needles.bmp
1 -37.184349 26.244081 383.034363 -0.724429 -0.460345 0.513112 0.007500 0.507500
1 1.563741 14.914326 427.575592 -0.724429 -0.460345 0.513112 0.492500 0.992500
1 -14.710838 40.525074 427.575592 -0.724429 -0.460345 0.513112 0.007500 0.992500
pine_needles.bmp
1 -14.710838 40.525074 427.575592 0.724429 0.460345 -0.513112 0.007500 0.992500
1 1.563741 14.914326 427.575592 0.724429 0.460345 -0.513112 0.492500 0.992500
1 -20.909771 0.633333 383.034363 0.724429 0.460345 -0.513112 0.492500 0.507500
pine_needles.bmp
1 -14.710838 40.525074 427.575592 0.724429 0.460345 -0.513112 0.007500 0.992500
1 -20.909771 0.633333 383.034363 0.724429 0.460345 -0.513112 0.492500 0.507500
1 -37.184349 26.244081 383.034363 0.724429 0.460345 -0.513112 0.007500 0.507500
pine_needles.bmp
1 -18.383175 -6.807960 392.589569 0.261163 -0.410984 0.873434 0.007500 0.507500
1 7.227575 9.466621 392.589569 0.261163 -0.410984 0.873434 0.492500 0.507500
1 -17.237434 47.966370 418.020386 0.261163 -0.410984 0.873434 0.492500 0.992500
pine_needles.bmp
1 -18.383175 -6.807960 392.589569 0.261163 -0.410984 0.873434 0.007500 0.507500
1 -17.237434 47.966370 418.020386 0.261163 -0.410984 0.873434 0.492500 0.992500
1 -42.848186 31.691788 418.020386 0.261163 -0.410984 0.873434 0.007500 0.992500
pine_needles.bmp
1 -42.848186 31.691788 418.020386 -0.261163 0.410984 -0.873434 0.007500 0.992500
1 -17.237434 47.966370 418.020386 -0.261163 0.410984 -0.873434 0.492500 0.992500
1 7.227575 9.466621 392.589569 -0.261163 0.410984 -0.873434 0.492500 0.507500
pine_needles.bmp
1 -42.848186 31.691788 418.020386 -0.261163 0.410984 -0.873434 0.007500 0.992500
1 7.227575 9.466621 392.589569 -0.261163 0.410984 -0.873434 0.492500 0.507500
1 -18.383175 -6.807960 392.589569 -0.261163 0.410984 -0.873434 0.007500 0.507500
pine_needles.bmp
1 -45.367226 18.306416 373.851654 -0.032865 -0.899760 0.435145 0.507500 0.507500
1 -6.970185 16.903919 373.851654 -0.032865 -0.899760 0.435145 0.992500 0.507500
1 -6.084766 41.144623 424.041595 -0.032865 -0.899760 0.435145 0.992500 0.992500
pine_needles.bmp
1 -45.367226 18.306416 373.851654 -0.032865 -0.899760 0.435145 0.507500 0.507500
1 -6.084766 41.144623 424.041595 -0.032865 -0.899760 0.435145 0.992500 0.992500
1 -44.481804 42.547119 424.041595 -0.032865 -0.899760 0.435145 0.507500 0.992500
pine_needles.bmp
1 -44.481804 42.547119 424.041595 0.032865 0.899760 -0.435145 0.507500 0.992500
1 -6.084766 41.144623 424.041595 0.032865 0.899760 -0.435145 0.992500 0.992500
1 -6.970185 16.903919 373.851654 0.032865 0.899760 -0.435145 0.992500 0.507500
pine_needles.bmp
1 -44.481804 42.547119 424.041595 0.032865 0.899760 -0.435145 0.507500 0.992500
1 -6.970185 16.903919 373.851654 0.032865 0.899760 -0.435145 0.992500 0.507500
1 -45.367226 18.306416 373.851654 0.032865 0.899760 -0.435145 0.507500 0.507500
pine_needles.bmp
1 -15.161568 10.115507 373.465912 0.913888 -0.033381 0.404592 0.007500 0.007500
1 -13.759071 48.512550 373.465912 0.913888 -0.033381 0.404592 0.492500 0.007500
1 -36.290424 49.335533 424.427338 0.913888 -0.033381 0.404592 0.492500 0.492500
pine_needles.bmp
1 -15.161568 10.115507 373.465912 0.913888 -0.033381 0.404592 0.007500 0.007500
1 -36.290424 49.335533 424.427338 0.913888 -0.033381 0.404592 0.492500 0.492500
1 -37.692921 10.938490 424.427338 0.913888 -0.033381 0.404592 0.007500 0.492500
pine_needles.bmp
1 -37.692921 10.938490 424.427338 -0.913888 0.033381 -0.404592 0.007500 0.492500
1 -36.290424 49.335533 424.427338 -0.913888 0.033381 -0.404592 0.492500 0.492500
1 -13.759071 48.512550 373.465912 -0.913888 0.033381 -0.404592 0.492500 0.007500
pine_needles.bmp
1 -37.692921 10.938490 424.427338 -0.913888 0.033381 -0.404592 0.007500 0.492500
1 -13.759071 48.512550 373.465912 -0.913888 0.033381 -0.404592 0.492500 0.007500
1 -15.161568 10.115507 373.465912 -0.913888 0.033381 -0.404592 0.007500 0.007500
pine_bark.bmp
0 1.595963 0.000000 458.050201 0.982878 0.181211 0.033357 0.000000 0.000000
0 0.766416 -1.845637 459.138550 0.635825 -0.601216 0.484011 0.200000 0.000000
0 -13.598830 -8.269081 437.658905 0.404526 -0.892128 -0.201164 0.200000 0.223549
pine_bark.bmp
0 1.595963 0.000000 458.050201 0.982878 0.181211 0.033357 0.000000 0.000000
0 -13.598830 -8.269081 437.658905 0.404526 -0.892128 -0.201164 0.200000 0.223549
0 -13.135480 -6.422552 436.209656 0.520142 -0.012328 -0.853991 0.000000 0.223549
pine_bark.bmp
0 0.766416 -1.845637 459.138550 0.635825 -0.601216 0.484011 0.200000 0.000000
0 -1.078597 -1.035841 460.119690 -0.131510 -0.331854 0.934119 0.400000 0.000000
0 -15.222227 -7.478754 439.097382 -0.267786 -0.583736 0.766513 0.400000 0.223549
pine_bark.bmp
0 0.766416 -1.845637 459.138550 0.635825 -0.601216 0.484011 0.200000 0.000000
0 -15.222227 -7.478754 439.097382 -0.267786 -0.583736 0.766513 0.400000 0.223549
0 -13.598830 -8.269081 437.658905 0.404526 -0.892128 -0.201164 0.200000 0.223549
pine_bark.bmp
0 -1.078597 -1.035841 460.119690 -0.131510 -0.331854 0.934119 0.400000 0.000000
0 -1.487225 1.130586 459.754974 -0.298936 0.564648 0.769292 0.600000 0.000000
0 -15.887468 -5.255390 438.734650 -0.621118 0.655923 0.428926 0.600000 0.223549
pine_bark.bmp
0 -1.078597 -1.035841 460.119690 -0.131510 -0.331854 0.934119 0.400000 0.000000
0 -15.887468 -5.255390 438.734650 -0.621118 0.655923 0.428926 0.600000 0.223549
0 -15.222227 -7.478754 439.097382 -0.267786 -0.583736 0.766513 0.400000 0.223549
pine_bark.bmp
0 -1.487225 1.130586 459.754974 -0.298936 0.564648 0.769292 0.600000 0.000000
0 0.253205 1.794657 458.411224 0.410920 0.890120 0.197057 0.800000 0.000000
0 -14.526283 -4.635728 436.885742 -0.054533 0.820944 -0.568399 0.800000 0.223549
pine_bark.bmp
0 -1.487225 1.130586 459.754974 -0.298936 0.564648 0.769292 0.600000 0.000000
0 -14.526283 -4.635728 436.885742 -0.054533 0.820944 -0.568399 0.800000 0.223549
0 -15.887468 -5.255390 438.734650 -0.621118 0.655923 0.428926 0.600000 0.223549
pine_bark.bmp
0 0.253205 1.794657 458.411224 0.410920 0.890120 0.197057 0.800000 0.000000
0 1.595963 0.000000 458.050201 0.982878 0.181211 0.033357 1.000000 0.000000
0 -13.135480 -6.422552 436.209656 0.520142 -0.012328 -0.853991 1.000000 0.223549
pine_bark.bmp
0 0.253205 1.794657 458.411224 0.410920 0.890120 0.197057 0.800000 0.000000
0 -13.135480 -6.422552 436.209656 0.520142 -0.012328 -0.853991 1.000000 0.223549
0 -14.526283 -4.635728 436.885742 -0.054533 0.820944 -0.568399 0.800000 0.223549
pine_bark.bmp
0 -13.135480 -6.422552 436.209656 0.520142 -0.012328 -0.853991 0.000000 0.223549
0 -13.598830 -8.269081 437.658905 0.404526 -0.892128 -0.201164 0.200000 0.223549
0 -26.055334 -12.244348 436.226135 -0.279967 -0.947164 -0.156522 0.200000 0.332133
pine_bark.bmp
0 -13.135480 -6.422552 436.209656 0.520142 -0.012328 -0.853991 0.000000 0.223549
0 -26.055334 -12.244348 436.226135 -0.279967 -0.947164 -0.156522 0.200000 0.332133
0 -26.249897 -11.677366 435.732910 -0.416598 -0.334258 -0.845410 0.000000 0.332133
pine_bark.bmp
0 -13.598830 -8.269081 437.658905 0.404526 -0.892128 -0.201164 0.200000 0.223549
0 -15.222227 -7.478754 439.097382 -0.267786 -0.583736 0.766513 0.400000 0.223549
0 -26.236822 -12.012121 436.906097 -0.508519 -0.574888 0.641025 0.400000 0.332133
pine_bark.bmp
0 -13.598830 -8.269081 437.658905 0.404526 -0.892128 -0.201164 0.200000 0.223549
0 -26.236822 -12.012121 436.906097 -0.508519 -0.574888 0.641025 0.400000 0.332133
0 -26.055334 -12.244348 436.226135 -0.279967 -0.947164 -0.156522 0.200000 0.332133
pine_bark.bmp
0 -15.222227 -7.478754 439.097382 -0.267786 -0.583736 0.766513 0.400000 0.223549
0 -15.887468 -5.255390 438.734650 -0.621118 0.655923 0.428926 0.600000 0.223549
0 -26.550577 -11.308751 436.921417 -0.854127 0.238869 0.461962 0.600000 0.332133
pine_bark.bmp
0 -15.222227 -7.478754 439.097382 -0.267786 -0.583736 0.766513 0.400000 0.223549
0 -26.550577 -11.308751 436.921417 -0.854127 0.238869 0.461962 0.600000 0.332133
0 -26.236822 -12.012121 436.906097 -0.508519 -0.574888 0.641025 0.400000 0.332133
pine_bark.bmp
0 -15.887468 -5.255390 438.734650 -0.621118 0.655923 0.428926 0.600000 0.223549
0 -14.526283 -4.635728 436.885742 -0.054533 0.820944 -0.568399 0.800000 0.223549
0 -26.544622 -11.128605 436.177521 -0.804874 0.347203 -0.481278 0.800000 0.332133
pine_bark.bmp
0 -15.887468 -5.255390 438.734650 -0.621118 0.655923 0.428926 0.600000 0.223549
0 -26.544622 -11.128605 436.177521 -0.804874 0.347203 -0.481278 0.800000 0.332133
0 -26.550577 -11.308751 436.921417 -0.854127 0.238869 0.461962 0.600000 0.332133
pine_bark.bmp
0 -14.526283 -4.635728 436.885742 -0.054533 0.820944 -0.568399 0.800000 0.223549
0 -13.135480 -6.422552 436.209656 0.520142 -0.012328 -0.853991 1.000000 0.223549
0 -26.249897 -11.677366 435.732910 -0.416598 -0.334258 -0.845410 1.000000 0.332133
pine_bark.bmp
0 -14.526283 -4.635728 436.885742 -0.054533 0.820944 -0.568399 0.800000 0.223549
0 -26.249897 -11.677366 435.732910 -0.416598 -0.334258 -0.845410 1.000000 0.332133
0 -26.544622 -11.128605 436.177521 -0.804874 0.347203 -0.481278 0.800000 0.332133
pine_bark.bmp
0 1.595963 0.000000 458.050201 0.982878 0.181211 0.033357 0.950000 0.500000
0 0.253205 1.794657 458.411224 0.410920 0.890120 0.197057 0.639058 0.072025
0 -1.487225 1.130586 459.754974 -0.298936 0.564648 0.769292 0.135942 0.235497
pine_bark.bmp
0 -1.487225 1.130586 459.754974 -0.298936 0.564648 0.769292 0.135942 0.235497
0 -1.078597 -1.035841 460.119690 -0.131510 -0.331854 0.934119 0.135942 0.764503
0 0.766416 -1.845637 459.138550 0.635825 -0.601216 0.484011 0.639058 0.927975
pine_bark.bmp
0 -1.487225 1.130586 459.754974 -0.298936 0.564648 0.769292 0.135942 0.235497
0 0.766416 -1.845637 459.138550 0.635825 -0.601216 0.484011 0.639058 0.927975
0 1.595963 0.000000 458.050201 0.982878 0.181211 0.033357 0.950000 0.500000
pine_bark.bmp
0 -26.544622 -11.128605 436.177521 -0.804874 0.347203 -0.481278 0.639058 0.072025
0 -26.249897 -11.677366 435.732910 -0.416598 -0.334258 -0.845410 0.950000 0.500000
0 -26.055334 -12.244348 436.226135 -0.279967 -0.947164 -0.156522 0.639058 0.927975
pine_bark.bmp
0 -26.055334 -12.244348 436.226135 -0.279967 -0.947164 -0.156522 0.639058 0.927975
0 -26.236822 -12.012121 436.906097 -0.508519 -0.574888 0.641025 0.135942 0.764503
0 -26.550577 -11.308751 436.921417 -0.854127 0.238869 0.461962 0.135942 0.235497
pine_bark.bmp
0 -26.055334 -12.244348 436.226135 -0.279967 -0.947164 -0.156522 0.639058 0.927975
0 -26.550577 -11.308751 436.921417 -0.854127 0.238869 0.461962 0.135942 0.235497
0 -26.544622 -11.128605 436.177521 -0.804874 0.347203 -0.481278 0.639058 0.072025
pine_needles.bmp
1 -35.918541 15.317182 429.952820 -0.628080 -0.014215 0.778019 0.507500 0.507500
1 -35.013283 -24.679659 429.952820 -0.628080 -0.014215 0.778019 0.992500 0.507500
1 17.490063 -23.491339 472.359467 -0.628080 -0.014215 0.778019 0.992500 0.992500
pine_needles.bmp
1 -35.918541 15.317182 429.952820 -0.628080 -0.014215 0.778019 0.507500 0.507500
1 17.490063 -23.491339 472.359467 -0.628080 -0.014215 0.778019 0.992500 0.992500
1 16.584805 16.505503 472.359467 -0.628080 -0.014215 0.778019 0.507500 0.992500
pine_needles.bmp
1 16.584805 16.505503 472.359467 0.628080 0.014215 -0.778019 0.507500 0.992500
1 17.490063 -23.491339 472.359467 0.628080 0.014215 -0.778019 0.992500 0.992500
1 -35.013283 -24.679659 429.952820 0.628080 0.014215 -0.778019 0.992500 0.507500
pine_needles.bmp
1 16.584805 16.505503 472.359467 0.628080 0.014215 -0.778019 0.507500 0.992500
1 -35.013283 -24.679659 429.952820 0.628080 0.014215 -0.778019 0.992500 0.507500
1 -35.918541 15.317182 429.952820 0.628080 0.014215 -0.778019 0.507500 0.507500
pine_needles.bmp
1 -28.571659 -32.860939 432.732544 0.012336 -0.545059 0.838307 0.007500 0.007500
1 11.425183 -31.955681 432.732544 0.012336 -0.545059 0.838307 0.492500 0.007500
1 10.143180 24.686783 469.579742 0.012336 -0.545059 0.838307 0.492500 0.492500
pine_needles.bmp
1 -28.571659 -32.860939 432.732544 0.012336 -0.545059 0.838307 0.007500 0.007500
1 10.143180 24.686783 469.579742 0.012336 -0.545059 0.838307 0.492500 0.492500
1 -29.853661 23.781525 469.579742 0.012336 -0.545059 0.838307 0.007500 0.492500
pine_needles.bmp
1 -29.853661 23.781525 469.579742 -0.012336 0.545059 -0.838307 0.007500 0.492500
1 10.143180 24.686783 469.579742 -0.012336 0.545059 -0.838307 0.492500 0.492500
1 11.425183 -31.955681 432.732544 -0.012336 0.545059 -0.838307 0.492500 0.007500
pine_needles.bmp
1 -29.853661 23.781525 469.579742 -0.012336 0.545059 -0.838307 0.007500 0.492500
1 11.425183 -31.955681 432.732544 -0.012336 0.545059 -0.838307 0.492500 0.007500
1 -28.571659 -32.860939 432.732544 -0.012336 0.545059 -0.838307 0.007500 0.007500
pine_needles.bmp
1 -23.938354 -30.600931 415.161865 0.411105 -0.764026 0.497249 0.007500 0.507500
1 6.863464 -14.027197 415.161865 0.411105 -0.764026 0.497249 0.492500 0.507500
1 -9.232904 15.887449 474.433746 0.411105 -0.764026 0.497249 0.492500 0.992500
pine_needles.bmp
1 -23.938354 -30.600931 415.161865 0.411105 -0.764026 0.497249 0.007500 0.507500
1 -9.232904 15.887449 474.433746 0.411105 -0.764026 0.497249 0.492500 0.992500
1 -40.034721 -0.686285 474.433746 0.411105 -0.764026 0.497249 0.007500 0.992500
pine_needles.bmp
1 -40.034721 -0.686285 474.433746 -0.411105 0.764026 -0.497249 0.007500 0.992500
1 -9.232904 15.887449 474.433746 -0.411105 0.764026 -0.497249 0.492500 0.992500
1 6.863464 -14.027197 415.161865 -0.411105 0.764026 -0.497249 0.492500 0.507500
pine_needles.bmp
1 -40.034721 -0.686285 474.433746 -0.411105 0.764026 -0.497249 0.007500 0.992500
1 6.863464 -14.027197 415.161865 -0.411105 0.764026 -0.497249 0.492500 0.507500
1 -23.938354 -30.600931 415.161865 -0.411105 0.764026 -0.497249 0.007500 0.507500
pine_needles.bmp
1 9.933359 -12.947373 417.564301 0.701031 0.377208 0.605203 0.507500 0.507500
1 -6.640375 17.854443 417.564301 0.701031 0.377208 0.605203 0.992500 0.507500
1 -43.104614 -1.766107 472.031311 0.701031 0.377208 0.605203 0.992500 0.992500
pine_needles.bmp
1 9.933359 -12.947373 417.564301 0.701031 0.377208 0.605203 0.507500 0.507500
1 -43.104614 -1.766107 472.031311 0.701031 0.377208 0.605203 0.992500 0.992500
1 -26.530882 -32.567924 472.031311 0.701031 0.377208 0.605203 0.507500 0.992500
pine_needles.bmp
1 -26.530882 -32.567924 472.031311 -0.701031 -0.377208 -0.605203 0.507500 0.992500
1 -43.104614 -1.766107 472.031311 -0.701031 -0.377208 -0.605203 0.992500 0.992500
1 -6.640375 17.854443 417.564301 -0.701031 -0.377208 -0.605203 0.992500 0.507500
pine_needles.bmp
1 -26.530882 -32.567924 472.031311 -0.701031 -0.377208 -0.605203 0.507500 0.992500
1 -6.640375 17.854443 417.564301 -0.701031 -0.377208 -0.605203 0.992500 0.507500
1 9.933359 -12.947373 417.564301 -0.701031 -0.377208 -0.605203 0.507500 0.507500
pine_needles.bmp
1 -7.245010 -31.193813 416.787628 0.698719 -0.165054 0.696096 0.007500 0.507500
1 0.191898 0.288691 416.787628 0.698719 -0.165054 0.696096 0.492500 0.507500
1 -40.669029 9.941006 460.091217 0.698719 -0.165054 0.696096 0.492500 0.992500
pine_needles.bmp
1 -7.245010 -31.193813 416.787628 0.698719 -0.165054 0.696096 0.007500 0.507500
1 -40.669029 9.941006 460.091217 0.698719 -0.165054 0.696096 0.492500 0.992500
1 -48.105938 -21.541500 460.091217 0.698719 -0.165054 0.696096 0.007500 0.992500
pine_needles.bmp
1 -48.105938 -21.541500 460.091217 -0.698719 0.165054 -0.696096 0.007500 0.992500
1 -40.669029 9.941006 460.091217 -0.698719 0.165054 -0.696096 0.492500 0.992500
1 0.191898 0.288691 416.787628 -0.698719 0.165054 -0.696096 0.492500 0.507500
pine_needles.bmp
1 -48.105938 -21.541500 460.091217 -0.698719 0.165054 -0.696096 0.007500 0.992500
1 0.191898 0.288691 416.787628 -0.698719 0.165054 -0.696096 0.492500 0.507500
1 -7.245010 -31.193813 416.787628 -0.698719 0.165054 -0.696096 0.007500 0.507500
pine_needles.bmp
1 -3.243371 6.704678 417.406830 0.160273 0.678482 0.716920 0.507500 0.007500
1 -34.725876 14.141586 417.406830 0.160273 0.678482 0.716920 0.992500 0.007500
1 -44.670670 -27.957485 459.472015 0.160273 0.678482 0.716920 0.992500 0.492500
pine_needles.bmp
1 -3.243371 6.704678 417.406830 0.160273 0.678482 0.716920 0.507500 0.007500
1 -44.670670 -27.957485 459.472015 0.160273 0.678482 0.716920 0.992500 0.492500
1 -13.188165 -35.394394 459.472015 0.160273 0.678482 0.716920 0.507500 0.492500
pine_needles.bmp
1 -13.188165 -35.394394 459.472015 -0.160273 -0.678482 -0.716920 0.507500 0.492500
1 -44.670670 -27.957485 459.472015 -0.160273 -0.678482 -0.716920 0.992500 0.492500
1 -34.725876 14.141586 417.406830 -0.160273 -0.678482 -0.716920 0.992500 0.007500
pine_needles.bmp
1 -13.188165 -35.394394 459.472015 -0.160273 -0.678482 -0.716920 0.507500 0.492500
1 -34.725876 14.141586 417.406830 -0.160273 -0.678482 -0.716920 0.992500 0.007500
1 -3.243371 6.704678 417.406830 -0.160273 -0.678482 -0.716920 0.507500 0.007500
pine_bark.bmp
0 1.877791 0.000000 458.708771 0.876731 0.379362 0.295681 0.000000 0.000000
0 0.827971 -1.568635 460.013702 0.449784 -0.299739 0.841339 0.200000 0.000000
0 -3.523043 -16.445702 438.864197 0.663276 -0.592240 0.457511 0.200000 0.223549
pine_bark.bmp
0 1.877791 0.000000 458.708771 0.876731 0.379362 0.295681 0.000000 0.000000
0 -3.523043 -16.445702 438.864197 0.663276 -0.592240 0.457511 0.200000 0.223549
0 -2.697067 -15.152459 437.037170 0.825118 -0.023349 -0.564478 0.000000 0.223549
pine_bark.bmp
0 0.827971 -1.568635 460.013702 0.449784 -0.299739 0.841339 0.200000 0.000000
0 -1.310475 -0.880377 459.988281 -0.443228 -0.072517 0.893471 0.400000 0.000000
0 -5.770616 -15.892185 439.019348 -0.575908 -0.292221 0.763503 0.400000 0.223549
pine_bark.bmp
0 0.827971 -1.568635 460.013702 0.449784 -0.299739 0.841339 0.200000 0.000000
0 -5.770616 -15.892185 439.019348 -0.575908 -0.292221 0.763503 0.400000 0.223549
0 -3.523043 -16.445702 438.864197 0.663276 -0.592240 0.457511 0.200000 0.223549
pine_bark.bmp
0 -1.310475 -0.880377 459.988281 -0.443228 -0.072517 0.893471 0.400000 0.000000
0 -1.704652 0.960902 458.798920 -0.610218 0.692342 0.385094 0.600000 0.000000
0 -6.522529 -14.335021 437.448700 -0.900322 0.368795 -0.231107 0.600000 0.223549
pine_bark.bmp
0 -1.310475 -0.880377 459.988281 -0.443228 -0.072517 0.893471 0.400000 0.000000
0 -6.522529 -14.335021 437.448700 -0.900322 0.368795 -0.231107 0.600000 0.223549
0 -5.770616 -15.892185 439.019348 -0.575908 -0.292221 0.763503 0.400000 0.223549
pine_bark.bmp
0 -1.704652 0.960902 458.798920 -0.610218 0.692342 0.385094 0.600000 0.000000
0 0.369665 1.525306 457.972229 0.228193 0.973612 0.002627 0.800000 0.000000
0 -4.523823 -13.901032 436.215332 -0.035416 0.512112 -0.858188 0.800000 0.223549
pine_bark.bmp
0 -1.704652 0.960902 458.798920 -0.610218 0.692342 0.385094 0.600000 0.000000
0 -4.523823 -13.901032 436.215332 -0.035416 0.512112 -0.858188 0.800000 0.223549
0 -6.522529 -14.335021 437.448700 -0.900322 0.368795 -0.231107 0.600000 0.223549
pine_bark.bmp
0 0.369665 1.525306 457.972229 0.228193 0.973612 0.002627 0.800000 0.000000
0 1.877791 0.000000 458.708771 0.876731 0.379362 0.295681 1.000000 0.000000
0 -2.697067 -15.152459 437.037170 0.825118 -0.023349 -0.564478 1.000000 0.223549
pine_bark.bmp
0 0.369665 1.525306 457.972229 0.228193 0.973612 0.002627 0.800000 0.000000
0 -2.697067 -15.152459 437.037170 0.825118 -0.023349 -0.564478 1.000000 0.223549
0 -4.523823 -13.901032 436.215332 -0.035416 0.512112 -0.858188 0.800000 0.223549
pine_bark.bmp
0 -2.697067 -15.152459 437.037170 0.825118 -0.023349 -0.564478 0.000000 0.223549
0 -3.523043 -16.445702 438.864197 0.663276 -0.592240 0.457511 0.200000 0.223549
0 -7.770071 -27.740646 436.404419 0.403846 -0.844111 0.352684 0.200000 0.332133
pine_bark.bmp
0 -2.697067 -15.152459 437.037170 0.825118 -0.023349 -0.564478 0.000000 0.223549
0 -7.770071 -27.740646 436.404419 0.403846 -0.844111 0.352684 0.200000 0.332133
0 -8.165539 -27.549925 435.767517 0.373837 -0.714005 -0.591981 0.000000 0.332133
pine_bark.bmp
0 -3.523043 -16.445702 438.864197 0.663276 -0.592240 0.457511 0.200000 0.223549
0 -5.770616 -15.892185 439.019348 -0.575908 -0.292221 0.763503 0.400000 0.223549
0 -8.234677 -27.662531 436.979462 -0.382204 -0.624230 0.681364 0.400000 0.332133
pine_bark.bmp
0 -3.523043 -16.445702 438.864197 0.663276 -0.592240 0.457511 0.200000 0.223549
0 -8.234677 -27.662531 436.979462 -0.382204 -0.624230 0.681364 0.400000 0.332133
0 -7.770071 -27.740646 436.404419 0.403846 -0.844111 0.352684 0.200000 0.332133
pine_bark.bmp
0 -5.770616 -15.892185 439.019348 -0.575908 -0.292221 0.763503 0.400000 0.223549
0 -6.522529 -14.335021 437.448700 -0.900322 0.368795 -0.231107 0.600000 0.223549
0 -8.940475 -27.425930 436.783813 -0.914502 -0.403783 -0.025417 0.600000 0.332133
pine_bark.bmp
0 -5.770616 -15.892185 439.019348 -0.575908 -0.292221 0.763503 0.400000 0.223549
0 -8.940475 -27.425930 436.783813 -0.914502 -0.403783 -0.025417 0.600000 0.332133
0 -8.234677 -27.662531 436.979462 -0.382204 -0.624230 0.681364 0.400000 0.332133
pine_bark.bmp
0 -6.522529 -14.335021 437.448700 -0.900322 0.368795 -0.231107 0.600000 0.223549
0 -4.523823 -13.901032 436.215332 -0.035416 0.512112 -0.858188 0.800000 0.223549
0 -8.864650 -27.365332 436.024933 -0.403043 -0.447788 -0.798149 0.800000 0.332133
pine_bark.bmp
0 -6.522529 -14.335021 437.448700 -0.900322 0.368795 -0.231107 0.600000 0.223549
0 -8.864650 -27.365332 436.024933 -0.403043 -0.447788 -0.798149 0.800000 0.332133
0 -8.940475 -27.425930 436.783813 -0.914502 -0.403783 -0.025417 0.600000 0.332133
pine_bark.bmp
0 -4.523823 -13.901032 436.215332 -0.035416 0.512112 -0.858188 0.800000 0.223549
0 -2.697067 -15.152459 437.037170 0.825118 -0.023349 -0.564478 1.000000 0.223549
0 -8.165539 -27.549925 435.767517 0.373837 -0.714005 -0.591981 1.000000 0.332133
pine_bark.bmp
0 -4.523823 -13.901032 436.215332 -0.035416 0.512112 -0.858188 0.800000 0.223549
0 -8.165539 -27.549925 435.767517 0.373837 -0.714005 -0.591981 1.000000 0.332133
0 -8.864650 -27.365332 436.024933 -0.403043 -0.447788 -0.798149 0.800000 0.332133
pine_bark.bmp
0 1.877791 0.000000 458.708771 0.876731 0.379362 0.295681 0.950000 0.500000
0 0.369665 1.525306 457.972229 0.228193 0.973612 0.002627 0.639058 0.072025
0 -1.704652 0.960902 458.798920 -0.610218 0.692342 0.385094 0.135942 0.235497
pine_bark.bmp
0 -1.704652 0.960902 458.798920 -0.610218 0.692342 0.385094 0.135942 0.235497
0 -1.310475 -0.880377 459.988281 -0.443228 -0.072517 0.893471 0.135942 0.764503
0 0.827971 -1.568635 460.013702 0.449784 -0.299739 0.841339 0.639058 0.927975
pine_bark.bmp
0 -1.704652 0.960902 458.798920 -0.610218 0.692342 0.385094 0.135942 0.235497
0 0.827971 -1.568635 460.013702 0.449784 -0.299739 0.841339 0.639058 0.927975
0 1.877791 0.000000 458.708771 0.876731 0.379362 0.295681 0.950000 0.500000
pine_bark.bmp
0 -8.864650 -27.365332 436.024933 -0.403043 -0.447788 -0.798149 0.639058 0.072025
0 -8.165539 -27.549925 435.767517 0.373837 -0.714005 -0.591981 0.950000 0.500000
0 -7.770071 -27.740646 436.404419 0.403846 -0.844111 0.352684 0.639058 0.927975
pine_bark.bmp
0 -7.770071 -27.740646 436.404419 0.403846 -0.844111 0.352684 0.639058 0.927975
0 -8.234677 -27.662531 436.979462 -0.382204 -0.624230 0.681364 0.135942 0.764503
0 -8.940475 -27.425930 436.783813 -0.914502 -0.403783 -0.025417 0.135942 0.235497
pine_bark.bmp
0 -7.770071 -27.740646 436.404419 0.403846 -0.844111 0.352684 0.639058 0.927975
0 -8.940475 -27.425930 436.783813 -0.914502 -0.403783 -0.025417 0.135942 0.235497
0 -8.864650 -27.365332 436.024933 -0.403043 -0.447788 -0.798149 0.639058 0.072025
pine_needles.bmp
1 -17.200577 -37.399376 434.740601 0.054119 -0.528756 0.847047 0.007500 0.507500
1 16.652794 -33.934429 434.740601 0.054119 -0.528756 0.847047 0.492500 0.507500
1 11.325510 18.114429 467.571686 0.054119 -0.528756 0.847047 0.492500 0.992500
pine_needles.bmp
1 -17.200577 -37.399376 434.740601 0.054119 -0.528756 0.847047 0.007500 0.507500
1 11.325510 18.114429 467.571686 0.054119 -0.528756 0.847047 0.492500 0.992500
1 -22.527863 14.649482 467.571686 0.054119 -0.528756 0.847047 0.007500 0.992500
pine_needles.bmp
1 -22.527863 14.649482 467.571686 -0.054119 0.528756 -0.847047 0.007500 0.992500
1 11.325510 18.114429 467.571686 -0.054119 0.528756 -0.847047 0.492500 0.992500
1 16.652794 -33.934429 434.740601 -0.054119 0.528756 -0.847047 0.492500 0.507500
pine_needles.bmp
1 -22.527863 14.649482 467.571686 -0.054119 0.528756 -0.847047 0.007500 0.992500
1 16.652794 -33.934429 434.740601 -0.054119 0.528756 -0.847047 0.492500 0.507500
1 -17.200577 -37.399376 434.740601 -0.054119 0.528756 -0.847047 0.007500 0.507500
pine_needles.bmp
1 25.838579 -23.801201 436.452637 0.473269 0.048440 0.879585 0.507500 0.507500
1 22.373634 10.052171 436.452637 0.473269 0.048440 0.879585 0.992500 0.507500
1 -31.713646 4.516252 465.859650 0.473269 0.048440 0.879585 0.992500 0.992500
pine_needles.bmp
1 25.838579 -23.801201 436.452637 0.473269 0.048440 0.879585 0.507500 0.507500
1 -31.713646 4.516252 465.859650 0.473269 0.048440 0.879585 0.992500 0.992500
1 -28.248701 -29.337120 465.859650 0.473269 0.048440 0.879585 0.507500 0.992500
pine_needles.bmp
1 -28.248701 -29.337120 465.859650 -0.473269 -0.048440 -0.879585 0.507500 0.992500
1 -31.713646 4.516252 465.859650 -0.473269 -0.048440 -0.879585 0.992500 0.992500
1 22.373634 10.052171 436.452637 -0.473269 -0.048440 -0.879585 0.992500 0.507500
pine_needles.bmp
1 -28.248701 -29.337120 465.859650 -0.473269 -0.048440 -0.879585 0.507500 0.992500
1 22.373634 10.052171 436.452637 -0.473269 -0.048440 -0.879585 0.992500 0.507500
1 25.838579 -23.801201 436.452637 -0.473269 -0.048440 -0.879585 0.507500 0.507500
pine_needles.bmp
1 23.027651 -16.154787 425.063995 0.478180 0.507195 0.717005 0.507500 0.507500
1 -5.754051 10.980407 425.063995 0.478180 0.507195 0.717005 0.992500 0.507500
1 -33.602772 -18.558117 464.531616 0.478180 0.507195 0.717005 0.992500 0.992500
pine_needles.bmp
1 23.027651 -16.154787 425.063995 0.478180 0.507195 0.717006 0.507500 0.507500
1 -33.602772 -18.558117 464.531616 0.478180 0.507195 0.717006 0.992500 0.992500
1 -4.821070 -45.693314 464.531616 0.478180 0.507195 0.717006 0.507500 0.992500
pine_needles.bmp
1 -4.821070 -45.693314 464.531616 -0.478180 -0.507195 -0.717005 0.507500 0.992500
1 -33.602772 -18.558117 464.531616 -0.478180 -0.507195 -0.717005 0.992500 0.992500
1 -5.754051 10.980407 425.063995 -0.478180 -0.507195 -0.717005 0.992500 0.507500
pine_needles.bmp
1 -4.821070 -45.693314 464.531616 -0.478180 -0.507195 -0.717005 0.507500 0.992500
1 -5.754051 10.980407 425.063995 -0.478180 -0.507195 -0.717005 0.992500 0.507500
1 23.027651 -16.154787 425.063995 -0.478180 -0.507195 -0.717005 0.507500 0.507500
pine_needles.bmp
1 -9.030203 13.354373 429.327301 -0.396661 0.373969 0.838336 0.007500 0.007500
1 -36.165398 -15.427328 429.327301 -0.396661 0.373969 0.838336 0.492500 0.007500
1 -1.544918 -48.067276 460.268280 -0.396661 0.373969 0.838336 0.492500 0.492500
pine_needles.bmp
1 -9.030203 13.354373 429.327301 -0.396661 0.373969 0.838336 0.007500 0.007500
1 -1.544918 -48.067276 460.268280 -0.396661 0.373969 0.838336 0.492500 0.492500
1 25.590277 -19.285576 460.268280 -0.396661 0.373969 0.838336 0.007500 0.492500
pine_needles.bmp
1 25.590277 -19.285576 460.268280 0.396661 -0.373969 -0.838336 0.007500 0.492500
1 -1.544918 -48.067276 460.268280 0.396661 -0.373969 -0.838336 0.492500 0.492500
1 -36.165398 -15.427328 429.327301 0.396661 -0.373969 -0.838336 0.492500 0.007500
pine_needles.bmp
1 25.590277 -19.285576 460.268280 0.396661 -0.373969 -0.838336 0.007500 0.492500
1 -36.165398 -15.427328 429.327301 0.396661 -0.373969 -0.838336 0.492500 0.007500
1 -9.030203 13.354373 429.327301 0.396661 -0.373969 -0.838336 0.007500 0.007500
pine_needles.bmp
1 9.756140 -11.367123 411.742462 0.150718 0.836151 0.527386 0.007500 0.007500
1 -19.151951 -6.156368 411.742462 0.150718 0.836151 0.527386 0.492500 0.007500
1 -25.031315 -38.773743 465.136353 0.150718 0.836151 0.527386 0.492500 0.492500
pine_needles.bmp
1 9.756140 -11.367123 411.742462 0.150718 0.836151 0.527386 0.007500 0.007500
1 -25.031315 -38.773743 465.136353 0.150718 0.836151 0.527386 0.492500 0.492500
1 3.876777 -43.984497 465.136353 0.150718 0.836151 0.527386 0.007500 0.492500
pine_needles.bmp
1 3.876777 -43.984497 465.136353 -0.150718 -0.836151 -0.527386 0.007500 0.492500
1 -25.031315 -38.773743 465.136353 -0.150718 -0.836151 -0.527386 0.492500 0.492500
1 -19.151951 -6.156368 411.742462 -0.150718 -0.836151 -0.527386 0.492500 0.007500
pine_needles.bmp
1 3.876777 -43.984497 465.136353 -0.150718 -0.836151 -0.527386 0.007500 0.492500
1 -19.151951 -6.156368 411.742462 -0.150718 -0.836151 -0.527386 0.492500 0.007500
1 9.756140 -11.367123 411.742462 -0.150718 -0.836151 -0.527386 0.007500 0.007500
pine_needles.bmp
1 -24.896364 -7.035823 414.288177 -0.755141 0.136116 0.641276 0.007500 0.507500
1 -30.107121 -35.943916 414.288177 -0.755141 0.136116 0.641276 0.492500 0.507500
1 9.621189 -43.105042 462.590668 -0.755141 0.136116 0.641276 0.492500 0.992500
pine_needles.bmp
1 -24.896364 -7.035823 414.288177 -0.755141 0.136116 0.641276 0.007500 0.507500
1 9.621189 -43.105042 462.590668 -0.755141 0.136116 0.641276 0.492500 0.992500
1 14.831945 -14.196950 462.590668 -0.755141 0.136116 0.641276 0.007500 0.992500
pine_needles.bmp
1 14.831945 -14.196950 462.590668 0.755141 -0.136116 -0.641276 0.007500 0.992500
1 9.621189 -43.105042 462.590668 0.755141 -0.136116 -0.641276 0.492500 0.992500
1 -30.107121 -35.943916 414.288177 0.755141 -0.136116 -0.641276 0.492500 0.507500
pine_needles.bmp
1 14.831945 -14.196950 462.590668 0.755141 -0.136116 -0.641276 0.007500 0.992500
1 -30.107121 -35.943916 414.288177 0.755141 -0.136116 -0.641276 0.492500 0.507500
1 -24.896364 -7.035823 414.288177 0.755141 -0.136116 -0.641276 0.007500 0.507500
pine_bark.bmp
0 1.744717 0.000000 459.895386 0.493402 0.238364 0.836503 0.000000 0.000000
0 0.196579 -1.688278 460.142426 -0.198002 -0.429983 0.880857 0.200000 0.000000
0 9.710906 -13.873986 439.033569 -0.280476 -0.762069 0.583596 0.200000 0.223549
pine_bark.bmp
0 1.744717 0.000000 459.895386 0.493402 0.238364 0.836503 0.000000 0.000000
0 9.710906 -13.873986 439.033569 -0.280476 -0.762069 0.583596 0.200000 0.223549
0 11.551358 -12.328596 438.975159 0.771233 0.129790 0.623181 0.000000 0.223549
pine_bark.bmp
0 0.196579 -1.688278 460.142426 -0.198002 -0.429983 0.880857 0.200000 0.000000
0 -1.539035 -0.947526 458.938782 -0.916147 -0.100546 0.388028 0.400000 0.000000
0 8.321935 -13.212549 437.318939 -0.780520 -0.473552 -0.408089 0.400000 0.223549
pine_bark.bmp
0 0.196579 -1.688278 460.142426 -0.198002 -0.429983 0.880857 0.200000 0.000000
0 8.321935 -13.212549 437.318939 -0.780520 -0.473552 -0.408089 0.400000 0.223549
0 9.710906 -13.873986 439.033569 -0.280476 -0.762069 0.583596 0.200000 0.223549
pine_bark.bmp
0 -1.539035 -0.947526 458.938782 -0.916147 -0.100546 0.388028 0.400000 0.000000
0 -1.233018 1.034193 457.963379 -0.697194 0.716864 0.005063 0.600000 0.000000
0 9.076484 -11.351779 436.114136 -0.315994 0.370997 -0.873217 0.600000 0.223549
pine_bark.bmp
0 -1.539035 -0.947526 458.938782 -0.916147 -0.100546 0.388028 0.400000 0.000000
0 9.076484 -11.351779 436.114136 -0.315994 0.370997 -0.873217 0.600000 0.223549
0 8.321935 -13.212549 437.318939 -0.780520 -0.473552 -0.408089 0.400000 0.223549
pine_bark.bmp
0 -1.233018 1.034193 457.963379 -0.697194 0.716864 0.005063 0.600000 0.000000
0 0.900364 1.641645 458.589447 0.194553 0.935924 0.293590 0.800000 0.000000
0 11.134744 -10.833174 437.212830 0.593615 0.709983 -0.378874 0.800000 0.223549
pine_bark.bmp
0 -1.233018 1.034193 457.963379 -0.697194 0.716864 0.005063 0.600000 0.000000
0 11.134744 -10.833174 437.212830 0.593615 0.709983 -0.378874 0.800000 0.223549
0 9.076484 -11.351779 436.114136 -0.315994 0.370997 -0.873217 0.600000 0.223549
pine_bark.bmp
0 0.900364 1.641645 458.589447 0.194553 0.935924 0.293590 0.800000 0.000000
0 1.744717 0.000000 459.895386 0.493402 0.238364 0.836503 1.000000 0.000000
0 11.551358 -12.328596 438.975159 0.771233 0.129790 0.623181 1.000000 0.223549
pine_bark.bmp
0 0.900364 1.641645 458.589447 0.194553 0.935924 0.293590 0.800000 0.000000
0 11.551358 -12.328596 438.975159 0.771233 0.129790 0.623181 1.000000 0.223549
0 11.134744 -10.833174 437.212830 0.593615 0.709983 -0.378874 0.800000 0.223549
pine_bark.bmp
0 11.551358 -12.328596 438.975159 0.771233 0.129790 0.623181 0.000000 0.223549
0 9.710906 -13.873986 439.033569 -0.280476 -0.762069 0.583596 0.200000 0.223549
0 17.642342 -22.807850 436.669281 0.010622 -0.879402 0.475961 0.200000 0.332133
pine_bark.bmp
0 11.551358 -12.328596 438.975159 0.771233 0.129790 0.623181 0.000000 0.223549
0 17.642342 -22.807850 436.669281 0.010622 -0.879402 0.475961 0.200000 0.332133
0 18.193159 -22.415628 437.053772 0.727773 -0.304725 0.614401 0.000000 0.332133
pine_bark.bmp
0 9.710906 -13.873986 439.033569 -0.280476 -0.762069 0.583596 0.200000 0.223549
0 8.321935 -13.212549 437.318939 -0.780520 -0.473552 -0.408089 0.400000 0.223549
0 17.720793 -22.647203 435.951019 -0.145977 -0.895431 -0.420588 0.400000 0.332133
pine_bark.bmp
0 9.710906 -13.873986 439.033569 -0.280476 -0.762069 0.583596 0.200000 0.223549
0 17.720793 -22.647203 435.951019 -0.145977 -0.895431 -0.420588 0.400000 0.332133
0 17.642342 -22.807850 436.669281 0.010622 -0.879402 0.475961 0.200000 0.332133
pine_bark.bmp
0 8.321935 -13.212549 437.318939 -0.780520 -0.473552 -0.408089 0.400000 0.223549
0 9.076484 -11.351779 436.114136 -0.315994 0.370997 -0.873217 0.600000 0.223549
0 18.299467 -22.160631 435.805267 0.393157 -0.343223 -0.853010 0.600000 0.332133
pine_bark.bmp
0 8.321935 -13.212549 437.318939 -0.780520 -0.473552 -0.408089 0.400000 0.223549
0 18.299467 -22.160631 435.805267 0.393157 -0.343223 -0.853010 0.600000 0.332133
0 17.720793 -22.647203 435.951019 -0.145977 -0.895431 -0.420588 0.400000 0.332133
pine_bark.bmp
0 9.076484 -11.351779 436.114136 -0.315994 0.370997 -0.873217 0.600000 0.223549
0 11.134744 -10.833174 437.212830 0.593615 0.709983 -0.378874 0.800000 0.223549
0 18.572447 -22.036011 436.510468 0.972863 -0.029764 -0.229461 0.800000 0.332133
pine_bark.bmp
0 9.076484 -11.351779 436.114136 -0.315994 0.370997 -0.873217 0.600000 0.223549
0 18.572447 -22.036011 436.510468 0.972863 -0.029764 -0.229461 0.800000 0.332133
0 18.299467 -22.160631 435.805267 0.393157 -0.343223 -0.853010 0.600000 0.332133
pine_bark.bmp
0 11.134744 -10.833174 437.212830 0.593615 0.709983 -0.378874 0.800000 0.223549
0 11.551358 -12.328596 438.975159 0.771233 0.129790 0.623181 1.000000 0.223549
0 18.193159 -22.415628 437.053772 0.727773 -0.304725 0.614401 1.000000 0.332133
pine_bark.bmp
0 11.134744 -10.833174 437.212830 0.593615 0.709983 -0.378874 0.800000 0.223549
0 18.193159 -22.415628 437.053772 0.727773 -0.304725 0.614401 1.000000 0.332133
0 18.572447 -22.036011 436.510468 0.972863 -0.029764 -0.229461 0.800000 0.332133
pine_bark.bmp
0 1.744717 0.000000 459.895386 0.493402 0.238364 0.836503 0.950000 0.500000
0 0.900364 1.641645 458.589447 0.194553 0.935924 0.293590 0.639058 0.072025
0 -1.233018 1.034193 457.963379 -0.697194 0.716864 0.005063 0.135942 0.235497
pine_bark.bmp
0 -1.233018 1.034193 457.963379 -0.697194 0.716864 0.005063 0.135942 0.235497
0 -1.539035 -0.947526 458.938782 -0.916147 -0.100546 0.388028 0.135942 0.764503
0 0.196579 -1.688278 460.142426 -0.198002 -0.429983 0.880857 0.639058 0.927975
pine_bark.bmp
0 -1.233018 1.034193 457.963379 -0.697194 0.716864 0.005063 0.135942 0.235497
0 0.196579 -1.688278 460.142426 -0.198002 -0.429983 0.880857 0.639058 0.927975
0 1.744717 0.000000 459.895386 0.493402 0.238364 0.836503 0.950000 0.500000
pine_bark.bmp
0 18.572447 -22.036011 436.510468 0.972863 -0.029764 -0.229461 0.639058 0.072025
0 18.193159 -22.415628 437.053772 0.727773 -0.304725 0.614401 0.950000 0.500000
0 17.642342 -22.807850 436.669281 0.010622 -0.879402 0.475961 0.639058 0.927975
pine_bark.bmp
0 17.642342 -22.807850 436.669281 0.010622 -0.879402 0.475961 0.639058 0.927975
0 17.720793 -22.647203 435.951019 -0.145977 -0.895431 -0.420588 0.135942 0.764503
0 18.299467 -22.160631 435.805267 0.393157 -0.343223 -0.853010 0.135942 0.235497
pine_bark.bmp
0 17.642342 -22.807850 436.669281 0.010622 -0.879402 0.475961 0.639058 0.927975
0 18.299467 -22.160631 435.805267 0.393157 -0.343223 -0.853010 0.135942 0.235497
0 18.572447 -22.036011 436.510468 0.972863 -0.029764 -0.229461 0.639058 0.072025
pine_needles.bmp
1 22.097857 16.395069 427.668243 -0.088438 0.722219 0.685987 0.007500 0.007500
1 -14.823104 11.873969 427.668243 -0.088438 0.722219 0.685987 0.492500 0.007500
1 -9.440051 -32.086010 474.644043 -0.088438 0.722219 0.685987 0.492500 0.492500
pine_needles.bmp
1 22.097857 16.395069 427.668243 -0.088438 0.722219 0.685987 0.007500 0.007500
1 -9.440051 -32.086010 474.644043 -0.088438 0.722219 0.685987 0.492500 0.492500
1 27.480909 -27.564911 474.644043 -0.088438 0.722219 0.685987 0.007500 0.492500
pine_needles.bmp
1 27.480909 -27.564911 474.644043 0.088438 -0.722219 -0.685987 0.007500 0.492500
1 -9.440051 -32.086010 474.644043 0.088438 -0.722219 -0.685987 0.492500 0.492500
1 -14.823104 11.873969 427.668243 0.088438 -0.722219 -0.685987 0.492500 0.007500
pine_needles.bmp
1 27.480909 -27.564911 474.644043 0.088438 -0.722219 -0.685987 0.007500 0.492500
1 -14.823104 11.873969 427.668243 0.088438 -0.722219 -0.685987 0.492500 0.007500
1 22.097857 16.395069 427.668243 0.088438 -0.722219 -0.685987 0.007500 0.007500
pine_needles.bmp
1 -12.352930 8.604166 423.535797 -0.851519 -0.104272 0.513850 0.507500 0.007500
1 -7.831829 -28.316793 423.535797 -0.851519 -0.104272 0.513850 0.992500 0.007500
1 25.010735 -24.295107 478.776489 -0.851519 -0.104272 0.513850 0.992500 0.492500
pine_needles.bmp
1 -12.352930 8.604166 423.535797 -0.851520 -0.104272 0.513850 0.507500 0.007500
1 25.010735 -24.295107 478.776489 -0.851520 -0.104272 0.513850 0.992500 0.492500
1 20.489634 12.625853 478.776489 -0.851520 -0.104272 0.513850 0.507500 0.492500
pine_needles.bmp
1 20.489634 12.625853 478.776489 0.851519 0.104272 -0.513850 0.507500 0.492500
1 25.010735 -24.295107 478.776489 0.851519 0.104272 -0.513850 0.992500 0.492500
1 -7.831829 -28.316793 423.535797 0.851519 0.104272 -0.513850 0.992500 0.007500
pine_needles.bmp
1 20.489634 12.625853 478.776489 0.851520 0.104272 -0.513850 0.507500 0.492500
1 -7.831829 -28.316793 423.535797 0.851520 0.104272 -0.513850 0.992500 0.007500
1 -12.352930 8.604166 423.535797 0.851520 0.104272 -0.513850 0.507500 0.007500
pine_needles.bmp
1 25.781233 7.475318 428.541138 0.031746 0.587500 0.808601 0.007500 0.007500
1 -0.586130 8.900115 428.541138 0.031746 0.587500 0.808601 0.492500 0.007500
1 -2.997187 -35.719009 461.054443 0.031746 0.587500 0.808601 0.492500 0.492500
pine_needles.bmp
1 25.781233 7.475318 428.541138 0.031746 0.587500 0.808601 0.007500 0.007500
1 -2.997187 -35.719009 461.054443 0.031746 0.587500 0.808601 0.492500 0.492500
1 23.370176 -37.143806 461.054443 0.031746 0.587500 0.808601 0.007500 0.492500
pine_needles.bmp
1 23.370176 -37.143806 461.054443 -0.031746 -0.587500 -0.808601 0.007500 0.492500
1 -2.997187 -35.719009 461.054443 -0.031746 -0.587500 -0.808601 0.492500 0.492500
1 -0.586130 8.900115 428.541138 -0.031746 -0.587500 -0.808601 0.492500 0.007500
pine_needles.bmp
1 23.370176 -37.143806 461.054443 -0.031746 -0.587500 -0.808601 0.007500 0.492500
1 -0.586130 8.900115 428.541138 -0.031746 -0.587500 -0.808601 0.492500 0.007500
1 25.781233 7.475318 428.541138 -0.031746 -0.587500 -0.808601 0.007500 0.007500
pine_needles.bmp
1 -11.277111 0.325289 430.087494 -0.531187 0.028703 0.846768 0.507500 0.507500
1 -12.701908 -26.042072 430.087494 -0.531187 0.028703 0.846768 0.992500 0.507500
1 34.061157 -28.568981 459.508118 -0.531187 0.028703 0.846768 0.992500 0.992500
pine_needles.bmp
1 -11.277111 0.325289 430.087494 -0.531187 0.028703 0.846768 0.507500 0.507500
1 34.061157 -28.568981 459.508118 -0.531187 0.028703 0.846768 0.992500 0.992500
1 35.485954 -2.201618 459.508118 -0.531187 0.028703 0.846768 0.507500 0.992500
pine_needles.bmp
1 35.485954 -2.201618 459.508118 0.531187 -0.028703 -0.846768 0.507500 0.992500
1 34.061157 -28.568981 459.508118 0.531187 -0.028703 -0.846768 0.992500 0.992500
1 -12.701908 -26.042072 430.087494 0.531187 -0.028703 -0.846768 0.992500 0.507500
pine_needles.bmp
1 35.485954 -2.201618 459.508118 0.531187 -0.028703 -0.846768 0.507500 0.992500
1 -12.701908 -26.042072 430.087494 0.531187 -0.028703 -0.846768 0.992500 0.507500
1 -11.277111 0.325289 430.087494 0.531187 -0.028703 -0.846768 0.507500 0.507500
pine_needles.bmp
1 -18.923298 -13.360651 423.375824 -0.406862 -0.102357 0.907737 0.007500 0.507500
1 -11.381420 -43.339172 423.375824 -0.406862 -0.102357 0.907737 0.492500 0.507500
1 51.833588 -27.435791 453.503021 -0.406862 -0.102357 0.907737 0.492500 0.992500
pine_needles.bmp
1 -18.923298 -13.360651 423.375824 -0.406862 -0.102357 0.907737 0.007500 0.507500
1 51.833588 -27.435791 453.503021 -0.406862 -0.102357 0.907737 0.492500 0.992500
1 44.291710 2.542731 453.503021 -0.406862 -0.102357 0.907737 0.007500 0.992500
pine_needles.bmp
1 44.291710 2.542731 453.503021 0.406862 0.102357 -0.907737 0.007500 0.992500
1 51.833588 -27.435791 453.503021 0.406862 0.102357 -0.907737 0.492500 0.992500
1 -11.381420 -43.339172 423.375824 0.406862 0.102357 -0.907737 0.492500 0.507500
pine_needles.bmp
1 44.291710 2.542731 453.503021 0.406862 0.102357 -0.907737 0.007500 0.992500
1 -11.381420 -43.339172 423.375824 0.406862 0.102357 -0.907737 0.492500 0.507500
1 -18.923298 -13.360651 423.375824 0.406862 0.102357 -0.907737 0.007500 0.507500
pine_needles.bmp
1 9.049050 -54.311802 420.532196 0.121794 -0.484122 0.866483 0.007500 0.507500
1 39.027573 -46.769924 420.532196 0.121794 -0.484122 0.866483 0.492500 0.507500
1 23.861240 13.515358 456.346649 0.121794 -0.484122 0.866483 0.492500 0.992500
pine_needles.bmp
1 9.049050 -54.311802 420.532196 0.121794 -0.484122 0.866483 0.007500 0.507500
1 23.861240 13.515358 456.346649 0.121794 -0.484122 0.866483 0.492500 0.992500
1 -6.117284 5.973480 456.346649 0.121794 -0.484122 0.866483 0.007500 0.992500
pine_needles.bmp
1 -6.117284 5.973480 456.346649 -0.121794 0.484122 -0.866483 0.007500 0.992500
1 23.861240 13.515358 456.346649 -0.121794 0.484122 -0.866483 0.492500 0.992500
1 39.027573 -46.769924 420.532196 -0.121794 0.484122 -0.866483 0.492500 0.507500
pine_needles.bmp
1 -6.117284 5.973480 456.346649 -0.121794 0.484122 -0.866483 0.007500 0.992500
1 39.027573 -46.769924 420.532196 -0.121794 0.484122 -0.866483 0.492500 0.507500
1 9.049050 -54.311802 420.532196 -0.121794 0.484122 -0.866483 0.007500 0.507500
pine_bark.bmp
0 1.550142 0.000000 460.222595 0.292127 0.021458 0.956139 0.000000 0.000000
0 0.467617 -1.900192 459.505829 -0.174470 -0.757782 0.628749 0.200000 0.000000
0 16.161884 -2.688123 438.260345 0.098903 -0.990222 0.098378 0.200000 0.223549
pine_bark.bmp
0 1.550142 0.000000 460.222595 0.292127 0.021458 0.956139 0.000000 0.000000
0 16.161884 -2.688123 438.260345 0.098903 -0.990222 0.098378 0.200000 0.223549
0 17.098238 -0.742606 439.303925 0.519997 0.022473 0.853873 0.000000 0.223549
pine_bark.bmp
0 0.467617 -1.900192 459.505829 -0.174470 -0.757782 0.628749 0.200000 0.000000
0 -1.202978 -1.066460 458.272156 -0.886961 -0.446928 0.116427 0.400000 0.000000
0 14.833626 -1.855428 436.571777 -0.410504 -0.541949 -0.733333 0.400000 0.223549
pine_bark.bmp
0 0.467617 -1.900192 459.505829 -0.174470 -0.757782 0.628749 0.200000 0.000000
0 14.833626 -1.855428 436.571777 -0.410504 -0.541949 -0.733333 0.400000 0.223549
0 16.161884 -2.688123 438.260345 0.098903 -0.990222 0.098378 0.200000 0.223549
pine_bark.bmp
0 -1.202978 -1.066460 458.272156 -0.886961 -0.446928 0.116427 0.400000 0.000000
0 -1.274969 1.164005 458.144684 -0.875134 0.477310 0.079475 0.600000 0.000000
0 14.800149 0.487125 436.394653 -0.388427 0.511231 -0.766660 0.600000 0.223549
pine_bark.bmp
0 -1.202978 -1.066460 458.272156 -0.886961 -0.446928 0.116427 0.400000 0.000000
0 14.800149 0.487125 436.394653 -0.388427 0.511231 -0.766660 0.600000 0.223549
0 14.833626 -1.855428 436.571777 -0.410504 -0.541949 -0.733333 0.400000 0.223549
pine_bark.bmp
0 -1.274969 1.164005 458.144684 -0.875134 0.477310 0.079475 0.600000 0.000000
0 0.515085 1.847705 459.413177 -0.127968 0.776743 0.616680 0.800000 0.000000
0 16.258720 1.140006 438.158051 0.178868 0.979685 0.090683 0.800000 0.223549
pine_bark.bmp
0 -1.274969 1.164005 458.144684 -0.875134 0.477310 0.079475 0.600000 0.000000
0 16.258720 1.140006 438.158051 0.178868 0.979685 0.090683 0.800000 0.223549
0 14.800149 0.487125 436.394653 -0.388427 0.511231 -0.766660 0.600000 0.223549
pine_bark.bmp
0 0.515085 1.847705 459.413177 -0.127968 0.776743 0.616680 0.800000 0.000000
0 1.550142 0.000000 460.222595 0.292127 0.021458 0.956139 1.000000 0.000000
0 17.098238 -0.742606 439.303925 0.519997 0.022473 0.853873 1.000000 0.223549
pine_bark.bmp
0 0.515085 1.847705 459.413177 -0.127968 0.776743 0.616680 0.800000 0.000000
0 17.098238 -0.742606 439.303925 0.519997 0.022473 0.853873 1.000000 0.223549
0 16.258720 1.140006 438.158051 0.178868 0.979685 0.090683 0.800000 0.223549
pine_bark.bmp
0 17.098238 -0.742606 439.303925 0.519997 0.022473 0.853873 0.000000 0.223549
0 16.161884 -2.688123 438.260345 0.098903 -0.990222 0.098378 0.200000 0.223549
0 28.760479 -1.969119 436.596344 0.636135 -0.756618 0.151200 0.200000 0.332133
pine_bark.bmp
0 17.098238 -0.742606 439.303925 0.519997 0.022473 0.853873 0.000000 0.223549
0 28.760479 -1.969119 436.596344 0.636135 -0.756618 0.151200 0.200000 0.332133
0 28.838411 -1.350192 437.059174 0.690889 -0.006709 0.722929 0.000000 0.332133
pine_bark.bmp
0 16.161884 -2.688123 438.260345 0.098903 -0.990222 0.098378 0.200000 0.223549
0 14.833626 -1.855428 436.571777 -0.410504 -0.541949 -0.733333 0.400000 0.223549
0 28.699144 -1.715616 435.902985 0.532386 -0.473010 -0.702017 0.400000 0.332133
pine_bark.bmp
0 16.161884 -2.688123 438.260345 0.098903 -0.990222 0.098378 0.200000 0.223549
0 28.699144 -1.715616 435.902985 0.532386 -0.473010 -0.702017 0.400000 0.332133
0 28.760479 -1.969119 436.596344 0.636135 -0.756618 0.151200 0.200000 0.332133
pine_bark.bmp
0 14.833626 -1.855428 436.571777 -0.410504 -0.541949 -0.733333 0.400000 0.223549
0 14.800149 0.487125 436.394653 -0.388427 0.511231 -0.766660 0.600000 0.223549
0 28.729509 -0.947805 435.849304 0.553734 0.394891 -0.733103 0.600000 0.332133
pine_bark.bmp
0 14.833626 -1.855428 436.571777 -0.410504 -0.541949 -0.733333 0.400000 0.223549
0 28.729509 -0.947805 435.849304 0.553734 0.394891 -0.733103 0.600000 0.332133
0 28.699144 -1.715616 435.902985 0.532386 -0.473010 -0.702017 0.400000 0.332133
pine_bark.bmp
0 14.800149 0.487125 436.394653 -0.388427 0.511231 -0.766660 0.600000 0.223549
0 16.258720 1.140006 438.158051 0.178868 0.979685 0.090683 0.800000 0.223549
0 28.816355 -0.751154 436.584167 0.707427 0.691664 0.145425 0.800000 0.332133
pine_bark.bmp
0 14.800149 0.487125 436.394653 -0.388427 0.511231 -0.766660 0.600000 0.223549
0 28.816355 -0.751154 436.584167 0.707427 0.691664 0.145425 0.800000 0.332133
0 28.729509 -0.947805 435.849304 0.553734 0.394891 -0.733103 0.600000 0.332133
pine_bark.bmp
0 16.258720 1.140006 438.158051 0.178868 0.979685 0.090683 0.800000 0.223549
0 17.098238 -0.742606 439.303925 0.519997 0.022473 0.853873 1.000000 0.223549
0 28.838411 -1.350192 437.059174 0.690889 -0.006709 0.722929 1.000000 0.332133
pine_bark.bmp
0 16.258720 1.140006 438.158051 0.178868 0.979685 0.090683 0.800000 0.223549
0 28.838411 -1.350192 437.059174 0.690889 -0.006709 0.722929 1.000000 0.332133
0 28.816355 -0.751154 436.584167 0.707427 0.691664 0.145425 0.800000 0.332133
pine_bark.bmp
0 1.550142 0.000000 460.222595 0.292127 0.021458 0.956139 0.950000 0.500000
0 0.515085 1.847705 459.413177 -0.127968 0.776743 0.616680 0.639058 0.072025
0 -1.274969 1.164005 458.144684 -0.875134 0.477310 0.079475 0.135942 0.235497
pine_bark.bmp
0 -1.274969 1.164005 458.144684 -0.875134 0.477310 0.079475 0.135942 0.235497
0 -1.202978 -1.066460 458.272156 -0.886961 -0.446928 0.116427 0.135942 0.764503
0 0.467617 -1.900192 459.505829 -0.174470 -0.757782 0.628749 0.639058 0.927975
pine_bark.bmp
0 -1.274969 1.164005 458.144684 -0.875134 0.477310 0.079475 0.135942 0.235497
0 0.467617 -1.900192 459.505829 -0.174470 -0.757782 0.628749 0.639058 0.927975
0 1.550142 0.000000 460.222595 0.292127 0.021458 0.956139 0.950000 0.500000
pine_bark.bmp
0 28.816355 -0.751154 436.584167 0.707427 0.691664 0.145425 0.639058 0.072025
0 28.838411 -1.350192 437.059174 0.690889 -0.006709 0.722929 0.950000 0.500000
0 28.760479 -1.969119 436.596344 0.636135 -0.756618 0.151200 0.639058 0.927975
pine_bark.bmp
0 28.760479 -1.969119 436.596344 0.636135 -0.756618 0.151200 0.639058 0.927975
0 28.699144 -1.715616 435.902985 0.532386 -0.473010 -0.702017 0.135942 0.764503
0 28.729509 -0.947805 435.849304 0.553734 0.394891 -0.733103 0.135942 0.235497
pine_bark.bmp
0 28.760479 -1.969119 436.596344 0.636135 -0.756618 0.151200 0.639058 0.927975
0 28.729509 -0.947805 435.849304 0.553734 0.394891 -0.733103 0.135942 0.235497
0 28.816355 -0.751154 436.584167 0.707427 0.691664 0.145425 0.639058 0.072025
pine_needles.bmp
1 31.522583 12.034634 427.962555 0.309696 0.687270 0.657076 0.007500 0.007500
1 5.226764 23.884020 427.962555 0.309696 0.687270 0.657076 0.492500 0.007500
1 -11.384748 -12.979769 474.349731 0.309696 0.687270 0.657076 0.492500 0.492500
pine_needles.bmp
1 31.522583 12.034634 427.962555 0.309696 0.687270 0.657076 0.007500 0.007500
1 -11.384748 -12.979769 474.349731 0.309696 0.687270 0.657076 0.492500 0.492500
1 14.911072 -24.829155 474.349731 0.309696 0.687270 0.657076 0.007500 0.492500
pine_needles.bmp
1 14.911072 -24.829155 474.349731 -0.309696 -0.687270 -0.657076 0.007500 0.492500
1 -11.384748 -12.979769 474.349731 -0.309696 -0.687270 -0.657076 0.492500 0.492500
1 5.226764 23.884020 427.962555 -0.309696 -0.687270 -0.657076 0.492500 0.007500
pine_needles.bmp
1 14.911072 -24.829155 474.349731 -0.309696 -0.687270 -0.657076 0.007500 0.492500
1 5.226764 23.884020 427.962555 -0.309696 -0.687270 -0.657076 0.492500 0.007500
1 31.522583 12.034634 427.962555 -0.309696 -0.687270 -0.657076 0.007500 0.007500
pine_needles.bmp
1 -2.101028 20.829124 427.653168 -0.696575 0.313889 0.645180 0.507500 0.507500
1 -13.950415 -5.466694 427.653168 -0.696575 0.313889 0.645180 0.992500 0.507500
1 22.238863 -21.774260 474.659119 -0.696575 0.313889 0.645180 0.992500 0.992500
pine_needles.bmp
1 -2.101028 20.829124 427.653168 -0.696575 0.313889 0.645180 0.507500 0.507500
1 22.238863 -21.774260 474.659119 -0.696575 0.313889 0.645180 0.992500 0.992500
1 34.088249 4.521559 474.659119 -0.696575 0.313889 0.645180 0.507500 0.992500
pine_needles.bmp
1 34.088249 4.521559 474.659119 0.696575 -0.313889 -0.645180 0.507500 0.992500
1 22.238863 -21.774260 474.659119 0.696575 -0.313889 -0.645180 0.992500 0.992500
1 -13.950415 -5.466694 427.653168 0.696575 -0.313889 -0.645180 0.992500 0.507500
pine_needles.bmp
1 34.088249 4.521559 474.659119 0.696575 -0.313889 -0.645180 0.507500 0.992500
1 -13.950415 -5.466694 427.653168 0.696575 -0.313889 -0.645180 0.992500 0.507500
1 -2.101028 20.829124 427.653168 0.696575 -0.313889 -0.645180 0.507500 0.507500
pine_needles.bmp
1 47.518673 -14.553837 427.673828 0.517012 0.040582 0.855016 0.507500 0.007500
1 45.020618 17.271095 427.673828 0.517012 0.040582 0.855016 0.992500 0.007500
1 -11.270573 12.852595 461.921753 0.517012 0.040582 0.855016 0.992500 0.492500
pine_needles.bmp
1 47.518673 -14.553837 427.673828 0.517012 0.040582 0.855016 0.507500 0.007500
1 -11.270573 12.852595 461.921753 0.517012 0.040582 0.855016 0.992500 0.492500
1 -8.772518 -18.972336 461.921753 0.517012 0.040582 0.855016 0.507500 0.492500
pine_needles.bmp
1 -8.772518 -18.972336 461.921753 -0.517012 -0.040582 -0.855016 0.507500 0.492500
1 -11.270573 12.852595 461.921753 -0.517012 -0.040582 -0.855016 0.992500 0.492500
1 45.020618 17.271095 427.673828 -0.517012 -0.040582 -0.855016 0.992500 0.007500
pine_needles.bmp
1 -8.772518 -18.972336 461.921753 -0.517012 -0.040582 -0.855016 0.507500 0.492500
1 45.020618 17.271095 427.673828 -0.517012 -0.040582 -0.855016 0.992500 0.007500
1 47.518673 -14.553837 427.673828 -0.517012 -0.040582 -0.855016 0.507500 0.007500
pine_needles.bmp
1 31.693071 30.253614 430.798706 -0.033138 0.422178 0.905907 0.507500 0.007500
1 -0.131859 27.755562 430.798706 -0.033138 0.422178 0.905907 0.992500 0.007500
1 4.555027 -31.954857 458.796875 -0.033138 0.422178 0.905907 0.992500 0.492500
pine_needles.bmp
1 31.693071 30.253614 430.798706 -0.033138 0.422178 0.905907 0.507500 0.007500
1 4.555027 -31.954857 458.796875 -0.033138 0.422178 0.905907 0.992500 0.492500
1 36.379959 -29.456804 458.796875 -0.033138 0.422178 0.905907 0.507500 0.492500
pine_needles.bmp
1 36.379959 -29.456804 458.796875 0.033138 -0.422178 -0.905907 0.507500 0.492500
1 4.555027 -31.954857 458.796875 0.033138 -0.422178 -0.905907 0.992500 0.492500
1 -0.131859 27.755562 430.798706 0.033138 -0.422178 -0.905907 0.992500 0.007500
pine_needles.bmp
1 36.379959 -29.456804 458.796875 0.033138 -0.422178 -0.905907 0.507500 0.492500
1 -0.131859 27.755562 430.798706 0.033138 -0.422178 -0.905907 0.992500 0.007500
1 31.693071 30.253614 430.798706 0.033138 -0.422178 -0.905907 0.507500 0.007500
pine_needles.bmp
1 -8.529869 -6.465053 420.839966 -0.376114 -0.366780 0.850888 0.007500 0.007500
1 20.072412 -35.795212 420.839966 -0.376114 -0.366780 0.850888 0.492500 0.007500
1 60.888237 4.007703 456.038879 -0.376114 -0.366780 0.850888 0.492500 0.492500
pine_needles.bmp
1 -8.529869 -6.465053 420.839966 -0.376114 -0.366780 0.850888 0.007500 0.007500
1 60.888237 4.007703 456.038879 -0.376114 -0.366780 0.850888 0.492500 0.492500
1 32.285954 33.337860 456.038879 -0.376114 -0.366780 0.850888 0.007500 0.492500
pine_needles.bmp
1 32.285954 33.337860 456.038879 0.376114 0.366780 -0.850888 0.007500 0.492500
1 60.888237 4.007703 456.038879 0.376114 0.366780 -0.850888 0.492500 0.492500
1 20.072412 -35.795212 420.839966 0.376114 0.366780 -0.850888 0.492500 0.007500
pine_needles.bmp
1 32.285954 33.337860 456.038879 0.376114 0.366780 -0.850888 0.007500 0.492500
1 20.072412 -35.795212 420.839966 0.376114 0.366780 -0.850888 0.492500 0.007500
1 -8.529869 -6.465053 420.839966 0.376114 0.366780 -0.850888 0.007500 0.007500
pine_needles.bmp
1 29.803179 -34.284313 417.633484 0.434221 -0.445271 0.783062 0.507500 0.007500
1 59.133335 -5.682031 417.633484 0.434221 -0.445271 0.783062 0.992500 0.007500
1 22.555187 31.826965 459.245331 0.434221 -0.445271 0.783062 0.992500 0.492500
pine_needles.bmp
1 29.803179 -34.284313 417.633484 0.434221 -0.445271 0.783062 0.507500 0.007500
1 22.555187 31.826965 459.245331 0.434221 -0.445271 0.783062 0.992500 0.492500
1 -6.774969 3.224681 459.245331 0.434221 -0.445271 0.783062 0.507500 0.492500
pine_needles.bmp
1 -6.774969 3.224681 459.245331 -0.434221 0.445271 -0.783062 0.507500 0.492500
1 22.555187 31.826965 459.245331 -0.434221 0.445271 -0.783062 0.992500 0.492500
1 59.133335 -5.682031 417.633484 -0.434221 0.445271 -0.783062 0.992500 0.007500
pine_needles.bmp
1 -6.774969 3.224681 459.245331 -0.434221 0.445271 -0.783062 0.507500 0.492500
1 59.133335 -5.682031 417.633484 -0.434221 0.445271 -0.783062 0.992500 0.007500
1 29.803179 -34.284313 417.633484 -0.434221 0.445271 -0.783062 0.507500 0.007500
pine_bark.bmp
0 1.772469 0.000000 459.832764 0.521419 -0.239827 0.818905 0.000000 0.000000
0 0.924969 -1.661845 458.497284 0.199056 -0.949724 0.241664 0.200000 0.000000
0 10.256349 11.532385 437.085358 0.577752 -0.676534 -0.456622 0.200000 0.223549
pine_bark.bmp
0 1.772469 0.000000 459.832764 0.521419 -0.239827 0.818905 0.000000 0.000000
0 10.256349 11.532385 437.085358 0.577752 -0.676534 -0.456622 0.200000 0.223549
0 10.678877 13.024219 438.899139 0.799420 -0.111362 0.590362 0.000000 0.223549
pine_bark.bmp
0 0.924969 -1.661845 458.497284 0.199056 -0.949724 0.241664 0.200000 0.000000
0 -1.156471 -0.932691 458.074615 -0.673222 -0.739088 0.022818 0.400000 0.000000
0 8.182354 12.170899 436.275085 -0.320215 -0.365744 -0.873896 0.400000 0.223549
pine_bark.bmp
0 0.924969 -1.661845 458.497284 0.199056 -0.949724 0.241664 0.200000 0.000000
0 8.182354 12.170899 436.275085 -0.320215 -0.365744 -0.873896 0.400000 0.223549
0 10.256349 11.532385 437.085358 0.577752 -0.676534 -0.456622 0.200000 0.223549
pine_bark.bmp
0 -1.156471 -0.932691 458.074615 -0.673222 -0.739088 0.022818 0.400000 0.000000
0 -1.696907 1.018000 459.011047 -0.911323 0.074734 0.404852 0.600000 0.000000
0 7.177145 13.967183 437.393738 -0.811328 0.436906 -0.388407 0.600000 0.223549
pine_bark.bmp
0 -1.156471 -0.932691 458.074615 -0.673222 -0.739088 0.022818 0.400000 0.000000
0 7.177145 13.967183 437.393738 -0.811328 0.436906 -0.388407 0.600000 0.223549
0 8.182354 12.170899 436.275085 -0.320215 -0.365744 -0.873896 0.400000 0.223549
pine_bark.bmp
0 -1.696907 1.018000 459.011047 -0.911323 0.074734 0.404852 0.600000 0.000000
0 0.209456 1.615941 460.149963 -0.148316 0.392613 0.907666 0.800000 0.000000
0 8.811294 14.467815 439.052490 -0.239308 0.713538 0.658479 0.800000 0.223549
pine_bark.bmp
0 -1.696907 1.018000 459.011047 -0.911323 0.074734 0.404852 0.600000 0.000000
0 8.811294 14.467815 439.052490 -0.239308 0.713538 0.658479 0.800000 0.223549
0 7.177145 13.967183 437.393738 -0.811328 0.436906 -0.388407 0.600000 0.223549
pine_bark.bmp
0 0.209456 1.615941 460.149963 -0.148316 0.392613 0.907666 0.800000 0.000000
0 1.772469 0.000000 459.832764 0.521419 -0.239827 0.818905 1.000000 0.000000
0 10.678877 13.024219 438.899139 0.799420 -0.111362 0.590362 1.000000 0.223549
pine_bark.bmp
0 0.209456 1.615941 460.149963 -0.148316 0.392613 0.907666 0.800000 0.000000
0 10.678877 13.024219 438.899139 0.799420 -0.111362 0.590362 1.000000 0.223549
0 8.811294 14.467815 439.052490 -0.239308 0.713538 0.658479 0.800000 0.223549
pine_bark.bmp
0 10.678877 13.024219 438.899139 0.799420 -0.111362 0.590362 0.000000 0.223549
0 10.256349 11.532385 437.085358 0.577752 -0.676534 -0.456622 0.200000 0.223549
0 16.926105 23.323826 436.501160 0.950250 0.097745 -0.295755 0.200000 0.332133
pine_bark.bmp
0 10.678877 13.024219 438.899139 0.799420 -0.111362 0.590362 0.000000 0.223549
0 16.926105 23.323826 436.501160 0.950250 0.097745 -0.295755 0.200000 0.332133
0 16.513063 23.680397 437.051880 0.723353 0.343903 0.598741 0.000000 0.332133
pine_bark.bmp
0 10.256349 11.532385 437.085358 0.577752 -0.676534 -0.456622 0.200000 0.223549
0 8.182354 12.170899 436.275085 -0.320215 -0.365744 -0.873896 0.400000 0.223549
0 16.595060 23.469872 435.853516 0.350927 0.403768 -0.844880 0.400000 0.332133
pine_bark.bmp
0 10.256349 11.532385 437.085358 0.577752 -0.676534 -0.456622 0.200000 0.223549
0 16.595060 23.469872 435.853516 0.350927 0.403768 -0.844880 0.400000 0.332133
0 16.926105 23.323826 436.501160 0.950250 0.097745 -0.295755 0.200000 0.332133
pine_bark.bmp
0 8.182354 12.170899 436.275085 -0.320215 -0.365744 -0.873896 0.400000 0.223549
0 7.177145 13.967183 437.393738 -0.811328 0.436906 -0.388407 0.600000 0.223549
0 15.967554 23.912218 435.915771 -0.227135 0.890258 -0.394778 0.600000 0.332133
pine_bark.bmp
0 8.182354 12.170899 436.275085 -0.320215 -0.365744 -0.873896 0.400000 0.223549
0 15.967554 23.912218 435.915771 -0.227135 0.890258 -0.394778 0.600000 0.332133
0 16.595060 23.469872 435.853516 0.350927 0.403768 -0.844880 0.400000 0.332133
pine_bark.bmp
0 7.177145 13.967183 437.393738 -0.811328 0.436906 -0.388407 0.600000 0.223549
0 8.811294 14.467815 439.052490 -0.239308 0.713538 0.658479 0.800000 0.223549
0 15.944084 24.025511 436.672119 0.002657 0.850123 0.526578 0.800000 0.332133
pine_bark.bmp
0 7.177145 13.967183 437.393738 -0.811328 0.436906 -0.388407 0.600000 0.223549
0 15.944084 24.025511 436.672119 0.002657 0.850123 0.526578 0.800000 0.332133
0 15.967554 23.912218 435.915771 -0.227135 0.890258 -0.394778 0.600000 0.332133
pine_bark.bmp
0 8.811294 14.467815 439.052490 -0.239308 0.713538 0.658479 0.800000 0.223549
0 10.678877 13.024219 438.899139 0.799420 -0.111362 0.590362 1.000000 0.223549
0 16.513063 23.680397 437.051880 0.723353 0.343903 0.598741 1.000000 0.332133
pine_bark.bmp
0 8.811294 14.467815 439.052490 -0.239308 0.713538 0.658479 0.800000 0.223549
0 16.513063 23.680397 437.051880 0.723353 0.343903 0.598741 1.000000 0.332133
0 15.944084 24.025511 436.672119 0.002657 0.850123 0.526578 0.800000 0.332133
pine_bark.bmp
0 1.772469 0.000000 459.832764 0.521419 -0.239827 0.818905 0.950000 0.500000
0 0.209456 1.615941 460.149963 -0.148316 0.392613 0.907666 0.639058 0.072025
0 -1.696907 1.018000 459.011047 -0.911323 0.074734 0.404852 0.135942 0.235497
pine_bark.bmp
0 -1.696907 1.018000 459.011047 -0.911323 0.074734 0.404852 0.135942 0.235497
0 -1.156471 -0.932691 458.074615 -0.673222 -0.739088 0.022818 0.135942 0.764503
0 0.924969 -1.661845 458.497284 0.199056 -0.949724 0.241664 0.639058 0.927975
pine_bark.bmp
0 -1.696907 1.018000 459.011047 -0.911323 0.074734 0.404852 0.135942 0.235497
0 0.924969 -1.661845 458.497284 0.199056 -0.949724 0.241664 0.639058 0.927975
0 1.772469 0.000000 459.832764 0.521419 -0.239827 0.818905 0.950000 0.500000
pine_bark.bmp
0 15.944084 24.025511 436.672119 0.002657 0.850123 0.526578 0.639058 0.072025
0 16.513063 23.680397 437.051880 0.723353 0.343903 0.598741 0.950000 0.500000
0 16.926105 23.323826 436.501160 0.950250 0.097745 -0.295755 0.639058 0.927975
pine_bark.bmp
0 16.926105 23.323826 436.501160 0.950250 0.097745 -0.295755 0.639058 0.927975
0 16.595060 23.469872 435.853516 0.350927 0.403768 -0.844880 0.135942 0.764503
0 15.967554 23.912218 435.915771 -0.227135 0.890258 -0.394778 0.135942 0.235497
pine_bark.bmp
0 16.926105 23.323826 436.501160 0.950250 0.097745 -0.295755 0.639058 0.927975
0 15.967554 23.912218 435.915771 -0.227135 0.890258 -0.394778 0.135942 0.235497
0 15.944084 24.025511 436.672119 0.002657 0.850123 0.526578 0.639058 0.072025
pine_needles.bmp
1 -25.071699 11.207857 429.693176 -0.549702 -0.396852 0.735076 0.007500 0.507500
1 -1.188826 -21.873652 429.693176 -0.549702 -0.396852 0.735076 0.492500 0.507500
1 36.545700 5.368422 472.619110 -0.549702 -0.396852 0.735076 0.492500 0.992500
pine_needles.bmp
1 -25.071699 11.207857 429.693176 -0.549702 -0.396852 0.735076 0.007500 0.507500
1 36.545700 5.368422 472.619110 -0.549702 -0.396852 0.735076 0.492500 0.992500
1 12.662825 38.449928 472.619110 -0.549702 -0.396852 0.735076 0.007500 0.992500
pine_needles.bmp
1 12.662825 38.449928 472.619110 0.549702 0.396852 -0.735076 0.007500 0.992500
1 36.545700 5.368422 472.619110 0.549702 0.396852 -0.735076 0.492500 0.992500
1 -1.188826 -21.873652 429.693176 0.549702 0.396852 -0.735076 0.492500 0.507500
pine_needles.bmp
1 12.662825 38.449928 472.619110 0.549702 0.396852 -0.735076 0.007500 0.992500
1 -1.188826 -21.873652 429.693176 0.549702 0.396852 -0.735076 0.492500 0.507500
1 -25.071699 11.207857 429.693176 0.549702 0.396852 -0.735076 0.007500 0.507500
pine_needles.bmp
1 -1.779136 -16.153805 423.646088 0.510617 -0.707285 0.488895 0.007500 0.007500
1 31.302372 7.729069 423.646088 0.510617 -0.707285 0.488895 0.492500 0.007500
1 13.253135 32.730083 478.666199 0.510617 -0.707285 0.488895 0.492500 0.492500
pine_needles.bmp
1 -1.779136 -16.153805 423.646088 0.510617 -0.707285 0.488895 0.007500 0.007500
1 13.253135 32.730083 478.666199 0.510617 -0.707285 0.488895 0.492500 0.492500
1 -19.828373 8.847210 478.666199 0.510617 -0.707285 0.488895 0.007500 0.492500
pine_needles.bmp
1 -19.828373 8.847210 478.666199 -0.510617 0.707285 -0.488895 0.007500 0.492500
1 13.253135 32.730083 478.666199 -0.510617 0.707285 -0.488895 0.492500 0.492500
1 31.302372 7.729069 423.646088 -0.510617 0.707285 -0.488895 0.492500 0.007500
pine_needles.bmp
1 -19.828373 8.847210 478.666199 -0.510617 0.707285 -0.488895 0.007500 0.492500
1 31.302372 7.729069 423.646088 -0.510617 0.707285 -0.488895 0.492500 0.007500
1 -1.779136 -16.153805 423.646088 -0.510617 0.707285 -0.488895 0.007500 0.007500
pine_needles.bmp
1 -19.005796 23.650705 424.318939 -0.590829 -0.110325 0.799218 0.507500 0.007500
1 -13.878004 -3.810351 424.318939 -0.590829 -0.110325 0.799218 0.992500 0.007500
1 39.658989 6.186593 465.276642 -0.590829 -0.110325 0.799218 0.992500 0.492500
pine_needles.bmp
1 -19.005796 23.650705 424.318939 -0.590829 -0.110325 0.799218 0.507500 0.007500
1 39.658989 6.186593 465.276642 -0.590829 -0.110325 0.799218 0.992500 0.492500
1 34.531197 33.647652 465.276642 -0.590829 -0.110325 0.799218 0.507500 0.492500
pine_needles.bmp
1 34.531197 33.647652 465.276642 0.590829 0.110325 -0.799218 0.507500 0.492500
1 39.658989 6.186593 465.276642 0.590829 0.110325 -0.799218 0.992500 0.492500
1 -13.878004 -3.810351 424.318939 0.590829 0.110325 -0.799218 0.992500 0.007500
pine_needles.bmp
1 34.531197 33.647652 465.276642 0.590829 0.110325 -0.799218 0.507500 0.492500
1 -13.878004 -3.810351 424.318939 0.590829 0.110325 -0.799218 0.992500 0.007500
1 -19.005796 23.650705 424.318939 0.590829 0.110325 -0.799218 0.507500 0.007500
pine_needles.bmp
1 2.174325 -17.518686 429.242493 0.083636 -0.447897 0.890165 0.507500 0.007500
1 29.635382 -12.390894 429.242493 0.083636 -0.447897 0.890165 0.992500 0.007500
1 18.478868 47.355988 460.353088 0.083636 -0.447897 0.890165 0.992500 0.492500
pine_needles.bmp
1 2.174325 -17.518686 429.242493 0.083636 -0.447897 0.890165 0.507500 0.007500
1 18.478868 47.355988 460.353088 0.083636 -0.447897 0.890165 0.992500 0.492500
1 -8.982188 42.228195 460.353088 0.083636 -0.447897 0.890165 0.507500 0.492500
pine_needles.bmp
1 -8.982188 42.228195 460.353088 -0.083636 0.447897 -0.890165 0.507500 0.492500
1 18.478868 47.355988 460.353088 -0.083636 0.447897 -0.890165 0.992500 0.492500
1 29.635382 -12.390894 429.242493 -0.083636 0.447897 -0.890165 0.992500 0.007500
pine_needles.bmp
1 -8.982188 42.228195 460.353088 -0.083636 0.447897 -0.890165 0.507500 0.492500
1 29.635382 -12.390894 429.242493 -0.083636 0.447897 -0.890165 0.992500 0.007500
1 2.174325 -17.518686 429.242493 -0.083636 0.447897 -0.890165 0.507500 0.007500
pine_needles.bmp
1 15.686084 43.448303 417.516541 -0.493089 0.609987 0.620306 0.007500 0.507500
1 -6.657887 25.386362 417.516541 -0.493089 0.609987 0.620306 0.492500 0.507500
1 14.146310 -0.349981 459.362305 -0.493089 0.609987 0.620306 0.492500 0.992500
pine_needles.bmp
1 15.686084 43.448303 417.516541 -0.493089 0.609987 0.620306 0.007500 0.507500
1 14.146310 -0.349981 459.362305 -0.493089 0.609987 0.620306 0.492500 0.992500
1 36.490280 17.711962 459.362305 -0.493089 0.609987 0.620306 0.007500 0.992500
pine_needles.bmp
1 36.490280 17.711962 459.362305 0.493089 -0.609987 -0.620306 0.007500 0.992500
1 14.146310 -0.349981 459.362305 0.493089 -0.609987 -0.620306 0.492500 0.992500
1 -6.657887 25.386362 417.516541 0.493089 -0.609987 -0.620306 0.492500 0.507500
pine_needles.bmp
1 36.490280 17.711962 459.362305 0.493089 -0.609987 -0.620305 0.007500 0.992500
1 -6.657887 25.386362 417.516541 0.493089 -0.609987 -0.620305 0.492500 0.507500
1 15.686084 43.448303 417.516541 0.493089 -0.609987 -0.620305 0.007500 0.507500
pine_needles.bmp
1 -8.707628 20.924885 419.428070 -0.553491 -0.447419 0.702469 0.007500 0.007500
1 9.354315 -1.419084 419.428070 -0.553491 -0.447419 0.702469 0.492500 0.007500
1 38.540024 22.173435 457.450775 -0.553491 -0.447419 0.702469 0.492500 0.492500
pine_needles.bmp
1 -8.707628 20.924885 419.428070 -0.553491 -0.447419 0.702469 0.007500 0.007500
1 38.540024 22.173435 457.450775 -0.553491 -0.447419 0.702469 0.492500 0.492500
1 20.478079 44.517406 457.450775 -0.553491 -0.447419 0.702469 0.007500 0.492500
pine_needles.bmp
1 20.478079 44.517406 457.450775 0.553491 0.447419 -0.702469 0.007500 0.492500
1 38.540024 22.173435 457.450775 0.553491 0.447419 -0.702469 0.492500 0.492500
1 9.354315 -1.419084 419.428070 0.553491 0.447419 -0.702469 0.492500 0.007500
pine_needles.bmp
1 20.478079 44.517406 457.450775 0.553491 0.447419 -0.702469 0.007500 0.492500
1 9.354315 -1.419084 419.428070 0.553491 0.447419 -0.702469 0.492500 0.007500
1 -8.707628 20.924885 419.428070 0.553491 0.447419 -0.702469 0.007500 0.007500
pine_bark.bmp
0 1.878754 0.000000 458.713226 0.878754 -0.365574 0.306835 0.000000 0.000000
0 0.382773 -1.567831 457.939880 0.202802 -0.979215 -0.003068 0.200000 0.000000
0 -4.460528 13.877563 436.163696 -0.058267 -0.519034 -0.852766 0.200000 0.223549
pine_bark.bmp
0 1.878754 0.000000 458.713226 0.878754 -0.365574 0.306835 0.000000 0.000000
0 -4.460528 13.877563 436.163696 -0.058267 -0.519034 -0.852766 0.200000 0.223549
0 -2.639707 15.169015 437.044434 0.834883 0.036138 -0.549240 0.000000 0.223549
pine_bark.bmp
0 0.382773 -1.567831 457.939880 0.202802 -0.979215 -0.003068 0.200000 0.000000
0 -1.561247 -0.879926 458.820129 -0.595326 -0.706799 0.382128 0.400000 0.000000
0 -6.285908 14.430314 437.467957 -0.898696 -0.373169 -0.230413 0.400000 0.223549
pine_bark.bmp
0 0.382773 -1.567831 457.939880 0.202802 -0.979215 -0.003068 0.200000 0.000000
0 -6.285908 14.430314 437.467957 -0.898696 -0.373169 -0.230413 0.400000 0.223549
0 -4.460528 13.877563 436.163696 -0.058267 -0.519034 -0.852766 0.200000 0.223549
pine_bark.bmp
0 -1.561247 -0.879926 458.820129 -0.595326 -0.706799 0.382128 0.400000 0.000000
0 -1.432551 0.960410 460.066437 -0.467016 0.069603 0.881505 0.600000 0.000000
0 -5.842373 15.985321 439.151062 -0.613856 0.277634 0.738986 0.600000 0.223549
pine_bark.bmp
0 -1.561247 -0.879926 458.820129 -0.595326 -0.706799 0.382128 0.400000 0.000000
0 -5.842373 15.985321 439.151062 -0.613856 0.277634 0.738986 0.600000 0.223549
0 -6.285908 14.430314 437.467957 -0.898696 -0.373169 -0.230413 0.400000 0.223549
pine_bark.bmp
0 -1.432551 0.960410 460.066437 -0.467016 0.069603 0.881505 0.600000 0.000000
0 0.803167 1.524524 459.991577 0.468771 0.285561 0.835888 0.800000 0.000000
0 -3.507427 16.418709 438.832886 0.680243 0.583002 0.444272 0.800000 0.223549
pine_bark.bmp
0 -1.432551 0.960410 460.066437 -0.467016 0.069603 0.881505 0.600000 0.000000
0 -3.507427 16.418709 438.832886 0.680243 0.583002 0.444272 0.800000 0.223549
0 -5.842373 15.985321 439.151062 -0.613856 0.277634 0.738986 0.600000 0.223549
pine_bark.bmp
0 0.803167 1.524524 459.991577 0.468771 0.285561 0.835888 0.800000 0.000000
0 1.878754 0.000000 458.713226 0.878754 -0.365574 0.306835 1.000000 0.000000
0 -2.639707 15.169015 437.044434 0.834883 0.036138 -0.549240 1.000000 0.223549
pine_bark.bmp
0 0.803167 1.524524 459.991577 0.468771 0.285561 0.835888 0.800000 0.000000
0 -2.639707 15.169015 437.044434 0.834883 0.036138 -0.549240 1.000000 0.223549
0 -3.507427 16.418709 438.832886 0.680243 0.583002 0.444272 0.800000 0.223549
pine_bark.bmp
0 -2.639707 15.169015 437.044434 0.834883 0.036138 -0.549240 0.000000 0.223549
0 -4.460528 13.877563 436.163696 -0.058267 -0.519034 -0.852766 0.200000 0.223549
0 -8.779989 27.391308 436.010559 -0.426226 0.432885 -0.794319 0.200000 0.332133
pine_bark.bmp
0 -2.639707 15.169015 437.044434 0.834883 0.036138 -0.549240 0.000000 0.223549
0 -8.779989 27.391308 436.010559 -0.426226 0.432885 -0.794319 0.200000 0.332133
0 -8.063675 27.580027 435.768402 0.388169 0.719809 -0.575500 0.000000 0.332133
pine_bark.bmp
0 -4.460528 13.877563 436.163696 -0.058267 -0.519034 -0.852766 0.200000 0.223549
0 -6.285908 14.430314 437.467957 -0.898696 -0.373169 -0.230413 0.400000 0.223549
0 -8.792439 27.468603 436.746155 -0.910727 0.408368 -0.061737 0.400000 0.332133
pine_bark.bmp
0 -4.460528 13.877563 436.163696 -0.058267 -0.519034 -0.852766 0.200000 0.223549
0 -8.792439 27.468603 436.746155 -0.910727 0.408368 -0.061737 0.400000 0.332133
0 -8.779989 27.391308 436.010559 -0.426226 0.432885 -0.794319 0.200000 0.332133
pine_bark.bmp
0 -6.285908 14.430314 437.467957 -0.898696 -0.373169 -0.230413 0.400000 0.223549
0 -5.842373 15.985321 439.151062 -0.613856 0.277634 0.738986 0.600000 0.223549
0 -8.121295 27.702721 437.039307 -0.400157 0.611209 0.682860 0.600000 0.332133
pine_bark.bmp
0 -6.285908 14.430314 437.467957 -0.898696 -0.373169 -0.230413 0.400000 0.223549
0 -8.121295 27.702721 437.039307 -0.400157 0.611209 0.682860 0.600000 0.332133
0 -8.792439 27.468603 436.746155 -0.910727 0.408368 -0.061737 0.400000 0.332133
pine_bark.bmp
0 -5.842373 15.985321 439.151062 -0.613856 0.277634 0.738986 0.600000 0.223549
0 -3.507427 16.418709 438.832886 0.680243 0.583002 0.444272 0.800000 0.223549
0 -7.690087 27.762682 436.406616 0.411420 0.846578 0.337696 0.800000 0.332133
pine_bark.bmp
0 -5.842373 15.985321 439.151062 -0.613856 0.277634 0.738986 0.600000 0.223549
0 -7.690087 27.762682 436.406616 0.411420 0.846578 0.337696 0.800000 0.332133
0 -8.121295 27.702721 437.039307 -0.400157 0.611209 0.682860 0.600000 0.332133
pine_bark.bmp
0 -3.507427 16.418709 438.832886 0.680243 0.583002 0.444272 0.800000 0.223549
0 -2.639707 15.169015 437.044434 0.834883 0.036138 -0.549240 1.000000 0.223549
0 -8.063675 27.580027 435.768402 0.388169 0.719809 -0.575500 1.000000 0.332133
pine_bark.bmp
0 -3.507427 16.418709 438.832886 0.680243 0.583002 0.444272 0.800000 0.223549
0 -8.063675 27.580027 435.768402 0.388169 0.719809 -0.575500 1.000000 0.332133
0 -7.690087 27.762682 436.406616 0.411420 0.846578 0.337696 0.800000 0.332133
pine_bark.bmp
0 1.878754 0.000000 458.713226 0.878754 -0.365574 0.306835 0.950000 0.500000
0 0.803167 1.524524 459.991577 0.468771 0.285561 0.835888 0.639058 0.072025
0 -1.432551 0.960410 460.066437 -0.467016 0.069603 0.881505 0.135942 0.235497
pine_bark.bmp
0 -1.432551 0.960410 460.066437 -0.467016 0.069603 0.881505 0.135942 0.235497
0 -1.561247 -0.879926 458.820129 -0.595326 -0.706799 0.382128 0.135942 0.764503
0 0.382773 -1.567831 457.939880 0.202802 -0.979215 -0.003068 0.639058 0.927975
pine_bark.bmp
0 -1.432551 0.960410 460.066437 -0.467016 0.069603 0.881505 0.135942 0.235497
0 0.382773 -1.567831 457.939880 0.202802 -0.979215 -0.003068 0.639058 0.927975
0 1.878754 0.000000 458.713226 0.878754 -0.365574 0.306835 0.950000 0.500000
pine_bark.bmp
0 -7.690087 27.762682 436.406616 0.411420 0.846578 0.337696 0.639058 0.072025
0 -8.063675 27.580027 435.768402 0.388169 0.719809 -0.575500 0.950000 0.500000
0 -8.779989 27.391308 436.010559 -0.426226 0.432885 -0.794319 0.639058 0.927975
pine_bark.bmp
0 -8.779989 27.391308 436.010559 -0.426226 0.432885 -0.794319 0.639058 0.927975
0 -8.792439 27.468603 436.746155 -0.910727 0.408368 -0.061737 0.135942 0.764503
0 -8.121295 27.702721 437.039307 -0.400157 0.611209 0.682860 0.135942 0.235497
pine_bark.bmp
0 -8.779989 27.391308 436.010559 -0.426226 0.432885 -0.794319 0.639058 0.927975
0 -8.121295 27.702721 437.039307 -0.400157 0.611209 0.682860 0.135942 0.235497
0 -7.690087 27.762682 436.406616 0.411420 0.846578 0.337696 0.639058 0.072025
pine_needles.bmp
1 23.898838 5.034011 433.136871 0.555459 0.417435 0.719176 0.507500 0.507500
1 0.115156 36.681725 433.136871 0.555459 0.417435 0.719176 0.992500 0.507500
1 -29.704290 14.272011 469.175415 0.555459 0.417435 0.719176 0.992500 0.992500
pine_needles.bmp
1 23.898838 5.034011 433.136871 0.555459 0.417435 0.719176 0.507500 0.507500
1 -29.704290 14.272011 469.175415 0.555459 0.417435 0.719176 0.992500 0.992500
1 -5.920609 -17.375702 469.175415 0.555459 0.417435 0.719176 0.507500 0.992500
pine_needles.bmp
1 -5.920609 -17.375702 469.175415 -0.555459 -0.417435 -0.719176 0.507500 0.992500
1 -29.704290 14.272011 469.175415 -0.555459 -0.417435 -0.719176 0.992500 0.992500
1 0.115156 36.681725 433.136871 -0.555459 -0.417435 -0.719176 0.992500 0.507500
pine_needles.bmp
1 -5.920609 -17.375702 469.175415 -0.555458 -0.417435 -0.719176 0.507500 0.992500
1 0.115156 36.681725 433.136871 -0.555458 -0.417435 -0.719176 0.992500 0.507500
1 23.898838 5.034011 433.136871 -0.555458 -0.417435 -0.719176 0.507500 0.507500
pine_needles.bmp
1 -1.053936 40.140747 439.481323 -0.269486 0.358591 0.893751 0.007500 0.507500
1 -32.701649 16.357065 439.481323 -0.269486 0.358591 0.893751 0.492500 0.507500
1 -4.751515 -20.834726 462.830994 -0.269486 0.358591 0.893751 0.492500 0.992500
pine_needles.bmp
1 -1.053936 40.140747 439.481323 -0.269486 0.358591 0.893751 0.007500 0.507500
1 -4.751515 -20.834726 462.830994 -0.269486 0.358591 0.893751 0.492500 0.992500
1 26.896196 2.948956 462.830994 -0.269486 0.358591 0.893751 0.007500 0.992500
pine_needles.bmp
1 26.896196 2.948956 462.830994 0.269486 -0.358591 -0.893751 0.007500 0.992500
1 -4.751515 -20.834726 462.830994 0.269486 -0.358591 -0.893751 0.492500 0.992500
1 -32.701649 16.357065 439.481323 0.269486 -0.358591 -0.893751 0.492500 0.507500
pine_needles.bmp
1 26.896196 2.948956 462.830994 0.269486 -0.358591 -0.893751 0.007500 0.992500
1 -32.701649 16.357065 439.481323 0.269486 -0.358591 -0.893751 0.492500 0.507500
1 -1.053936 40.140747 439.481323 0.269486 -0.358591 -0.893751 0.007500 0.507500
pine_needles.bmp
1 -13.183749 38.989182 414.801483 -0.743008 0.433767 0.509691 0.007500 0.007500
1 -27.959095 13.680213 414.801483 -0.743008 0.433767 0.509691 0.492500 0.007500
1 2.733937 -4.238347 474.794098 -0.743008 0.433767 0.509691 0.492500 0.492500
pine_needles.bmp
1 -13.183749 38.989182 414.801483 -0.743008 0.433767 0.509691 0.007500 0.007500
1 2.733937 -4.238347 474.794098 -0.743008 0.433767 0.509691 0.492500 0.492500
1 17.509285 21.070620 474.794098 -0.743008 0.433767 0.509691 0.007500 0.492500
pine_needles.bmp
1 17.509285 21.070620 474.794098 0.743008 -0.433767 -0.509691 0.007500 0.492500
1 2.733937 -4.238347 474.794098 0.743008 -0.433767 -0.509691 0.492500 0.492500
1 -27.959095 13.680213 414.801483 0.743008 -0.433767 -0.509691 0.492500 0.007500
pine_needles.bmp
1 17.509285 21.070620 474.794098 0.743008 -0.433767 -0.509691 0.007500 0.492500
1 -27.959095 13.680213 414.801483 0.743008 -0.433767 -0.509691 0.492500 0.007500
1 -13.183749 38.989182 414.801483 0.743008 -0.433767 -0.509691 0.007500 0.007500
pine_needles.bmp
1 -32.746254 -0.702641 425.824402 -0.272807 -0.467297 0.840958 0.007500 0.007500
1 -7.437287 -15.477986 425.824402 -0.272807 -0.467297 0.840958 0.492500 0.007500
1 22.296440 35.453472 463.771210 -0.272807 -0.467297 0.840958 0.492500 0.492500
pine_needles.bmp
1 -32.746254 -0.702641 425.824402 -0.272807 -0.467297 0.840958 0.007500 0.007500
1 22.296440 35.453472 463.771210 -0.272807 -0.467297 0.840958 0.492500 0.492500
1 -3.012525 50.228817 463.771210 -0.272807 -0.467297 0.840958 0.007500 0.492500
pine_needles.bmp
1 -3.012525 50.228817 463.771210 0.272807 0.467297 -0.840958 0.007500 0.492500
1 22.296440 35.453472 463.771210 0.272807 0.467297 -0.840958 0.492500 0.492500
1 -7.437287 -15.477986 425.824402 0.272807 0.467297 -0.840958 0.492500 0.007500
pine_needles.bmp
1 -3.012525 50.228817 463.771210 0.272807 0.467297 -0.840958 0.007500 0.492500
1 -7.437287 -15.477986 425.824402 0.272807 0.467297 -0.840958 0.492500 0.007500
1 -32.746254 -0.702641 425.824402 0.272807 0.467297 -0.840958 0.007500 0.007500
pine_needles.bmp
1 -36.896614 9.692223 417.782471 -0.290922 -0.521396 0.802191 0.007500 0.507500
1 -5.243651 -7.969101 417.782471 -0.290922 -0.521396 0.802191 0.492500 0.507500
1 21.802441 40.503426 459.096375 -0.290922 -0.521396 0.802191 0.492500 0.992500
pine_needles.bmp
1 -36.896614 9.692223 417.782471 -0.290922 -0.521396 0.802191 0.007500 0.507500
1 21.802441 40.503426 459.096375 -0.290922 -0.521396 0.802191 0.492500 0.992500
1 -9.850522 58.164749 459.096375 -0.290922 -0.521396 0.802191 0.007500 0.992500
pine_needles.bmp
1 -9.850522 58.164749 459.096375 0.290922 0.521396 -0.802191 0.007500 0.992500
1 21.802441 40.503426 459.096375 0.290922 0.521396 -0.802191 0.492500 0.992500
1 -5.243651 -7.969101 417.782471 0.290922 0.521396 -0.802191 0.492500 0.507500
pine_needles.bmp
1 -9.850522 58.164749 459.096375 0.290922 0.521396 -0.802191 0.007500 0.992500
1 -5.243651 -7.969101 417.782471 0.290922 0.521396 -0.802191 0.492500 0.507500
1 -36.896614 9.692223 417.782471 0.290922 0.521396 -0.802191 0.007500 0.507500
pine_needles.bmp
1 -2.710281 1.645341 407.799805 0.777677 -0.433919 0.454899 0.507500 0.007500
1 14.951042 33.298302 407.799805 0.777677 -0.433919 0.454899 0.992500 0.007500
1 -12.383892 48.550308 469.079041 0.777677 -0.433919 0.454899 0.992500 0.492500
pine_needles.bmp
1 -2.710281 1.645341 407.799805 0.777677 -0.433919 0.454899 0.507500 0.007500
1 -12.383892 48.550308 469.079041 0.777677 -0.433919 0.454899 0.992500 0.492500
1 -30.045216 16.897345 469.079041 0.777677 -0.433919 0.454899 0.507500 0.492500
pine_needles.bmp
1 -30.045216 16.897345 469.079041 -0.777677 0.433919 -0.454899 0.507500 0.492500
1 -12.383892 48.550308 469.079041 -0.777677 0.433919 -0.454899 0.992500 0.492500
1 14.951042 33.298302 407.799805 -0.777677 0.433919 -0.454899 0.992500 0.007500
pine_needles.bmp
1 -30.045216 16.897345 469.079041 -0.777677 0.433919 -0.454899 0.507500 0.492500
1 14.951042 33.298302 407.799805 -0.777677 0.433919 -0.454899 0.992500 0.007500
1 -2.710281 1.645341 407.799805 -0.777677 0.433919 -0.454899 0.507500 0.007500
pine_bark.bmp
0 1.597356 0.000000 458.052277 0.985183 -0.167460 0.037033 0.000000 0.000000
0 0.257747 -1.844027 458.386566 0.384103 -0.900833 0.202395 0.200000 0.000000
0 -14.492320 4.670390 436.851807 -0.071497 -0.827551 -0.556819 0.200000 0.223549
pine_bark.bmp
0 1.597356 0.000000 458.052277 0.985183 -0.167460 0.037033 0.000000 0.000000
0 -14.492320 4.670390 436.851807 -0.071497 -0.827551 -0.556819 0.200000 0.223549
0 -13.092432 6.513964 436.211517 0.525727 0.030584 -0.850103 0.000000 0.223549
pine_bark.bmp
0 0.257747 -1.844027 458.386566 0.384103 -0.900833 0.202395 0.200000 0.000000
0 -1.365399 -1.034938 459.695679 -0.284149 -0.576342 0.766217 0.400000 0.000000
0 -15.717793 5.459453 438.633972 -0.617163 -0.659145 0.429694 0.400000 0.223549
pine_bark.bmp
0 0.257747 -1.844027 458.386566 0.384103 -0.900833 0.202395 0.200000 0.000000
0 -15.717793 5.459453 438.633972 -0.617163 -0.659145 0.429694 0.400000 0.223549
0 -14.492320 4.670390 436.851807 -0.071497 -0.827551 -0.556819 0.200000 0.223549
pine_bark.bmp
0 -1.365399 -1.034938 459.695679 -0.284149 -0.576342 0.766217 0.400000 0.000000
0 -1.176517 1.129600 460.214325 -0.153031 0.324900 0.933285 0.600000 0.000000
0 -15.257333 7.679257 439.243652 -0.277582 0.573233 0.770942 0.600000 0.223549
pine_bark.bmp
0 -1.365399 -1.034938 459.695679 -0.284149 -0.576342 0.766217 0.400000 0.000000
0 -15.257333 7.679257 439.243652 -0.277582 0.573233 0.770942 0.600000 0.223549
0 -15.717793 5.459453 438.633972 -0.617163 -0.659145 0.429694 0.400000 0.223549
pine_bark.bmp
0 -1.176517 1.129600 460.214325 -0.153031 0.324900 0.933285 0.600000 0.000000
0 0.748696 1.793092 459.143738 0.657119 0.585159 0.475166 0.800000 0.000000
0 -13.579929 8.297927 437.667877 0.418992 0.882223 -0.214774 0.800000 0.223549
pine_bark.bmp
0 -1.176517 1.129600 460.214325 -0.153031 0.324900 0.933285 0.600000 0.000000
0 -13.579929 8.297927 437.667877 0.418992 0.882223 -0.214774 0.800000 0.223549
0 -15.257333 7.679257 439.243652 -0.277582 0.573233 0.770942 0.600000 0.223549
pine_bark.bmp
0 0.748696 1.793092 459.143738 0.657119 0.585159 0.475166 0.800000 0.000000
0 1.597356 0.000000 458.052277 0.985183 -0.167460 0.037033 1.000000 0.000000
0 -13.092432 6.513964 436.211517 0.525727 0.030584 -0.850103 1.000000 0.223549
pine_bark.bmp
0 0.748696 1.793092 459.143738 0.657119 0.585159 0.475166 0.800000 0.000000
0 -13.092432 6.513964 436.211517 0.525727 0.030584 -0.850103 1.000000 0.223549
0 -13.579929 8.297927 437.667877 0.418992 0.882223 -0.214774 0.800000 0.223549
pine_bark.bmp
0 -13.092432 6.513964 436.211517 0.525727 0.030584 -0.850103 0.000000 0.223549
0 -14.492320 4.670390 436.851807 -0.071497 -0.827551 -0.556819 0.200000 0.223549
0 -26.480978 11.278169 436.169800 -0.813876 -0.361085 -0.455218 0.200000 0.332133
pine_bark.bmp
0 -13.092432 6.513964 436.211517 0.525727 0.030584 -0.850103 0.000000 0.223549
0 -26.480978 11.278169 436.169800 -0.813876 -0.361085 -0.455218 0.200000 0.332133
0 -26.175333 11.843570 435.732941 -0.407367 0.354982 -0.841451 0.000000 0.332133
pine_bark.bmp
0 -14.492320 4.670390 436.851807 -0.071497 -0.827551 -0.556819 0.200000 0.223549
0 -15.717793 5.459453 438.633972 -0.617163 -0.659145 0.429694 0.400000 0.223549
0 -26.457874 11.509748 436.872833 -0.863560 -0.234399 0.446453 0.400000 0.332133
pine_bark.bmp
0 -14.492320 4.670390 436.851807 -0.071497 -0.827551 -0.556819 0.200000 0.223549
0 -26.457874 11.509748 436.872833 -0.863560 -0.234399 0.446453 0.400000 0.332133
0 -26.480978 11.278169 436.169800 -0.813876 -0.361085 -0.455218 0.200000 0.332133
pine_bark.bmp
0 -15.717793 5.459453 438.633972 -0.617163 -0.659145 0.429694 0.400000 0.223549
0 -15.257333 7.679257 439.243652 -0.277582 0.573233 0.770942 0.600000 0.223549
0 -26.151297 12.211158 436.958008 -0.498096 0.567734 0.655422 0.600000 0.332133
pine_bark.bmp
0 -15.717793 5.459453 438.633972 -0.617163 -0.659145 0.429694 0.400000 0.223549
0 -26.151297 12.211158 436.958008 -0.498096 0.567734 0.655422 0.600000 0.332133
0 -26.457874 11.509748 436.872833 -0.863560 -0.234399 0.446453 0.400000 0.332133
pine_bark.bmp
0 -15.257333 7.679257 439.243652 -0.277582 0.573233 0.770942 0.600000 0.223549
0 -13.579929 8.297927 437.667877 0.418992 0.882223 -0.214774 0.800000 0.223549
0 -25.986221 12.390801 436.232056 -0.276413 0.943597 -0.182267 0.800000 0.332133
pine_bark.bmp
0 -15.257333 7.679257 439.243652 -0.277582 0.573233 0.770942 0.600000 0.223549
0 -25.986221 12.390801 436.232056 -0.276413 0.943597 -0.182267 0.800000 0.332133
0 -26.151297 12.211158 436.958008 -0.498096 0.567734 0.655422 0.600000 0.332133
pine_bark.bmp
0 -13.579929 8.297927 437.667877 0.418992 0.882223 -0.214774 0.800000 0.223549
0 -13.092432 6.513964 436.211517 0.525727 0.030584 -0.850103 1.000000 0.223549
0 -26.175333 11.843570 435.732941 -0.407367 0.354982 -0.841451 1.000000 0.332133
pine_bark.bmp
0 -13.579929 8.297927 437.667877 0.418992 0.882223 -0.214774 0.800000 0.223549
0 -26.175333 11.843570 435.732941 -0.407367 0.354982 -0.841451 1.000000 0.332133
0 -25.986221 12.390801 436.232056 -0.276413 0.943597 -0.182267 0.800000 0.332133
pine_bark.bmp
0 1.597356 0.000000 458.052277 0.985183 -0.167460 0.037033 0.950000 0.500000
0 0.748696 1.793092 459.143738 0.657119 0.585159 0.475166 0.639058 0.072025
0 -1.176517 1.129600 460.214325 -0.153031 0.324900 0.933285 0.135942 0.235497
pine_bark.bmp
0 -1.176517 1.129600 460.214325 -0.153031 0.324900 0.933285 0.135942 0.235497
0 -1.365399 -1.034938 459.695679 -0.284149 -0.576342 0.766217 0.135942 0.764503
0 0.257747 -1.844027 458.386566 0.384103 -0.900833 0.202395 0.639058 0.927975
pine_bark.bmp
0 -1.176517 1.129600 460.214325 -0.153031 0.324900 0.933285 0.135942 0.235497
0 0.257747 -1.844027 458.386566 0.384103 -0.900833 0.202395 0.639058 0.927975
0 1.597356 0.000000 458.052277 0.985183 -0.167460 0.037033 0.950000 0.500000
pine_bark.bmp
0 -25.986221 12.390801 436.232056 -0.276413 0.943597 -0.182267 0.639058 0.072025
0 -26.175333 11.843570 435.732941 -0.407367 0.354982 -0.841451 0.950000 0.500000
0 -26.480978 11.278169 436.169800 -0.813876 -0.361085 -0.455218 0.639058 0.927975
pine_bark.bmp
0 -26.480978 11.278169 436.169800 -0.813876 -0.361085 -0.455218 0.639058 0.927975
0 -26.457874 11.509748 436.872833 -0.863560 -0.234399 0.446453 0.135942 0.764503
0 -26.151297 12.211158 436.958008 -0.498096 0.567734 0.655422 0.135942 0.235497
pine_bark.bmp
0 -26.480978 11.278169 436.169800 -0.813876 -0.361085 -0.455218 0.639058 0.927975
0 -26.151297 12.211158 436.958008 -0.498096 0.567734 0.655422 0.135942 0.235497
0 -25.986221 12.390801 436.232056 -0.276413 0.943597 -0.182267 0.639058 0.072025
pine_needles.bmp
1 -36.961548 12.119116 429.418640 -0.639773 -0.303729 0.706002 0.507500 0.007500
1 -20.566338 -22.415602 429.418640 -0.639773 -0.303729 0.706002 0.992500 0.007500
1 18.585117 -3.828615 472.893646 -0.639773 -0.303729 0.706002 0.992500 0.492500
pine_needles.bmp
1 -36.961548 12.119116 429.418640 -0.639773 -0.303729 0.706002 0.507500 0.007500
1 18.585117 -3.828615 472.893646 -0.639773 -0.303729 0.706002 0.992500 0.492500
1 2.189905 30.706102 472.893646 -0.639773 -0.303729 0.706002 0.507500 0.492500
pine_needles.bmp
1 2.189905 30.706102 472.893646 0.639773 0.303729 -0.706002 0.507500 0.492500
1 18.585117 -3.828615 472.893646 0.639773 0.303729 -0.706002 0.992500 0.492500
1 -20.566338 -22.415602 429.418640 0.639773 0.303729 -0.706002 0.992500 0.007500
pine_needles.bmp
1 2.189905 30.706102 472.893646 0.639773 0.303729 -0.706002 0.507500 0.492500
1 -20.566338 -22.415602 429.418640 0.639773 0.303729 -0.706002 0.992500 0.007500
1 -36.961548 12.119116 429.418640 0.639773 0.303729 -0.706002 0.507500 0.007500
pine_needles.bmp
1 -16.949211 -24.076471 429.912109 0.296748 -0.625067 0.721963 0.507500 0.507500
1 17.585506 -7.681261 429.912109 0.296748 -0.625067 0.721963 0.992500 0.507500
1 -1.427221 32.366974 472.400177 0.296748 -0.625067 0.721963 0.992500 0.992500
pine_needles.bmp
1 -16.949211 -24.076471 429.912109 0.296748 -0.625067 0.721964 0.507500 0.507500
1 -1.427221 32.366974 472.400177 0.296748 -0.625067 0.721964 0.992500 0.992500
1 -35.961937 15.971762 472.400177 0.296748 -0.625067 0.721964 0.507500 0.992500
pine_needles.bmp
1 -35.961937 15.971762 472.400177 -0.296748 0.625067 -0.721964 0.507500 0.992500
1 -1.427221 32.366974 472.400177 -0.296748 0.625067 -0.721964 0.992500 0.992500
1 17.585506 -7.681261 429.912109 -0.296748 0.625067 -0.721964 0.992500 0.507500
pine_needles.bmp
1 -35.961937 15.971762 472.400177 -0.296748 0.625067 -0.721964 0.507500 0.992500
1 17.585506 -7.681261 429.912109 -0.296748 0.625067 -0.721964 0.992500 0.507500
1 -16.949211 -24.076471 429.912109 -0.296748 0.625067 -0.721964 0.507500 0.507500
pine_needles.bmp
1 0.782510 25.256071 426.162567 0.079004 0.683268 0.725881 0.007500 0.507500
1 -29.342258 28.739304 426.162567 0.079004 0.683268 0.725881 0.492500 0.507500
1 -33.860085 -10.333173 463.433014 0.079004 0.683268 0.725881 0.492500 0.992500
pine_needles.bmp
1 0.782510 25.256071 426.162567 0.079004 0.683268 0.725881 0.007500 0.507500
1 -33.860085 -10.333173 463.433014 0.079004 0.683268 0.725881 0.492500 0.992500
1 -3.735318 -13.816404 463.433014 0.079004 0.683268 0.725881 0.007500 0.992500
pine_needles.bmp
1 -3.735318 -13.816404 463.433014 -0.079004 -0.683268 -0.725881 0.007500 0.992500
1 -33.860085 -10.333173 463.433014 -0.079004 -0.683268 -0.725881 0.492500 0.992500
1 -29.342258 28.739304 426.162567 -0.079004 -0.683268 -0.725881 0.492500 0.507500
pine_needles.bmp
1 -3.735318 -13.816404 463.433014 -0.079004 -0.683268 -0.725881 0.007500 0.992500
1 -29.342258 28.739304 426.162567 -0.079004 -0.683268 -0.725881 0.492500 0.507500
1 0.782510 25.256071 426.162567 -0.079004 -0.683268 -0.725881 0.007500 0.507500
pine_needles.bmp
1 -31.983627 24.511047 424.000885 -0.763675 0.088301 0.639534 0.507500 0.507500
1 -35.466858 -5.613719 424.000885 -0.763675 0.088301 0.639534 0.992500 0.507500
1 -1.093946 -9.588151 465.594727 -0.763675 0.088301 0.639534 0.992500 0.992500
pine_needles.bmp
1 -31.983627 24.511047 424.000885 -0.763675 0.088301 0.639534 0.507500 0.507500
1 -1.093946 -9.588151 465.594727 -0.763675 0.088301 0.639534 0.992500 0.992500
1 2.389285 20.536617 465.594727 -0.763675 0.088301 0.639534 0.507500 0.992500
pine_needles.bmp
1 2.389285 20.536617 465.594727 0.763675 -0.088301 -0.639534 0.507500 0.992500
1 -1.093946 -9.588151 465.594727 0.763675 -0.088301 -0.639534 0.992500 0.992500
1 -35.466858 -5.613719 424.000885 0.763675 -0.088301 -0.639534 0.992500 0.507500
pine_needles.bmp
1 2.389285 20.536617 465.594727 0.763675 -0.088301 -0.639534 0.507500 0.992500
1 -35.466858 -5.613719 424.000885 0.763675 -0.088301 -0.639534 0.992500 0.507500
1 -31.983627 24.511047 424.000885 0.763675 -0.088301 -0.639534 0.507500 0.507500
pine_needles.bmp
1 -18.913683 38.867409 415.730347 -0.401027 0.617834 0.676357 0.507500 0.507500
1 -51.571301 17.669840 415.730347 -0.401027 0.617834 0.676357 0.992500 0.507500
1 -28.865040 -17.312113 461.148499 -0.401027 0.617834 0.676357 0.992500 0.992500
pine_needles.bmp
1 -18.913683 38.867409 415.730347 -0.401027 0.617834 0.676357 0.507500 0.507500
1 -28.865040 -17.312113 461.148499 -0.401027 0.617834 0.676357 0.992500 0.992500
1 3.792578 3.885458 461.148499 -0.401027 0.617834 0.676357 0.507500 0.992500
pine_needles.bmp
1 3.792578 3.885458 461.148499 0.401027 -0.617834 -0.676357 0.507500 0.992500
1 -28.865040 -17.312113 461.148499 0.401027 -0.617834 -0.676357 0.992500 0.992500
1 -51.571301 17.669840 415.730347 0.401027 -0.617834 -0.676357 0.992500 0.507500
pine_needles.bmp
1 3.792578 3.885458 461.148499 0.401027 -0.617834 -0.676357 0.507500 0.992500
1 -51.571301 17.669840 415.730347 0.401027 -0.617834 -0.676357 0.992500 0.507500
1 -18.913683 38.867409 415.730347 0.401027 -0.617834 -0.676357 0.507500 0.507500
pine_needles.bmp
1 -56.376507 12.899048 421.832794 -0.450341 -0.292310 0.843651 0.007500 0.507500
1 -35.178940 -19.758568 421.832794 -0.450341 -0.292310 0.843651 0.492500 0.507500
1 8.597788 8.656250 455.046051 -0.450341 -0.292310 0.843651 0.492500 0.992500
pine_needles.bmp
1 -56.376507 12.899048 421.832794 -0.450341 -0.292310 0.843651 0.007500 0.507500
1 8.597788 8.656250 455.046051 -0.450341 -0.292310 0.843651 0.492500 0.992500
1 -12.599781 41.313866 455.046051 -0.450341 -0.292310 0.843651 0.007500 0.992500
pine_needles.bmp
1 -12.599781 41.313866 455.046051 0.450341 0.292310 -0.843651 0.007500 0.992500
1 8.597788 8.656250 455.046051 0.450341 0.292310 -0.843651 0.492500 0.992500
1 -35.178940 -19.758568 421.832794 0.450341 0.292310 -0.843651 0.492500 0.507500
pine_needles.bmp
1 -12.599781 41.313866 455.046051 0.450341 0.292310 -0.843651 0.007500 0.992500
1 -35.178940 -19.758568 421.832794 0.450341 0.292310 -0.843651 0.492500 0.507500
1 -56.376507 12.899048 421.832794 0.450341 0.292310 -0.843651 0.007500 0.507500
pine_needles.bmp
1 8.288977 -1.036767 468.160706 0.852201 0.335558 0.401440 0.007500 0.507500
1 -3.435040 28.738178 468.160706 0.852201 0.335558 0.401440 0.492500 0.507500
1 -23.390289 20.880711 517.090820 0.852201 0.335558 0.401440 0.492500 0.992500
pine_needles.bmp
1 8.288977 -1.036767 468.160706 0.852201 0.335558 0.401440 0.007500 0.507500
1 -23.390289 20.880711 517.090820 0.852201 0.335558 0.401440 0.492500 0.992500
1 -11.666273 -8.894234 517.090820 0.852201 0.335558 0.401440 0.007500 0.992500
pine_needles.bmp
1 -11.666273 -8.894234 517.090820 -0.852201 -0.335558 -0.401440 0.007500 0.992500
1 -23.390289 20.880711 517.090820 -0.852201 -0.335558 -0.401440 0.492500 0.992500
1 -3.435040 28.738178 468.160706 -0.852201 -0.335558 -0.401440 0.492500 0.507500
pine_needles.bmp
1 -11.666273 -8.894234 517.090820 -0.852201 -0.335558 -0.401440 0.007500 0.992500
1 -3.435040 28.738178 468.160706 -0.852201 -0.335558 -0.401440 0.492500 0.507500
1 8.288977 -1.036767 468.160706 -0.852201 -0.335558 -0.401440 0.007500 0.507500
pine_needles.bmp
1 8.900331 11.813194 466.303192 -0.361653 0.918475 -0.160034 0.507500 0.507500
1 -20.874615 0.089178 466.303192 -0.361653 0.918475 -0.160034 0.992500 0.507500
1 -24.001644 8.030750 518.948303 -0.361653 0.918475 -0.160034 0.992500 0.992500
pine_needles.bmp
1 8.900331 11.813194 466.303192 -0.361653 0.918475 -0.160035 0.507500 0.507500
1 -24.001644 8.030750 518.948303 -0.361653 0.918475 -0.160035 0.992500 0.992500
1 5.773302 19.754766 518.948303 -0.361653 0.918475 -0.160035 0.507500 0.992500
pine_needles.bmp
1 5.773302 19.754766 518.948303 0.361653 -0.918475 0.160034 0.507500 0.992500
1 -24.001644 8.030750 518.948303 0.361653 -0.918475 0.160034 0.992500 0.992500
1 -20.874615 0.089178 466.303192 0.361653 -0.918475 0.160034 0.992500 0.507500
pine_needles.bmp
1 5.773302 19.754766 518.948303 0.361653 -0.918475 0.160034 0.507500 0.992500
1 -20.874615 0.089178 466.303192 0.361653 -0.918475 0.160034 0.992500 0.507500
1 8.900331 11.813194 466.303192 0.361653 -0.918475 0.160034 0.507500 0.507500
pine_needles.bmp
1 -24.012323 -4.902306 458.510468 -0.733803 -0.578576 0.356065 0.507500 0.007500
1 -4.199376 -30.030914 458.510468 -0.733803 -0.578576 0.356065 0.992500 0.007500
1 10.731831 -18.258232 508.411346 -0.733803 -0.578576 0.356065 0.992500 0.492500
pine_needles.bmp
1 -24.012323 -4.902306 458.510468 -0.733803 -0.578576 0.356065 0.507500 0.007500
1 10.731831 -18.258232 508.411346 -0.733803 -0.578576 0.356065 0.992500 0.492500
1 -9.081118 6.870378 508.411346 -0.733803 -0.578576 0.356065 0.507500 0.492500
pine_needles.bmp
1 -9.081118 6.870378 508.411346 0.733803 0.578576 -0.356065 0.507500 0.492500
1 10.731831 -18.258232 508.411346 0.733803 0.578576 -0.356065 0.992500 0.492500
1 -4.199376 -30.030914 458.510468 0.733803 0.578576 -0.356065 0.992500 0.007500
pine_needles.bmp
1 -9.081118 6.870378 508.411346 0.733803 0.578576 -0.356065 0.507500 0.492500
1 -4.199376 -30.030914 458.510468 0.733803 0.578576 -0.356065 0.992500 0.007500
1 -24.012323 -4.902306 458.510468 0.733803 0.578576 -0.356065 0.507500 0.007500
pine_needles.bmp
1 -25.997915 -12.870772 459.103546 0.564523 -0.715980 -0.410714 0.507500 0.007500
1 -0.869306 6.942177 459.103546 0.564523 -0.715980 -0.410714 0.992500 0.007500
1 12.717422 -10.289766 507.818176 0.564523 -0.715980 -0.410714 0.992500 0.492500
pine_needles.bmp
1 -25.997915 -12.870772 459.103546 0.564523 -0.715980 -0.410713 0.507500 0.007500
1 12.717422 -10.289766 507.818176 0.564523 -0.715980 -0.410713 0.992500 0.492500
1 -12.411188 -30.102715 507.818176 0.564523 -0.715980 -0.410713 0.507500 0.492500
pine_needles.bmp
1 -12.411188 -30.102715 507.818176 -0.564523 0.715980 0.410714 0.507500 0.492500
1 12.717422 -10.289766 507.818176 -0.564523 0.715980 0.410714 0.992500 0.492500
1 -0.869306 6.942177 459.103546 -0.564523 0.715980 0.410714 0.992500 0.007500
pine_needles.bmp
1 -12.411188 -30.102715 507.818176 -0.564523 0.715980 0.410713 0.507500 0.492500
1 -0.869306 6.942177 459.103546 -0.564523 0.715980 0.410713 0.992500 0.007500
1 -25.997915 -12.870772 459.103546 -0.564523 0.715980 0.410713 0.507500 0.007500
pine_needles.bmp
1 -13.387018 -3.364759 467.739136 0.868617 -0.209314 -0.449102 0.507500 0.007500
1 -5.890452 27.744749 467.739136 0.868617 -0.209314 -0.449102 0.992500 0.007500
1 17.446617 22.121134 515.496826 0.868617 -0.209314 -0.449102 0.992500 0.492500
pine_needles.bmp
1 -13.387018 -3.364759 467.739136 0.868617 -0.209314 -0.449102 0.507500 0.007500
1 17.446617 22.121134 515.496826 0.868617 -0.209314 -0.449102 0.992500 0.492500
1 9.950052 -8.988374 515.496826 0.868617 -0.209314 -0.449102 0.507500 0.492500
pine_needles.bmp
1 9.950052 -8.988374 515.496826 -0.868617 0.209314 0.449102 0.507500 0.492500
1 17.446617 22.121134 515.496826 -0.868617 0.209314 0.449102 0.992500 0.492500
1 -5.890452 27.744749 467.739136 -0.868617 0.209314 0.449102 0.992500 0.007500
pine_needles.bmp
1 9.950052 -8.988374 515.496826 -0.868617 0.209314 0.449102 0.507500 0.492500
1 -5.890452 27.744749 467.739136 -0.868617 0.209314 0.449102 0.992500 0.007500
1 -13.387018 -3.364759 467.739136 -0.868617 0.209314 0.449102 0.507500 0.007500
pine_needles.bmp
1 15.005742 -5.071741 467.276520 0.213455 0.885803 -0.412055 0.507500 0.007500
1 -16.103767 2.424825 467.276520 0.213455 0.885803 -0.412055 0.992500 0.007500
1 -10.946141 23.828117 515.959473 0.213455 0.885803 -0.412055 0.992500 0.492500
pine_needles.bmp
1 15.005742 -5.071741 467.276520 0.213455 0.885803 -0.412055 0.507500 0.007500
1 -10.946141 23.828117 515.959473 0.213455 0.885803 -0.412055 0.992500 0.492500
1 20.163368 16.331551 515.959473 0.213455 0.885803 -0.412055 0.507500 0.492500
pine_needles.bmp
1 20.163368 16.331551 515.959473 -0.213455 -0.885803 0.412055 0.507500 0.492500
1 -10.946141 23.828117 515.959473 -0.213455 -0.885803 0.412055 0.992500 0.492500
1 -16.103767 2.424825 467.276520 -0.213455 -0.885803 0.412055 0.992500 0.007500
pine_needles.bmp
1 20.163368 16.331551 515.959473 -0.213455 -0.885803 0.412055 0.507500 0.492500
1 -16.103767 2.424825 467.276520 -0.213455 -0.885803 0.412055 0.992500 0.007500
1 15.005742 -5.071741 467.276520 -0.213455 -0.885803 0.412055 0.507500 0.007500
pine_needles.bmp
1 -5.912154 12.719592 460.022156 -0.878210 -0.473972 -0.064012 0.507500 0.507500
1 9.286132 -15.440879 460.022156 -0.878210 -0.473972 -0.064012 0.992500 0.507500
1 6.282660 -17.061861 513.230835 -0.878210 -0.473972 -0.064012 0.992500 0.992500
pine_needles.bmp
1 -5.912154 12.719592 460.022156 -0.878210 -0.473972 -0.064012 0.507500 0.507500
1 6.282660 -17.061861 513.230835 -0.878210 -0.473972 -0.064012 0.992500 0.992500
1 -8.915626 11.098611 513.230835 -0.878210 -0.473972 -0.064012 0.507500 0.992500
pine_needles.bmp
1 -8.915626 11.098611 513.230835 0.878210 0.473972 0.064012 0.507500 0.992500
1 6.282660 -17.061861 513.230835 0.878210 0.473972 0.064012 0.992500 0.992500
1 9.286132 -15.440879 460.022156 0.878210 0.473972 0.064012 0.992500 0.507500
pine_needles.bmp
1 -8.915626 11.098611 513.230835 0.878210 0.473972 0.064012 0.507500 0.992500
1 9.286132 -15.440879 460.022156 0.878210 0.473972 0.064012 0.992500 0.507500
1 -5.912154 12.719592 460.022156 0.878210 0.473972 0.064012 0.507500 0.507500
pine_needles.bmp
1 -19.404541 0.438228 462.554688 0.427856 -0.792763 -0.434127 0.007500 0.007500
1 8.755930 15.636513 462.554688 0.427856 -0.792763 -0.434127 0.492500 0.007500
1 19.775047 -4.780496 510.698303 0.427856 -0.792763 -0.434127 0.492500 0.492500
pine_needles.bmp
1 -19.404541 0.438228 462.554688 0.427856 -0.792763 -0.434127 0.007500 0.007500
1 19.775047 -4.780496 510.698303 0.427856 -0.792763 -0.434127 0.492500 0.492500
1 -8.385424 -19.978783 510.698303 0.427856 -0.792763 -0.434127 0.007500 0.492500
pine_needles.bmp
1 -8.385424 -19.978783 510.698303 -0.427856 0.792763 0.434127 0.007500 0.492500
1 19.775047 -4.780496 510.698303 -0.427856 0.792763 0.434127 0.492500 0.492500
1 8.755930 15.636513 462.554688 -0.427856 0.792763 0.434127 0.492500 0.007500
pine_needles.bmp
1 -8.385424 -19.978783 510.698303 -0.427856 0.792763 0.434127 0.007500 0.492500
1 8.755930 15.636513 462.554688 -0.427856 0.792763 0.434127 0.492500 0.007500
1 -19.404541 0.438228 462.554688 -0.427856 0.792763 0.434127 0.007500 0.007500
pine_needles.bmp
1 -12.014421 18.153889 456.181335 -0.578347 -0.696785 -0.424271 0.507500 0.507500
1 12.608715 -2.283847 456.181335 -0.578347 -0.696785 -0.424271 0.992500 0.507500
1 -1.871186 -19.729053 504.570099 -0.578347 -0.696785 -0.424271 0.992500 0.992500
pine_needles.bmp
1 -12.014421 18.153889 456.181335 -0.578347 -0.696785 -0.424271 0.507500 0.507500
1 -1.871186 -19.729053 504.570099 -0.578347 -0.696785 -0.424271 0.992500 0.992500
1 -26.494322 0.708682 504.570099 -0.578347 -0.696785 -0.424271 0.507500 0.992500
pine_needles.bmp
1 -26.494322 0.708682 504.570099 0.578347 0.696785 0.424271 0.507500 0.992500
1 -1.871186 -19.729053 504.570099 0.578347 0.696785 0.424271 0.992500 0.992500
1 12.608715 -2.283847 456.181335 0.578347 0.696785 0.424271 0.992500 0.507500
pine_needles.bmp
1 -26.494322 0.708682 504.570099 0.578347 0.696785 0.424271 0.507500 0.992500
1 12.608715 -2.283847 456.181335 0.578347 0.696785 0.424271 0.992500 0.507500
1 -12.014421 18.153889 456.181335 0.578347 0.696785 0.424271 0.507500 0.507500
pine_needles.bmp
1 -14.348945 -15.433776 453.963501 0.762208 -0.632649 0.137091 0.507500 0.507500
1 6.088793 9.189361 453.963501 0.762208 -0.632649 0.137091 0.992500 0.507500
1 0.463336 13.858611 506.787964 0.762208 -0.632649 0.137091 0.992500 0.992500
pine_needles.bmp
1 -14.348945 -15.433776 453.963501 0.762208 -0.632649 0.137091 0.507500 0.507500
1 0.463336 13.858611 506.787964 0.762208 -0.632649 0.137091 0.992500 0.992500
1 -19.974401 -10.764525 506.787964 0.762208 -0.632649 0.137091 0.507500 0.992500
pine_needles.bmp
1 -19.974401 -10.764525 506.787964 -0.762208 0.632649 -0.137091 0.507500 0.992500
1 0.463336 13.858611 506.787964 -0.762208 0.632649 -0.137091 0.992500 0.992500
1 6.088793 9.189361 453.963501 -0.762208 0.632649 -0.137091 0.992500 0.507500
pine_needles.bmp
1 -19.974401 -10.764525 506.787964 -0.762208 0.632649 -0.137091 0.507500 0.992500
1 6.088793 9.189361 453.963501 -0.762208 0.632649 -0.137091 0.992500 0.507500
1 -14.348945 -15.433776 453.963501 -0.762208 0.632649 -0.137091 0.507500 0.507500
pine_needles.bmp
1 -4.422371 17.265364 454.676758 -0.768250 -0.631323 -0.105944 0.007500 0.007500
1 15.894300 -7.457760 454.676758 -0.768250 -0.631323 -0.105944 0.492500 0.007500
1 11.529720 -11.044432 507.699524 -0.768250 -0.631323 -0.105944 0.492500 0.492500
pine_needles.bmp
1 -4.422371 17.265364 454.676758 -0.768250 -0.631323 -0.105944 0.007500 0.007500
1 11.529720 -11.044432 507.699524 -0.768250 -0.631323 -0.105944 0.492500 0.492500
1 -8.786951 13.678692 507.699524 -0.768250 -0.631323 -0.105944 0.007500 0.492500
pine_needles.bmp
1 -8.786951 13.678692 507.699524 0.768250 0.631323 0.105944 0.007500 0.492500
1 11.529720 -11.044432 507.699524 0.768250 0.631323 0.105944 0.492500 0.492500
1 15.894300 -7.457760 454.676758 0.768250 0.631323 0.105944 0.492500 0.007500
pine_needles.bmp
1 -8.786951 13.678692 507.699524 0.768250 0.631323 0.105944 0.007500 0.492500
1 15.894300 -7.457760 454.676758 0.768250 0.631323 0.105944 0.492500 0.007500
1 -4.422371 17.265364 454.676758 0.768250 0.631323 0.105944 0.007500 0.007500
pine_needles.bmp
1 -4.722337 -12.019529 455.298645 0.616148 -0.749784 0.241217 0.007500 0.007500
1 20.000786 8.297142 455.298645 0.616148 -0.749784 0.241217 0.492500 0.007500
1 11.829686 18.240461 507.077576 0.616148 -0.749784 0.241217 0.492500 0.492500
pine_needles.bmp
1 -4.722337 -12.019529 455.298645 0.616148 -0.749784 0.241217 0.007500 0.007500
1 11.829686 18.240461 507.077576 0.616148 -0.749784 0.241217 0.492500 0.492500
1 -12.893437 -2.076210 507.077576 0.616148 -0.749784 0.241217 0.007500 0.492500
pine_needles.bmp
1 -12.893437 -2.076210 507.077576 -0.616148 0.749784 -0.241217 0.007500 0.492500
1 11.829686 18.240461 507.077576 -0.616148 0.749784 -0.241217 0.492500 0.492500
1 20.000786 8.297142 455.298645 -0.616148 0.749784 -0.241217 0.492500 0.007500
pine_needles.bmp
1 -12.893437 -2.076210 507.077576 -0.616148 0.749784 -0.241217 0.007500 0.492500
1 20.000786 8.297142 455.298645 -0.616148 0.749784 -0.241217 0.492500 0.007500
1 -4.722337 -12.019529 455.298645 -0.616148 0.749784 -0.241217 0.007500 0.007500
pine_needles.bmp
1 5.600115 11.145282 454.631622 -0.175120 0.984381 -0.018085 0.007500 0.507500
1 -25.905228 5.540519 454.631622 -0.175120 0.984381 -0.018085 0.492500 0.507500
1 -26.074112 6.489842 507.938416 -0.175120 0.984381 -0.018085 0.492500 0.992500
pine_needles.bmp
1 5.600115 11.145282 454.631622 -0.175120 0.984381 -0.018085 0.007500 0.507500
1 -26.074112 6.489842 507.938416 -0.175120 0.984381 -0.018085 0.492500 0.992500
1 5.431232 12.094605 507.938416 -0.175120 0.984381 -0.018085 0.007500 0.992500
pine_needles.bmp
1 5.431232 12.094605 507.938416 0.175120 -0.984381 0.018085 0.007500 0.992500
1 -26.074112 6.489842 507.938416 0.175120 -0.984381 0.018085 0.492500 0.992500
1 -25.905228 5.540519 454.631622 0.175120 -0.984381 0.018085 0.492500 0.507500
pine_needles.bmp
1 5.431232 12.094605 507.938416 0.175120 -0.984381 0.018085 0.007500 0.992500
1 -25.905228 5.540519 454.631622 0.175120 -0.984381 0.018085 0.492500 0.507500
1 5.600115 11.145282 454.631622 0.175120 -0.984381 0.018085 0.007500 0.507500
pine_needles.bmp
1 -4.801444 26.035751 455.939758 -0.934913 -0.166320 -0.313490 0.007500 0.507500
1 0.803319 -5.469590 455.939758 -0.934913 -0.166320 -0.313490 0.492500 0.507500
1 -15.672551 -8.400628 506.630310 -0.934913 -0.166320 -0.313490 0.492500 0.992500
pine_needles.bmp
1 -4.801444 26.035751 455.939758 -0.934913 -0.166320 -0.313490 0.007500 0.507500
1 -15.672551 -8.400628 506.630310 -0.934913 -0.166320 -0.313490 0.492500 0.992500
1 -21.277313 23.104713 506.630310 -0.934913 -0.166320 -0.313490 0.007500 0.992500
pine_needles.bmp
1 -21.277313 23.104713 506.630310 0.934913 0.166320 0.313490 0.007500 0.992500
1 -15.672551 -8.400628 506.630310 0.934913 0.166320 0.313490 0.492500 0.992500
1 0.803319 -5.469590 455.939758 0.934913 0.166320 0.313490 0.492500 0.507500
pine_needles.bmp
1 -21.277313 23.104713 506.630310 0.934913 0.166320 0.313490 0.007500 0.992500
1 0.803319 -5.469590 455.939758 0.934913 0.166320 0.313490 0.492500 0.507500
1 -4.801444 26.035751 455.939758 0.934913 0.166320 0.313490 0.007500 0.507500
pine_needles.bmp
1 -0.570516 21.036409 468.199585 -0.933201 -0.136438 -0.332445 0.507500 0.507500
1 4.058790 -10.626969 468.199585 -0.933201 -0.136438 -0.332445 0.992500 0.507500
1 -13.503674 -13.194667 518.552673 -0.933201 -0.136438 -0.332445 0.992500 0.992500
pine_needles.bmp
1 -0.570516 21.036409 468.199585 -0.933201 -0.136438 -0.332445 0.507500 0.507500
1 -13.503674 -13.194667 518.552673 -0.933201 -0.136438 -0.332445 0.992500 0.992500
1 -18.132980 18.468710 518.552673 -0.933201 -0.136438 -0.332445 0.507500 0.992500
pine_needles.bmp
1 -18.132980 18.468710 518.552673 0.933201 0.136438 0.332445 0.507500 0.992500
1 -13.503674 -13.194667 518.552673 0.933201 0.136438 0.332445 0.992500 0.992500
1 4.058790 -10.626969 468.199585 0.933201 0.136438 0.332445 0.992500 0.507500
pine_needles.bmp
1 -18.132980 18.468710 518.552673 0.933201 0.136438 0.332445 0.507500 0.992500
1 4.058790 -10.626969 468.199585 0.933201 0.136438 0.332445 0.992500 0.507500
1 -0.570516 21.036409 468.199585 0.933201 0.136438 0.332445 0.507500 0.507500
pine_needles.bmp
1 -23.065296 2.950314 466.752197 0.144478 -0.988195 -0.050955 0.507500 0.507500
1 8.598082 7.579618 466.752197 0.144478 -0.988195 -0.050955 0.992500 0.507500
1 8.991106 4.891428 520.000000 0.144478 -0.988195 -0.050955 0.992500 0.992500
pine_needles.bmp
1 -23.065296 2.950314 466.752197 0.144478 -0.988195 -0.050955 0.507500 0.507500
1 8.991106 4.891428 520.000000 0.144478 -0.988195 -0.050955 0.992500 0.992500
1 -22.672272 0.262123 520.000000 0.144478 -0.988195 -0.050955 0.507500 0.992500
pine_needles.bmp
1 -22.672272 0.262123 520.000000 -0.144478 0.988195 0.050955 0.507500 0.992500
1 8.991106 4.891428 520.000000 -0.144478 0.988195 0.050955 0.992500 0.992500
1 8.598082 7.579618 466.752197 -0.144478 0.988195 0.050955 0.992500 0.507500
pine_needles.bmp
1 -22.672272 0.262123 520.000000 -0.144478 0.988195 0.050955 0.507500 0.992500
1 8.598082 7.579618 466.752197 -0.144478 0.988195 0.050955 0.992500 0.507500
1 -23.065296 2.950314 466.752197 -0.144478 0.988195 0.050955 0.507500 0.507500
end
