version 1
nodes
0 "root" -1
1 "body" 0
2 "neck" 1
3 "head" 2
4 "tail" 1
5 "tail_tip" 4
6 "front_L_upper" 1
7 "front_L_lower" 6
8 "front_L_cannon" 7
9 "front_L_hoof" 8
10 "hind_L_upper" 1
11 "hind_L_lower" 10
12 "hind_L_cannon" 11
13 "hind_L_hoof" 12
14 "front_R_upper" 1
15 "front_R_lower" 14
16 "front_R_cannon" 15
17 "front_R_hoof" 16
18 "hind_R_upper" 1
19 "hind_R_lower" 18
20 "hind_R_cannon" 19
21 "hind_R_hoof" 20
end
skeleton
time 0
0 0.000000 0.000000 0.000000 0 0 0
1 0.000000 0.000000 49.400002 0 0 0
2 24.299999 0.000000 6.840000 0 0 0
3 18.900002 0.000000 16.719997 0 0 0
4 -35.099998 0.000000 5.320000 0 0 0
5 -11.700001 0.000000 -14.440002 0 0 0
6 21.600000 -13.000000 -2.280003 0 0 0
7 -0.900000 0.000000 -16.719999 0 0 0
8 1.799999 0.000000 -11.400000 0 0 0
9 0.900000 0.000000 -13.680000 0 0 0
10 -26.100000 -13.000000 -0.760002 0 0 0
11 10.800000 0.000000 -15.959999 0 0 0
12 -12.599999 0.000000 -13.680000 0 0 0
13 2.699999 0.000000 -13.680000 0 0 0
14 21.600000 13.000000 -2.280003 0 0 0
15 -0.900000 0.000000 -16.719999 0 0 0
16 1.799999 0.000000 -11.400000 0 0 0
17 0.900000 0.000000 -13.680000 0 0 0
18 -26.100000 13.000000 -0.760002 0 0 0
19 10.800000 0.000000 -15.959999 0 0 0
20 -12.599999 0.000000 -13.680000 0 0 0
21 2.699999 0.000000 -13.680000 0 0 0
end
triangles
horse_atlas.bmp
1 -37.799999 4.000000 48.639999 -0.935752 0.283092 -0.210301 0.038600 0.042600
1 -38.746181 3.695518 51.436493 -0.945693 0.313269 -0.086760 0.037565 0.055111
1 -31.500000 13.858193 55.104267 -0.521348 0.783359 0.338445 0.072118 0.071519
horse_atlas.bmp
1 -37.799999 4.000000 48.639999 -0.935752 0.283092 -0.210301 0.038600 0.042600
1 -31.500000 13.858193 55.104267 -0.521348 0.783359 0.338445 0.072118 0.071519
1 -31.500000 15.000000 50.160000 -0.584550 0.810979 -0.024790 0.076000 0.049400
horse_atlas.bmp
1 -38.746181 3.695518 51.436493 -0.945693 0.313269 -0.086760 0.037565 0.055111
1 -39.548317 2.828427 53.807243 -0.949291 0.303425 0.082344 0.034617 0.065717
1 -31.500000 10.606602 59.295818 -0.430133 0.620964 0.655278 0.061062 0.090271
horse_atlas.bmp
1 -38.746181 3.695518 51.436493 -0.945693 0.313269 -0.086760 0.037565 0.055111
1 -31.500000 10.606602 59.295818 -0.430133 0.620964 0.655278 0.061062 0.090271
1 -31.500000 13.858193 55.104267 -0.521348 0.783359 0.338445 0.072118 0.071519
horse_atlas.bmp
1 -39.548317 2.828427 53.807243 -0.949291 0.303425 0.082344 0.034617 0.065717
1 -40.084286 1.530734 55.391327 -0.940741 0.202852 0.271766 0.030204 0.072803
1 -31.500000 5.740252 62.096519 -0.341352 0.346178 0.873865 0.044517 0.102800
horse_atlas.bmp
1 -39.548317 2.828427 53.807243 -0.949291 0.303425 0.082344 0.034617 0.065717
1 -31.500000 5.740252 62.096519 -0.341352 0.346178 0.873865 0.044517 0.102800
1 -31.500000 10.606602 59.295818 -0.430133 0.620964 0.655278 0.061062 0.090271
horse_atlas.bmp
1 -40.084286 1.530734 55.391327 -0.940741 0.202852 0.271766 0.030204 0.072803
1 -40.272491 0.000000 55.947582 -0.929384 -0.000000 0.369114 0.025000 0.075292
1 -31.500000 0.000000 63.080002 -0.302163 -0.000000 0.953256 0.025000 0.107200
horse_atlas.bmp
1 -40.084286 1.530734 55.391327 -0.940741 0.202852 0.271766 0.030204 0.072803
1 -31.500000 0.000000 63.080002 -0.302163 -0.000000 0.953256 0.025000 0.107200
1 -31.500000 5.740252 62.096519 -0.341352 0.346178 0.873865 0.044517 0.102800
horse_atlas.bmp
1 -40.272491 0.000000 55.947582 -0.929384 -0.000000 0.369114 0.025000 0.075292
1 -40.084286 -1.530734 55.391327 -0.940741 -0.202852 0.271767 0.219796 0.072803
1 -31.500000 -5.740252 62.096519 -0.341352 -0.346178 0.873865 0.205483 0.102800
horse_atlas.bmp
1 -40.272491 0.000000 55.947582 -0.929384 -0.000000 0.369114 0.025000 0.075292
1 -31.500000 -5.740252 62.096519 -0.341352 -0.346178 0.873865 0.205483 0.102800
1 -31.500000 0.000000 63.080002 -0.302163 -0.000000 0.953256 0.025000 0.107200
horse_atlas.bmp
1 -40.084286 -1.530734 55.391327 -0.940741 -0.202852 0.271767 0.219796 0.072803
1 -39.548317 -2.828427 53.807243 -0.949291 -0.303425 0.082344 0.215383 0.065717
1 -31.500000 -10.606602 59.295818 -0.430133 -0.620964 0.655278 0.188938 0.090271
horse_atlas.bmp
1 -40.084286 -1.530734 55.391327 -0.940741 -0.202852 0.271767 0.219796 0.072803
1 -31.500000 -10.606602 59.295818 -0.430133 -0.620964 0.655278 0.188938 0.090271
1 -31.500000 -5.740252 62.096519 -0.341352 -0.346178 0.873865 0.205483 0.102800
horse_atlas.bmp
1 -39.548317 -2.828427 53.807243 -0.949291 -0.303425 0.082344 0.215383 0.065717
1 -38.746181 -3.695518 51.436493 -0.945693 -0.313269 -0.086760 0.212435 0.055111
1 -31.500000 -13.858193 55.104267 -0.521348 -0.783359 0.338445 0.177882 0.071519
horse_atlas.bmp
1 -39.548317 -2.828427 53.807243 -0.949291 -0.303425 0.082344 0.215383 0.065717
1 -31.500000 -13.858193 55.104267 -0.521348 -0.783359 0.338445 0.177882 0.071519
1 -31.500000 -10.606602 59.295818 -0.430133 -0.620964 0.655278 0.188938 0.090271
horse_atlas.bmp
1 -38.746181 -3.695518 51.436493 -0.945693 -0.313269 -0.086760 0.212435 0.055111
1 -37.799999 -4.000000 48.639999 -0.935752 -0.283092 -0.210301 0.211400 0.042600
1 -31.500000 -15.000000 50.160000 -0.584550 -0.810979 -0.024790 0.174000 0.049400
horse_atlas.bmp
1 -38.746181 -3.695518 51.436493 -0.945693 -0.313269 -0.086760 0.212435 0.055111
1 -31.500000 -15.000000 50.160000 -0.584550 -0.810979 -0.024790 0.174000 0.049400
1 -31.500000 -13.858193 55.104267 -0.521348 -0.783359 0.338445 0.177882 0.071519
horse_atlas.bmp
1 -37.799999 -4.000000 48.639999 -0.935752 -0.283092 -0.210301 0.211400 0.042600
1 -36.853821 -3.695518 45.843510 -0.920800 -0.243310 -0.304841 0.212435 0.030089
1 -31.500000 -13.858193 45.215729 -0.604253 -0.710264 -0.361114 0.177882 0.027281
horse_atlas.bmp
1 -37.799999 -4.000000 48.639999 -0.935752 -0.283092 -0.210301 0.211400 0.042600
1 -31.500000 -13.858193 45.215729 -0.604253 -0.710264 -0.361114 0.177882 0.027281
1 -31.500000 -15.000000 50.160000 -0.584550 -0.810979 -0.024790 0.174000 0.049400
horse_atlas.bmp
1 -36.853821 -3.695518 45.843510 -0.920800 -0.243310 -0.304841 0.212435 0.030089
1 -36.051685 -2.828427 43.472755 -0.896620 -0.198149 -0.395993 0.215383 0.219483
1 -31.500000 -10.606602 41.024181 -0.582938 -0.526055 -0.619233 0.188938 0.208529
horse_atlas.bmp
1 -36.853821 -3.695518 45.843510 -0.920800 -0.243310 -0.304841 0.212435 0.030089
1 -31.500000 -10.606602 41.024181 -0.582938 -0.526055 -0.619233 0.188938 0.208529
1 -31.500000 -13.858193 45.215729 -0.604253 -0.710264 -0.361114 0.177882 0.027281
horse_atlas.bmp
1 -36.051685 -2.828427 43.472755 -0.896620 -0.198149 -0.395993 0.215383 0.219483
1 -35.515717 -1.530734 41.888676 -0.859462 -0.125059 -0.495666 0.219796 0.212397
1 -31.500000 -5.740252 38.223476 -0.535288 -0.289580 -0.793480 0.205483 0.196000
horse_atlas.bmp
1 -36.051685 -2.828427 43.472755 -0.896620 -0.198149 -0.395993 0.215383 0.219483
1 -31.500000 -5.740252 38.223476 -0.535288 -0.289580 -0.793480 0.205483 0.196000
1 -31.500000 -10.606602 41.024181 -0.582938 -0.526055 -0.619233 0.188938 0.208529
horse_atlas.bmp
1 -35.515717 -1.530734 41.888676 -0.859462 -0.125059 -0.495666 0.219796 0.212397
1 -35.327511 -0.000000 41.332417 -0.835565 -0.000000 -0.549392 0.225000 0.209908
1 -31.500000 -0.000000 37.240002 -0.502938 0.000000 -0.864322 0.225000 0.191600
horse_atlas.bmp
1 -35.515717 -1.530734 41.888676 -0.859462 -0.125059 -0.495666 0.219796 0.212397
1 -31.500000 -0.000000 37.240002 -0.502938 0.000000 -0.864322 0.225000 0.191600
1 -31.500000 -5.740252 38.223476 -0.535288 -0.289580 -0.793480 0.205483 0.196000
horse_atlas.bmp
1 -35.327511 -0.000000 41.332417 -0.835565 -0.000000 -0.549392 0.225000 0.209908
1 -35.515717 1.530734 41.888676 -0.859462 0.125059 -0.495666 0.030204 0.212397
1 -31.500000 5.740252 38.223476 -0.535288 0.289580 -0.793480 0.044517 0.196000
horse_atlas.bmp
1 -35.327511 -0.000000 41.332417 -0.835565 -0.000000 -0.549392 0.225000 0.209908
1 -31.500000 5.740252 38.223476 -0.535288 0.289580 -0.793480 0.044517 0.196000
1 -31.500000 -0.000000 37.240002 -0.502938 0.000000 -0.864322 0.225000 0.191600
horse_atlas.bmp
1 -35.515717 1.530734 41.888676 -0.859462 0.125059 -0.495666 0.030204 0.212397
1 -36.051685 2.828427 43.472755 -0.896620 0.198149 -0.395993 0.034617 0.219483
1 -31.500000 10.606602 41.024181 -0.582938 0.526055 -0.619233 0.061062 0.208529
horse_atlas.bmp
1 -35.515717 1.530734 41.888676 -0.859462 0.125059 -0.495666 0.030204 0.212397
1 -31.500000 10.606602 41.024181 -0.582938 0.526055 -0.619233 0.061062 0.208529
1 -31.500000 5.740252 38.223476 -0.535288 0.289580 -0.793480 0.044517 0.196000
horse_atlas.bmp
1 -36.051685 2.828427 43.472755 -0.896620 0.198149 -0.395993 0.034617 0.219483
1 -36.853821 3.695518 45.843510 -0.920800 0.243310 -0.304841 0.037565 0.030089
1 -31.500000 13.858193 45.215729 -0.604253 0.710264 -0.361114 0.072118 0.027281
horse_atlas.bmp
1 -36.051685 2.828427 43.472755 -0.896620 0.198149 -0.395993 0.034617 0.219483
1 -31.500000 13.858193 45.215729 -0.604253 0.710264 -0.361114 0.072118 0.027281
1 -31.500000 10.606602 41.024181 -0.582938 0.526055 -0.619233 0.061062 0.208529
horse_atlas.bmp
1 -36.853821 3.695518 45.843510 -0.920800 0.243310 -0.304841 0.037565 0.030089
1 -37.799999 4.000000 48.639999 -0.935752 0.283092 -0.210301 0.038600 0.042600
1 -31.500000 15.000000 50.160000 -0.584550 0.810979 -0.024790 0.076000 0.049400
horse_atlas.bmp
1 -36.853821 3.695518 45.843510 -0.920800 0.243310 -0.304841 0.037565 0.030089
1 -31.500000 15.000000 50.160000 -0.584550 0.810979 -0.024790 0.076000 0.049400
1 -31.500000 13.858193 45.215729 -0.604253 0.710264 -0.361114 0.072118 0.027281
horse_atlas.bmp
1 -31.500000 15.000000 50.160000 -0.584550 0.810979 -0.024790 0.106000 0.049400
1 -31.500000 13.858193 55.104267 -0.521348 0.783359 0.338445 0.106000 0.071519
1 -21.158306 16.629831 53.861805 -0.057712 0.891999 0.448338 0.145069 0.065961
horse_atlas.bmp
1 -31.500000 15.000000 50.160000 -0.584550 0.810979 -0.024790 0.106000 0.049400
1 -21.158306 16.629831 53.861805 -0.057712 0.891999 0.448338 0.145069 0.065961
1 -21.600000 18.000000 48.639999 -0.108034 0.994133 -0.005276 0.143400 0.042600
horse_atlas.bmp
1 -31.500000 13.858193 55.104267 -0.521348 0.783359 0.338445 0.106000 0.071519
1 -31.500000 10.606602 59.295818 -0.430133 0.620964 0.655278 0.106000 0.090271
1 -20.783857 12.727922 58.288639 0.001237 0.632664 0.774426 0.146483 0.085765
horse_atlas.bmp
1 -31.500000 13.858193 55.104267 -0.521348 0.783359 0.338445 0.106000 0.071519
1 -20.783857 12.727922 58.288639 0.001237 0.632664 0.774426 0.146483 0.085765
1 -21.158306 16.629831 53.861805 -0.057712 0.891999 0.448338 0.145069 0.065961
horse_atlas.bmp
1 -31.500000 10.606602 59.295818 -0.430133 0.620964 0.655278 0.106000 0.061062
1 -31.500000 5.740252 62.096519 -0.341352 0.346178 0.873865 0.106000 0.044517
1 -20.533657 6.888302 61.246552 0.045224 0.319050 0.946658 0.147428 0.048420
horse_atlas.bmp
1 -31.500000 10.606602 59.295818 -0.430133 0.620964 0.655278 0.106000 0.061062
1 -20.533657 6.888302 61.246552 0.045224 0.319050 0.946658 0.147428 0.048420
1 -20.783857 12.727922 58.288639 0.001237 0.632664 0.774426 0.146483 0.068275
horse_atlas.bmp
1 -31.500000 5.740252 62.096519 -0.341352 0.346178 0.873865 0.106000 0.044517
1 -31.500000 0.000000 63.080002 -0.302163 -0.000000 0.953256 0.106000 0.025000
1 -20.445797 0.000000 62.285233 0.060909 -0.000000 0.998143 0.147760 0.025000
horse_atlas.bmp
1 -31.500000 5.740252 62.096519 -0.341352 0.346178 0.873865 0.106000 0.044517
1 -20.445797 0.000000 62.285233 0.060909 -0.000000 0.998143 0.147760 0.025000
1 -20.533657 6.888302 61.246552 0.045224 0.319050 0.946658 0.147428 0.048420
horse_atlas.bmp
1 -31.500000 0.000000 63.080002 -0.302163 -0.000000 0.953256 0.106000 0.025000
1 -31.500000 -5.740252 62.096519 -0.341352 -0.346178 0.873865 0.106000 0.205483
1 -20.533657 -6.888302 61.246552 0.045224 -0.319050 0.946658 0.147428 0.201580
horse_atlas.bmp
1 -31.500000 0.000000 63.080002 -0.302163 -0.000000 0.953256 0.106000 0.025000
1 -20.533657 -6.888302 61.246552 0.045224 -0.319050 0.946658 0.147428 0.201580
1 -20.445797 0.000000 62.285233 0.060909 -0.000000 0.998143 0.147760 0.025000
horse_atlas.bmp
1 -31.500000 -5.740252 62.096519 -0.341352 -0.346178 0.873865 0.106000 0.205483
1 -31.500000 -10.606602 59.295818 -0.430133 -0.620964 0.655278 0.106000 0.188938
1 -20.783857 -12.727922 58.288639 0.001237 -0.632664 0.774426 0.146483 0.181725
horse_atlas.bmp
1 -31.500000 -5.740252 62.096519 -0.341352 -0.346178 0.873865 0.106000 0.205483
1 -20.783857 -12.727922 58.288639 0.001237 -0.632664 0.774426 0.146483 0.181725
1 -20.533657 -6.888302 61.246552 0.045224 -0.319050 0.946658 0.147428 0.201580
horse_atlas.bmp
1 -31.500000 -10.606602 59.295818 -0.430133 -0.620964 0.655278 0.106000 0.090271
1 -31.500000 -13.858193 55.104267 -0.521348 -0.783359 0.338445 0.106000 0.071519
1 -21.158306 -16.629831 53.861805 -0.057712 -0.891999 0.448338 0.145069 0.065961
horse_atlas.bmp
1 -31.500000 -10.606602 59.295818 -0.430133 -0.620964 0.655278 0.106000 0.090271
1 -21.158306 -16.629831 53.861805 -0.057712 -0.891999 0.448338 0.145069 0.065961
1 -20.783857 -12.727922 58.288639 0.001237 -0.632664 0.774426 0.146483 0.085765
horse_atlas.bmp
1 -31.500000 -13.858193 55.104267 -0.521348 -0.783359 0.338445 0.106000 0.071519
1 -31.500000 -15.000000 50.160000 -0.584550 -0.810979 -0.024790 0.106000 0.049400
1 -21.600000 -18.000000 48.639999 -0.108034 -0.994133 -0.005276 0.143400 0.042600
horse_atlas.bmp
1 -31.500000 -13.858193 55.104267 -0.521348 -0.783359 0.338445 0.106000 0.071519
1 -21.600000 -18.000000 48.639999 -0.108034 -0.994133 -0.005276 0.143400 0.042600
1 -21.158306 -16.629831 53.861805 -0.057712 -0.891999 0.448338 0.145069 0.065961
horse_atlas.bmp
1 -31.500000 -15.000000 50.160000 -0.584550 -0.810979 -0.024790 0.106000 0.049400
1 -31.500000 -13.858193 45.215729 -0.604253 -0.710264 -0.361114 0.106000 0.027281
1 -22.041693 -16.629831 43.418194 -0.131888 -0.881565 -0.453265 0.141731 0.219239
horse_atlas.bmp
1 -31.500000 -15.000000 50.160000 -0.584550 -0.810979 -0.024790 0.106000 0.049400
1 -22.041693 -16.629831 43.418194 -0.131888 -0.881565 -0.453265 0.141731 0.219239
1 -21.600000 -18.000000 48.639999 -0.108034 -0.994133 -0.005276 0.143400 0.042600
horse_atlas.bmp
1 -31.500000 -13.858193 45.215729 -0.604253 -0.710264 -0.361114 0.106000 0.027281
1 -31.500000 -10.606602 41.024181 -0.582938 -0.526055 -0.619233 0.106000 0.208529
1 -22.416143 -12.727922 38.991364 -0.128587 -0.622621 -0.771886 0.140317 0.199435
horse_atlas.bmp
1 -31.500000 -13.858193 45.215729 -0.604253 -0.710264 -0.361114 0.106000 0.027281
1 -22.416143 -12.727922 38.991364 -0.128587 -0.622621 -0.771886 0.140317 0.199435
1 -22.041693 -16.629831 43.418194 -0.131888 -0.881565 -0.453265 0.141731 0.219239
horse_atlas.bmp
1 -31.500000 -10.606602 41.024181 -0.582938 -0.526055 -0.619233 0.106000 0.188938
1 -31.500000 -5.740252 38.223476 -0.535288 -0.289580 -0.793480 0.106000 0.205483
1 -22.666344 -6.888302 36.033447 -0.113847 -0.314396 -0.942441 0.139372 0.201580
horse_atlas.bmp
1 -31.500000 -10.606602 41.024181 -0.582938 -0.526055 -0.619233 0.106000 0.188938
1 -22.666344 -6.888302 36.033447 -0.113847 -0.314396 -0.942441 0.139372 0.201580
1 -22.416143 -12.727922 38.991364 -0.128587 -0.622621 -0.771886 0.140317 0.181725
horse_atlas.bmp
1 -31.500000 -5.740252 38.223476 -0.535288 -0.289580 -0.793480 0.106000 0.205483
1 -31.500000 -0.000000 37.240002 -0.502938 0.000000 -0.864322 0.106000 0.225000
1 -22.754204 -0.000000 34.994766 -0.106347 0.000000 -0.994329 0.139040 0.225000
horse_atlas.bmp
1 -31.500000 -5.740252 38.223476 -0.535288 -0.289580 -0.793480 0.106000 0.205483
1 -22.754204 -0.000000 34.994766 -0.106347 0.000000 -0.994329 0.139040 0.225000
1 -22.666344 -6.888302 36.033447 -0.113847 -0.314396 -0.942441 0.139372 0.201580
horse_atlas.bmp
1 -31.500000 -0.000000 37.240002 -0.502938 0.000000 -0.864322 0.106000 0.225000
1 -31.500000 5.740252 38.223476 -0.535288 0.289580 -0.793480 0.106000 0.044517
1 -22.666344 6.888302 36.033447 -0.113847 0.314396 -0.942441 0.139372 0.048420
horse_atlas.bmp
1 -31.500000 -0.000000 37.240002 -0.502938 0.000000 -0.864322 0.106000 0.225000
1 -22.666344 6.888302 36.033447 -0.113847 0.314396 -0.942441 0.139372 0.048420
1 -22.754204 -0.000000 34.994766 -0.106347 0.000000 -0.994329 0.139040 0.225000
horse_atlas.bmp
1 -31.500000 5.740252 38.223476 -0.535288 0.289580 -0.793480 0.106000 0.044517
1 -31.500000 10.606602 41.024181 -0.582938 0.526055 -0.619233 0.106000 0.061062
1 -22.416143 12.727922 38.991364 -0.128587 0.622621 -0.771886 0.140317 0.068275
horse_atlas.bmp
1 -31.500000 5.740252 38.223476 -0.535288 0.289580 -0.793480 0.106000 0.044517
1 -22.416143 12.727922 38.991364 -0.128587 0.622621 -0.771886 0.140317 0.068275
1 -22.666344 6.888302 36.033447 -0.113847 0.314396 -0.942441 0.139372 0.048420
horse_atlas.bmp
1 -31.500000 10.606602 41.024181 -0.582938 0.526055 -0.619233 0.106000 0.208529
1 -31.500000 13.858193 45.215729 -0.604253 0.710264 -0.361114 0.106000 0.027281
1 -22.041693 16.629831 43.418194 -0.131888 0.881565 -0.453265 0.141731 0.219239
horse_atlas.bmp
1 -31.500000 10.606602 41.024181 -0.582938 0.526055 -0.619233 0.106000 0.208529
1 -22.041693 16.629831 43.418194 -0.131888 0.881565 -0.453265 0.141731 0.219239
1 -22.416143 12.727922 38.991364 -0.128587 0.622621 -0.771886 0.140317 0.199435
horse_atlas.bmp
1 -31.500000 13.858193 45.215729 -0.604253 0.710264 -0.361114 0.106000 0.027281
1 -31.500000 15.000000 50.160000 -0.584550 0.810979 -0.024790 0.106000 0.049400
1 -21.600000 18.000000 48.639999 -0.108034 0.994133 -0.005276 0.143400 0.042600
horse_atlas.bmp
1 -31.500000 13.858193 45.215729 -0.604253 0.710264 -0.361114 0.106000 0.027281
1 -21.600000 18.000000 48.639999 -0.108034 0.994133 -0.005276 0.143400 0.042600
1 -22.041693 16.629831 43.418194 -0.131888 0.881565 -0.453265 0.141731 0.219239
horse_atlas.bmp
1 -21.600000 18.000000 48.639999 -0.108034 0.994133 -0.005276 0.143400 0.042600
1 -21.158306 16.629831 53.861805 -0.057712 0.891999 0.448338 0.145069 0.065961
1 -6.624780 15.705952 53.576660 0.032571 0.890509 0.453798 0.199973 0.064685
horse_atlas.bmp
1 -21.600000 18.000000 48.639999 -0.108034 0.994133 -0.005276 0.143400 0.042600
1 -6.624780 15.705952 53.576660 0.032571 0.890509 0.453798 0.199973 0.064685
1 -6.300000 17.000000 48.639999 0.059542 0.998216 -0.004533 0.201200 0.042600
horse_atlas.bmp
1 -21.158306 16.629831 53.861805 -0.057712 0.891999 0.448338 0.145069 0.065961
1 -20.783857 12.727922 58.288639 0.001237 0.632664 0.774426 0.146483 0.085765
1 -6.900115 12.020815 57.761749 -0.001919 0.628215 0.778037 0.198933 0.083408
horse_atlas.bmp
1 -21.158306 16.629831 53.861805 -0.057712 0.891999 0.448338 0.145069 0.065961
1 -6.900115 12.020815 57.761749 -0.001919 0.628215 0.778037 0.198933 0.083408
1 -6.624780 15.705952 53.576660 0.032571 0.890509 0.453798 0.199973 0.064685
horse_atlas.bmp
1 -20.783857 12.727922 58.288639 0.001237 0.632664 0.774426 0.146483 0.068275
1 -20.533657 6.888302 61.246552 0.045224 0.319050 0.946658 0.147428 0.048420
1 -7.084089 6.505619 60.558144 -0.028571 0.316301 0.948228 0.198238 0.047119
horse_atlas.bmp
1 -20.783857 12.727922 58.288639 0.001237 0.632664 0.774426 0.146483 0.068275
1 -7.084089 6.505619 60.558144 -0.028571 0.316301 0.948228 0.198238 0.047119
1 -6.900115 12.020815 57.761749 -0.001919 0.628215 0.778037 0.198933 0.065871
horse_atlas.bmp
1 -20.533657 6.888302 61.246552 0.045224 0.319050 0.946658 0.147428 0.048420
1 -20.445797 0.000000 62.285233 0.060909 -0.000000 0.998143 0.147760 0.025000
1 -7.148691 0.000000 61.540112 -0.038322 0.000000 0.999265 0.197994 0.025000
horse_atlas.bmp
1 -20.533657 6.888302 61.246552 0.045224 0.319050 0.946658 0.147428 0.048420
1 -7.148691 0.000000 61.540112 -0.038322 0.000000 0.999265 0.197994 0.025000
1 -7.084089 6.505619 60.558144 -0.028571 0.316301 0.948228 0.198238 0.047119
horse_atlas.bmp
1 -20.445797 0.000000 62.285233 0.060909 -0.000000 0.998143 0.147760 0.025000
1 -20.533657 -6.888302 61.246552 0.045224 -0.319050 0.946658 0.147428 0.201580
1 -7.084089 -6.505619 60.558144 -0.028571 -0.316301 0.948228 0.198238 0.202881
horse_atlas.bmp
1 -20.445797 0.000000 62.285233 0.060909 -0.000000 0.998143 0.147760 0.025000
1 -7.084089 -6.505619 60.558144 -0.028571 -0.316301 0.948228 0.198238 0.202881
1 -7.148691 0.000000 61.540112 -0.038322 0.000000 0.999265 0.197994 0.025000
horse_atlas.bmp
1 -20.533657 -6.888302 61.246552 0.045224 -0.319050 0.946658 0.147428 0.201580
1 -20.783857 -12.727922 58.288639 0.001237 -0.632664 0.774426 0.146483 0.181725
1 -6.900115 -12.020815 57.761749 -0.001919 -0.628215 0.778037 0.198933 0.184129
horse_atlas.bmp
1 -20.533657 -6.888302 61.246552 0.045224 -0.319050 0.946658 0.147428 0.201580
1 -6.900115 -12.020815 57.761749 -0.001919 -0.628215 0.778037 0.198933 0.184129
1 -7.084089 -6.505619 60.558144 -0.028571 -0.316301 0.948228 0.198238 0.202881
horse_atlas.bmp
1 -20.783857 -12.727922 58.288639 0.001237 -0.632664 0.774426 0.146483 0.085765
1 -21.158306 -16.629831 53.861805 -0.057712 -0.891999 0.448338 0.145069 0.065961
1 -6.624780 -15.705952 53.576660 0.032571 -0.890509 0.453798 0.199973 0.064685
horse_atlas.bmp
1 -20.783857 -12.727922 58.288639 0.001237 -0.632664 0.774426 0.146483 0.085765
1 -6.624780 -15.705952 53.576660 0.032571 -0.890509 0.453798 0.199973 0.064685
1 -6.900115 -12.020815 57.761749 -0.001919 -0.628215 0.778037 0.198933 0.083408
horse_atlas.bmp
1 -21.158306 -16.629831 53.861805 -0.057712 -0.891999 0.448338 0.145069 0.065961
1 -21.600000 -18.000000 48.639999 -0.108034 -0.994133 -0.005276 0.143400 0.042600
1 -6.300000 -17.000000 48.639999 0.059542 -0.998216 -0.004533 0.201200 0.042600
horse_atlas.bmp
1 -21.158306 -16.629831 53.861805 -0.057712 -0.891999 0.448338 0.145069 0.065961
1 -6.300000 -17.000000 48.639999 0.059542 -0.998216 -0.004533 0.201200 0.042600
1 -6.624780 -15.705952 53.576660 0.032571 -0.890509 0.453798 0.199973 0.064685
horse_atlas.bmp
1 -21.600000 -18.000000 48.639999 -0.108034 -0.994133 -0.005276 0.143400 0.042600
1 -22.041693 -16.629831 43.418194 -0.131888 -0.881565 -0.453265 0.141731 0.219239
1 -5.975220 -15.705952 43.703342 0.067701 -0.885123 -0.460406 0.202427 0.220515
horse_atlas.bmp
1 -21.600000 -18.000000 48.639999 -0.108034 -0.994133 -0.005276 0.143400 0.042600
1 -5.975220 -15.705952 43.703342 0.067701 -0.885123 -0.460406 0.202427 0.220515
1 -6.300000 -17.000000 48.639999 0.059542 -0.998216 -0.004533 0.201200 0.042600
horse_atlas.bmp
1 -22.041693 -16.629831 43.418194 -0.131888 -0.881565 -0.453265 0.141731 0.219239
1 -22.416143 -12.727922 38.991364 -0.128587 -0.622621 -0.771886 0.140317 0.199435
1 -5.699885 -12.020815 39.518246 0.060695 -0.621823 -0.780802 0.203467 0.201792
horse_atlas.bmp
1 -22.041693 -16.629831 43.418194 -0.131888 -0.881565 -0.453265 0.141731 0.219239
1 -5.699885 -12.020815 39.518246 0.060695 -0.621823 -0.780802 0.203467 0.201792
1 -5.975220 -15.705952 43.703342 0.067701 -0.885123 -0.460406 0.202427 0.220515
horse_atlas.bmp
1 -22.416143 -12.727922 38.991364 -0.128587 -0.622621 -0.771886 0.140317 0.181725
1 -22.666344 -6.888302 36.033447 -0.113847 -0.314396 -0.942441 0.139372 0.201580
1 -5.515911 -6.505619 36.721855 0.050629 -0.312285 -0.948638 0.204162 0.202881
horse_atlas.bmp
1 -22.416143 -12.727922 38.991364 -0.128587 -0.622621 -0.771886 0.140317 0.181725
1 -5.515911 -6.505619 36.721855 0.050629 -0.312285 -0.948638 0.204162 0.202881
1 -5.699885 -12.020815 39.518246 0.060695 -0.621823 -0.780802 0.203467 0.184129
horse_atlas.bmp
1 -22.666344 -6.888302 36.033447 -0.113847 -0.314396 -0.942441 0.139372 0.201580
1 -22.754204 -0.000000 34.994766 -0.106347 0.000000 -0.994329 0.139040 0.225000
1 -5.451309 -0.000000 35.739891 0.046356 0.000000 -0.998925 0.204406 0.225000
horse_atlas.bmp
1 -22.666344 -6.888302 36.033447 -0.113847 -0.314396 -0.942441 0.139372 0.201580
1 -5.451309 -0.000000 35.739891 0.046356 0.000000 -0.998925 0.204406 0.225000
1 -5.515911 -6.505619 36.721855 0.050629 -0.312285 -0.948638 0.204162 0.202881
horse_atlas.bmp
1 -22.754204 -0.000000 34.994766 -0.106347 0.000000 -0.994329 0.139040 0.225000
1 -22.666344 6.888302 36.033447 -0.113847 0.314396 -0.942441 0.139372 0.048420
1 -5.515911 6.505619 36.721855 0.050629 0.312285 -0.948638 0.204162 0.047119
horse_atlas.bmp
1 -22.754204 -0.000000 34.994766 -0.106347 0.000000 -0.994329 0.139040 0.225000
1 -5.515911 6.505619 36.721855 0.050629 0.312285 -0.948638 0.204162 0.047119
1 -5.451309 -0.000000 35.739891 0.046356 0.000000 -0.998925 0.204406 0.225000
horse_atlas.bmp
1 -22.666344 6.888302 36.033447 -0.113847 0.314396 -0.942441 0.139372 0.048420
1 -22.416143 12.727922 38.991364 -0.128587 0.622621 -0.771886 0.140317 0.068275
1 -5.699885 12.020815 39.518246 0.060695 0.621823 -0.780802 0.203467 0.065871
horse_atlas.bmp
1 -22.666344 6.888302 36.033447 -0.113847 0.314396 -0.942441 0.139372 0.048420
1 -5.699885 12.020815 39.518246 0.060695 0.621823 -0.780802 0.203467 0.065871
1 -5.515911 6.505619 36.721855 0.050629 0.312285 -0.948638 0.204162 0.047119
horse_atlas.bmp
1 -22.416143 12.727922 38.991364 -0.128587 0.622621 -0.771886 0.140317 0.199435
1 -22.041693 16.629831 43.418194 -0.131888 0.881565 -0.453265 0.141731 0.219239
1 -5.975220 15.705952 43.703342 0.067701 0.885123 -0.460406 0.202427 0.220515
horse_atlas.bmp
1 -22.416143 12.727922 38.991364 -0.128587 0.622621 -0.771886 0.140317 0.199435
1 -5.975220 15.705952 43.703342 0.067701 0.885123 -0.460406 0.202427 0.220515
1 -5.699885 12.020815 39.518246 0.060695 0.621823 -0.780802 0.203467 0.201792
horse_atlas.bmp
1 -22.041693 16.629831 43.418194 -0.131888 0.881565 -0.453265 0.141731 0.219239
1 -21.600000 18.000000 48.639999 -0.108034 0.994133 -0.005276 0.143400 0.042600
1 -6.300000 17.000000 48.639999 0.059542 0.998216 -0.004533 0.201200 0.042600
horse_atlas.bmp
1 -22.041693 16.629831 43.418194 -0.131888 0.881565 -0.453265 0.141731 0.219239
1 -6.300000 17.000000 48.639999 0.059542 0.998216 -0.004533 0.201200 0.042600
1 -5.975220 15.705952 43.703342 0.067701 0.885123 -0.460406 0.202427 0.220515
horse_atlas.bmp
1 -6.300000 17.000000 48.639999 0.059542 0.998216 -0.004533 0.201200 0.042600
1 -6.624780 15.705952 53.576660 0.032571 0.890509 0.453798 0.199973 0.064685
1 10.031051 14.782072 55.354679 0.001328 0.902448 0.430797 0.062895 0.072639
horse_atlas.bmp
1 -6.300000 17.000000 48.639999 0.059542 0.998216 -0.004533 0.201200 0.042600
1 10.031051 14.782072 55.354679 0.001328 0.902448 0.430797 0.062895 0.072639
1 10.800000 16.000000 50.160000 0.065927 0.997814 0.004591 0.065800 0.049400
horse_atlas.bmp
1 -6.624780 15.705952 53.576660 0.032571 0.890509 0.453798 0.199973 0.064685
1 -6.900115 12.020815 57.761749 -0.001919 0.628215 0.778037 0.198933 0.083408
1 9.379166 11.313708 59.758526 -0.076286 0.656875 0.750130 0.060432 0.092341
horse_atlas.bmp
1 -6.624780 15.705952 53.576660 0.032571 0.890509 0.453798 0.199973 0.064685
1 9.379166 11.313708 59.758526 -0.076286 0.656875 0.750130 0.060432 0.092341
1 10.031051 14.782072 55.354679 0.001328 0.902448 0.430797 0.062895 0.072639
horse_atlas.bmp
1 -6.900115 12.020815 57.761749 -0.001919 0.628215 0.778037 0.198933 0.065871
1 -7.084089 6.505619 60.558144 -0.028571 0.316301 0.948228 0.198238 0.047119
1 8.943591 6.122935 62.701073 -0.135940 0.339204 0.930839 0.058787 0.045818
horse_atlas.bmp
1 -6.900115 12.020815 57.761749 -0.001919 0.628215 0.778037 0.198933 0.065871
1 8.943591 6.122935 62.701073 -0.135940 0.339204 0.930839 0.058787 0.045818
1 9.379166 11.313708 59.758526 -0.076286 0.656875 0.750130 0.060432 0.063467
horse_atlas.bmp
1 -7.084089 6.505619 60.558144 -0.028571 0.316301 0.948228 0.198238 0.047119
1 -7.148691 0.000000 61.540112 -0.038322 0.000000 0.999265 0.197994 0.025000
1 8.790638 0.000000 63.734360 -0.157834 -0.000000 0.987466 0.058209 0.025000
horse_atlas.bmp
1 -7.084089 6.505619 60.558144 -0.028571 0.316301 0.948228 0.198238 0.047119
1 8.790638 0.000000 63.734360 -0.157834 -0.000000 0.987466 0.058209 0.025000
1 8.943591 6.122935 62.701073 -0.135940 0.339204 0.930839 0.058787 0.045818
horse_atlas.bmp
1 -7.148691 0.000000 61.540112 -0.038322 0.000000 0.999265 0.197994 0.025000
1 -7.084089 -6.505619 60.558144 -0.028571 -0.316301 0.948228 0.198238 0.202881
1 8.943591 -6.122935 62.701073 -0.135940 -0.339204 0.930839 0.058787 0.204182
horse_atlas.bmp
1 -7.148691 0.000000 61.540112 -0.038322 0.000000 0.999265 0.197994 0.025000
1 8.943591 -6.122935 62.701073 -0.135940 -0.339204 0.930839 0.058787 0.204182
1 8.790638 0.000000 63.734360 -0.157834 -0.000000 0.987466 0.058209 0.025000
horse_atlas.bmp
1 -7.084089 -6.505619 60.558144 -0.028571 -0.316301 0.948228 0.198238 0.202881
1 -6.900115 -12.020815 57.761749 -0.001919 -0.628215 0.778037 0.198933 0.184129
1 9.379166 -11.313708 59.758526 -0.076286 -0.656875 0.750130 0.060432 0.186533
horse_atlas.bmp
1 -7.084089 -6.505619 60.558144 -0.028571 -0.316301 0.948228 0.198238 0.202881
1 9.379166 -11.313708 59.758526 -0.076286 -0.656875 0.750130 0.060432 0.186533
1 8.943591 -6.122935 62.701073 -0.135940 -0.339204 0.930839 0.058787 0.204182
horse_atlas.bmp
1 -6.900115 -12.020815 57.761749 -0.001919 -0.628215 0.778037 0.198933 0.083408
1 -6.624780 -15.705952 53.576660 0.032571 -0.890509 0.453798 0.199973 0.064685
1 10.031051 -14.782072 55.354679 0.001328 -0.902448 0.430797 0.062895 0.072639
horse_atlas.bmp
1 -6.900115 -12.020815 57.761749 -0.001919 -0.628215 0.778037 0.198933 0.083408
1 10.031051 -14.782072 55.354679 0.001328 -0.902448 0.430797 0.062895 0.072639
1 9.379166 -11.313708 59.758526 -0.076286 -0.656875 0.750130 0.060432 0.092341
horse_atlas.bmp
1 -6.624780 -15.705952 53.576660 0.032571 -0.890509 0.453798 0.199973 0.064685
1 -6.300000 -17.000000 48.639999 0.059542 -0.998216 -0.004533 0.201200 0.042600
1 10.800000 -16.000000 50.160000 0.065927 -0.997814 0.004591 0.065800 0.049400
horse_atlas.bmp
1 -6.624780 -15.705952 53.576660 0.032571 -0.890509 0.453798 0.199973 0.064685
1 10.800000 -16.000000 50.160000 0.065927 -0.997814 0.004591 0.065800 0.049400
1 10.031051 -14.782072 55.354679 0.001328 -0.902448 0.430797 0.062895 0.072639
horse_atlas.bmp
1 -6.300000 -17.000000 48.639999 0.059542 -0.998216 -0.004533 0.201200 0.042600
1 -5.975220 -15.705952 43.703342 0.067701 -0.885123 -0.460406 0.202427 0.220515
1 11.568950 -14.782072 44.965317 0.093618 -0.900723 -0.424186 0.068705 0.026161
horse_atlas.bmp
1 -6.300000 -17.000000 48.639999 0.059542 -0.998216 -0.004533 0.201200 0.042600
1 11.568950 -14.782072 44.965317 0.093618 -0.900723 -0.424186 0.068705 0.026161
1 10.800000 -16.000000 50.160000 0.065927 -0.997814 0.004591 0.065800 0.049400
horse_atlas.bmp
1 -5.975220 -15.705952 43.703342 0.067701 -0.885123 -0.460406 0.202427 0.220515
1 -5.699885 -12.020815 39.518246 0.060695 -0.621823 -0.780802 0.203467 0.201792
1 12.220835 -11.313708 40.561478 0.086918 -0.655166 -0.750469 0.071168 0.206459
horse_atlas.bmp
1 -5.975220 -15.705952 43.703342 0.067701 -0.885123 -0.460406 0.202427 0.220515
1 12.220835 -11.313708 40.561478 0.086918 -0.655166 -0.750469 0.071168 0.206459
1 11.568950 -14.782072 44.965317 0.093618 -0.900723 -0.424186 0.068705 0.026161
horse_atlas.bmp
1 -5.699885 -12.020815 39.518246 0.060695 -0.621823 -0.780802 0.203467 0.184129
1 -5.515911 -6.505619 36.721855 0.050629 -0.312285 -0.948638 0.204162 0.202881
1 12.656408 -6.122935 37.618927 0.068280 -0.338317 -0.938552 0.072813 0.204182
horse_atlas.bmp
1 -5.699885 -12.020815 39.518246 0.060695 -0.621823 -0.780802 0.203467 0.184129
1 12.656408 -6.122935 37.618927 0.068280 -0.338317 -0.938552 0.072813 0.204182
1 12.220835 -11.313708 40.561478 0.086918 -0.655166 -0.750469 0.071168 0.186533
horse_atlas.bmp
1 -5.515911 -6.505619 36.721855 0.050629 -0.312285 -0.948638 0.204162 0.202881
1 -5.451309 -0.000000 35.739891 0.046356 0.000000 -0.998925 0.204406 0.225000
1 12.809362 -0.000000 36.585640 0.059332 0.000000 -0.998238 0.073391 0.225000
horse_atlas.bmp
1 -5.515911 -6.505619 36.721855 0.050629 -0.312285 -0.948638 0.204162 0.202881
1 12.809362 -0.000000 36.585640 0.059332 0.000000 -0.998238 0.073391 0.225000
1 12.656408 -6.122935 37.618927 0.068280 -0.338317 -0.938552 0.072813 0.204182
horse_atlas.bmp
1 -5.451309 -0.000000 35.739891 0.046356 0.000000 -0.998925 0.204406 0.225000
1 -5.515911 6.505619 36.721855 0.050629 0.312285 -0.948638 0.204162 0.047119
1 12.656408 6.122935 37.618927 0.068280 0.338317 -0.938552 0.072813 0.045818
horse_atlas.bmp
1 -5.451309 -0.000000 35.739891 0.046356 0.000000 -0.998925 0.204406 0.225000
1 12.656408 6.122935 37.618927 0.068280 0.338317 -0.938552 0.072813 0.045818
1 12.809362 -0.000000 36.585640 0.059332 0.000000 -0.998238 0.073391 0.225000
horse_atlas.bmp
1 -5.515911 6.505619 36.721855 0.050629 0.312285 -0.948638 0.204162 0.047119
1 -5.699885 12.020815 39.518246 0.060695 0.621823 -0.780802 0.203467 0.065871
1 12.220835 11.313708 40.561478 0.086918 0.655166 -0.750469 0.071168 0.063467
horse_atlas.bmp
1 -5.515911 6.505619 36.721855 0.050629 0.312285 -0.948638 0.204162 0.047119
1 12.220835 11.313708 40.561478 0.086918 0.655166 -0.750469 0.071168 0.063467
1 12.656408 6.122935 37.618927 0.068280 0.338317 -0.938552 0.072813 0.045818
horse_atlas.bmp
1 -5.699885 12.020815 39.518246 0.060695 0.621823 -0.780802 0.203467 0.201792
1 -5.975220 15.705952 43.703342 0.067701 0.885123 -0.460406 0.202427 0.220515
1 11.568950 14.782072 44.965317 0.093618 0.900723 -0.424186 0.068705 0.026161
horse_atlas.bmp
1 -5.699885 12.020815 39.518246 0.060695 0.621823 -0.780802 0.203467 0.201792
1 11.568950 14.782072 44.965317 0.093618 0.900723 -0.424186 0.068705 0.026161
1 12.220835 11.313708 40.561478 0.086918 0.655166 -0.750469 0.071168 0.206459
horse_atlas.bmp
1 -5.975220 15.705952 43.703342 0.067701 0.885123 -0.460406 0.202427 0.220515
1 -6.300000 17.000000 48.639999 0.059542 0.998216 -0.004533 0.201200 0.042600
1 10.800000 16.000000 50.160000 0.065927 0.997814 0.004591 0.065800 0.049400
horse_atlas.bmp
1 -5.975220 15.705952 43.703342 0.067701 0.885123 -0.460406 0.202427 0.220515
1 10.800000 16.000000 50.160000 0.065927 0.997814 0.004591 0.065800 0.049400
1 11.568950 14.782072 44.965317 0.093618 0.900723 -0.424186 0.068705 0.026161
horse_atlas.bmp
1 10.800000 16.000000 50.160000 0.065927 0.997814 0.004591 0.065800 0.049400
1 10.031051 14.782072 55.354679 0.001328 0.902448 0.430797 0.062895 0.072639
1 21.907545 13.858193 57.183258 0.301277 0.868506 0.393611 0.107762 0.080820
horse_atlas.bmp
1 10.800000 16.000000 50.160000 0.065927 0.997814 0.004591 0.065800 0.049400
1 21.907545 13.858193 57.183258 0.301277 0.868506 0.393611 0.107762 0.080820
1 22.500000 15.000000 51.680000 0.367157 0.929624 0.031554 0.110000 0.056200
horse_atlas.bmp
1 10.031051 14.782072 55.354679 0.001328 0.902448 0.430797 0.062895 0.072639
1 9.379166 11.313708 59.758526 -0.076286 0.656875 0.750130 0.060432 0.092341
1 21.405285 10.606602 61.848686 0.210157 0.677318 0.705035 0.105864 0.101691
horse_atlas.bmp
1 10.031051 14.782072 55.354679 0.001328 0.902448 0.430797 0.062895 0.072639
1 21.405285 10.606602 61.848686 0.210157 0.677318 0.705035 0.105864 0.101691
1 21.907545 13.858193 57.183258 0.301277 0.868506 0.393611 0.107762 0.080820
horse_atlas.bmp
1 9.379166 11.313708 59.758526 -0.076286 0.656875 0.750130 0.060432 0.063467
1 8.943591 6.122935 62.701073 -0.135940 0.339204 0.930839 0.058787 0.045818
1 21.069685 5.740252 64.966034 0.127251 0.373573 0.918831 0.104597 0.044517
horse_atlas.bmp
1 9.379166 11.313708 59.758526 -0.076286 0.656875 0.750130 0.060432 0.063467
1 21.069685 5.740252 64.966034 0.127251 0.373573 0.918831 0.104597 0.044517
1 21.405285 10.606602 61.848686 0.210157 0.677318 0.705035 0.105864 0.061062
horse_atlas.bmp
1 8.943591 6.122935 62.701073 -0.135940 0.339204 0.930839 0.058787 0.045818
1 8.790638 0.000000 63.734360 -0.157834 -0.000000 0.987466 0.058209 0.025000
1 20.951839 0.000000 66.060692 0.092884 -0.000000 0.995677 0.104151 0.025000
horse_atlas.bmp
1 8.943591 6.122935 62.701073 -0.135940 0.339204 0.930839 0.058787 0.045818
1 20.951839 0.000000 66.060692 0.092884 -0.000000 0.995677 0.104151 0.025000
1 21.069685 5.740252 64.966034 0.127251 0.373573 0.918831 0.104597 0.044517
horse_atlas.bmp
1 8.790638 0.000000 63.734360 -0.157834 -0.000000 0.987466 0.058209 0.025000
1 8.943591 -6.122935 62.701073 -0.135940 -0.339204 0.930839 0.058787 0.204182
1 21.069685 -5.740252 64.966034 0.127251 -0.373573 0.918831 0.104597 0.205483
horse_atlas.bmp
1 8.790638 0.000000 63.734360 -0.157834 -0.000000 0.987466 0.058209 0.025000
1 21.069685 -5.740252 64.966034 0.127251 -0.373573 0.918831 0.104597 0.205483
1 20.951839 0.000000 66.060692 0.092884 -0.000000 0.995677 0.104151 0.025000
horse_atlas.bmp
1 8.943591 -6.122935 62.701073 -0.135940 -0.339204 0.930839 0.058787 0.204182
1 9.379166 -11.313708 59.758526 -0.076286 -0.656875 0.750130 0.060432 0.186533
1 21.405285 -10.606602 61.848686 0.210157 -0.677318 0.705035 0.105864 0.188938
horse_atlas.bmp
1 8.943591 -6.122935 62.701073 -0.135940 -0.339204 0.930839 0.058787 0.204182
1 21.405285 -10.606602 61.848686 0.210157 -0.677318 0.705035 0.105864 0.188938
1 21.069685 -5.740252 64.966034 0.127251 -0.373573 0.918831 0.104597 0.205483
horse_atlas.bmp
1 9.379166 -11.313708 59.758526 -0.076286 -0.656875 0.750130 0.060432 0.092341
1 10.031051 -14.782072 55.354679 0.001328 -0.902448 0.430797 0.062895 0.072639
1 21.907545 -13.858193 57.183258 0.301277 -0.868506 0.393611 0.107762 0.080820
horse_atlas.bmp
1 9.379166 -11.313708 59.758526 -0.076286 -0.656875 0.750130 0.060432 0.092341
1 21.907545 -13.858193 57.183258 0.301277 -0.868506 0.393611 0.107762 0.080820
1 21.405285 -10.606602 61.848686 0.210157 -0.677318 0.705035 0.105864 0.101691
horse_atlas.bmp
1 10.031051 -14.782072 55.354679 0.001328 -0.902448 0.430797 0.062895 0.072639
1 10.800000 -16.000000 50.160000 0.065927 -0.997814 0.004591 0.065800 0.049400
1 22.500000 -15.000000 51.680000 0.367157 -0.929624 0.031554 0.110000 0.056200
horse_atlas.bmp
1 10.031051 -14.782072 55.354679 0.001328 -0.902448 0.430797 0.062895 0.072639
1 22.500000 -15.000000 51.680000 0.367157 -0.929624 0.031554 0.110000 0.056200
1 21.907545 -13.858193 57.183258 0.301277 -0.868506 0.393611 0.107762 0.080820
horse_atlas.bmp
1 10.800000 -16.000000 50.160000 0.065927 -0.997814 0.004591 0.065800 0.049400
1 11.568950 -14.782072 44.965317 0.093618 -0.900723 -0.424186 0.068705 0.026161
1 23.092455 -13.858193 46.176746 0.389294 -0.859589 -0.330993 0.112238 0.031580
horse_atlas.bmp
1 10.800000 -16.000000 50.160000 0.065927 -0.997814 0.004591 0.065800 0.049400
1 23.092455 -13.858193 46.176746 0.389294 -0.859589 -0.330993 0.112238 0.031580
1 22.500000 -15.000000 51.680000 0.367157 -0.929624 0.031554 0.110000 0.056200
horse_atlas.bmp
1 11.568950 -14.782072 44.965317 0.093618 -0.900723 -0.424186 0.068705 0.026161
1 12.220835 -11.313708 40.561478 0.086918 -0.655166 -0.750469 0.071168 0.206459
1 23.594715 -10.606602 41.511311 0.366165 -0.668790 -0.647027 0.114136 0.210708
horse_atlas.bmp
1 11.568950 -14.782072 44.965317 0.093618 -0.900723 -0.424186 0.068705 0.026161
1 23.594715 -10.606602 41.511311 0.366165 -0.668790 -0.647027 0.114136 0.210708
1 23.092455 -13.858193 46.176746 0.389294 -0.859589 -0.330993 0.112238 0.031580
horse_atlas.bmp
1 12.220835 -11.313708 40.561478 0.086918 -0.655166 -0.750469 0.071168 0.186533
1 12.656408 -6.122935 37.618927 0.068280 -0.338317 -0.938552 0.072813 0.204182
1 23.930315 -5.740252 38.393967 0.317957 -0.371474 -0.872302 0.115403 0.205483
horse_atlas.bmp
1 12.220835 -11.313708 40.561478 0.086918 -0.655166 -0.750469 0.071168 0.186533
1 23.930315 -5.740252 38.393967 0.317957 -0.371474 -0.872302 0.115403 0.205483
1 23.594715 -10.606602 41.511311 0.366165 -0.668790 -0.647027 0.114136 0.188938
horse_atlas.bmp
1 12.656408 -6.122935 37.618927 0.068280 -0.338317 -0.938552 0.072813 0.204182
1 12.809362 -0.000000 36.585640 0.059332 0.000000 -0.998238 0.073391 0.225000
1 24.048161 -0.000000 37.299301 0.291236 0.000000 -0.956651 0.115849 0.225000
horse_atlas.bmp
1 12.656408 -6.122935 37.618927 0.068280 -0.338317 -0.938552 0.072813 0.204182
1 24.048161 -0.000000 37.299301 0.291236 0.000000 -0.956651 0.115849 0.225000
1 23.930315 -5.740252 38.393967 0.317957 -0.371474 -0.872302 0.115403 0.205483
horse_atlas.bmp
1 12.809362 -0.000000 36.585640 0.059332 0.000000 -0.998238 0.073391 0.225000
1 12.656408 6.122935 37.618927 0.068280 0.338317 -0.938552 0.072813 0.045818
1 23.930315 5.740252 38.393967 0.317957 0.371474 -0.872302 0.115403 0.044517
horse_atlas.bmp
1 12.809362 -0.000000 36.585640 0.059332 0.000000 -0.998238 0.073391 0.225000
1 23.930315 5.740252 38.393967 0.317957 0.371474 -0.872302 0.115403 0.044517
1 24.048161 -0.000000 37.299301 0.291236 0.000000 -0.956651 0.115849 0.225000
horse_atlas.bmp
1 12.656408 6.122935 37.618927 0.068280 0.338317 -0.938552 0.072813 0.045818
1 12.220835 11.313708 40.561478 0.086918 0.655166 -0.750469 0.071168 0.063467
1 23.594715 10.606602 41.511311 0.366165 0.668790 -0.647026 0.114136 0.061062
horse_atlas.bmp
1 12.656408 6.122935 37.618927 0.068280 0.338317 -0.938552 0.072813 0.045818
1 23.594715 10.606602 41.511311 0.366165 0.668790 -0.647026 0.114136 0.061062
1 23.930315 5.740252 38.393967 0.317957 0.371474 -0.872302 0.115403 0.044517
horse_atlas.bmp
1 12.220835 11.313708 40.561478 0.086918 0.655166 -0.750469 0.071168 0.206459
1 11.568950 14.782072 44.965317 0.093618 0.900723 -0.424186 0.068705 0.026161
1 23.092455 13.858193 46.176746 0.389294 0.859589 -0.330993 0.112238 0.031580
horse_atlas.bmp
1 12.220835 11.313708 40.561478 0.086918 0.655166 -0.750469 0.071168 0.206459
1 23.092455 13.858193 46.176746 0.389294 0.859589 -0.330993 0.112238 0.031580
1 23.594715 10.606602 41.511311 0.366165 0.668790 -0.647026 0.114136 0.210708
horse_atlas.bmp
1 11.568950 14.782072 44.965317 0.093618 0.900723 -0.424186 0.068705 0.026161
1 10.800000 16.000000 50.160000 0.065927 0.997814 0.004591 0.065800 0.049400
1 22.500000 15.000000 51.680000 0.367157 0.929624 0.031554 0.110000 0.056200
horse_atlas.bmp
1 11.568950 14.782072 44.965317 0.093618 0.900723 -0.424186 0.068705 0.026161
1 22.500000 15.000000 51.680000 0.367157 0.929624 0.031554 0.110000 0.056200
1 23.092455 13.858193 46.176746 0.389294 0.859589 -0.330993 0.112238 0.031580
horse_atlas.bmp
1 22.500000 15.000000 51.680000 0.367157 0.929624 0.031554 0.110000 0.056200
1 21.907545 13.858193 57.183258 0.301277 0.868506 0.393611 0.107762 0.080820
1 30.600000 7.391036 55.751751 0.874203 0.443479 0.197724 0.140600 0.074416
horse_atlas.bmp
1 22.500000 15.000000 51.680000 0.367157 0.929624 0.031554 0.110000 0.056200
1 30.600000 7.391036 55.751751 0.874203 0.443479 0.197724 0.140600 0.074416
1 30.600000 8.000000 51.680000 0.892190 0.451008 0.024271 0.140600 0.056200
horse_atlas.bmp
1 21.907545 13.858193 57.183258 0.301277 0.868506 0.393611 0.107762 0.080820
1 21.405285 10.606602 61.848686 0.210157 0.677318 0.705035 0.105864 0.101691
1 30.600000 5.656854 59.203617 0.841190 0.380991 0.383725 0.140600 0.089858
horse_atlas.bmp
1 21.907545 13.858193 57.183258 0.301277 0.868506 0.393611 0.107762 0.080820
1 30.600000 5.656854 59.203617 0.841190 0.380991 0.383725 0.140600 0.089858
1 30.600000 7.391036 55.751751 0.874203 0.443479 0.197724 0.140600 0.074416
horse_atlas.bmp
1 21.405285 10.606602 61.848686 0.210157 0.677318 0.705035 0.105864 0.061062
1 21.069685 5.740252 64.966034 0.127251 0.373573 0.918831 0.104597 0.044517
1 30.600000 3.061467 61.510075 0.803807 0.229949 0.548651 0.140600 0.035409
horse_atlas.bmp
1 21.405285 10.606602 61.848686 0.210157 0.677318 0.705035 0.105864 0.061062
1 30.600000 3.061467 61.510075 0.803807 0.229949 0.548651 0.140600 0.035409
1 30.600000 5.656854 59.203617 0.841190 0.380991 0.383725 0.140600 0.044233
horse_atlas.bmp
1 21.069685 5.740252 64.966034 0.127251 0.373573 0.918831 0.104597 0.044517
1 20.951839 0.000000 66.060692 0.092884 -0.000000 0.995677 0.104151 0.025000
1 30.600000 0.000000 62.320000 0.786116 0.000000 0.618079 0.140600 0.025000
horse_atlas.bmp
1 21.069685 5.740252 64.966034 0.127251 0.373573 0.918831 0.104597 0.044517
1 30.600000 0.000000 62.320000 0.786116 0.000000 0.618079 0.140600 0.025000
1 30.600000 3.061467 61.510075 0.803807 0.229949 0.548651 0.140600 0.035409
horse_atlas.bmp
1 20.951839 0.000000 66.060692 0.092884 -0.000000 0.995677 0.104151 0.025000
1 21.069685 -5.740252 64.966034 0.127251 -0.373573 0.918831 0.104597 0.205483
1 30.600000 -3.061467 61.510075 0.803807 -0.229949 0.548651 0.140600 0.214591
horse_atlas.bmp
1 20.951839 0.000000 66.060692 0.092884 -0.000000 0.995677 0.104151 0.025000
1 30.600000 -3.061467 61.510075 0.803807 -0.229949 0.548651 0.140600 0.214591
1 30.600000 0.000000 62.320000 0.786116 0.000000 0.618079 0.140600 0.025000
horse_atlas.bmp
1 21.069685 -5.740252 64.966034 0.127251 -0.373573 0.918831 0.104597 0.205483
1 21.405285 -10.606602 61.848686 0.210157 -0.677318 0.705035 0.105864 0.188938
1 30.600000 -5.656854 59.203617 0.841190 -0.380991 0.383725 0.140600 0.205767
horse_atlas.bmp
1 21.069685 -5.740252 64.966034 0.127251 -0.373573 0.918831 0.104597 0.205483
1 30.600000 -5.656854 59.203617 0.841190 -0.380991 0.383725 0.140600 0.205767
1 30.600000 -3.061467 61.510075 0.803807 -0.229949 0.548651 0.140600 0.214591
horse_atlas.bmp
1 21.405285 -10.606602 61.848686 0.210157 -0.677318 0.705035 0.105864 0.101691
1 21.907545 -13.858193 57.183258 0.301277 -0.868506 0.393611 0.107762 0.080820
1 30.600000 -7.391036 55.751751 0.874203 -0.443479 0.197724 0.140600 0.074416
horse_atlas.bmp
1 21.405285 -10.606602 61.848686 0.210157 -0.677318 0.705035 0.105864 0.101691
1 30.600000 -7.391036 55.751751 0.874203 -0.443479 0.197724 0.140600 0.074416
1 30.600000 -5.656854 59.203617 0.841190 -0.380991 0.383725 0.140600 0.089858
horse_atlas.bmp
1 21.907545 -13.858193 57.183258 0.301277 -0.868506 0.393611 0.107762 0.080820
1 22.500000 -15.000000 51.680000 0.367157 -0.929624 0.031554 0.110000 0.056200
1 30.600000 -8.000000 51.680000 0.892190 -0.451008 0.024271 0.140600 0.056200
horse_atlas.bmp
1 21.907545 -13.858193 57.183258 0.301277 -0.868506 0.393611 0.107762 0.080820
1 30.600000 -8.000000 51.680000 0.892190 -0.451008 0.024271 0.140600 0.056200
1 30.600000 -7.391036 55.751751 0.874203 -0.443479 0.197724 0.140600 0.074416
horse_atlas.bmp
1 22.500000 -15.000000 51.680000 0.367157 -0.929624 0.031554 0.110000 0.056200
1 23.092455 -13.858193 46.176746 0.389294 -0.859589 -0.330993 0.112238 0.031580
1 30.600000 -7.391036 47.608250 0.892983 -0.426320 -0.144334 0.140600 0.037984
horse_atlas.bmp
1 22.500000 -15.000000 51.680000 0.367157 -0.929624 0.031554 0.110000 0.056200
1 30.600000 -7.391036 47.608250 0.892983 -0.426320 -0.144334 0.140600 0.037984
1 30.600000 -8.000000 51.680000 0.892190 -0.451008 0.024271 0.140600 0.056200
horse_atlas.bmp
1 23.092455 -13.858193 46.176746 0.389294 -0.859589 -0.330993 0.112238 0.031580
1 23.594715 -10.606602 41.511311 0.366165 -0.668790 -0.647027 0.114136 0.210708
1 30.600000 -5.656854 44.156384 0.875951 -0.359108 -0.322104 0.140600 0.222542
horse_atlas.bmp
1 23.092455 -13.858193 46.176746 0.389294 -0.859589 -0.330993 0.112238 0.031580
1 30.600000 -5.656854 44.156384 0.875951 -0.359108 -0.322104 0.140600 0.222542
1 30.600000 -7.391036 47.608250 0.892983 -0.426320 -0.144334 0.140600 0.037984
horse_atlas.bmp
1 23.594715 -10.606602 41.511311 0.366165 -0.668790 -0.647027 0.188938 0.210708
1 23.930315 -5.740252 38.393967 0.317957 -0.371474 -0.872302 0.205483 0.196762
1 30.600000 -3.061467 41.849922 0.847805 -0.216131 -0.484267 0.214591 0.212223
horse_atlas.bmp
1 23.594715 -10.606602 41.511311 0.366165 -0.668790 -0.647027 0.188938 0.210708
1 30.600000 -3.061467 41.849922 0.847805 -0.216131 -0.484267 0.214591 0.212223
1 30.600000 -5.656854 44.156384 0.875951 -0.359108 -0.322104 0.205767 0.222542
horse_atlas.bmp
1 23.930315 -5.740252 38.393967 0.317957 -0.371474 -0.872302 0.115403 0.205483
1 24.048161 -0.000000 37.299301 0.291236 0.000000 -0.956651 0.115849 0.225000
1 30.600000 -0.000000 41.040001 0.832654 0.000000 -0.553794 0.140600 0.225000
horse_atlas.bmp
1 23.930315 -5.740252 38.393967 0.317957 -0.371474 -0.872302 0.115403 0.205483
1 30.600000 -0.000000 41.040001 0.832654 0.000000 -0.553794 0.140600 0.225000
1 30.600000 -3.061467 41.849922 0.847805 -0.216131 -0.484267 0.140600 0.214591
horse_atlas.bmp
1 24.048161 -0.000000 37.299301 0.291236 0.000000 -0.956651 0.115849 0.225000
1 23.930315 5.740252 38.393967 0.317957 0.371474 -0.872302 0.115403 0.044517
1 30.600000 3.061467 41.849922 0.847805 0.216131 -0.484267 0.140600 0.035409
horse_atlas.bmp
1 24.048161 -0.000000 37.299301 0.291236 0.000000 -0.956651 0.115849 0.225000
1 30.600000 3.061467 41.849922 0.847805 0.216131 -0.484267 0.140600 0.035409
1 30.600000 -0.000000 41.040001 0.832654 0.000000 -0.553794 0.140600 0.225000
horse_atlas.bmp
1 23.930315 5.740252 38.393967 0.317957 0.371474 -0.872302 0.044517 0.196762
1 23.594715 10.606602 41.511311 0.366165 0.668790 -0.647026 0.061062 0.210708
1 30.600000 5.656854 44.156384 0.875951 0.359108 -0.322104 0.044233 0.222542
horse_atlas.bmp
1 23.930315 5.740252 38.393967 0.317957 0.371474 -0.872302 0.044517 0.196762
1 30.600000 5.656854 44.156384 0.875951 0.359108 -0.322104 0.044233 0.222542
1 30.600000 3.061467 41.849922 0.847805 0.216131 -0.484267 0.035409 0.212223
horse_atlas.bmp
1 23.594715 10.606602 41.511311 0.366165 0.668790 -0.647026 0.114136 0.210708
1 23.092455 13.858193 46.176746 0.389294 0.859589 -0.330993 0.112238 0.031580
1 30.600000 7.391036 47.608250 0.892983 0.426320 -0.144334 0.140600 0.037984
horse_atlas.bmp
1 23.594715 10.606602 41.511311 0.366165 0.668790 -0.647026 0.114136 0.210708
1 30.600000 7.391036 47.608250 0.892983 0.426320 -0.144334 0.140600 0.037984
1 30.600000 5.656854 44.156384 0.875951 0.359108 -0.322104 0.140600 0.222542
horse_atlas.bmp
1 23.092455 13.858193 46.176746 0.389294 0.859589 -0.330993 0.112238 0.031580
1 22.500000 15.000000 51.680000 0.367157 0.929624 0.031554 0.110000 0.056200
1 30.600000 8.000000 51.680000 0.892190 0.451008 0.024271 0.140600 0.056200
horse_atlas.bmp
1 23.092455 13.858193 46.176746 0.389294 0.859589 -0.330993 0.112238 0.031580
1 30.600000 8.000000 51.680000 0.892190 0.451008 0.024271 0.140600 0.056200
1 30.600000 7.391036 47.608250 0.892983 0.426320 -0.144334 0.140600 0.037984
horse_atlas.bmp
1 -37.799999 4.000000 48.639999 -0.935752 0.283092 -0.210301 0.038600 0.042600
1 -36.853821 3.695518 45.843510 -0.920800 0.243310 -0.304841 0.037565 0.030089
1 -36.051685 2.828427 43.472755 -0.896620 0.198149 -0.395993 0.034617 0.219483
horse_atlas.bmp
1 -36.051685 2.828427 43.472755 -0.896620 0.198149 -0.395993 0.034617 0.219483
1 -35.515717 1.530734 41.888676 -0.859462 0.125059 -0.495666 0.030204 0.212397
1 -35.327511 -0.000000 41.332417 -0.835565 -0.000000 -0.549392 0.225000 0.209908
horse_atlas.bmp
1 -35.327511 -0.000000 41.332417 -0.835565 -0.000000 -0.549392 0.225000 0.209908
1 -35.515717 -1.530734 41.888676 -0.859462 -0.125059 -0.495666 0.219796 0.212397
1 -36.051685 -2.828427 43.472755 -0.896620 -0.198149 -0.395993 0.215383 0.219483
horse_atlas.bmp
1 -36.051685 -2.828427 43.472755 -0.896620 -0.198149 -0.395993 0.215383 0.219483
1 -36.853821 -3.695518 45.843510 -0.920800 -0.243310 -0.304841 0.212435 0.030089
1 -37.799999 -4.000000 48.639999 -0.935752 -0.283092 -0.210301 0.211400 0.042600
horse_atlas.bmp
1 -37.799999 -4.000000 48.639999 -0.935752 -0.283092 -0.210301 0.211400 0.042600
1 -38.746181 -3.695518 51.436493 -0.945693 -0.313269 -0.086760 0.212435 0.055111
1 -39.548317 -2.828427 53.807243 -0.949291 -0.303425 0.082344 0.215383 0.065717
horse_atlas.bmp
1 -39.548317 -2.828427 53.807243 -0.949291 -0.303425 0.082344 0.215383 0.065717
1 -40.084286 -1.530734 55.391327 -0.940741 -0.202852 0.271767 0.219796 0.072803
1 -40.272491 0.000000 55.947582 -0.929384 -0.000000 0.369114 0.025000 0.075292
horse_atlas.bmp
1 -40.272491 0.000000 55.947582 -0.929384 -0.000000 0.369114 0.025000 0.075292
1 -40.084286 1.530734 55.391327 -0.940741 0.202852 0.271766 0.030204 0.072803
1 -39.548317 2.828427 53.807243 -0.949291 0.303425 0.082344 0.034617 0.065717
horse_atlas.bmp
1 -39.548317 2.828427 53.807243 -0.949291 0.303425 0.082344 0.034617 0.065717
1 -38.746181 3.695518 51.436493 -0.945693 0.313269 -0.086760 0.037565 0.055111
1 -37.799999 4.000000 48.639999 -0.935752 0.283092 -0.210301 0.038600 0.042600
horse_atlas.bmp
1 -37.799999 4.000000 48.639999 -0.935752 0.283092 -0.210301 0.038600 0.042600
1 -36.051685 2.828427 43.472755 -0.896620 0.198149 -0.395993 0.034617 0.219483
1 -35.327511 -0.000000 41.332417 -0.835565 -0.000000 -0.549392 0.225000 0.209908
horse_atlas.bmp
1 -35.327511 -0.000000 41.332417 -0.835565 -0.000000 -0.549392 0.225000 0.209908
1 -36.051685 -2.828427 43.472755 -0.896620 -0.198149 -0.395993 0.215383 0.219483
1 -37.799999 -4.000000 48.639999 -0.935752 -0.283092 -0.210301 0.211400 0.042600
horse_atlas.bmp
1 -37.799999 -4.000000 48.639999 -0.935752 -0.283092 -0.210301 0.211400 0.042600
1 -39.548317 -2.828427 53.807243 -0.949291 -0.303425 0.082344 0.215383 0.065717
1 -40.272491 0.000000 55.947582 -0.929384 -0.000000 0.369114 0.025000 0.075292
horse_atlas.bmp
1 -40.272491 0.000000 55.947582 -0.929384 -0.000000 0.369114 0.025000 0.075292
1 -39.548317 2.828427 53.807243 -0.949291 0.303425 0.082344 0.034617 0.065717
1 -37.799999 4.000000 48.639999 -0.935752 0.283092 -0.210301 0.038600 0.042600
horse_atlas.bmp
1 -37.799999 4.000000 48.639999 -0.935752 0.283092 -0.210301 0.038600 0.042600
1 -35.327511 -0.000000 41.332417 -0.835565 -0.000000 -0.549392 0.225000 0.209908
1 -37.799999 -4.000000 48.639999 -0.935752 -0.283092 -0.210301 0.211400 0.042600
horse_atlas.bmp
1 -37.799999 -4.000000 48.639999 -0.935752 -0.283092 -0.210301 0.211400 0.042600
1 -40.272491 0.000000 55.947582 -0.929384 -0.000000 0.369114 0.025000 0.075292
1 -37.799999 4.000000 48.639999 -0.935752 0.283092 -0.210301 0.038600 0.042600
horse_atlas.bmp
1 30.600000 7.391036 47.608250 0.892983 0.426320 -0.144334 0.050130 0.037984
1 30.600000 8.000000 51.680000 0.892190 0.451008 0.024271 0.052200 0.056200
1 30.600000 7.391036 55.751751 0.874203 0.443479 0.197724 0.050130 0.074416
horse_atlas.bmp
1 30.600000 7.391036 55.751751 0.874203 0.443479 0.197724 0.050130 0.074416
1 30.600000 5.656854 59.203617 0.841190 0.380991 0.383725 0.044233 0.089858
1 30.600000 3.061467 61.510075 0.803807 0.229949 0.548651 0.035409 0.100177
horse_atlas.bmp
1 30.600000 3.061467 61.510075 0.803807 0.229949 0.548651 0.035409 0.100177
1 30.600000 0.000000 62.320000 0.786116 0.000000 0.618079 0.025000 0.103800
1 30.600000 -3.061467 61.510075 0.803807 -0.229949 0.548651 0.214591 0.100177
horse_atlas.bmp
1 30.600000 -3.061467 61.510075 0.803807 -0.229949 0.548651 0.214591 0.100177
1 30.600000 -5.656854 59.203617 0.841190 -0.380991 0.383725 0.205767 0.089858
1 30.600000 -7.391036 55.751751 0.874203 -0.443479 0.197724 0.199870 0.074416
horse_atlas.bmp
1 30.600000 -7.391036 55.751751 0.874203 -0.443479 0.197724 0.199870 0.074416
1 30.600000 -8.000000 51.680000 0.892190 -0.451008 0.024271 0.197800 0.056200
1 30.600000 -7.391036 47.608250 0.892983 -0.426320 -0.144334 0.199870 0.037984
horse_atlas.bmp
1 30.600000 -7.391036 47.608250 0.892983 -0.426320 -0.144334 0.199870 0.037984
1 30.600000 -5.656854 44.156384 0.875951 -0.359108 -0.322104 0.205767 0.222542
1 30.600000 -3.061467 41.849922 0.847805 -0.216131 -0.484267 0.214591 0.212223
horse_atlas.bmp
1 30.600000 -3.061467 41.849922 0.847805 -0.216131 -0.484267 0.214591 0.212223
1 30.600000 -0.000000 41.040001 0.832654 0.000000 -0.553794 0.225000 0.208600
1 30.600000 3.061467 41.849922 0.847805 0.216131 -0.484267 0.035409 0.212223
horse_atlas.bmp
1 30.600000 3.061467 41.849922 0.847805 0.216131 -0.484267 0.035409 0.212223
1 30.600000 5.656854 44.156384 0.875951 0.359108 -0.322104 0.044233 0.222542
1 30.600000 7.391036 47.608250 0.892983 0.426320 -0.144334 0.050130 0.037984
horse_atlas.bmp
1 30.600000 7.391036 47.608250 0.892983 0.426320 -0.144334 0.050130 0.037984
1 30.600000 7.391036 55.751751 0.874203 0.443479 0.197724 0.050130 0.074416
1 30.600000 3.061467 61.510075 0.803807 0.229949 0.548651 0.035409 0.100177
horse_atlas.bmp
1 30.600000 3.061467 61.510075 0.803807 0.229949 0.548651 0.035409 0.100177
1 30.600000 -3.061467 61.510075 0.803807 -0.229949 0.548651 0.214591 0.100177
1 30.600000 -7.391036 55.751751 0.874203 -0.443479 0.197724 0.199870 0.074416
horse_atlas.bmp
1 30.600000 -7.391036 55.751751 0.874203 -0.443479 0.197724 0.199870 0.074416
1 30.600000 -7.391036 47.608250 0.892983 -0.426320 -0.144334 0.199870 0.037984
1 30.600000 -3.061467 41.849922 0.847805 -0.216131 -0.484267 0.214591 0.212223
horse_atlas.bmp
1 30.600000 -3.061467 41.849922 0.847805 -0.216131 -0.484267 0.214591 0.212223
1 30.600000 3.061467 41.849922 0.847805 0.216131 -0.484267 0.035409 0.212223
1 30.600000 7.391036 47.608250 0.892983 0.426320 -0.144334 0.050130 0.037984
horse_atlas.bmp
1 30.600000 7.391036 47.608250 0.892983 0.426320 -0.144334 0.050130 0.037984
1 30.600000 3.061467 61.510075 0.803807 0.229949 0.548651 0.035409 0.100177
1 30.600000 -7.391036 55.751751 0.874203 -0.443479 0.197724 0.199870 0.074416
horse_atlas.bmp
1 30.600000 -7.391036 55.751751 0.874203 -0.443479 0.197724 0.199870 0.074416
1 30.600000 -3.061467 41.849922 0.847805 -0.216131 -0.484267 0.214591 0.212223
1 30.600000 7.391036 47.608250 0.892983 0.426320 -0.144334 0.050130 0.037984
horse_atlas.bmp
2 24.299999 12.000000 50.919998 -0.174691 0.755503 -0.631426 0.668800 0.080800
2 17.418390 10.392304 52.708038 -0.538008 0.683429 -0.493429 0.642803 0.088799
2 22.713478 10.392304 63.085075 -0.379547 0.853976 0.355906 0.662806 0.135223
horse_atlas.bmp
2 24.299999 12.000000 50.919998 -0.174691 0.755503 -0.631426 0.668800 0.080800
2 22.713478 10.392304 63.085075 -0.379547 0.853976 0.355906 0.662806 0.135223
2 27.900000 12.000000 60.799999 0.021616 0.993933 0.107844 0.682400 0.125000
horse_atlas.bmp
2 17.418390 10.392304 52.708038 -0.538008 0.683429 -0.493429 0.642803 0.088799
2 12.380703 6.000000 54.016979 -0.835769 0.419969 -0.353718 0.623772 0.094655
2 18.916679 6.000000 64.757866 -0.670700 0.493422 0.553801 0.648463 0.142706
horse_atlas.bmp
2 17.418390 10.392304 52.708038 -0.538008 0.683429 -0.493429 0.642803 0.088799
2 18.916679 6.000000 64.757866 -0.670700 0.493422 0.553801 0.648463 0.142706
2 22.713478 10.392304 63.085075 -0.379547 0.853976 0.355906 0.662806 0.135223
horse_atlas.bmp
2 12.380703 6.000000 54.016979 -0.835769 0.419969 -0.353718 0.597400 0.094655
2 10.536781 0.000000 54.496086 -0.955947 0.000000 -0.293540 0.577000 0.096798
2 17.526957 0.000000 65.370155 -0.776361 0.000000 0.630289 0.577000 0.145445
horse_atlas.bmp
2 12.380703 6.000000 54.016979 -0.835769 0.419969 -0.353718 0.597400 0.094655
2 17.526957 0.000000 65.370155 -0.776361 0.000000 0.630289 0.577000 0.145445
2 18.916679 6.000000 64.757866 -0.670700 0.493422 0.553801 0.597400 0.142706
horse_atlas.bmp
2 10.536781 0.000000 54.496086 -0.955947 0.000000 -0.293540 0.577000 0.096798
2 12.380703 -6.000000 54.016979 -0.835769 -0.419969 -0.353718 0.556600 0.094655
2 18.916679 -6.000000 64.757866 -0.670700 -0.493422 0.553801 0.556600 0.142706
horse_atlas.bmp
2 10.536781 0.000000 54.496086 -0.955947 0.000000 -0.293540 0.577000 0.096798
2 18.916679 -6.000000 64.757866 -0.670700 -0.493422 0.553801 0.556600 0.142706
2 17.526957 0.000000 65.370155 -0.776361 0.000000 0.630289 0.577000 0.145445
horse_atlas.bmp
2 12.380703 -6.000000 54.016979 -0.835769 -0.419969 -0.353718 0.623772 0.094655
2 17.418390 -10.392304 52.708038 -0.538008 -0.683429 -0.493429 0.642803 0.088799
2 22.713478 -10.392304 63.085075 -0.379547 -0.853976 0.355906 0.662806 0.135223
horse_atlas.bmp
2 12.380703 -6.000000 54.016979 -0.835769 -0.419969 -0.353718 0.623772 0.094655
2 22.713478 -10.392304 63.085075 -0.379547 -0.853976 0.355906 0.662806 0.135223
2 18.916679 -6.000000 64.757866 -0.670700 -0.493422 0.553801 0.648463 0.142706
horse_atlas.bmp
2 17.418390 -10.392304 52.708038 -0.538008 -0.683429 -0.493429 0.642803 0.088799
2 24.299999 -12.000000 50.919998 -0.174691 -0.755503 -0.631426 0.668800 0.080800
2 27.900000 -12.000000 60.799999 0.021616 -0.993933 0.107844 0.682400 0.125000
horse_atlas.bmp
2 17.418390 -10.392304 52.708038 -0.538008 -0.683429 -0.493429 0.642803 0.088799
2 27.900000 -12.000000 60.799999 0.021616 -0.993933 0.107844 0.682400 0.125000
2 22.713478 -10.392304 63.085075 -0.379547 -0.853976 0.355906 0.662806 0.135223
horse_atlas.bmp
2 24.299999 -12.000000 50.919998 -0.174691 -0.755503 -0.631426 0.668800 0.080800
2 31.181610 -10.392304 49.131962 0.200710 -0.667147 -0.717377 0.694797 0.072801
2 33.086521 -10.392304 58.514927 0.441001 -0.888798 -0.124728 0.701994 0.114777
horse_atlas.bmp
2 24.299999 -12.000000 50.919998 -0.174691 -0.755503 -0.631426 0.668800 0.080800
2 33.086521 -10.392304 58.514927 0.441001 -0.888798 -0.124728 0.701994 0.114777
2 27.900000 -12.000000 60.799999 0.021616 -0.993933 0.107844 0.682400 0.125000
horse_atlas.bmp
2 31.181610 -10.392304 49.131962 0.200710 -0.667147 -0.717377 0.694797 0.072801
2 36.219299 -6.000000 47.823021 0.524939 -0.404405 -0.748929 0.713828 0.066945
2 36.883320 -6.000000 56.842133 0.789166 -0.541393 -0.290018 0.716337 0.107294
horse_atlas.bmp
2 31.181610 -10.392304 49.131962 0.200710 -0.667147 -0.717377 0.694797 0.072801
2 36.883320 -6.000000 56.842133 0.789166 -0.541393 -0.290018 0.716337 0.107294
2 33.086521 -10.392304 58.514927 0.441001 -0.888798 -0.124728 0.701994 0.114777
horse_atlas.bmp
2 36.219299 -6.000000 47.823021 0.524939 -0.404405 -0.748929 0.556600 0.066945
2 38.063217 -0.000000 47.343914 0.657614 0.000000 -0.753355 0.577000 0.064802
2 38.273045 -0.000000 56.229847 0.936744 0.000000 -0.350015 0.577000 0.104555
horse_atlas.bmp
2 36.219299 -6.000000 47.823021 0.524939 -0.404405 -0.748929 0.556600 0.066945
2 38.273045 -0.000000 56.229847 0.936744 0.000000 -0.350015 0.577000 0.104555
2 36.883320 -6.000000 56.842133 0.789166 -0.541393 -0.290018 0.556600 0.107294
horse_atlas.bmp
2 38.063217 -0.000000 47.343914 0.657614 0.000000 -0.753355 0.577000 0.064802
2 36.219299 6.000000 47.823021 0.524939 0.404405 -0.748929 0.597400 0.066945
2 36.883320 6.000000 56.842133 0.789166 0.541393 -0.290018 0.597400 0.107294
horse_atlas.bmp
2 38.063217 -0.000000 47.343914 0.657614 0.000000 -0.753355 0.577000 0.064802
2 36.883320 6.000000 56.842133 0.789166 0.541393 -0.290018 0.597400 0.107294
2 38.273045 -0.000000 56.229847 0.936744 0.000000 -0.350015 0.577000 0.104555
horse_atlas.bmp
2 36.219299 6.000000 47.823021 0.524939 0.404405 -0.748929 0.713828 0.066945
2 31.181610 10.392304 49.131962 0.200710 0.667147 -0.717377 0.694797 0.072801
2 33.086521 10.392304 58.514927 0.441001 0.888797 -0.124728 0.701994 0.114777
horse_atlas.bmp
2 36.219299 6.000000 47.823021 0.524939 0.404405 -0.748929 0.713828 0.066945
2 33.086521 10.392304 58.514927 0.441001 0.888797 -0.124728 0.701994 0.114777
2 36.883320 6.000000 56.842133 0.789166 0.541393 -0.290018 0.716337 0.107294
horse_atlas.bmp
2 31.181610 10.392304 49.131962 0.200710 0.667147 -0.717377 0.694797 0.072801
2 24.299999 12.000000 50.919998 -0.174691 0.755503 -0.631426 0.668800 0.080800
2 27.900000 12.000000 60.799999 0.021616 0.993933 0.107844 0.682400 0.125000
horse_atlas.bmp
2 31.181610 10.392304 49.131962 0.200710 0.667147 -0.717377 0.694797 0.072801
2 27.900000 12.000000 60.799999 0.021616 0.993933 0.107844 0.682400 0.125000
2 33.086521 10.392304 58.514927 0.441001 0.888797 -0.124728 0.701994 0.114777
horse_atlas.bmp
2 27.900000 12.000000 60.799999 0.021616 0.993933 0.107844 0.682400 0.125000
2 22.713478 10.392304 63.085075 -0.379547 0.853976 0.355906 0.662806 0.135223
2 30.969477 8.660254 71.337257 -0.257977 0.832353 0.490547 0.693996 0.172140
horse_atlas.bmp
2 27.900000 12.000000 60.799999 0.021616 0.993933 0.107844 0.682400 0.125000
2 30.969477 8.660254 71.337257 -0.257977 0.832353 0.490547 0.693996 0.172140
2 35.099998 10.000000 68.400002 0.108768 0.979565 0.169178 0.709600 0.159000
horse_atlas.bmp
2 22.713478 10.392304 63.085075 -0.379547 0.853976 0.355906 0.662806 0.135223
2 18.916679 6.000000 64.757866 -0.670700 0.493422 0.553801 0.648463 0.142706
2 27.945726 5.000000 73.487480 -0.529537 0.475200 0.702692 0.682573 0.181760
horse_atlas.bmp
2 22.713478 10.392304 63.085075 -0.379547 0.853976 0.355906 0.662806 0.135223
2 27.945726 5.000000 73.487480 -0.529537 0.475200 0.702692 0.682573 0.181760
2 30.969477 8.660254 71.337257 -0.257977 0.832353 0.490547 0.693996 0.172140
horse_atlas.bmp
2 18.916679 6.000000 64.757866 -0.670700 0.493422 0.553801 0.597400 0.142706
2 17.526957 0.000000 65.370155 -0.776361 0.000000 0.630289 0.577000 0.145445
2 26.838957 0.000000 74.274521 -0.629764 0.000000 0.776786 0.577000 0.185281
horse_atlas.bmp
2 18.916679 6.000000 64.757866 -0.670700 0.493422 0.553801 0.597400 0.142706
2 26.838957 0.000000 74.274521 -0.629764 0.000000 0.776786 0.577000 0.185281
2 27.945726 5.000000 73.487480 -0.529537 0.475200 0.702692 0.594000 0.181760
horse_atlas.bmp
2 17.526957 0.000000 65.370155 -0.776361 0.000000 0.630289 0.577000 0.145445
2 18.916679 -6.000000 64.757866 -0.670700 -0.493422 0.553801 0.556600 0.142706
2 27.945726 -5.000000 73.487480 -0.529537 -0.475200 0.702692 0.560000 0.181760
horse_atlas.bmp
2 17.526957 0.000000 65.370155 -0.776361 0.000000 0.630289 0.577000 0.145445
2 27.945726 -5.000000 73.487480 -0.529537 -0.475200 0.702692 0.560000 0.181760
2 26.838957 0.000000 74.274521 -0.629764 0.000000 0.776786 0.577000 0.185281
horse_atlas.bmp
2 18.916679 -6.000000 64.757866 -0.670700 -0.493422 0.553801 0.648463 0.142706
2 22.713478 -10.392304 63.085075 -0.379547 -0.853976 0.355906 0.662806 0.135223
2 30.969477 -8.660254 71.337257 -0.257977 -0.832353 0.490547 0.693996 0.172140
horse_atlas.bmp
2 18.916679 -6.000000 64.757866 -0.670700 -0.493422 0.553801 0.648463 0.142706
2 30.969477 -8.660254 71.337257 -0.257977 -0.832353 0.490547 0.693996 0.172140
2 27.945726 -5.000000 73.487480 -0.529537 -0.475200 0.702692 0.682573 0.181760
horse_atlas.bmp
2 22.713478 -10.392304 63.085075 -0.379547 -0.853976 0.355906 0.662806 0.135223
2 27.900000 -12.000000 60.799999 0.021616 -0.993933 0.107844 0.682400 0.125000
2 35.099998 -10.000000 68.400002 0.108769 -0.979565 0.169178 0.709600 0.159000
horse_atlas.bmp
2 22.713478 -10.392304 63.085075 -0.379547 -0.853976 0.355906 0.662806 0.135223
2 35.099998 -10.000000 68.400002 0.108769 -0.979565 0.169178 0.709600 0.159000
2 30.969477 -8.660254 71.337257 -0.257977 -0.832353 0.490547 0.693996 0.172140
horse_atlas.bmp
2 27.900000 -12.000000 60.799999 0.021616 -0.993933 0.107844 0.682400 0.125000
2 33.086521 -10.392304 58.514927 0.441001 -0.888798 -0.124728 0.701994 0.114777
2 39.230522 -8.660254 65.462738 0.465829 -0.862404 -0.198150 0.525204 0.145860
horse_atlas.bmp
2 27.900000 -12.000000 60.799999 0.021616 -0.993933 0.107844 0.682400 0.125000
2 39.230522 -8.660254 65.462738 0.465829 -0.862404 -0.198150 0.525204 0.145860
2 35.099998 -10.000000 68.400002 0.108769 -0.979565 0.169178 0.709600 0.159000
horse_atlas.bmp
2 33.086521 -10.392304 58.514927 0.441001 -0.888798 -0.124728 0.701994 0.114777
2 36.883320 -6.000000 56.842133 0.789166 -0.541393 -0.290018 0.716337 0.107294
2 42.254272 -5.000000 63.312519 0.711094 -0.500005 -0.494309 0.536627 0.136240
horse_atlas.bmp
2 33.086521 -10.392304 58.514927 0.441001 -0.888798 -0.124728 0.701994 0.114777
2 42.254272 -5.000000 63.312519 0.711094 -0.500005 -0.494309 0.536627 0.136240
2 39.230522 -8.660254 65.462738 0.465829 -0.862404 -0.198150 0.525204 0.145860
horse_atlas.bmp
2 36.883320 -6.000000 56.842133 0.789166 -0.541393 -0.290018 0.556600 0.107294
2 38.273045 -0.000000 56.229847 0.936744 0.000000 -0.350015 0.577000 0.104555
2 43.361042 -0.000000 62.525482 0.795116 0.000000 -0.606457 0.577000 0.132719
horse_atlas.bmp
2 36.883320 -6.000000 56.842133 0.789166 -0.541393 -0.290018 0.556600 0.107294
2 43.361042 -0.000000 62.525482 0.795116 0.000000 -0.606457 0.577000 0.132719
2 42.254272 -5.000000 63.312519 0.711094 -0.500005 -0.494309 0.560000 0.136240
horse_atlas.bmp
2 38.273045 -0.000000 56.229847 0.936744 0.000000 -0.350015 0.577000 0.104555
2 36.883320 6.000000 56.842133 0.789166 0.541393 -0.290018 0.597400 0.107294
2 42.254272 5.000000 63.312519 0.711094 0.500005 -0.494309 0.594000 0.136240
horse_atlas.bmp
2 38.273045 -0.000000 56.229847 0.936744 0.000000 -0.350015 0.577000 0.104555
2 42.254272 5.000000 63.312519 0.711094 0.500005 -0.494309 0.594000 0.136240
2 43.361042 -0.000000 62.525482 0.795116 0.000000 -0.606457 0.577000 0.132719
horse_atlas.bmp
2 36.883320 6.000000 56.842133 0.789166 0.541393 -0.290018 0.716337 0.107294
2 33.086521 10.392304 58.514927 0.441001 0.888797 -0.124728 0.701994 0.114777
2 39.230522 8.660254 65.462738 0.465829 0.862404 -0.198150 0.525204 0.145860
horse_atlas.bmp
2 36.883320 6.000000 56.842133 0.789166 0.541393 -0.290018 0.716337 0.107294
2 39.230522 8.660254 65.462738 0.465829 0.862404 -0.198150 0.525204 0.145860
2 42.254272 5.000000 63.312519 0.711094 0.500005 -0.494309 0.536627 0.136240
horse_atlas.bmp
2 33.086521 10.392304 58.514927 0.441001 0.888797 -0.124728 0.701994 0.114777
2 27.900000 12.000000 60.799999 0.021616 0.993933 0.107844 0.682400 0.125000
2 35.099998 10.000000 68.400002 0.108768 0.979565 0.169178 0.709600 0.159000
horse_atlas.bmp
2 33.086521 10.392304 58.514927 0.441001 0.888797 -0.124728 0.701994 0.114777
2 35.099998 10.000000 68.400002 0.108768 0.979565 0.169178 0.709600 0.159000
2 39.230522 8.660254 65.462738 0.465829 0.862404 -0.198150 0.525204 0.145860
horse_atlas.bmp
2 35.099998 10.000000 68.400002 0.108768 0.979565 0.169178 0.709600 0.159000
2 30.969477 8.660254 71.337257 -0.257977 0.832353 0.490547 0.693996 0.172140
2 38.936661 6.754998 77.764587 0.205889 0.578780 0.789065 0.724094 0.200894
horse_atlas.bmp
2 35.099998 10.000000 68.400002 0.108768 0.979565 0.169178 0.709600 0.159000
2 38.936661 6.754998 77.764587 0.205889 0.578780 0.789065 0.724094 0.200894
2 42.299999 7.800000 75.239998 0.453632 0.679374 0.576775 0.536800 0.189600
horse_atlas.bmp
2 30.969477 8.660254 71.337257 -0.257977 0.832353 0.490547 0.693996 0.172140
2 27.945726 5.000000 73.487480 -0.529537 0.475200 0.702692 0.682573 0.181760
2 36.474522 3.900000 79.612709 0.017536 0.336761 0.941427 0.714793 0.209162
horse_atlas.bmp
2 30.969477 8.660254 71.337257 -0.257977 0.832353 0.490547 0.693996 0.172140
2 36.474522 3.900000 79.612709 0.017536 0.336761 0.941427 0.714793 0.209162
2 38.936661 6.754998 77.764587 0.205889 0.578780 0.789065 0.724094 0.200894
horse_atlas.bmp
2 27.945726 5.000000 73.487480 -0.529537 0.475200 0.702692 0.682573 0.070000
2 26.838957 0.000000 74.274521 -0.629764 0.000000 0.776786 0.678392 0.053000
2 35.573315 0.000000 80.289162 -0.055435 -0.000000 0.998462 0.711388 0.053000
horse_atlas.bmp
2 27.945726 5.000000 73.487480 -0.529537 0.475200 0.702692 0.682573 0.070000
2 35.573315 0.000000 80.289162 -0.055435 -0.000000 0.998462 0.711388 0.053000
2 36.474522 3.900000 79.612709 0.017536 0.336761 0.941427 0.714793 0.066260
horse_atlas.bmp
2 26.838957 0.000000 74.274521 -0.629764 0.000000 0.776786 0.678392 0.053000
2 27.945726 -5.000000 73.487480 -0.529537 -0.475200 0.702692 0.682573 0.036000
2 36.474522 -3.900000 79.612709 0.017536 -0.336761 0.941427 0.714793 0.039740
horse_atlas.bmp
2 26.838957 0.000000 74.274521 -0.629764 0.000000 0.776786 0.678392 0.053000
2 36.474522 -3.900000 79.612709 0.017536 -0.336761 0.941427 0.714793 0.039740
2 35.573315 0.000000 80.289162 -0.055435 -0.000000 0.998462 0.711388 0.053000
horse_atlas.bmp
2 27.945726 -5.000000 73.487480 -0.529537 -0.475200 0.702692 0.682573 0.181760
2 30.969477 -8.660254 71.337257 -0.257977 -0.832353 0.490547 0.693996 0.172140
2 38.936661 -6.754998 77.764587 0.205889 -0.578780 0.789064 0.724094 0.200894
horse_atlas.bmp
2 27.945726 -5.000000 73.487480 -0.529537 -0.475200 0.702692 0.682573 0.181760
2 38.936661 -6.754998 77.764587 0.205889 -0.578780 0.789064 0.724094 0.200894
2 36.474522 -3.900000 79.612709 0.017536 -0.336761 0.941427 0.714793 0.209162
horse_atlas.bmp
2 30.969477 -8.660254 71.337257 -0.257977 -0.832353 0.490547 0.693996 0.172140
2 35.099998 -10.000000 68.400002 0.108769 -0.979565 0.169178 0.709600 0.159000
2 42.299999 -7.800000 75.239998 0.453632 -0.679374 0.576775 0.536800 0.189600
horse_atlas.bmp
2 30.969477 -8.660254 71.337257 -0.257977 -0.832353 0.490547 0.693996 0.172140
2 42.299999 -7.800000 75.239998 0.453632 -0.679374 0.576775 0.536800 0.189600
2 38.936661 -6.754998 77.764587 0.205889 -0.578780 0.789064 0.724094 0.200894
horse_atlas.bmp
2 35.099998 -10.000000 68.400002 0.108769 -0.979565 0.169178 0.709600 0.159000
2 39.230522 -8.660254 65.462738 0.465829 -0.862404 -0.198150 0.525204 0.145860
2 45.663342 -6.754998 72.715416 0.711139 -0.614071 0.342343 0.549506 0.178306
horse_atlas.bmp
2 35.099998 -10.000000 68.400002 0.108769 -0.979565 0.169178 0.709600 0.159000
2 45.663342 -6.754998 72.715416 0.711139 -0.614071 0.342343 0.549506 0.178306
2 42.299999 -7.800000 75.239998 0.453632 -0.679374 0.576775 0.536800 0.189600
horse_atlas.bmp
2 39.230522 -8.660254 65.462738 0.465829 -0.862404 -0.198150 0.525204 0.145860
2 42.254272 -5.000000 63.312519 0.711094 -0.500005 -0.494309 0.536627 0.136240
2 48.125481 -3.900000 70.867294 0.917098 -0.370853 0.146284 0.558807 0.170038
horse_atlas.bmp
2 39.230522 -8.660254 65.462738 0.465829 -0.862404 -0.198150 0.525204 0.145860
2 48.125481 -3.900000 70.867294 0.917098 -0.370853 0.146284 0.558807 0.170038
2 45.663342 -6.754998 72.715416 0.711139 -0.614071 0.342343 0.549506 0.178306
horse_atlas.bmp
2 42.254272 -5.000000 63.312519 0.711094 -0.500005 -0.494309 0.560000 0.136240
2 43.361042 -0.000000 62.525482 0.795116 0.000000 -0.606457 0.577000 0.132719
2 49.026684 -0.000000 70.190834 0.997696 -0.000000 0.067841 0.577000 0.167012
horse_atlas.bmp
2 42.254272 -5.000000 63.312519 0.711094 -0.500005 -0.494309 0.560000 0.136240
2 49.026684 -0.000000 70.190834 0.997696 -0.000000 0.067841 0.577000 0.167012
2 48.125481 -3.900000 70.867294 0.917098 -0.370853 0.146284 0.563740 0.170038
horse_atlas.bmp
2 43.361042 -0.000000 62.525482 0.795116 0.000000 -0.606457 0.577000 0.132719
2 42.254272 5.000000 63.312519 0.711094 0.500005 -0.494309 0.594000 0.136240
2 48.125481 3.900000 70.867294 0.917098 0.370853 0.146284 0.590260 0.170038
horse_atlas.bmp
2 43.361042 -0.000000 62.525482 0.795116 0.000000 -0.606457 0.577000 0.132719
2 48.125481 3.900000 70.867294 0.917098 0.370853 0.146284 0.590260 0.170038
2 49.026684 -0.000000 70.190834 0.997696 -0.000000 0.067841 0.577000 0.167012
horse_atlas.bmp
2 42.254272 5.000000 63.312519 0.711094 0.500005 -0.494309 0.536627 0.136240
2 39.230522 8.660254 65.462738 0.465829 0.862404 -0.198150 0.525204 0.145860
2 45.663342 6.754998 72.715416 0.711139 0.614071 0.342343 0.549506 0.178306
horse_atlas.bmp
2 42.254272 5.000000 63.312519 0.711094 0.500005 -0.494309 0.536627 0.136240
2 45.663342 6.754998 72.715416 0.711139 0.614071 0.342343 0.549506 0.178306
2 48.125481 3.900000 70.867294 0.917098 0.370853 0.146284 0.558807 0.170038
horse_atlas.bmp
2 39.230522 8.660254 65.462738 0.465829 0.862404 -0.198150 0.525204 0.145860
2 35.099998 10.000000 68.400002 0.108768 0.979565 0.169178 0.709600 0.159000
2 42.299999 7.800000 75.239998 0.453632 0.679374 0.576775 0.536800 0.189600
horse_atlas.bmp
2 39.230522 8.660254 65.462738 0.465829 0.862404 -0.198150 0.525204 0.145860
2 42.299999 7.800000 75.239998 0.453632 0.679374 0.576775 0.536800 0.189600
2 45.663342 6.754998 72.715416 0.711139 0.614071 0.342343 0.549506 0.178306
horse_atlas.bmp
2 24.299999 12.000000 50.919998 -0.174691 0.755503 -0.631426 0.668800 0.093800
2 31.181610 10.392304 49.131962 0.200710 0.667147 -0.717377 0.694797 0.088334
2 36.219299 6.000000 47.823021 0.524939 0.404405 -0.748929 0.713828 0.073400
horse_atlas.bmp
2 36.219299 6.000000 47.823021 0.524939 0.404405 -0.748929 0.713828 0.073400
2 38.063217 -0.000000 47.343914 0.657614 0.000000 -0.753355 0.720794 0.053000
2 36.219299 -6.000000 47.823021 0.524939 -0.404405 -0.748929 0.713828 0.032600
horse_atlas.bmp
2 36.219299 -6.000000 47.823021 0.524939 -0.404405 -0.748929 0.713828 0.032600
2 31.181610 -10.392304 49.131962 0.200710 -0.667147 -0.717377 0.694797 0.217666
2 24.299999 -12.000000 50.919998 -0.174691 -0.755503 -0.631426 0.668800 0.212200
horse_atlas.bmp
2 24.299999 -12.000000 50.919998 -0.174691 -0.755503 -0.631426 0.668800 0.212200
2 17.418390 -10.392304 52.708038 -0.538008 -0.683429 -0.493429 0.642803 0.217666
2 12.380703 -6.000000 54.016979 -0.835769 -0.419969 -0.353718 0.623772 0.032600
horse_atlas.bmp
2 12.380703 -6.000000 54.016979 -0.835769 -0.419969 -0.353718 0.623772 0.032600
2 10.536781 0.000000 54.496086 -0.955947 0.000000 -0.293540 0.616806 0.053000
2 12.380703 6.000000 54.016979 -0.835769 0.419969 -0.353718 0.623772 0.073400
horse_atlas.bmp
2 12.380703 6.000000 54.016979 -0.835769 0.419969 -0.353718 0.623772 0.073400
2 17.418390 10.392304 52.708038 -0.538008 0.683429 -0.493429 0.642803 0.088334
2 24.299999 12.000000 50.919998 -0.174691 0.755503 -0.631426 0.668800 0.093800
horse_atlas.bmp
2 24.299999 12.000000 50.919998 -0.174691 0.755503 -0.631426 0.668800 0.093800
2 36.219299 6.000000 47.823021 0.524939 0.404405 -0.748929 0.713828 0.073400
2 36.219299 -6.000000 47.823021 0.524939 -0.404405 -0.748929 0.713828 0.032600
horse_atlas.bmp
2 36.219299 -6.000000 47.823021 0.524939 -0.404405 -0.748929 0.713828 0.032600
2 24.299999 -12.000000 50.919998 -0.174691 -0.755503 -0.631426 0.668800 0.212200
2 12.380703 -6.000000 54.016979 -0.835769 -0.419969 -0.353718 0.623772 0.032600
horse_atlas.bmp
2 12.380703 -6.000000 54.016979 -0.835769 -0.419969 -0.353718 0.623772 0.032600
2 12.380703 6.000000 54.016979 -0.835769 0.419969 -0.353718 0.623772 0.073400
2 24.299999 12.000000 50.919998 -0.174691 0.755503 -0.631426 0.668800 0.093800
horse_atlas.bmp
2 36.219299 -6.000000 47.823021 0.524939 -0.404405 -0.748929 0.713828 0.032600
2 12.380703 -6.000000 54.016979 -0.835769 -0.419969 -0.353718 0.623772 0.032600
2 24.299999 12.000000 50.919998 -0.174691 0.755503 -0.631426 0.668800 0.093800
horse_atlas.bmp
2 45.663342 6.754998 72.715416 0.711139 0.614071 0.342343 0.549506 0.075967
2 42.299999 7.800000 75.239998 0.453632 0.679374 0.576775 0.536800 0.079520
2 38.936661 6.754998 77.764587 0.205889 0.578780 0.789065 0.724094 0.075967
horse_atlas.bmp
2 38.936661 6.754998 77.764587 0.205889 0.578780 0.789065 0.724094 0.075967
2 36.474522 3.900000 79.612709 0.017536 0.336761 0.941427 0.714793 0.066260
2 35.573315 0.000000 80.289162 -0.055435 -0.000000 0.998462 0.711388 0.053000
horse_atlas.bmp
2 35.573315 0.000000 80.289162 -0.055435 -0.000000 0.998462 0.711388 0.053000
2 36.474522 -3.900000 79.612709 0.017536 -0.336761 0.941427 0.714793 0.039740
2 38.936661 -6.754998 77.764587 0.205889 -0.578780 0.789064 0.724094 0.030033
horse_atlas.bmp
2 38.936661 -6.754998 77.764587 0.205889 -0.578780 0.789064 0.724094 0.030033
2 42.299999 -7.800000 75.239998 0.453632 -0.679374 0.576775 0.536800 0.026480
2 45.663342 -6.754998 72.715416 0.711139 -0.614071 0.342343 0.549506 0.030033
horse_atlas.bmp
2 45.663342 -6.754998 72.715416 0.711139 -0.614071 0.342343 0.549506 0.030033
2 48.125481 -3.900000 70.867294 0.917098 -0.370853 0.146284 0.558807 0.039740
2 49.026684 -0.000000 70.190834 0.997696 -0.000000 0.067841 0.562212 0.053000
horse_atlas.bmp
2 49.026684 -0.000000 70.190834 0.997696 -0.000000 0.067841 0.562212 0.053000
2 48.125481 3.900000 70.867294 0.917098 0.370853 0.146284 0.558807 0.066260
2 45.663342 6.754998 72.715416 0.711139 0.614071 0.342343 0.549506 0.075967
horse_atlas.bmp
2 45.663342 6.754998 72.715416 0.711139 0.614071 0.342343 0.549506 0.075967
2 38.936661 6.754998 77.764587 0.205889 0.578780 0.789065 0.724094 0.075967
2 35.573315 0.000000 80.289162 -0.055435 -0.000000 0.998462 0.711388 0.053000
horse_atlas.bmp
2 35.573315 0.000000 80.289162 -0.055435 -0.000000 0.998462 0.711388 0.053000
2 38.936661 -6.754998 77.764587 0.205889 -0.578780 0.789064 0.724094 0.030033
2 45.663342 -6.754998 72.715416 0.711139 -0.614071 0.342343 0.549506 0.030033
horse_atlas.bmp
2 45.663342 -6.754998 72.715416 0.711139 -0.614071 0.342343 0.549506 0.030033
2 49.026684 -0.000000 70.190834 0.997696 -0.000000 0.067841 0.562212 0.053000
2 45.663342 6.754998 72.715416 0.711139 0.614071 0.342343 0.549506 0.075967
horse_atlas.bmp
2 35.573315 0.000000 80.289162 -0.055435 -0.000000 0.998462 0.711388 0.053000
2 45.663342 -6.754998 72.715416 0.711139 -0.614071 0.342343 0.549506 0.030033
2 45.663342 6.754998 72.715416 0.711139 0.614071 0.342343 0.549506 0.075967
horse_atlas.bmp
3 43.200001 7.000000 75.239998 -0.696373 0.717548 0.013774 0.188200 0.161600
3 43.200001 6.062178 78.660004 -0.686558 0.614961 0.387893 0.188200 0.176900
3 52.504398 6.928203 78.901367 0.123019 0.849856 0.512456 0.223350 0.177980
horse_atlas.bmp
3 43.200001 7.000000 75.239998 -0.696373 0.717548 0.013774 0.188200 0.161600
3 52.504398 6.928203 78.901367 0.123019 0.849856 0.512456 0.223350 0.177980
3 51.299999 8.000000 75.239998 -0.003046 0.999775 0.021007 0.218800 0.161600
horse_atlas.bmp
3 43.200001 6.062178 78.660004 -0.686558 0.614961 0.387893 0.188200 0.176900
3 43.200001 3.500000 81.163612 -0.676100 0.348913 0.648960 0.188200 0.188100
3 53.386078 4.000000 81.581680 0.219686 0.479551 0.849570 0.026681 0.189971
horse_atlas.bmp
3 43.200001 6.062178 78.660004 -0.686558 0.614961 0.387893 0.188200 0.176900
3 53.386078 4.000000 81.581680 0.219686 0.479551 0.849570 0.026681 0.189971
3 52.504398 6.928203 78.901367 0.123019 0.849856 0.512456 0.223350 0.177980
horse_atlas.bmp
3 43.200001 3.500000 81.163612 -0.676100 0.348913 0.648960 0.188200 0.036900
3 43.200001 0.000000 82.080002 -0.671888 0.000000 0.740652 0.188200 0.025000
3 53.708794 0.000000 82.562737 0.254781 0.000000 0.966999 0.027900 0.025000
horse_atlas.bmp
3 43.200001 3.500000 81.163612 -0.676100 0.348913 0.648960 0.188200 0.036900
3 53.708794 0.000000 82.562737 0.254781 0.000000 0.966999 0.027900 0.025000
3 53.386078 4.000000 81.581680 0.219686 0.479551 0.849570 0.026681 0.038600
horse_atlas.bmp
3 43.200001 0.000000 82.080002 -0.671888 0.000000 0.740652 0.188200 0.025000
3 43.200001 -3.500000 81.163612 -0.676100 -0.348912 0.648960 0.188200 0.213100
3 53.386078 -4.000000 81.581680 0.219686 -0.479551 0.849570 0.026681 0.211400
horse_atlas.bmp
3 43.200001 0.000000 82.080002 -0.671888 0.000000 0.740652 0.188200 0.025000
3 53.386078 -4.000000 81.581680 0.219686 -0.479551 0.849570 0.026681 0.211400
3 53.708794 0.000000 82.562737 0.254781 0.000000 0.966999 0.027900 0.025000
horse_atlas.bmp
3 43.200001 -3.500000 81.163612 -0.676100 -0.348912 0.648960 0.188200 0.188100
3 43.200001 -6.062178 78.660004 -0.686558 -0.614961 0.387893 0.188200 0.176900
3 52.504398 -6.928203 78.901367 0.123019 -0.849856 0.512456 0.223350 0.177980
horse_atlas.bmp
3 43.200001 -3.500000 81.163612 -0.676100 -0.348912 0.648960 0.188200 0.188100
3 52.504398 -6.928203 78.901367 0.123019 -0.849856 0.512456 0.223350 0.177980
3 53.386078 -4.000000 81.581680 0.219686 -0.479551 0.849570 0.026681 0.189971
horse_atlas.bmp
3 43.200001 -6.062178 78.660004 -0.686558 -0.614961 0.387893 0.188200 0.176900
3 43.200001 -7.000000 75.239998 -0.696373 -0.717548 0.013774 0.188200 0.161600
3 51.299999 -8.000000 75.239998 -0.003046 -0.999775 0.021007 0.218800 0.161600
horse_atlas.bmp
3 43.200001 -6.062178 78.660004 -0.686558 -0.614961 0.387893 0.188200 0.176900
3 51.299999 -8.000000 75.239998 -0.003046 -0.999775 0.021007 0.218800 0.161600
3 52.504398 -6.928203 78.901367 0.123019 -0.849856 0.512456 0.223350 0.177980
horse_atlas.bmp
3 43.200001 -7.000000 75.239998 -0.696373 -0.717548 0.013774 0.188200 0.161600
3 43.200001 -6.062178 71.820000 -0.697479 -0.616649 -0.365057 0.188200 0.146300
3 50.095604 -6.928203 71.578636 -0.105704 -0.866193 -0.488401 0.214250 0.145220
horse_atlas.bmp
3 43.200001 -7.000000 75.239998 -0.696373 -0.717548 0.013774 0.188200 0.161600
3 50.095604 -6.928203 71.578636 -0.105704 -0.866193 -0.488401 0.214250 0.145220
3 51.299999 -8.000000 75.239998 -0.003046 -0.999775 0.021007 0.218800 0.161600
horse_atlas.bmp
3 43.200001 -6.062178 71.820000 -0.697479 -0.616649 -0.365057 0.188200 0.146300
3 43.200001 -3.500000 69.316383 -0.690623 -0.349300 -0.633269 0.188200 0.135100
3 49.213924 -4.000000 68.898323 -0.152781 -0.493046 -0.856483 0.210919 0.133229
horse_atlas.bmp
3 43.200001 -6.062178 71.820000 -0.697479 -0.616649 -0.365057 0.188200 0.146300
3 49.213924 -4.000000 68.898323 -0.152781 -0.493046 -0.856483 0.210919 0.133229
3 50.095604 -6.928203 71.578636 -0.105704 -0.866193 -0.488401 0.214250 0.145220
horse_atlas.bmp
3 43.200001 -3.500000 69.316383 -0.690623 -0.349300 -0.633269 0.188200 0.213100
3 43.200001 -0.000000 68.400002 -0.686274 0.000000 -0.727343 0.188200 0.225000
3 48.891205 -0.000000 67.917267 -0.161716 0.000000 -0.986837 0.209700 0.225000
horse_atlas.bmp
3 43.200001 -3.500000 69.316383 -0.690623 -0.349300 -0.633269 0.188200 0.213100
3 48.891205 -0.000000 67.917267 -0.161716 0.000000 -0.986837 0.209700 0.225000
3 49.213924 -4.000000 68.898323 -0.152781 -0.493046 -0.856483 0.210919 0.211400
horse_atlas.bmp
3 43.200001 -0.000000 68.400002 -0.686274 0.000000 -0.727343 0.188200 0.225000
3 43.200001 3.500000 69.316383 -0.690622 0.349301 -0.633269 0.188200 0.036900
3 49.213924 4.000000 68.898323 -0.152781 0.493046 -0.856483 0.210919 0.038600
horse_atlas.bmp
3 43.200001 -0.000000 68.400002 -0.686274 0.000000 -0.727343 0.188200 0.225000
3 49.213924 4.000000 68.898323 -0.152781 0.493046 -0.856483 0.210919 0.038600
3 48.891205 -0.000000 67.917267 -0.161716 0.000000 -0.986837 0.209700 0.225000
horse_atlas.bmp
3 43.200001 3.500000 69.316383 -0.690622 0.349301 -0.633269 0.188200 0.135100
3 43.200001 6.062178 71.820000 -0.697479 0.616649 -0.365057 0.188200 0.146300
3 50.095604 6.928203 71.578636 -0.105703 0.866193 -0.488401 0.214250 0.145220
horse_atlas.bmp
3 43.200001 3.500000 69.316383 -0.690622 0.349301 -0.633269 0.188200 0.135100
3 50.095604 6.928203 71.578636 -0.105703 0.866193 -0.488401 0.214250 0.145220
3 49.213924 4.000000 68.898323 -0.152781 0.493046 -0.856483 0.210919 0.133229
horse_atlas.bmp
3 43.200001 6.062178 71.820000 -0.697479 0.616649 -0.365057 0.188200 0.146300
3 43.200001 7.000000 75.239998 -0.696373 0.717548 0.013774 0.188200 0.161600
3 51.299999 8.000000 75.239998 -0.003046 0.999775 0.021007 0.218800 0.161600
horse_atlas.bmp
3 43.200001 6.062178 71.820000 -0.697479 0.616649 -0.365057 0.188200 0.146300
3 51.299999 8.000000 75.239998 -0.003046 0.999775 0.021007 0.218800 0.161600
3 50.095604 6.928203 71.578636 -0.105703 0.866193 -0.488401 0.214250 0.145220
horse_atlas.bmp
3 51.299999 8.000000 75.239998 -0.003046 0.999775 0.021007 0.218800 0.161600
3 52.504398 6.928203 78.901367 0.123019 0.849856 0.512456 0.223350 0.177980
3 61.396923 6.062178 73.969437 0.369994 0.841796 0.393044 0.056944 0.155916
horse_atlas.bmp
3 51.299999 8.000000 75.239998 -0.003046 0.999775 0.021007 0.218800 0.161600
3 61.396923 6.062178 73.969437 0.369994 0.841796 0.393044 0.056944 0.155916
3 59.400002 7.000000 71.440002 0.115630 0.991337 -0.062303 0.049400 0.144600
horse_atlas.bmp
3 52.504398 6.928203 78.901367 0.123019 0.849856 0.512456 0.223350 0.177980
3 53.386078 4.000000 81.581680 0.219686 0.479551 0.849570 0.026681 0.189971
3 62.858772 3.500000 75.821106 0.545897 0.468130 0.694875 0.062466 0.164200
horse_atlas.bmp
3 52.504398 6.928203 78.901367 0.123019 0.849856 0.512456 0.223350 0.177980
3 62.858772 3.500000 75.821106 0.545897 0.468130 0.694875 0.062466 0.164200
3 61.396923 6.062178 73.969437 0.369994 0.841796 0.393044 0.056944 0.155916
horse_atlas.bmp
3 53.386078 4.000000 81.581680 0.219686 0.479551 0.849570 0.026681 0.038600
3 53.708794 0.000000 82.562737 0.254781 0.000000 0.966999 0.027900 0.025000
3 63.393841 0.000000 76.498863 0.605822 0.000000 0.795600 0.064488 0.025000
horse_atlas.bmp
3 53.386078 4.000000 81.581680 0.219686 0.479551 0.849570 0.026681 0.038600
3 63.393841 0.000000 76.498863 0.605822 0.000000 0.795600 0.064488 0.025000
3 62.858772 3.500000 75.821106 0.545897 0.468130 0.694875 0.062466 0.036900
horse_atlas.bmp
3 53.708794 0.000000 82.562737 0.254781 0.000000 0.966999 0.027900 0.025000
3 53.386078 -4.000000 81.581680 0.219686 -0.479551 0.849570 0.026681 0.211400
3 62.858772 -3.500000 75.821106 0.545897 -0.468130 0.694875 0.062466 0.213100
horse_atlas.bmp
3 53.708794 0.000000 82.562737 0.254781 0.000000 0.966999 0.027900 0.025000
3 62.858772 -3.500000 75.821106 0.545897 -0.468130 0.694875 0.062466 0.213100
3 63.393841 0.000000 76.498863 0.605822 0.000000 0.795600 0.064488 0.025000
horse_atlas.bmp
3 53.386078 -4.000000 81.581680 0.219686 -0.479551 0.849570 0.026681 0.189971
3 52.504398 -6.928203 78.901367 0.123019 -0.849856 0.512456 0.223350 0.177980
3 61.396923 -6.062178 73.969437 0.369994 -0.841796 0.393044 0.056944 0.155916
horse_atlas.bmp
3 53.386078 -4.000000 81.581680 0.219686 -0.479551 0.849570 0.026681 0.189971
3 61.396923 -6.062178 73.969437 0.369994 -0.841796 0.393044 0.056944 0.155916
3 62.858772 -3.500000 75.821106 0.545897 -0.468130 0.694875 0.062466 0.164200
horse_atlas.bmp
3 52.504398 -6.928203 78.901367 0.123019 -0.849856 0.512456 0.223350 0.177980
3 51.299999 -8.000000 75.239998 -0.003046 -0.999775 0.021007 0.218800 0.161600
3 59.400002 -7.000000 71.440002 0.115630 -0.991337 -0.062303 0.049400 0.144600
horse_atlas.bmp
3 52.504398 -6.928203 78.901367 0.123019 -0.849856 0.512456 0.223350 0.177980
3 59.400002 -7.000000 71.440002 0.115630 -0.991337 -0.062303 0.049400 0.144600
3 61.396923 -6.062178 73.969437 0.369994 -0.841796 0.393044 0.056944 0.155916
horse_atlas.bmp
3 51.299999 -8.000000 75.239998 -0.003046 -0.999775 0.021007 0.218800 0.161600
3 50.095604 -6.928203 71.578636 -0.105704 -0.866193 -0.488401 0.214250 0.145220
3 57.403080 -6.062178 68.910568 -0.125268 -0.841756 -0.525123 0.041856 0.133284
horse_atlas.bmp
3 51.299999 -8.000000 75.239998 -0.003046 -0.999775 0.021007 0.218800 0.161600
3 57.403080 -6.062178 68.910568 -0.125268 -0.841756 -0.525123 0.041856 0.133284
3 59.400002 -7.000000 71.440002 0.115630 -0.991337 -0.062303 0.049400 0.144600
horse_atlas.bmp
3 50.095604 -6.928203 71.578636 -0.105704 -0.866193 -0.488401 0.214250 0.145220
3 49.213924 -4.000000 68.898323 -0.152781 -0.493046 -0.856483 0.210919 0.133229
3 55.941231 -3.500000 67.058899 -0.273849 -0.467353 -0.840588 0.036334 0.125000
horse_atlas.bmp
3 50.095604 -6.928203 71.578636 -0.105704 -0.866193 -0.488401 0.214250 0.145220
3 55.941231 -3.500000 67.058899 -0.273849 -0.467353 -0.840588 0.036334 0.125000
3 57.403080 -6.062178 68.910568 -0.125268 -0.841756 -0.525123 0.041856 0.133284
horse_atlas.bmp
3 49.213924 -4.000000 68.898323 -0.152781 -0.493046 -0.856483 0.210919 0.211400
3 48.891205 -0.000000 67.917267 -0.161716 0.000000 -0.986837 0.209700 0.225000
3 55.406158 -0.000000 66.381134 -0.319852 0.000000 -0.947468 0.034312 0.225000
horse_atlas.bmp
3 49.213924 -4.000000 68.898323 -0.152781 -0.493046 -0.856483 0.210919 0.211400
3 55.406158 -0.000000 66.381134 -0.319852 0.000000 -0.947468 0.034312 0.225000
3 55.941231 -3.500000 67.058899 -0.273849 -0.467353 -0.840588 0.036334 0.213100
horse_atlas.bmp
3 48.891205 -0.000000 67.917267 -0.161716 0.000000 -0.986837 0.209700 0.225000
3 49.213924 4.000000 68.898323 -0.152781 0.493046 -0.856483 0.210919 0.038600
3 55.941231 3.500000 67.058899 -0.273849 0.467353 -0.840588 0.036334 0.036900
horse_atlas.bmp
3 48.891205 -0.000000 67.917267 -0.161716 0.000000 -0.986837 0.209700 0.225000
3 55.941231 3.500000 67.058899 -0.273849 0.467353 -0.840588 0.036334 0.036900
3 55.406158 -0.000000 66.381134 -0.319852 0.000000 -0.947468 0.034312 0.225000
horse_atlas.bmp
3 49.213924 4.000000 68.898323 -0.152781 0.493046 -0.856483 0.210919 0.133229
3 50.095604 6.928203 71.578636 -0.105703 0.866193 -0.488401 0.214250 0.145220
3 57.403080 6.062178 68.910568 -0.125268 0.841756 -0.525123 0.041856 0.133284
horse_atlas.bmp
3 49.213924 4.000000 68.898323 -0.152781 0.493046 -0.856483 0.210919 0.133229
3 57.403080 6.062178 68.910568 -0.125268 0.841756 -0.525123 0.041856 0.133284
3 55.941231 3.500000 67.058899 -0.273849 0.467353 -0.840588 0.036334 0.125000
horse_atlas.bmp
3 50.095604 6.928203 71.578636 -0.105703 0.866193 -0.488401 0.214250 0.145220
3 51.299999 8.000000 75.239998 -0.003046 0.999775 0.021007 0.218800 0.161600
3 59.400002 7.000000 71.440002 0.115630 0.991337 -0.062303 0.049400 0.144600
horse_atlas.bmp
3 50.095604 6.928203 71.578636 -0.105703 0.866193 -0.488401 0.214250 0.145220
3 59.400002 7.000000 71.440002 0.115630 0.991337 -0.062303 0.049400 0.144600
3 57.403080 6.062178 68.910568 -0.125268 0.841756 -0.525123 0.041856 0.133284
horse_atlas.bmp
3 59.400002 7.000000 71.440002 0.115630 0.991337 -0.062303 0.049400 0.144600
3 61.396923 6.062178 73.969437 0.369994 0.841796 0.393044 0.056944 0.155916
3 69.069344 4.763140 67.975311 0.405410 0.835844 0.370144 0.085929 0.129100
horse_atlas.bmp
3 59.400002 7.000000 71.440002 0.115630 0.991337 -0.062303 0.049400 0.144600
3 69.069344 4.763140 67.975311 0.405410 0.835844 0.370144 0.085929 0.129100
3 67.500000 5.500000 66.120003 0.115629 0.987710 -0.105161 0.080000 0.120800
horse_atlas.bmp
3 61.396923 6.062178 73.969437 0.369994 0.841796 0.393044 0.056944 0.155916
3 62.858772 3.500000 75.821106 0.545897 0.468130 0.694875 0.062466 0.164200
3 70.218185 2.750000 69.333496 0.601517 0.452086 0.658631 0.090269 0.135176
horse_atlas.bmp
3 61.396923 6.062178 73.969437 0.369994 0.841796 0.393044 0.056944 0.155916
3 70.218185 2.750000 69.333496 0.601517 0.452086 0.658631 0.090269 0.135176
3 69.069344 4.763140 67.975311 0.405410 0.835844 0.370144 0.085929 0.129100
horse_atlas.bmp
3 62.858772 3.500000 75.821106 0.545897 0.468130 0.694875 0.036900 0.164200
3 63.393841 0.000000 76.498863 0.605822 0.000000 0.795600 0.025000 0.167232
3 70.638687 0.000000 69.830627 0.666219 0.000000 0.745756 0.025000 0.137400
horse_atlas.bmp
3 62.858772 3.500000 75.821106 0.545897 0.468130 0.694875 0.036900 0.164200
3 70.638687 0.000000 69.830627 0.666219 0.000000 0.745756 0.025000 0.137400
3 70.218185 2.750000 69.333496 0.601517 0.452086 0.658631 0.034350 0.135176
horse_atlas.bmp
3 63.393841 0.000000 76.498863 0.605822 0.000000 0.795600 0.025000 0.167232
3 62.858772 -3.500000 75.821106 0.545897 -0.468130 0.694875 0.213100 0.164200
3 70.218185 -2.750000 69.333496 0.601517 -0.452086 0.658632 0.215650 0.135176
horse_atlas.bmp
3 63.393841 0.000000 76.498863 0.605822 0.000000 0.795600 0.025000 0.167232
3 70.218185 -2.750000 69.333496 0.601517 -0.452086 0.658632 0.215650 0.135176
3 70.638687 0.000000 69.830627 0.666219 0.000000 0.745756 0.025000 0.137400
horse_atlas.bmp
3 62.858772 -3.500000 75.821106 0.545897 -0.468130 0.694875 0.062466 0.164200
3 61.396923 -6.062178 73.969437 0.369994 -0.841796 0.393044 0.056944 0.155916
3 69.069344 -4.763140 67.975311 0.405411 -0.835844 0.370145 0.085929 0.129100
horse_atlas.bmp
3 62.858772 -3.500000 75.821106 0.545897 -0.468130 0.694875 0.062466 0.164200
3 69.069344 -4.763140 67.975311 0.405411 -0.835844 0.370145 0.085929 0.129100
3 70.218185 -2.750000 69.333496 0.601517 -0.452086 0.658632 0.090269 0.135176
horse_atlas.bmp
3 61.396923 -6.062178 73.969437 0.369994 -0.841796 0.393044 0.056944 0.155916
3 59.400002 -7.000000 71.440002 0.115630 -0.991337 -0.062303 0.049400 0.144600
3 67.500000 -5.500000 66.120003 0.115629 -0.987710 -0.105161 0.080000 0.120800
horse_atlas.bmp
3 61.396923 -6.062178 73.969437 0.369994 -0.841796 0.393044 0.056944 0.155916
3 67.500000 -5.500000 66.120003 0.115629 -0.987710 -0.105161 0.080000 0.120800
3 69.069344 -4.763140 67.975311 0.405411 -0.835844 0.370145 0.085929 0.129100
horse_atlas.bmp
3 59.400002 -7.000000 71.440002 0.115630 -0.991337 -0.062303 0.049400 0.144600
3 57.403080 -6.062178 68.910568 -0.125268 -0.841756 -0.525123 0.041856 0.133284
3 65.930656 -4.763140 64.264687 -0.147052 -0.807383 -0.571409 0.074071 0.112500
horse_atlas.bmp
3 59.400002 -7.000000 71.440002 0.115630 -0.991337 -0.062303 0.049400 0.144600
3 65.930656 -4.763140 64.264687 -0.147052 -0.807383 -0.571409 0.074071 0.112500
3 67.500000 -5.500000 66.120003 0.115629 -0.987710 -0.105161 0.080000 0.120800
horse_atlas.bmp
3 57.403080 -6.062178 68.910568 -0.125268 -0.841756 -0.525123 0.041856 0.133284
3 55.941231 -3.500000 67.058899 -0.273849 -0.467353 -0.840588 0.036334 0.125000
3 64.781815 -2.750000 62.906502 -0.296868 -0.429159 -0.853049 0.069731 0.106424
horse_atlas.bmp
3 57.403080 -6.062178 68.910568 -0.125268 -0.841756 -0.525123 0.041856 0.133284
3 64.781815 -2.750000 62.906502 -0.296868 -0.429159 -0.853049 0.069731 0.106424
3 65.930656 -4.763140 64.264687 -0.147052 -0.807383 -0.571409 0.074071 0.112500
horse_atlas.bmp
3 55.941231 -3.500000 67.058899 -0.273849 -0.467353 -0.840588 0.036334 0.213100
3 55.406158 -0.000000 66.381134 -0.319852 0.000000 -0.947468 0.034312 0.225000
3 64.361313 -0.000000 62.409374 -0.341275 -0.000000 -0.939963 0.068143 0.225000
horse_atlas.bmp
3 55.941231 -3.500000 67.058899 -0.273849 -0.467353 -0.840588 0.036334 0.213100
3 64.361313 -0.000000 62.409374 -0.341275 -0.000000 -0.939963 0.068143 0.225000
3 64.781815 -2.750000 62.906502 -0.296868 -0.429159 -0.853049 0.069731 0.215650
horse_atlas.bmp
3 55.406158 -0.000000 66.381134 -0.319852 0.000000 -0.947468 0.034312 0.225000
3 55.941231 3.500000 67.058899 -0.273849 0.467353 -0.840588 0.036334 0.036900
3 64.781815 2.750000 62.906502 -0.296868 0.429159 -0.853049 0.069731 0.034350
horse_atlas.bmp
3 55.406158 -0.000000 66.381134 -0.319852 0.000000 -0.947468 0.034312 0.225000
3 64.781815 2.750000 62.906502 -0.296868 0.429159 -0.853049 0.069731 0.034350
3 64.361313 -0.000000 62.409374 -0.341275 -0.000000 -0.939963 0.068143 0.225000
horse_atlas.bmp
3 55.941231 3.500000 67.058899 -0.273849 0.467353 -0.840588 0.036334 0.125000
3 57.403080 6.062178 68.910568 -0.125268 0.841756 -0.525123 0.041856 0.133284
3 65.930656 4.763140 64.264687 -0.147052 0.807383 -0.571409 0.074071 0.112500
horse_atlas.bmp
3 55.941231 3.500000 67.058899 -0.273849 0.467353 -0.840588 0.036334 0.125000
3 65.930656 4.763140 64.264687 -0.147052 0.807383 -0.571409 0.074071 0.112500
3 64.781815 2.750000 62.906502 -0.296868 0.429159 -0.853049 0.069731 0.106424
horse_atlas.bmp
3 57.403080 6.062178 68.910568 -0.125268 0.841756 -0.525123 0.041856 0.133284
3 59.400002 7.000000 71.440002 0.115630 0.991337 -0.062303 0.049400 0.144600
3 67.500000 5.500000 66.120003 0.115629 0.987710 -0.105161 0.080000 0.120800
horse_atlas.bmp
3 57.403080 6.062178 68.910568 -0.125268 0.841756 -0.525123 0.041856 0.133284
3 67.500000 5.500000 66.120003 0.115629 0.987710 -0.105161 0.080000 0.120800
3 65.930656 4.763140 64.264687 -0.147052 0.807383 -0.571409 0.074071 0.112500
horse_atlas.bmp
3 67.500000 5.500000 66.120003 0.115629 0.987710 -0.105161 0.080000 0.120800
3 69.069344 4.763140 67.975311 0.405410 0.835844 0.370144 0.085929 0.129100
3 73.041855 4.156922 65.306313 0.799844 0.597988 -0.051581 0.100936 0.117160
horse_atlas.bmp
3 67.500000 5.500000 66.120003 0.115629 0.987710 -0.105161 0.080000 0.120800
3 73.041855 4.156922 65.306313 0.799844 0.597988 -0.051581 0.100936 0.117160
3 72.000000 4.800000 63.840000 0.572661 0.723278 -0.385912 0.097000 0.110600
horse_atlas.bmp
3 69.069344 4.763140 67.975311 0.405410 0.835844 0.370144 0.085929 0.129100
3 70.218185 2.750000 69.333496 0.601517 0.452086 0.658631 0.090269 0.135176
3 73.804543 2.400000 66.379730 0.941941 0.311155 0.126209 0.103817 0.121962
horse_atlas.bmp
3 69.069344 4.763140 67.975311 0.405410 0.835844 0.370144 0.085929 0.129100
3 73.804543 2.400000 66.379730 0.941941 0.311155 0.126209 0.103817 0.121962
3 73.041855 4.156922 65.306313 0.799844 0.597988 -0.051581 0.100936 0.117160
horse_atlas.bmp
3 70.218185 2.750000 69.333496 0.601517 0.452086 0.658631 0.034350 0.135176
3 70.638687 0.000000 69.830627 0.666219 0.000000 0.745756 0.025000 0.137400
3 74.083710 0.000000 66.772629 0.984711 0.000000 0.174195 0.025000 0.123720
horse_atlas.bmp
3 70.218185 2.750000 69.333496 0.601517 0.452086 0.658631 0.034350 0.135176
3 74.083710 0.000000 66.772629 0.984711 0.000000 0.174195 0.025000 0.123720
3 73.804543 2.400000 66.379730 0.941941 0.311155 0.126209 0.033160 0.121962
horse_atlas.bmp
3 70.638687 0.000000 69.830627 0.666219 0.000000 0.745756 0.025000 0.137400
3 70.218185 -2.750000 69.333496 0.601517 -0.452086 0.658632 0.215650 0.135176
3 73.804543 -2.400000 66.379730 0.941941 -0.311155 0.126209 0.216840 0.121962
horse_atlas.bmp
3 70.638687 0.000000 69.830627 0.666219 0.000000 0.745756 0.025000 0.137400
3 73.804543 -2.400000 66.379730 0.941941 -0.311155 0.126209 0.216840 0.121962
3 74.083710 0.000000 66.772629 0.984711 0.000000 0.174195 0.025000 0.123720
horse_atlas.bmp
3 70.218185 -2.750000 69.333496 0.601517 -0.452086 0.658632 0.090269 0.135176
3 69.069344 -4.763140 67.975311 0.405411 -0.835844 0.370145 0.085929 0.129100
3 73.041855 -4.156922 65.306313 0.799844 -0.597988 -0.051581 0.100936 0.117160
horse_atlas.bmp
3 70.218185 -2.750000 69.333496 0.601517 -0.452086 0.658632 0.090269 0.135176
3 73.041855 -4.156922 65.306313 0.799844 -0.597988 -0.051581 0.100936 0.117160
3 73.804543 -2.400000 66.379730 0.941941 -0.311155 0.126209 0.103817 0.121962
horse_atlas.bmp
3 69.069344 -4.763140 67.975311 0.405411 -0.835844 0.370145 0.085929 0.129100
3 67.500000 -5.500000 66.120003 0.115629 -0.987710 -0.105161 0.080000 0.120800
3 72.000000 -4.800000 63.840000 0.572661 -0.723278 -0.385912 0.097000 0.110600
horse_atlas.bmp
3 69.069344 -4.763140 67.975311 0.405411 -0.835844 0.370145 0.085929 0.129100
3 72.000000 -4.800000 63.840000 0.572661 -0.723278 -0.385912 0.097000 0.110600
3 73.041855 -4.156922 65.306313 0.799844 -0.597988 -0.051581 0.100936 0.117160
horse_atlas.bmp
3 67.500000 -5.500000 66.120003 0.115629 -0.987710 -0.105161 0.080000 0.120800
3 65.930656 -4.763140 64.264687 -0.147052 -0.807383 -0.571409 0.074071 0.112500
3 70.958145 -4.156922 62.373688 0.381963 -0.567463 -0.729445 0.093064 0.104040
horse_atlas.bmp
3 67.500000 -5.500000 66.120003 0.115629 -0.987710 -0.105161 0.080000 0.120800
3 70.958145 -4.156922 62.373688 0.381963 -0.567463 -0.729445 0.093064 0.104040
3 72.000000 -4.800000 63.840000 0.572661 -0.723278 -0.385912 0.097000 0.110600
horse_atlas.bmp
3 65.930656 -4.763140 64.264687 -0.147052 -0.807383 -0.571409 0.074071 0.112500
3 64.781815 -2.750000 62.906502 -0.296868 -0.429159 -0.853049 0.069731 0.106424
3 70.195457 -2.400000 61.300270 0.300381 -0.280388 -0.911676 0.090183 0.099238
horse_atlas.bmp
3 65.930656 -4.763140 64.264687 -0.147052 -0.807383 -0.571409 0.074071 0.112500
3 70.195457 -2.400000 61.300270 0.300381 -0.280388 -0.911676 0.090183 0.099238
3 70.958145 -4.156922 62.373688 0.381963 -0.567463 -0.729445 0.093064 0.104040
horse_atlas.bmp
3 64.781815 -2.750000 62.906502 -0.296868 -0.429159 -0.853049 0.069731 0.215650
3 64.361313 -0.000000 62.409374 -0.341275 -0.000000 -0.939963 0.068143 0.225000
3 69.916290 -0.000000 60.907375 0.282714 -0.000000 -0.959204 0.089128 0.225000
horse_atlas.bmp
3 64.781815 -2.750000 62.906502 -0.296868 -0.429159 -0.853049 0.069731 0.215650
3 69.916290 -0.000000 60.907375 0.282714 -0.000000 -0.959204 0.089128 0.225000
3 70.195457 -2.400000 61.300270 0.300381 -0.280388 -0.911676 0.090183 0.216840
horse_atlas.bmp
3 64.361313 -0.000000 62.409374 -0.341275 -0.000000 -0.939963 0.068143 0.225000
3 64.781815 2.750000 62.906502 -0.296868 0.429159 -0.853049 0.069731 0.034350
3 70.195457 2.400000 61.300270 0.300381 0.280389 -0.911676 0.090183 0.033160
horse_atlas.bmp
3 64.361313 -0.000000 62.409374 -0.341275 -0.000000 -0.939963 0.068143 0.225000
3 70.195457 2.400000 61.300270 0.300381 0.280389 -0.911676 0.090183 0.033160
3 69.916290 -0.000000 60.907375 0.282714 -0.000000 -0.959204 0.089128 0.225000
horse_atlas.bmp
3 64.781815 2.750000 62.906502 -0.296868 0.429159 -0.853049 0.069731 0.106424
3 65.930656 4.763140 64.264687 -0.147052 0.807383 -0.571409 0.074071 0.112500
3 70.958145 4.156922 62.373688 0.381963 0.567463 -0.729445 0.093064 0.104040
horse_atlas.bmp
3 64.781815 2.750000 62.906502 -0.296868 0.429159 -0.853049 0.069731 0.106424
3 70.958145 4.156922 62.373688 0.381963 0.567463 -0.729445 0.093064 0.104040
3 70.195457 2.400000 61.300270 0.300381 0.280389 -0.911676 0.090183 0.099238
horse_atlas.bmp
3 65.930656 4.763140 64.264687 -0.147052 0.807383 -0.571409 0.074071 0.112500
3 67.500000 5.500000 66.120003 0.115629 0.987710 -0.105161 0.080000 0.120800
3 72.000000 4.800000 63.840000 0.572661 0.723278 -0.385912 0.097000 0.110600
horse_atlas.bmp
3 65.930656 4.763140 64.264687 -0.147052 0.807383 -0.571409 0.074071 0.112500
3 72.000000 4.800000 63.840000 0.572661 0.723278 -0.385912 0.097000 0.110600
3 70.958145 4.156922 62.373688 0.381963 0.567463 -0.729445 0.093064 0.104040
horse_atlas.bmp
3 43.200001 7.000000 75.239998 -0.696373 0.717548 0.013774 0.048800 0.161600
3 43.200001 6.062178 71.820000 -0.697479 0.616649 -0.365057 0.045611 0.146300
3 43.200001 3.500000 69.316383 -0.690622 0.349301 -0.633269 0.036900 0.135100
horse_atlas.bmp
3 43.200001 3.500000 69.316383 -0.690622 0.349301 -0.633269 0.036900 0.135100
3 43.200001 -0.000000 68.400002 -0.686274 0.000000 -0.727343 0.225000 0.131000
3 43.200001 -3.500000 69.316383 -0.690623 -0.349300 -0.633269 0.213100 0.135100
horse_atlas.bmp
3 43.200001 -3.500000 69.316383 -0.690623 -0.349300 -0.633269 0.213100 0.135100
3 43.200001 -6.062178 71.820000 -0.697479 -0.616649 -0.365057 0.204389 0.146300
3 43.200001 -7.000000 75.239998 -0.696373 -0.717548 0.013774 0.201200 0.161600
horse_atlas.bmp
3 43.200001 -7.000000 75.239998 -0.696373 -0.717548 0.013774 0.201200 0.161600
3 43.200001 -6.062178 78.660004 -0.686558 -0.614961 0.387893 0.204389 0.176900
3 43.200001 -3.500000 81.163612 -0.676100 -0.348912 0.648960 0.213100 0.188100
horse_atlas.bmp
3 43.200001 -3.500000 81.163612 -0.676100 -0.348912 0.648960 0.213100 0.188100
3 43.200001 0.000000 82.080002 -0.671888 0.000000 0.740652 0.025000 0.192200
3 43.200001 3.500000 81.163612 -0.676100 0.348913 0.648960 0.036900 0.188100
horse_atlas.bmp
3 43.200001 3.500000 81.163612 -0.676100 0.348913 0.648960 0.036900 0.188100
3 43.200001 6.062178 78.660004 -0.686558 0.614961 0.387893 0.045611 0.176900
3 43.200001 7.000000 75.239998 -0.696373 0.717548 0.013774 0.048800 0.161600
horse_atlas.bmp
3 43.200001 7.000000 75.239998 -0.696373 0.717548 0.013774 0.048800 0.161600
3 43.200001 3.500000 69.316383 -0.690622 0.349301 -0.633269 0.036900 0.135100
3 43.200001 -3.500000 69.316383 -0.690623 -0.349300 -0.633269 0.213100 0.135100
horse_atlas.bmp
3 43.200001 -3.500000 69.316383 -0.690623 -0.349300 -0.633269 0.213100 0.135100
3 43.200001 -7.000000 75.239998 -0.696373 -0.717548 0.013774 0.201200 0.161600
3 43.200001 -3.500000 81.163612 -0.676100 -0.348912 0.648960 0.213100 0.188100
horse_atlas.bmp
3 43.200001 -3.500000 81.163612 -0.676100 -0.348912 0.648960 0.213100 0.188100
3 43.200001 3.500000 81.163612 -0.676100 0.348913 0.648960 0.036900 0.188100
3 43.200001 7.000000 75.239998 -0.696373 0.717548 0.013774 0.048800 0.161600
horse_atlas.bmp
3 43.200001 -3.500000 69.316383 -0.690623 -0.349300 -0.633269 0.213100 0.135100
3 43.200001 -3.500000 81.163612 -0.676100 -0.348912 0.648960 0.213100 0.188100
3 43.200001 7.000000 75.239998 -0.696373 0.717548 0.013774 0.048800 0.161600
horse_atlas.bmp
3 70.958145 4.156922 62.373688 0.381963 0.567463 -0.729445 0.039134 0.104040
3 72.000000 4.800000 63.840000 0.572661 0.723278 -0.385912 0.041320 0.110600
3 73.041855 4.156922 65.306313 0.799844 0.597988 -0.051581 0.039134 0.117160
horse_atlas.bmp
3 73.041855 4.156922 65.306313 0.799844 0.597988 -0.051581 0.039134 0.117160
3 73.804543 2.400000 66.379730 0.941941 0.311155 0.126209 0.033160 0.121962
3 74.083710 0.000000 66.772629 0.984711 0.000000 0.174195 0.025000 0.123720
horse_atlas.bmp
3 74.083710 0.000000 66.772629 0.984711 0.000000 0.174195 0.025000 0.123720
3 73.804543 -2.400000 66.379730 0.941941 -0.311155 0.126209 0.216840 0.121962
3 73.041855 -4.156922 65.306313 0.799844 -0.597988 -0.051581 0.210866 0.117160
horse_atlas.bmp
3 73.041855 -4.156922 65.306313 0.799844 -0.597988 -0.051581 0.210866 0.117160
3 72.000000 -4.800000 63.840000 0.572661 -0.723278 -0.385912 0.208680 0.110600
3 70.958145 -4.156922 62.373688 0.381963 -0.567463 -0.729445 0.210866 0.104040
horse_atlas.bmp
3 70.958145 -4.156922 62.373688 0.381963 -0.567463 -0.729445 0.210866 0.104040
3 70.195457 -2.400000 61.300270 0.300381 -0.280388 -0.911676 0.216840 0.099238
3 69.916290 -0.000000 60.907375 0.282714 -0.000000 -0.959204 0.225000 0.097480
horse_atlas.bmp
3 69.916290 -0.000000 60.907375 0.282714 -0.000000 -0.959204 0.225000 0.097480
3 70.195457 2.400000 61.300270 0.300381 0.280389 -0.911676 0.033160 0.099238
3 70.958145 4.156922 62.373688 0.381963 0.567463 -0.729445 0.039134 0.104040
horse_atlas.bmp
3 70.958145 4.156922 62.373688 0.381963 0.567463 -0.729445 0.039134 0.104040
3 73.041855 4.156922 65.306313 0.799844 0.597988 -0.051581 0.039134 0.117160
3 74.083710 0.000000 66.772629 0.984711 0.000000 0.174195 0.025000 0.123720
horse_atlas.bmp
3 74.083710 0.000000 66.772629 0.984711 0.000000 0.174195 0.025000 0.123720
3 73.041855 -4.156922 65.306313 0.799844 -0.597988 -0.051581 0.210866 0.117160
3 70.958145 -4.156922 62.373688 0.381963 -0.567463 -0.729445 0.210866 0.104040
horse_atlas.bmp
3 70.958145 -4.156922 62.373688 0.381963 -0.567463 -0.729445 0.210866 0.104040
3 69.916290 -0.000000 60.907375 0.282714 -0.000000 -0.959204 0.225000 0.097480
3 70.958145 4.156922 62.373688 0.381963 0.567463 -0.729445 0.039134 0.104040
horse_atlas.bmp
3 74.083710 0.000000 66.772629 0.984711 0.000000 0.174195 0.025000 0.123720
3 70.958145 -4.156922 62.373688 0.381963 -0.567463 -0.729445 0.210866 0.104040
3 70.958145 4.156922 62.373688 0.381963 0.567463 -0.729445 0.039134 0.104040
horse_atlas.bmp
3 50.400002 0.000000 64.599998 0.162438 0.000000 -0.986719 0.291400 0.039000
3 54.981335 1.998470 65.470879 0.345408 0.268637 -0.899182 0.308707 0.045795
3 55.690067 0.000000 65.470879 0.416094 0.000000 -0.909322 0.311385 0.039000
horse_atlas.bmp
3 50.400002 0.000000 64.599998 0.146043 0.094344 -0.984769 0.291400 0.039000
3 53.045033 3.461451 65.470879 0.186129 0.434246 -0.881355 0.301392 0.050769
3 54.981335 1.998470 65.470879 0.345408 0.268637 -0.899182 0.308707 0.045795
horse_atlas.bmp
3 50.400002 0.000000 64.599998 0.102053 0.168673 -0.980375 0.291400 0.039000
3 50.400002 3.996940 65.470879 0.000000 0.487149 -0.873319 0.291400 0.052590
3 53.045033 3.461451 65.470879 0.186129 0.434246 -0.881355 0.301392 0.050769
horse_atlas.bmp
3 50.400002 0.000000 64.599998 0.000000 0.212892 -0.977076 0.291400 0.039000
3 47.754967 3.461451 65.470879 -0.186129 0.434246 -0.881355 0.281408 0.050769
3 50.400002 3.996940 65.470879 0.000000 0.487149 -0.873319 0.291400 0.052590
horse_atlas.bmp
3 50.400002 0.000000 64.599998 -0.102053 0.168673 -0.980375 0.291400 0.039000
3 45.818668 1.998470 65.470879 -0.345408 0.268636 -0.899182 0.474093 0.045795
3 47.754967 3.461451 65.470879 -0.186129 0.434246 -0.881355 0.281408 0.050769
horse_atlas.bmp
3 50.400002 0.000000 64.599998 -0.146043 0.094343 -0.984770 0.291400 0.039000
3 45.109932 0.000000 65.470879 -0.416094 0.000000 -0.909322 0.471415 0.039000
3 45.818668 1.998470 65.470879 -0.345408 0.268636 -0.899182 0.474093 0.045795
horse_atlas.bmp
3 50.400002 0.000000 64.599998 -0.162438 0.000000 -0.986719 0.291400 0.039000
3 45.818668 -1.998470 65.470879 -0.345408 -0.268636 -0.899182 0.474093 0.032205
3 45.109932 0.000000 65.470879 -0.416094 0.000000 -0.909322 0.471415 0.039000
horse_atlas.bmp
3 50.400002 -0.000000 64.599998 -0.146043 -0.094343 -0.984770 0.291400 0.039000
3 47.754967 -3.461451 65.470879 -0.186129 -0.434246 -0.881355 0.281408 0.027231
3 45.818668 -1.998470 65.470879 -0.345408 -0.268636 -0.899182 0.474093 0.032205
horse_atlas.bmp
3 50.400002 -0.000000 64.599998 -0.102053 -0.168673 -0.980375 0.291400 0.039000
3 50.400002 -3.996940 65.470879 0.000000 -0.487149 -0.873319 0.291400 0.025410
3 47.754967 -3.461451 65.470879 -0.186129 -0.434246 -0.881355 0.281408 0.027231
horse_atlas.bmp
3 50.400002 -0.000000 64.599998 0.000000 -0.212892 -0.977076 0.291400 0.039000
3 53.045033 -3.461451 65.470879 0.186129 -0.434246 -0.881355 0.301392 0.027231
3 50.400002 -3.996940 65.470879 0.000000 -0.487149 -0.873319 0.291400 0.025410
horse_atlas.bmp
3 50.400002 -0.000000 64.599998 0.102053 -0.168673 -0.980375 0.291400 0.039000
3 54.981335 -1.998470 65.470879 0.345408 -0.268637 -0.899182 0.308707 0.032205
3 53.045033 -3.461451 65.470879 0.186129 -0.434246 -0.881355 0.301392 0.027231
horse_atlas.bmp
3 50.400002 -0.000000 64.599998 0.146043 -0.094344 -0.984769 0.291400 0.039000
3 55.690067 0.000000 65.470879 0.416094 0.000000 -0.909322 0.311385 0.039000
3 54.981335 -1.998470 65.470879 0.345408 -0.268637 -0.899182 0.308707 0.032205
horse_atlas.bmp
3 55.690067 0.000000 65.470879 0.416094 0.000000 -0.909322 0.311385 0.039000
3 54.981335 1.998470 65.470879 0.345408 0.268637 -0.899182 0.308707 0.045795
3 57.812752 3.233592 67.750885 0.738185 0.530397 -0.416847 0.319404 0.049994
horse_atlas.bmp
3 55.690067 0.000000 65.470879 0.416094 0.000000 -0.909322 0.311385 0.039000
3 57.812752 3.233592 67.750885 0.738185 0.530397 -0.416847 0.319404 0.049994
3 58.959511 0.000000 67.750885 0.904559 0.000000 -0.426348 0.323736 0.039000
horse_atlas.bmp
3 54.981335 1.998470 65.470879 0.345408 0.268637 -0.899182 0.308707 0.045795
3 53.045033 3.461451 65.470879 0.186129 0.434246 -0.881355 0.301392 0.050769
3 54.679756 5.600746 67.750885 0.384074 0.834540 -0.395007 0.307568 0.058043
horse_atlas.bmp
3 54.981335 1.998470 65.470879 0.345408 0.268637 -0.899182 0.308707 0.045795
3 54.679756 5.600746 67.750885 0.384074 0.834540 -0.395007 0.307568 0.058043
3 57.812752 3.233592 67.750885 0.738185 0.530397 -0.416847 0.319404 0.049994
horse_atlas.bmp
3 53.045033 3.461451 65.470879 0.186129 0.434246 -0.881355 0.301392 0.131896
3 50.400002 3.996940 65.470879 0.000000 0.487149 -0.873319 0.291400 0.131896
3 50.400002 6.467185 67.750885 -0.000000 0.923506 -0.383585 0.291400 0.142096
horse_atlas.bmp
3 53.045033 3.461451 65.470879 0.186129 0.434246 -0.881355 0.301392 0.131896
3 50.400002 6.467185 67.750885 -0.000000 0.923506 -0.383585 0.291400 0.142096
3 54.679756 5.600746 67.750885 0.384074 0.834540 -0.395007 0.307568 0.142096
horse_atlas.bmp
3 50.400002 3.996940 65.470879 0.000000 0.487149 -0.873319 0.291400 0.131896
3 47.754967 3.461451 65.470879 -0.186129 0.434246 -0.881355 0.281408 0.131896
3 46.120247 5.600746 67.750885 -0.384074 0.834540 -0.395007 0.275232 0.142096
horse_atlas.bmp
3 50.400002 3.996940 65.470879 0.000000 0.487149 -0.873319 0.291400 0.131896
3 46.120247 5.600746 67.750885 -0.384074 0.834540 -0.395007 0.275232 0.142096
3 50.400002 6.467185 67.750885 -0.000000 0.923506 -0.383585 0.291400 0.142096
horse_atlas.bmp
3 47.754967 3.461451 65.470879 -0.186129 0.434246 -0.881355 0.281408 0.050769
3 45.818668 1.998470 65.470879 -0.345408 0.268636 -0.899182 0.474093 0.045795
3 42.987251 3.233592 67.750885 -0.738185 0.530398 -0.416847 0.463396 0.049994
horse_atlas.bmp
3 47.754967 3.461451 65.470879 -0.186129 0.434246 -0.881355 0.281408 0.050769
3 42.987251 3.233592 67.750885 -0.738185 0.530398 -0.416847 0.463396 0.049994
3 46.120247 5.600746 67.750885 -0.384074 0.834540 -0.395007 0.275232 0.058043
horse_atlas.bmp
3 45.818668 1.998470 65.470879 -0.345408 0.268636 -0.899182 0.474093 0.045795
3 45.109932 0.000000 65.470879 -0.416094 0.000000 -0.909322 0.471415 0.039000
3 41.840488 0.000000 67.750885 -0.904559 0.000000 -0.426348 0.459064 0.039000
horse_atlas.bmp
3 45.818668 1.998470 65.470879 -0.345408 0.268636 -0.899182 0.474093 0.045795
3 41.840488 0.000000 67.750885 -0.904559 0.000000 -0.426348 0.459064 0.039000
3 42.987251 3.233592 67.750885 -0.738185 0.530398 -0.416847 0.463396 0.049994
horse_atlas.bmp
3 45.109932 0.000000 65.470879 -0.416094 0.000000 -0.909322 0.471415 0.039000
3 45.818668 -1.998470 65.470879 -0.345408 -0.268636 -0.899182 0.474093 0.032205
3 42.987251 -3.233592 67.750885 -0.738185 -0.530398 -0.416847 0.463396 0.028006
horse_atlas.bmp
3 45.109932 0.000000 65.470879 -0.416094 0.000000 -0.909322 0.471415 0.039000
3 42.987251 -3.233592 67.750885 -0.738185 -0.530398 -0.416847 0.463396 0.028006
3 41.840488 0.000000 67.750885 -0.904559 0.000000 -0.426348 0.459064 0.039000
horse_atlas.bmp
3 45.818668 -1.998470 65.470879 -0.345408 -0.268636 -0.899182 0.474093 0.032205
3 47.754967 -3.461451 65.470879 -0.186129 -0.434246 -0.881355 0.281408 0.027231
3 46.120247 -5.600746 67.750885 -0.384074 -0.834540 -0.395007 0.275232 0.219957
horse_atlas.bmp
3 45.818668 -1.998470 65.470879 -0.345408 -0.268636 -0.899182 0.474093 0.032205
3 46.120247 -5.600746 67.750885 -0.384074 -0.834540 -0.395007 0.275232 0.219957
3 42.987251 -3.233592 67.750885 -0.738185 -0.530398 -0.416847 0.463396 0.028006
horse_atlas.bmp
3 47.754967 -3.461451 65.470879 -0.186129 -0.434246 -0.881355 0.281408 0.131896
3 50.400002 -3.996940 65.470879 0.000000 -0.487149 -0.873319 0.291400 0.131896
3 50.400002 -6.467185 67.750885 -0.000000 -0.923506 -0.383585 0.291400 0.142096
horse_atlas.bmp
3 47.754967 -3.461451 65.470879 -0.186129 -0.434246 -0.881355 0.281408 0.131896
3 50.400002 -6.467185 67.750885 -0.000000 -0.923506 -0.383585 0.291400 0.142096
3 46.120247 -5.600746 67.750885 -0.384074 -0.834540 -0.395007 0.275232 0.142096
horse_atlas.bmp
3 50.400002 -3.996940 65.470879 0.000000 -0.487149 -0.873319 0.291400 0.131896
3 53.045033 -3.461451 65.470879 0.186129 -0.434246 -0.881355 0.301392 0.131896
3 54.679756 -5.600746 67.750885 0.384074 -0.834540 -0.395007 0.307568 0.142096
horse_atlas.bmp
3 50.400002 -3.996940 65.470879 0.000000 -0.487149 -0.873319 0.291400 0.131896
3 54.679756 -5.600746 67.750885 0.384074 -0.834540 -0.395007 0.307568 0.142096
3 50.400002 -6.467185 67.750885 -0.000000 -0.923506 -0.383585 0.291400 0.142096
horse_atlas.bmp
3 53.045033 -3.461451 65.470879 0.186129 -0.434246 -0.881355 0.301392 0.027231
3 54.981335 -1.998470 65.470879 0.345408 -0.268637 -0.899182 0.308707 0.032205
3 57.812752 -3.233592 67.750885 0.738185 -0.530397 -0.416847 0.319404 0.028006
horse_atlas.bmp
3 53.045033 -3.461451 65.470879 0.186129 -0.434246 -0.881355 0.301392 0.027231
3 57.812752 -3.233592 67.750885 0.738185 -0.530397 -0.416847 0.319404 0.028006
3 54.679756 -5.600746 67.750885 0.384074 -0.834540 -0.395007 0.307568 0.219957
horse_atlas.bmp
3 54.981335 -1.998470 65.470879 0.345408 -0.268637 -0.899182 0.308707 0.032205
3 55.690067 0.000000 65.470879 0.416094 0.000000 -0.909322 0.311385 0.039000
3 58.959511 0.000000 67.750885 0.904559 0.000000 -0.426348 0.323736 0.039000
horse_atlas.bmp
3 54.981335 -1.998470 65.470879 0.345408 -0.268637 -0.899182 0.308707 0.032205
3 58.959511 0.000000 67.750885 0.904559 0.000000 -0.426348 0.323736 0.039000
3 57.812752 -3.233592 67.750885 0.738185 -0.530397 -0.416847 0.319404 0.028006
horse_atlas.bmp
3 58.959511 0.000000 67.750885 0.904559 0.000000 -0.426348 0.301000 0.142096
3 57.812752 3.233592 67.750885 0.738185 0.530397 -0.416847 0.311994 0.142096
3 57.812752 3.233592 70.569115 0.738185 0.530397 0.416847 0.311994 0.154704
horse_atlas.bmp
3 58.959511 0.000000 67.750885 0.904559 0.000000 -0.426348 0.301000 0.142096
3 57.812752 3.233592 70.569115 0.738185 0.530397 0.416847 0.311994 0.154704
3 58.959511 0.000000 70.569115 0.904559 0.000000 0.426348 0.301000 0.154704
horse_atlas.bmp
3 57.812752 3.233592 67.750885 0.738185 0.530397 -0.416847 0.319404 0.142096
3 54.679756 5.600746 67.750885 0.384074 0.834540 -0.395007 0.307568 0.142096
3 54.679756 5.600746 70.569115 0.384074 0.834540 0.395007 0.307568 0.154704
horse_atlas.bmp
3 57.812752 3.233592 67.750885 0.738185 0.530397 -0.416847 0.319404 0.142096
3 54.679756 5.600746 70.569115 0.384074 0.834540 0.395007 0.307568 0.154704
3 57.812752 3.233592 70.569115 0.738185 0.530397 0.416847 0.319404 0.154704
horse_atlas.bmp
3 54.679756 5.600746 67.750885 0.384074 0.834540 -0.395007 0.307568 0.142096
3 50.400002 6.467185 67.750885 -0.000000 0.923506 -0.383585 0.291400 0.142096
3 50.400002 6.467185 70.569115 -0.000000 0.923506 0.383585 0.291400 0.154704
horse_atlas.bmp
3 54.679756 5.600746 67.750885 0.384074 0.834540 -0.395007 0.307568 0.142096
3 50.400002 6.467185 70.569115 -0.000000 0.923506 0.383585 0.291400 0.154704
3 54.679756 5.600746 70.569115 0.384074 0.834540 0.395007 0.307568 0.154704
horse_atlas.bmp
3 50.400002 6.467185 67.750885 -0.000000 0.923506 -0.383585 0.291400 0.142096
3 46.120247 5.600746 67.750885 -0.384074 0.834540 -0.395007 0.275232 0.142096
3 46.120247 5.600746 70.569115 -0.384074 0.834540 0.395007 0.275232 0.154704
horse_atlas.bmp
3 50.400002 6.467185 67.750885 -0.000000 0.923506 -0.383585 0.291400 0.142096
3 46.120247 5.600746 70.569115 -0.384074 0.834540 0.395007 0.275232 0.154704
3 50.400002 6.467185 70.569115 -0.000000 0.923506 0.383585 0.291400 0.154704
horse_atlas.bmp
3 46.120247 5.600746 67.750885 -0.384074 0.834540 -0.395007 0.275232 0.142096
3 42.987251 3.233592 67.750885 -0.738185 0.530398 -0.416847 0.463396 0.142096
3 42.987251 3.233592 70.569115 -0.738185 0.530397 0.416847 0.463396 0.154704
horse_atlas.bmp
3 46.120247 5.600746 67.750885 -0.384074 0.834540 -0.395007 0.275232 0.142096
3 42.987251 3.233592 70.569115 -0.738185 0.530397 0.416847 0.463396 0.154704
3 46.120247 5.600746 70.569115 -0.384074 0.834540 0.395007 0.275232 0.154704
horse_atlas.bmp
3 42.987251 3.233592 67.750885 -0.738185 0.530398 -0.416847 0.311994 0.142096
3 41.840488 0.000000 67.750885 -0.904559 0.000000 -0.426348 0.301000 0.142096
3 41.840488 0.000000 70.569115 -0.904559 0.000000 0.426348 0.301000 0.154704
horse_atlas.bmp
3 42.987251 3.233592 67.750885 -0.738185 0.530398 -0.416847 0.311994 0.142096
3 41.840488 0.000000 70.569115 -0.904559 0.000000 0.426348 0.301000 0.154704
3 42.987251 3.233592 70.569115 -0.738185 0.530397 0.416847 0.311994 0.154704
horse_atlas.bmp
3 41.840488 0.000000 67.750885 -0.904559 0.000000 -0.426348 0.301000 0.142096
3 42.987251 -3.233592 67.750885 -0.738185 -0.530398 -0.416847 0.290006 0.142096
3 42.987251 -3.233592 70.569115 -0.738185 -0.530397 0.416847 0.290006 0.154704
horse_atlas.bmp
3 41.840488 0.000000 67.750885 -0.904559 0.000000 -0.426348 0.301000 0.142096
3 42.987251 -3.233592 70.569115 -0.738185 -0.530397 0.416847 0.290006 0.154704
3 41.840488 0.000000 70.569115 -0.904559 0.000000 0.426348 0.301000 0.154704
horse_atlas.bmp
3 42.987251 -3.233592 67.750885 -0.738185 -0.530398 -0.416847 0.463396 0.142096
3 46.120247 -5.600746 67.750885 -0.384074 -0.834540 -0.395007 0.275232 0.142096
3 46.120247 -5.600746 70.569115 -0.384074 -0.834540 0.395007 0.275232 0.154704
horse_atlas.bmp
3 42.987251 -3.233592 67.750885 -0.738185 -0.530398 -0.416847 0.463396 0.142096
3 46.120247 -5.600746 70.569115 -0.384074 -0.834540 0.395007 0.275232 0.154704
3 42.987251 -3.233592 70.569115 -0.738185 -0.530397 0.416847 0.463396 0.154704
horse_atlas.bmp
3 46.120247 -5.600746 67.750885 -0.384074 -0.834540 -0.395007 0.275232 0.142096
3 50.400002 -6.467185 67.750885 -0.000000 -0.923506 -0.383585 0.291400 0.142096
3 50.400002 -6.467185 70.569115 -0.000000 -0.923506 0.383585 0.291400 0.154704
horse_atlas.bmp
3 46.120247 -5.600746 67.750885 -0.384074 -0.834540 -0.395007 0.275232 0.142096
3 50.400002 -6.467185 70.569115 -0.000000 -0.923506 0.383585 0.291400 0.154704
3 46.120247 -5.600746 70.569115 -0.384074 -0.834540 0.395007 0.275232 0.154704
horse_atlas.bmp
3 50.400002 -6.467185 67.750885 -0.000000 -0.923506 -0.383585 0.291400 0.142096
3 54.679756 -5.600746 67.750885 0.384074 -0.834540 -0.395007 0.307568 0.142096
3 54.679756 -5.600746 70.569115 0.384074 -0.834540 0.395007 0.307568 0.154704
horse_atlas.bmp
3 50.400002 -6.467185 67.750885 -0.000000 -0.923506 -0.383585 0.291400 0.142096
3 54.679756 -5.600746 70.569115 0.384074 -0.834540 0.395007 0.307568 0.154704
3 50.400002 -6.467185 70.569115 -0.000000 -0.923506 0.383585 0.291400 0.154704
horse_atlas.bmp
3 54.679756 -5.600746 67.750885 0.384074 -0.834540 -0.395007 0.307568 0.142096
3 57.812752 -3.233592 67.750885 0.738185 -0.530397 -0.416847 0.319404 0.142096
3 57.812752 -3.233592 70.569115 0.738185 -0.530397 0.416847 0.319404 0.154704
horse_atlas.bmp
3 54.679756 -5.600746 67.750885 0.384074 -0.834540 -0.395007 0.307568 0.142096
3 57.812752 -3.233592 70.569115 0.738185 -0.530397 0.416847 0.319404 0.154704
3 54.679756 -5.600746 70.569115 0.384074 -0.834540 0.395007 0.307568 0.154704
horse_atlas.bmp
3 57.812752 -3.233592 67.750885 0.738185 -0.530397 -0.416847 0.290006 0.142096
3 58.959511 0.000000 67.750885 0.904559 0.000000 -0.426348 0.301000 0.142096
3 58.959511 0.000000 70.569115 0.904559 0.000000 0.426348 0.301000 0.154704
horse_atlas.bmp
3 57.812752 -3.233592 67.750885 0.738185 -0.530397 -0.416847 0.290006 0.142096
3 58.959511 0.000000 70.569115 0.904559 0.000000 0.426348 0.301000 0.154704
3 57.812752 -3.233592 70.569115 0.738185 -0.530397 0.416847 0.290006 0.154704
horse_atlas.bmp
3 58.959511 0.000000 70.569115 0.904559 0.000000 0.426348 0.323736 0.039000
3 57.812752 3.233592 70.569115 0.738185 0.530397 0.416847 0.319404 0.049994
3 54.981335 1.998470 72.849121 0.345408 0.268637 0.899182 0.308707 0.045795
horse_atlas.bmp
3 58.959511 0.000000 70.569115 0.904559 0.000000 0.426348 0.323736 0.039000
3 54.981335 1.998470 72.849121 0.345408 0.268637 0.899182 0.308707 0.045795
3 55.690067 0.000000 72.849121 0.416094 0.000000 0.909322 0.311385 0.039000
horse_atlas.bmp
3 57.812752 3.233592 70.569115 0.738185 0.530397 0.416847 0.319404 0.049994
3 54.679756 5.600746 70.569115 0.384074 0.834540 0.395007 0.307568 0.058043
3 53.045033 3.461451 72.849121 0.186129 0.434246 0.881355 0.301392 0.050769
horse_atlas.bmp
3 57.812752 3.233592 70.569115 0.738185 0.530397 0.416847 0.319404 0.049994
3 53.045033 3.461451 72.849121 0.186129 0.434246 0.881355 0.301392 0.050769
3 54.981335 1.998470 72.849121 0.345408 0.268637 0.899182 0.308707 0.045795
horse_atlas.bmp
3 54.679756 5.600746 70.569115 0.384074 0.834540 0.395007 0.307568 0.154704
3 50.400002 6.467185 70.569115 -0.000000 0.923506 0.383585 0.291400 0.154704
3 50.400002 3.996940 72.849121 0.000001 0.487149 0.873319 0.291400 0.164904
horse_atlas.bmp
3 54.679756 5.600746 70.569115 0.384074 0.834540 0.395007 0.307568 0.154704
3 50.400002 3.996940 72.849121 0.000001 0.487149 0.873319 0.291400 0.164904
3 53.045033 3.461451 72.849121 0.186129 0.434246 0.881355 0.301392 0.164904
horse_atlas.bmp
3 50.400002 6.467185 70.569115 -0.000000 0.923506 0.383585 0.291400 0.154704
3 46.120247 5.600746 70.569115 -0.384074 0.834540 0.395007 0.275232 0.154704
3 47.754967 3.461451 72.849121 -0.186129 0.434246 0.881355 0.281408 0.164904
horse_atlas.bmp
3 50.400002 6.467185 70.569115 -0.000000 0.923506 0.383585 0.291400 0.154704
3 47.754967 3.461451 72.849121 -0.186129 0.434246 0.881355 0.281408 0.164904
3 50.400002 3.996940 72.849121 0.000001 0.487149 0.873319 0.291400 0.164904
horse_atlas.bmp
3 46.120247 5.600746 70.569115 -0.384074 0.834540 0.395007 0.275232 0.058043
3 42.987251 3.233592 70.569115 -0.738185 0.530397 0.416847 0.463396 0.049994
3 45.818668 1.998470 72.849121 -0.345408 0.268636 0.899182 0.474093 0.045795
horse_atlas.bmp
3 46.120247 5.600746 70.569115 -0.384074 0.834540 0.395007 0.275232 0.058043
3 45.818668 1.998470 72.849121 -0.345408 0.268636 0.899182 0.474093 0.045795
3 47.754967 3.461451 72.849121 -0.186129 0.434246 0.881355 0.281408 0.050769
horse_atlas.bmp
3 42.987251 3.233592 70.569115 -0.738185 0.530397 0.416847 0.463396 0.049994
3 41.840488 0.000000 70.569115 -0.904559 0.000000 0.426348 0.459064 0.039000
3 45.109932 0.000000 72.849121 -0.416094 0.000000 0.909321 0.471415 0.039000
horse_atlas.bmp
3 42.987251 3.233592 70.569115 -0.738185 0.530397 0.416847 0.463396 0.049994
3 45.109932 0.000000 72.849121 -0.416094 0.000000 0.909321 0.471415 0.039000
3 45.818668 1.998470 72.849121 -0.345408 0.268636 0.899182 0.474093 0.045795
horse_atlas.bmp
3 41.840488 0.000000 70.569115 -0.904559 0.000000 0.426348 0.459064 0.039000
3 42.987251 -3.233592 70.569115 -0.738185 -0.530397 0.416847 0.463396 0.028006
3 45.818668 -1.998470 72.849121 -0.345408 -0.268636 0.899182 0.474093 0.032205
horse_atlas.bmp
3 41.840488 0.000000 70.569115 -0.904559 0.000000 0.426348 0.459064 0.039000
3 45.818668 -1.998470 72.849121 -0.345408 -0.268636 0.899182 0.474093 0.032205
3 45.109932 0.000000 72.849121 -0.416094 0.000000 0.909321 0.471415 0.039000
horse_atlas.bmp
3 42.987251 -3.233592 70.569115 -0.738185 -0.530397 0.416847 0.463396 0.028006
3 46.120247 -5.600746 70.569115 -0.384074 -0.834540 0.395007 0.275232 0.219957
3 47.754967 -3.461451 72.849121 -0.186129 -0.434246 0.881355 0.281408 0.027231
horse_atlas.bmp
3 42.987251 -3.233592 70.569115 -0.738185 -0.530397 0.416847 0.463396 0.028006
3 47.754967 -3.461451 72.849121 -0.186129 -0.434246 0.881355 0.281408 0.027231
3 45.818668 -1.998470 72.849121 -0.345408 -0.268636 0.899182 0.474093 0.032205
horse_atlas.bmp
3 46.120247 -5.600746 70.569115 -0.384074 -0.834540 0.395007 0.275232 0.154704
3 50.400002 -6.467185 70.569115 -0.000000 -0.923506 0.383585 0.291400 0.154704
3 50.400002 -3.996940 72.849121 -0.000001 -0.487149 0.873319 0.291400 0.164904
horse_atlas.bmp
3 46.120247 -5.600746 70.569115 -0.384074 -0.834540 0.395007 0.275232 0.154704
3 50.400002 -3.996940 72.849121 -0.000001 -0.487149 0.873319 0.291400 0.164904
3 47.754967 -3.461451 72.849121 -0.186129 -0.434246 0.881355 0.281408 0.164904
horse_atlas.bmp
3 50.400002 -6.467185 70.569115 -0.000000 -0.923506 0.383585 0.291400 0.154704
3 54.679756 -5.600746 70.569115 0.384074 -0.834540 0.395007 0.307568 0.154704
3 53.045033 -3.461451 72.849121 0.186128 -0.434246 0.881355 0.301392 0.164904
horse_atlas.bmp
3 50.400002 -6.467185 70.569115 -0.000000 -0.923506 0.383585 0.291400 0.154704
3 53.045033 -3.461451 72.849121 0.186128 -0.434246 0.881355 0.301392 0.164904
3 50.400002 -3.996940 72.849121 -0.000001 -0.487149 0.873319 0.291400 0.164904
horse_atlas.bmp
3 54.679756 -5.600746 70.569115 0.384074 -0.834540 0.395007 0.307568 0.219957
3 57.812752 -3.233592 70.569115 0.738185 -0.530397 0.416847 0.319404 0.028006
3 54.981335 -1.998470 72.849121 0.345408 -0.268636 0.899181 0.308707 0.032205
horse_atlas.bmp
3 54.679756 -5.600746 70.569115 0.384074 -0.834540 0.395007 0.307568 0.219957
3 54.981335 -1.998470 72.849121 0.345408 -0.268636 0.899181 0.308707 0.032205
3 53.045033 -3.461451 72.849121 0.186128 -0.434246 0.881355 0.301392 0.027231
horse_atlas.bmp
3 57.812752 -3.233592 70.569115 0.738185 -0.530397 0.416847 0.319404 0.028006
3 58.959511 0.000000 70.569115 0.904559 0.000000 0.426348 0.323736 0.039000
3 55.690067 0.000000 72.849121 0.416094 0.000000 0.909322 0.311385 0.039000
horse_atlas.bmp
3 57.812752 -3.233592 70.569115 0.738185 -0.530397 0.416847 0.319404 0.028006
3 55.690067 0.000000 72.849121 0.416094 0.000000 0.909322 0.311385 0.039000
3 54.981335 -1.998470 72.849121 0.345408 -0.268636 0.899181 0.308707 0.032205
horse_atlas.bmp
3 55.690067 0.000000 72.849121 0.416094 0.000000 0.909322 0.311385 0.039000
3 54.981335 1.998470 72.849121 0.345408 0.268637 0.899182 0.308707 0.045795
3 50.400002 0.000000 73.720001 0.146043 0.094344 0.984769 0.291400 0.039000
horse_atlas.bmp
3 54.981335 1.998470 72.849121 0.345408 0.268637 0.899182 0.308707 0.045795
3 53.045033 3.461451 72.849121 0.186129 0.434246 0.881355 0.301392 0.050769
3 50.400002 0.000000 73.720001 0.102053 0.168673 0.980375 0.291400 0.039000
horse_atlas.bmp
3 53.045033 3.461451 72.849121 0.186129 0.434246 0.881355 0.301392 0.050769
3 50.400002 3.996940 72.849121 0.000001 0.487149 0.873319 0.291400 0.052590
3 50.400002 0.000000 73.720001 0.000001 0.212892 0.977076 0.291400 0.039000
horse_atlas.bmp
3 50.400002 3.996940 72.849121 0.000001 0.487149 0.873319 0.291400 0.052590
3 47.754967 3.461451 72.849121 -0.186129 0.434246 0.881355 0.281408 0.050769
3 50.400002 0.000000 73.720001 -0.102052 0.168673 0.980375 0.291400 0.039000
horse_atlas.bmp
3 47.754967 3.461451 72.849121 -0.186129 0.434246 0.881355 0.281408 0.050769
3 45.818668 1.998470 72.849121 -0.345408 0.268636 0.899182 0.474093 0.045795
3 50.400002 0.000000 73.720001 -0.146043 0.094343 0.984770 0.291400 0.039000
horse_atlas.bmp
3 45.818668 1.998470 72.849121 -0.345408 0.268636 0.899182 0.474093 0.045795
3 45.109932 0.000000 72.849121 -0.416094 0.000000 0.909321 0.471415 0.039000
3 50.400002 0.000000 73.720001 -0.162438 0.000000 0.986719 0.291400 0.039000
horse_atlas.bmp
3 45.109932 0.000000 72.849121 -0.416094 0.000000 0.909321 0.471415 0.039000
3 45.818668 -1.998470 72.849121 -0.345408 -0.268636 0.899182 0.474093 0.032205
3 50.400002 -0.000000 73.720001 -0.146043 -0.094343 0.984770 0.291400 0.039000
horse_atlas.bmp
3 45.818668 -1.998470 72.849121 -0.345408 -0.268636 0.899182 0.474093 0.032205
3 47.754967 -3.461451 72.849121 -0.186129 -0.434246 0.881355 0.281408 0.027231
3 50.400002 -0.000000 73.720001 -0.102053 -0.168673 0.980375 0.291400 0.039000
horse_atlas.bmp
3 47.754967 -3.461451 72.849121 -0.186129 -0.434246 0.881355 0.281408 0.027231
3 50.400002 -3.996940 72.849121 -0.000001 -0.487149 0.873319 0.291400 0.025410
3 50.400002 -0.000000 73.720001 -0.000001 -0.212892 0.977076 0.291400 0.039000
horse_atlas.bmp
3 50.400002 -3.996940 72.849121 -0.000001 -0.487149 0.873319 0.291400 0.025410
3 53.045033 -3.461451 72.849121 0.186128 -0.434246 0.881355 0.301392 0.027231
3 50.400002 -0.000000 73.720001 0.102052 -0.168673 0.980375 0.291400 0.039000
horse_atlas.bmp
3 53.045033 -3.461451 72.849121 0.186128 -0.434246 0.881355 0.301392 0.027231
3 54.981335 -1.998470 72.849121 0.345408 -0.268636 0.899181 0.308707 0.032205
3 50.400002 -0.000000 73.720001 0.146043 -0.094344 0.984769 0.291400 0.039000
horse_atlas.bmp
3 54.981335 -1.998470 72.849121 0.345408 -0.268636 0.899181 0.308707 0.032205
3 55.690067 0.000000 72.849121 0.416094 0.000000 0.909322 0.311385 0.039000
3 50.400002 0.000000 73.720001 0.162438 0.000000 0.986719 0.291400 0.039000
horse_atlas.bmp
3 71.550003 0.000000 60.040001 0.181177 0.000000 -0.983451 0.931300 0.679000
3 74.756927 1.675188 60.722191 0.380116 0.244026 -0.892168 0.943415 0.684696
3 75.253044 0.000000 60.722191 0.444883 0.000000 -0.895589 0.945289 0.679000
horse_atlas.bmp
3 71.550003 0.000000 60.040001 0.164094 0.086046 -0.982685 0.931300 0.679000
3 73.401527 2.901511 60.722191 0.214014 0.412171 -0.885615 0.938295 0.688865
3 74.756927 1.675188 60.722191 0.380116 0.244026 -0.892168 0.943415 0.684696
horse_atlas.bmp
3 71.550003 0.000000 60.040001 0.116354 0.156358 -0.980823 0.931300 0.679000
3 71.550003 3.350376 60.722191 0.000000 0.470375 -0.882467 0.931300 0.690391
3 73.401527 2.901511 60.722191 0.214014 0.412171 -0.885615 0.938295 0.688865
horse_atlas.bmp
3 71.550003 0.000000 60.040001 0.000000 0.199522 -0.979893 0.931300 0.679000
3 69.698471 2.901511 60.722191 -0.214014 0.412171 -0.885615 0.924305 0.688865
3 71.550003 3.350376 60.722191 0.000000 0.470375 -0.882467 0.931300 0.690391
horse_atlas.bmp
3 71.550003 0.000000 60.040001 -0.116354 0.156359 -0.980823 0.931300 0.679000
3 68.343071 1.675188 60.722191 -0.380117 0.244026 -0.892167 0.919185 0.684696
3 69.698471 2.901511 60.722191 -0.214014 0.412171 -0.885615 0.924305 0.688865
horse_atlas.bmp
3 71.550003 0.000000 60.040001 -0.164093 0.086046 -0.982685 0.931300 0.679000
3 67.846954 0.000000 60.722191 -0.444883 0.000000 -0.895589 0.917311 0.679000
3 68.343071 1.675188 60.722191 -0.380117 0.244026 -0.892167 0.919185 0.684696
horse_atlas.bmp
3 71.550003 0.000000 60.040001 -0.181177 0.000000 -0.983451 0.931300 0.679000
3 68.343071 -1.675188 60.722191 -0.380116 -0.244026 -0.892168 0.919185 0.673304
3 67.846954 0.000000 60.722191 -0.444883 0.000000 -0.895589 0.917311 0.679000
horse_atlas.bmp
3 71.550003 -0.000000 60.040001 -0.164093 -0.086046 -0.982685 0.931300 0.679000
3 69.698471 -2.901511 60.722191 -0.214014 -0.412171 -0.885615 0.924305 0.669135
3 68.343071 -1.675188 60.722191 -0.380116 -0.244026 -0.892168 0.919185 0.673304
horse_atlas.bmp
3 71.550003 -0.000000 60.040001 -0.116354 -0.156359 -0.980823 0.931300 0.679000
3 71.550003 -3.350376 60.722191 -0.000000 -0.470375 -0.882467 0.931300 0.667609
3 69.698471 -2.901511 60.722191 -0.214014 -0.412171 -0.885615 0.924305 0.669135
horse_atlas.bmp
3 71.550003 -0.000000 60.040001 0.000000 -0.199522 -0.979893 0.931300 0.679000
3 73.401527 -2.901511 60.722191 0.214014 -0.412171 -0.885615 0.938295 0.669135
3 71.550003 -3.350376 60.722191 -0.000000 -0.470375 -0.882467 0.931300 0.667609
horse_atlas.bmp
3 71.550003 -0.000000 60.040001 0.116354 -0.156358 -0.980823 0.931300 0.679000
3 74.756927 -1.675188 60.722191 0.380117 -0.244026 -0.892167 0.943415 0.673304
3 73.401527 -2.901511 60.722191 0.214014 -0.412171 -0.885615 0.938295 0.669135
horse_atlas.bmp
3 71.550003 -0.000000 60.040001 0.164094 -0.086046 -0.982685 0.931300 0.679000
3 75.253044 0.000000 60.722191 0.444883 0.000000 -0.895589 0.945289 0.679000
3 74.756927 -1.675188 60.722191 0.380117 -0.244026 -0.892167 0.943415 0.673304
horse_atlas.bmp
3 75.253044 0.000000 60.722191 0.444883 0.000000 -0.895589 0.945289 0.679000
3 74.756927 1.675188 60.722191 0.380116 0.244026 -0.892168 0.943415 0.684696
3 76.738922 2.710511 62.508190 0.774935 0.484149 -0.406295 0.950903 0.688216
horse_atlas.bmp
3 75.253044 0.000000 60.722191 0.444883 0.000000 -0.895589 0.945289 0.679000
3 76.738922 2.710511 62.508190 0.774935 0.484149 -0.406295 0.950903 0.688216
3 77.541656 0.000000 62.508190 0.912057 0.000000 -0.410063 0.953935 0.679000
horse_atlas.bmp
3 74.756927 1.675188 60.722191 0.380116 0.244026 -0.892168 0.943415 0.684696
3 73.401527 2.901511 60.722191 0.214014 0.412171 -0.885615 0.938295 0.688865
3 74.545830 4.694743 62.508190 0.431390 0.809393 -0.398480 0.942618 0.694962
horse_atlas.bmp
3 74.756927 1.675188 60.722191 0.380116 0.244026 -0.892168 0.943415 0.684696
3 74.545830 4.694743 62.508190 0.431390 0.809393 -0.398480 0.942618 0.694962
3 76.738922 2.710511 62.508190 0.774935 0.484149 -0.406295 0.950903 0.688216
horse_atlas.bmp
3 73.401527 2.901511 60.722191 0.214014 0.412171 -0.885615 0.938295 0.550652
3 71.550003 3.350376 60.722191 0.000000 0.470375 -0.882467 0.931300 0.550652
3 71.550003 5.421022 62.508190 0.000001 0.918906 -0.394477 0.931300 0.558642
horse_atlas.bmp
3 73.401527 2.901511 60.722191 0.214014 0.412171 -0.885615 0.938295 0.550652
3 71.550003 5.421022 62.508190 0.000001 0.918906 -0.394477 0.931300 0.558642
3 74.545830 4.694743 62.508190 0.431390 0.809393 -0.398480 0.942618 0.558642
horse_atlas.bmp
3 71.550003 3.350376 60.722191 0.000000 0.470375 -0.882467 0.931300 0.550652
3 69.698471 2.901511 60.722191 -0.214014 0.412171 -0.885615 0.924305 0.550652
3 68.554169 4.694743 62.508190 -0.431390 0.809393 -0.398480 0.919982 0.558642
horse_atlas.bmp
3 71.550003 3.350376 60.722191 0.000000 0.470375 -0.882467 0.931300 0.550652
3 68.554169 4.694743 62.508190 -0.431390 0.809393 -0.398480 0.919982 0.558642
3 71.550003 5.421022 62.508190 0.000001 0.918906 -0.394477 0.931300 0.558642
horse_atlas.bmp
3 69.698471 2.901511 60.722191 -0.214014 0.412171 -0.885615 0.924305 0.688865
3 68.343071 1.675188 60.722191 -0.380117 0.244026 -0.892167 0.919185 0.684696
3 66.361076 2.710511 62.508190 -0.774936 0.484148 -0.406294 0.911697 0.688216
horse_atlas.bmp
3 69.698471 2.901511 60.722191 -0.214014 0.412171 -0.885615 0.924305 0.688865
3 66.361076 2.710511 62.508190 -0.774936 0.484148 -0.406294 0.911697 0.688216
3 68.554169 4.694743 62.508190 -0.431390 0.809393 -0.398480 0.919982 0.694962
horse_atlas.bmp
3 68.343071 1.675188 60.722191 -0.380117 0.244026 -0.892167 0.919185 0.684696
3 67.846954 0.000000 60.722191 -0.444883 0.000000 -0.895589 0.917311 0.679000
3 65.558342 0.000000 62.508190 -0.912057 0.000000 -0.410063 0.908665 0.679000
horse_atlas.bmp
3 68.343071 1.675188 60.722191 -0.380117 0.244026 -0.892167 0.919185 0.684696
3 65.558342 0.000000 62.508190 -0.912057 0.000000 -0.410063 0.908665 0.679000
3 66.361076 2.710511 62.508190 -0.774936 0.484148 -0.406294 0.911697 0.688216
horse_atlas.bmp
3 67.846954 0.000000 60.722191 -0.444883 0.000000 -0.895589 0.917311 0.679000
3 68.343071 -1.675188 60.722191 -0.380116 -0.244026 -0.892168 0.919185 0.673304
3 66.361076 -2.710511 62.508190 -0.774936 -0.484148 -0.406295 0.911697 0.669784
horse_atlas.bmp
3 67.846954 0.000000 60.722191 -0.444883 0.000000 -0.895589 0.917311 0.679000
3 66.361076 -2.710511 62.508190 -0.774936 -0.484148 -0.406295 0.911697 0.669784
3 65.558342 0.000000 62.508190 -0.912057 0.000000 -0.410063 0.908665 0.679000
horse_atlas.bmp
3 68.343071 -1.675188 60.722191 -0.380116 -0.244026 -0.892168 0.919185 0.673304
3 69.698471 -2.901511 60.722191 -0.214014 -0.412171 -0.885615 0.924305 0.669135
3 68.554169 -4.694743 62.508190 -0.431390 -0.809393 -0.398480 0.919982 0.663038
horse_atlas.bmp
3 68.343071 -1.675188 60.722191 -0.380116 -0.244026 -0.892168 0.919185 0.673304
3 68.554169 -4.694743 62.508190 -0.431390 -0.809393 -0.398480 0.919982 0.663038
3 66.361076 -2.710511 62.508190 -0.774936 -0.484148 -0.406295 0.911697 0.669784
horse_atlas.bmp
3 69.698471 -2.901511 60.722191 -0.214014 -0.412171 -0.885615 0.924305 0.550652
3 71.550003 -3.350376 60.722191 -0.000000 -0.470375 -0.882467 0.931300 0.550652
3 71.550003 -5.421022 62.508190 0.000000 -0.918906 -0.394477 0.931300 0.558642
horse_atlas.bmp
3 69.698471 -2.901511 60.722191 -0.214014 -0.412171 -0.885615 0.924305 0.550652
3 71.550003 -5.421022 62.508190 0.000000 -0.918906 -0.394477 0.931300 0.558642
3 68.554169 -4.694743 62.508190 -0.431390 -0.809393 -0.398480 0.919982 0.558642
horse_atlas.bmp
3 71.550003 -3.350376 60.722191 -0.000000 -0.470375 -0.882467 0.931300 0.550652
3 73.401527 -2.901511 60.722191 0.214014 -0.412171 -0.885615 0.938295 0.550652
3 74.545830 -4.694743 62.508190 0.431390 -0.809392 -0.398480 0.942618 0.558642
horse_atlas.bmp
3 71.550003 -3.350376 60.722191 -0.000000 -0.470375 -0.882467 0.931300 0.550652
3 74.545830 -4.694743 62.508190 0.431390 -0.809392 -0.398480 0.942618 0.558642
3 71.550003 -5.421022 62.508190 0.000000 -0.918906 -0.394477 0.931300 0.558642
horse_atlas.bmp
3 73.401527 -2.901511 60.722191 0.214014 -0.412171 -0.885615 0.938295 0.669135
3 74.756927 -1.675188 60.722191 0.380117 -0.244026 -0.892167 0.943415 0.673304
3 76.738922 -2.710511 62.508190 0.774935 -0.484149 -0.406294 0.950903 0.669784
horse_atlas.bmp
3 73.401527 -2.901511 60.722191 0.214014 -0.412171 -0.885615 0.938295 0.669135
3 76.738922 -2.710511 62.508190 0.774935 -0.484149 -0.406294 0.950903 0.669784
3 74.545830 -4.694743 62.508190 0.431390 -0.809392 -0.398480 0.942618 0.663038
horse_atlas.bmp
3 74.756927 -1.675188 60.722191 0.380117 -0.244026 -0.892167 0.943415 0.673304
3 75.253044 0.000000 60.722191 0.444883 0.000000 -0.895589 0.945289 0.679000
3 77.541656 0.000000 62.508190 0.912057 0.000000 -0.410063 0.953935 0.679000
horse_atlas.bmp
3 74.756927 -1.675188 60.722191 0.380117 -0.244026 -0.892167 0.943415 0.673304
3 77.541656 0.000000 62.508190 0.912057 0.000000 -0.410063 0.953935 0.679000
3 76.738922 -2.710511 62.508190 0.774935 -0.484149 -0.406294 0.950903 0.669784
horse_atlas.bmp
3 77.541656 0.000000 62.508190 0.912057 0.000000 -0.410063 0.861000 0.558642
3 76.738922 2.710511 62.508190 0.774935 0.484149 -0.406295 0.870216 0.558642
3 76.738922 2.710511 64.715813 0.774935 0.484149 0.406295 0.870216 0.568518
horse_atlas.bmp
3 77.541656 0.000000 62.508190 0.912057 0.000000 -0.410063 0.861000 0.558642
3 76.738922 2.710511 64.715813 0.774935 0.484149 0.406295 0.870216 0.568518
3 77.541656 0.000000 64.715813 0.912057 0.000000 0.410063 0.861000 0.568518
horse_atlas.bmp
3 76.738922 2.710511 62.508190 0.774935 0.484149 -0.406295 0.950903 0.558642
3 74.545830 4.694743 62.508190 0.431390 0.809393 -0.398480 0.942618 0.558642
3 74.545830 4.694743 64.715813 0.431390 0.809392 0.398480 0.942618 0.568518
horse_atlas.bmp
3 76.738922 2.710511 62.508190 0.774935 0.484149 -0.406295 0.950903 0.558642
3 74.545830 4.694743 64.715813 0.431390 0.809392 0.398480 0.942618 0.568518
3 76.738922 2.710511 64.715813 0.774935 0.484149 0.406295 0.950903 0.568518
horse_atlas.bmp
3 74.545830 4.694743 62.508190 0.431390 0.809393 -0.398480 0.942618 0.558642
3 71.550003 5.421022 62.508190 0.000001 0.918906 -0.394477 0.931300 0.558642
3 71.550003 5.421022 64.715813 0.000001 0.918906 0.394477 0.931300 0.568518
horse_atlas.bmp
3 74.545830 4.694743 62.508190 0.431390 0.809393 -0.398480 0.942618 0.558642
3 71.550003 5.421022 64.715813 0.000001 0.918906 0.394477 0.931300 0.568518
3 74.545830 4.694743 64.715813 0.431390 0.809392 0.398480 0.942618 0.568518
horse_atlas.bmp
3 71.550003 5.421022 62.508190 0.000001 0.918906 -0.394477 0.931300 0.558642
3 68.554169 4.694743 62.508190 -0.431390 0.809393 -0.398480 0.919982 0.558642
3 68.554169 4.694743 64.715813 -0.431390 0.809392 0.398481 0.919982 0.568518
horse_atlas.bmp
3 71.550003 5.421022 62.508190 0.000001 0.918906 -0.394477 0.931300 0.558642
3 68.554169 4.694743 64.715813 -0.431390 0.809392 0.398481 0.919982 0.568518
3 71.550003 5.421022 64.715813 0.000001 0.918906 0.394477 0.931300 0.568518
horse_atlas.bmp
3 68.554169 4.694743 62.508190 -0.431390 0.809393 -0.398480 0.919982 0.558642
3 66.361076 2.710511 62.508190 -0.774936 0.484148 -0.406294 0.911697 0.558642
3 66.361076 2.710511 64.715813 -0.774936 0.484148 0.406295 0.911697 0.568518
horse_atlas.bmp
3 68.554169 4.694743 62.508190 -0.431390 0.809393 -0.398480 0.919982 0.558642
3 66.361076 2.710511 64.715813 -0.774936 0.484148 0.406295 0.911697 0.568518
3 68.554169 4.694743 64.715813 -0.431390 0.809392 0.398481 0.919982 0.568518
horse_atlas.bmp
3 66.361076 2.710511 62.508190 -0.774936 0.484148 -0.406294 0.870216 0.558642
3 65.558342 0.000000 62.508190 -0.912057 0.000000 -0.410063 0.861000 0.558642
3 65.558342 0.000000 64.715813 -0.912057 0.000000 0.410063 0.861000 0.568518
horse_atlas.bmp
3 66.361076 2.710511 62.508190 -0.774936 0.484148 -0.406294 0.870216 0.558642
3 65.558342 0.000000 64.715813 -0.912057 0.000000 0.410063 0.861000 0.568518
3 66.361076 2.710511 64.715813 -0.774936 0.484148 0.406295 0.870216 0.568518
horse_atlas.bmp
3 65.558342 0.000000 62.508190 -0.912057 0.000000 -0.410063 0.861000 0.558642
3 66.361076 -2.710511 62.508190 -0.774936 -0.484148 -0.406295 0.851784 0.558642
3 66.361076 -2.710511 64.715813 -0.774936 -0.484148 0.406295 0.851784 0.568518
horse_atlas.bmp
3 65.558342 0.000000 62.508190 -0.912057 0.000000 -0.410063 0.861000 0.558642
3 66.361076 -2.710511 64.715813 -0.774936 -0.484148 0.406295 0.851784 0.568518
3 65.558342 0.000000 64.715813 -0.912057 0.000000 0.410063 0.861000 0.568518
horse_atlas.bmp
3 66.361076 -2.710511 62.508190 -0.774936 -0.484148 -0.406295 0.911697 0.558642
3 68.554169 -4.694743 62.508190 -0.431390 -0.809393 -0.398480 0.919982 0.558642
3 68.554169 -4.694743 64.715813 -0.431390 -0.809392 0.398481 0.919982 0.568518
horse_atlas.bmp
3 66.361076 -2.710511 62.508190 -0.774936 -0.484148 -0.406295 0.911697 0.558642
3 68.554169 -4.694743 64.715813 -0.431390 -0.809392 0.398481 0.919982 0.568518
3 66.361076 -2.710511 64.715813 -0.774936 -0.484148 0.406295 0.911697 0.568518
horse_atlas.bmp
3 68.554169 -4.694743 62.508190 -0.431390 -0.809393 -0.398480 0.919982 0.558642
3 71.550003 -5.421022 62.508190 0.000000 -0.918906 -0.394477 0.931300 0.558642
3 71.550003 -5.421022 64.715813 0.000000 -0.918906 0.394477 0.931300 0.568518
horse_atlas.bmp
3 68.554169 -4.694743 62.508190 -0.431390 -0.809393 -0.398480 0.919982 0.558642
3 71.550003 -5.421022 64.715813 0.000000 -0.918906 0.394477 0.931300 0.568518
3 68.554169 -4.694743 64.715813 -0.431390 -0.809392 0.398481 0.919982 0.568518
horse_atlas.bmp
3 71.550003 -5.421022 62.508190 0.000000 -0.918906 -0.394477 0.931300 0.558642
3 74.545830 -4.694743 62.508190 0.431390 -0.809392 -0.398480 0.942618 0.558642
3 74.545830 -4.694743 64.715813 0.431390 -0.809392 0.398481 0.942618 0.568518
horse_atlas.bmp
3 71.550003 -5.421022 62.508190 0.000000 -0.918906 -0.394477 0.931300 0.558642
3 74.545830 -4.694743 64.715813 0.431390 -0.809392 0.398481 0.942618 0.568518
3 71.550003 -5.421022 64.715813 0.000000 -0.918906 0.394477 0.931300 0.568518
horse_atlas.bmp
3 74.545830 -4.694743 62.508190 0.431390 -0.809392 -0.398480 0.942618 0.558642
3 76.738922 -2.710511 62.508190 0.774935 -0.484149 -0.406294 0.950903 0.558642
3 76.738922 -2.710511 64.715813 0.774935 -0.484149 0.406295 0.950903 0.568518
horse_atlas.bmp
3 74.545830 -4.694743 62.508190 0.431390 -0.809392 -0.398480 0.942618 0.558642
3 76.738922 -2.710511 64.715813 0.774935 -0.484149 0.406295 0.950903 0.568518
3 74.545830 -4.694743 64.715813 0.431390 -0.809392 0.398481 0.942618 0.568518
horse_atlas.bmp
3 76.738922 -2.710511 62.508190 0.774935 -0.484149 -0.406294 0.851784 0.558642
3 77.541656 0.000000 62.508190 0.912057 0.000000 -0.410063 0.861000 0.558642
3 77.541656 0.000000 64.715813 0.912057 0.000000 0.410063 0.861000 0.568518
horse_atlas.bmp
3 76.738922 -2.710511 62.508190 0.774935 -0.484149 -0.406294 0.851784 0.558642
3 77.541656 0.000000 64.715813 0.912057 0.000000 0.410063 0.861000 0.568518
3 76.738922 -2.710511 64.715813 0.774935 -0.484149 0.406295 0.851784 0.568518
horse_atlas.bmp
3 77.541656 0.000000 64.715813 0.912057 0.000000 0.410063 0.953935 0.679000
3 76.738922 2.710511 64.715813 0.774935 0.484149 0.406295 0.950903 0.688216
3 74.756927 1.675188 66.501808 0.380117 0.244026 0.892167 0.943415 0.684696
horse_atlas.bmp
3 77.541656 0.000000 64.715813 0.912057 0.000000 0.410063 0.953935 0.679000
3 74.756927 1.675188 66.501808 0.380117 0.244026 0.892167 0.943415 0.684696
3 75.253044 0.000000 66.501808 0.444882 0.000000 0.895589 0.945289 0.679000
horse_atlas.bmp
3 76.738922 2.710511 64.715813 0.774935 0.484149 0.406295 0.950903 0.688216
3 74.545830 4.694743 64.715813 0.431390 0.809392 0.398480 0.942618 0.694962
3 73.401527 2.901511 66.501808 0.214015 0.412170 0.885615 0.938295 0.688865
horse_atlas.bmp
3 76.738922 2.710511 64.715813 0.774935 0.484149 0.406295 0.950903 0.688216
3 73.401527 2.901511 66.501808 0.214015 0.412170 0.885615 0.938295 0.688865
3 74.756927 1.675188 66.501808 0.380117 0.244026 0.892167 0.943415 0.684696
horse_atlas.bmp
3 74.545830 4.694743 64.715813 0.431390 0.809392 0.398480 0.942618 0.568518
3 71.550003 5.421022 64.715813 0.000001 0.918906 0.394477 0.931300 0.568518
3 71.550003 3.350376 66.501808 0.000000 0.470374 0.882467 0.931300 0.576508
horse_atlas.bmp
3 74.545830 4.694743 64.715813 0.431390 0.809392 0.398480 0.942618 0.568518
3 71.550003 3.350376 66.501808 0.000000 0.470374 0.882467 0.931300 0.576508
3 73.401527 2.901511 66.501808 0.214015 0.412170 0.885615 0.938295 0.576508
horse_atlas.bmp
3 71.550003 5.421022 64.715813 0.000001 0.918906 0.394477 0.931300 0.568518
3 68.554169 4.694743 64.715813 -0.431390 0.809392 0.398481 0.919982 0.568518
3 69.698471 2.901511 66.501808 -0.214014 0.412171 0.885615 0.924305 0.576508
horse_atlas.bmp
3 71.550003 5.421022 64.715813 0.000001 0.918906 0.394477 0.931300 0.568518
3 69.698471 2.901511 66.501808 -0.214014 0.412171 0.885615 0.924305 0.576508
3 71.550003 3.350376 66.501808 0.000000 0.470374 0.882467 0.931300 0.576508
horse_atlas.bmp
3 68.554169 4.694743 64.715813 -0.431390 0.809392 0.398481 0.919982 0.694962
3 66.361076 2.710511 64.715813 -0.774936 0.484148 0.406295 0.911697 0.688216
3 68.343071 1.675188 66.501808 -0.380116 0.244026 0.892168 0.919185 0.684696
horse_atlas.bmp
3 68.554169 4.694743 64.715813 -0.431390 0.809392 0.398481 0.919982 0.694962
3 68.343071 1.675188 66.501808 -0.380116 0.244026 0.892168 0.919185 0.684696
3 69.698471 2.901511 66.501808 -0.214014 0.412171 0.885615 0.924305 0.688865
horse_atlas.bmp
3 66.361076 2.710511 64.715813 -0.774936 0.484148 0.406295 0.911697 0.688216
3 65.558342 0.000000 64.715813 -0.912057 0.000000 0.410063 0.908665 0.679000
3 67.846954 0.000000 66.501808 -0.444882 0.000000 0.895589 0.917311 0.679000
horse_atlas.bmp
3 66.361076 2.710511 64.715813 -0.774936 0.484148 0.406295 0.911697 0.688216
3 67.846954 0.000000 66.501808 -0.444882 0.000000 0.895589 0.917311 0.679000
3 68.343071 1.675188 66.501808 -0.380116 0.244026 0.892168 0.919185 0.684696
horse_atlas.bmp
3 65.558342 0.000000 64.715813 -0.912057 0.000000 0.410063 0.908665 0.679000
3 66.361076 -2.710511 64.715813 -0.774936 -0.484148 0.406295 0.911697 0.669784
3 68.343071 -1.675188 66.501808 -0.380117 -0.244026 0.892168 0.919185 0.673304
horse_atlas.bmp
3 65.558342 0.000000 64.715813 -0.912057 0.000000 0.410063 0.908665 0.679000
3 68.343071 -1.675188 66.501808 -0.380117 -0.244026 0.892168 0.919185 0.673304
3 67.846954 0.000000 66.501808 -0.444882 0.000000 0.895589 0.917311 0.679000
horse_atlas.bmp
3 66.361076 -2.710511 64.715813 -0.774936 -0.484148 0.406295 0.911697 0.669784
3 68.554169 -4.694743 64.715813 -0.431390 -0.809392 0.398481 0.919982 0.663038
3 69.698471 -2.901511 66.501808 -0.214015 -0.412170 0.885615 0.924305 0.669135
horse_atlas.bmp
3 66.361076 -2.710511 64.715813 -0.774936 -0.484148 0.406295 0.911697 0.669784
3 69.698471 -2.901511 66.501808 -0.214015 -0.412170 0.885615 0.924305 0.669135
3 68.343071 -1.675188 66.501808 -0.380117 -0.244026 0.892168 0.919185 0.673304
horse_atlas.bmp
3 68.554169 -4.694743 64.715813 -0.431390 -0.809392 0.398481 0.919982 0.568518
3 71.550003 -5.421022 64.715813 0.000000 -0.918906 0.394477 0.931300 0.568518
3 71.550003 -3.350376 66.501808 -0.000000 -0.470374 0.882467 0.931300 0.576508
horse_atlas.bmp
3 68.554169 -4.694743 64.715813 -0.431390 -0.809392 0.398481 0.919982 0.568518
3 71.550003 -3.350376 66.501808 -0.000000 -0.470374 0.882467 0.931300 0.576508
3 69.698471 -2.901511 66.501808 -0.214015 -0.412170 0.885615 0.924305 0.576508
horse_atlas.bmp
3 71.550003 -5.421022 64.715813 0.000000 -0.918906 0.394477 0.931300 0.568518
3 74.545830 -4.694743 64.715813 0.431390 -0.809392 0.398481 0.942618 0.568518
3 73.401527 -2.901511 66.501808 0.214014 -0.412170 0.885615 0.938295 0.576508
horse_atlas.bmp
3 71.550003 -5.421022 64.715813 0.000000 -0.918906 0.394477 0.931300 0.568518
3 73.401527 -2.901511 66.501808 0.214014 -0.412170 0.885615 0.938295 0.576508
3 71.550003 -3.350376 66.501808 -0.000000 -0.470374 0.882467 0.931300 0.576508
horse_atlas.bmp
3 74.545830 -4.694743 64.715813 0.431390 -0.809392 0.398481 0.942618 0.663038
3 76.738922 -2.710511 64.715813 0.774935 -0.484149 0.406295 0.950903 0.669784
3 74.756927 -1.675188 66.501808 0.380116 -0.244026 0.892168 0.943415 0.673304
horse_atlas.bmp
3 74.545830 -4.694743 64.715813 0.431390 -0.809392 0.398481 0.942618 0.663038
3 74.756927 -1.675188 66.501808 0.380116 -0.244026 0.892168 0.943415 0.673304
3 73.401527 -2.901511 66.501808 0.214014 -0.412170 0.885615 0.938295 0.669135
horse_atlas.bmp
3 76.738922 -2.710511 64.715813 0.774935 -0.484149 0.406295 0.950903 0.669784
3 77.541656 0.000000 64.715813 0.912057 0.000000 0.410063 0.953935 0.679000
3 75.253044 0.000000 66.501808 0.444882 0.000000 0.895589 0.945289 0.679000
horse_atlas.bmp
3 76.738922 -2.710511 64.715813 0.774935 -0.484149 0.406295 0.950903 0.669784
3 75.253044 0.000000 66.501808 0.444882 0.000000 0.895589 0.945289 0.679000
3 74.756927 -1.675188 66.501808 0.380116 -0.244026 0.892168 0.943415 0.673304
horse_atlas.bmp
3 75.253044 0.000000 66.501808 0.444882 0.000000 0.895589 0.945289 0.679000
3 74.756927 1.675188 66.501808 0.380117 0.244026 0.892167 0.943415 0.684696
3 71.550003 0.000000 67.183998 0.164094 0.086046 0.982685 0.931300 0.679000
horse_atlas.bmp
3 74.756927 1.675188 66.501808 0.380117 0.244026 0.892167 0.943415 0.684696
3 73.401527 2.901511 66.501808 0.214015 0.412170 0.885615 0.938295 0.688865
3 71.550003 0.000000 67.183998 0.116358 0.156357 0.980823 0.931300 0.679000
horse_atlas.bmp
3 73.401527 2.901511 66.501808 0.214015 0.412170 0.885615 0.938295 0.688865
3 71.550003 3.350376 66.501808 0.000000 0.470374 0.882467 0.931300 0.690391
3 71.550003 0.000000 67.183998 0.000000 0.199522 0.979893 0.931300 0.679000
horse_atlas.bmp
3 71.550003 3.350376 66.501808 0.000000 0.470374 0.882467 0.931300 0.690391
3 69.698471 2.901511 66.501808 -0.214014 0.412171 0.885615 0.924305 0.688865
3 71.550003 0.000000 67.183998 -0.116356 0.156359 0.980823 0.931300 0.679000
horse_atlas.bmp
3 69.698471 2.901511 66.501808 -0.214014 0.412171 0.885615 0.924305 0.688865
3 68.343071 1.675188 66.501808 -0.380116 0.244026 0.892168 0.919185 0.684696
3 71.550003 0.000000 67.183998 -0.164093 0.086046 0.982685 0.931300 0.679000
horse_atlas.bmp
3 68.343071 1.675188 66.501808 -0.380116 0.244026 0.892168 0.919185 0.684696
3 67.846954 0.000000 66.501808 -0.444882 0.000000 0.895589 0.917311 0.679000
3 71.550003 0.000000 67.183998 -0.181174 0.000000 0.983451 0.931300 0.679000
horse_atlas.bmp
3 67.846954 0.000000 66.501808 -0.444882 0.000000 0.895589 0.917311 0.679000
3 68.343071 -1.675188 66.501808 -0.380117 -0.244026 0.892168 0.919185 0.673304
3 71.550003 -0.000000 67.183998 -0.164093 -0.086046 0.982685 0.931300 0.679000
horse_atlas.bmp
3 68.343071 -1.675188 66.501808 -0.380117 -0.244026 0.892168 0.919185 0.673304
3 69.698471 -2.901511 66.501808 -0.214015 -0.412170 0.885615 0.924305 0.669135
3 71.550003 -0.000000 67.183998 -0.116358 -0.156359 0.980823 0.931300 0.679000
horse_atlas.bmp
3 69.698471 -2.901511 66.501808 -0.214015 -0.412170 0.885615 0.924305 0.669135
3 71.550003 -3.350376 66.501808 -0.000000 -0.470374 0.882467 0.931300 0.667609
3 71.550003 -0.000000 67.183998 0.000000 -0.199522 0.979893 0.931300 0.679000
horse_atlas.bmp
3 71.550003 -3.350376 66.501808 -0.000000 -0.470374 0.882467 0.931300 0.667609
3 73.401527 -2.901511 66.501808 0.214014 -0.412170 0.885615 0.938295 0.669135
3 71.550003 -0.000000 67.183998 0.116356 -0.156358 0.980823 0.931300 0.679000
horse_atlas.bmp
3 73.401527 -2.901511 66.501808 0.214014 -0.412170 0.885615 0.938295 0.669135
3 74.756927 -1.675188 66.501808 0.380116 -0.244026 0.892168 0.943415 0.673304
3 71.550003 -0.000000 67.183998 0.164093 -0.086046 0.982685 0.931300 0.679000
horse_atlas.bmp
3 74.756927 -1.675188 66.501808 0.380116 -0.244026 0.892168 0.943415 0.673304
3 75.253044 0.000000 66.501808 0.444882 0.000000 0.895589 0.945289 0.679000
3 71.550003 0.000000 67.183998 0.181175 0.000000 0.983451 0.931300 0.679000
horse_atlas.bmp
3 43.200001 -3.900000 80.559998 0.071402 0.838577 -0.540083 0.464200 0.199400
3 40.826073 -4.954228 80.309418 -0.552786 0.553326 -0.623104 0.455232 0.198279
3 40.611244 -5.912718 86.639999 -0.739500 0.599888 0.305408 0.454420 0.026600
horse_atlas.bmp
3 43.200001 -3.900000 80.559998 0.071402 0.838577 -0.540083 0.464200 0.199400
3 40.611244 -5.912718 86.639999 -0.739500 0.599888 0.305408 0.454420 0.026600
3 42.299999 -5.235000 86.639999 -0.042075 0.950020 0.309339 0.460800 0.026600
horse_atlas.bmp
3 40.826073 -4.954228 80.309418 -0.552786 0.553326 -0.623104 0.284156 0.198279
3 40.239758 -7.323059 80.247528 -0.726475 -0.184853 -0.661864 0.276102 0.198002
3 40.194153 -7.435537 86.639999 -0.932999 -0.226355 0.279779 0.275719 0.026600
horse_atlas.bmp
3 40.826073 -4.954228 80.309418 -0.552786 0.553326 -0.623104 0.284156 0.198279
3 40.194153 -7.435537 86.639999 -0.932999 -0.226355 0.279779 0.275719 0.026600
3 40.611244 -5.912718 86.639999 -0.739500 0.599888 0.305408 0.280897 0.026600
horse_atlas.bmp
3 40.239758 -7.323059 80.247528 -0.726475 -0.184853 -0.661864 0.453017 0.198002
3 41.882568 -9.222713 80.420937 -0.259006 -0.740049 -0.620679 0.459223 0.198778
3 41.362812 -8.656744 86.639999 -0.420817 -0.873853 0.243504 0.457260 0.026600
horse_atlas.bmp
3 40.239758 -7.323059 80.247528 -0.726475 -0.184853 -0.661864 0.453017 0.198002
3 41.362812 -8.656744 86.639999 -0.420817 -0.873853 0.243504 0.457260 0.026600
3 40.194153 -7.435537 86.639999 -0.932999 -0.226355 0.279779 0.452845 0.026600
horse_atlas.bmp
3 41.882568 -9.222713 80.420937 -0.259006 -0.740049 -0.620679 0.459223 0.198778
3 44.517433 -9.222713 80.699059 0.404585 -0.740840 -0.536160 0.469177 0.200022
3 43.237190 -8.656744 86.639999 0.351346 -0.907257 0.231173 0.464340 0.026600
horse_atlas.bmp
3 41.882568 -9.222713 80.420937 -0.259006 -0.740049 -0.620679 0.459223 0.198778
3 43.237190 -8.656744 86.639999 0.351346 -0.907257 0.231173 0.464340 0.026600
3 41.362812 -8.656744 86.639999 -0.420817 -0.873853 0.243504 0.457260 0.026600
horse_atlas.bmp
3 44.517433 -9.222713 80.699059 0.404585 -0.740840 -0.536160 0.469177 0.200022
3 46.160240 -7.323059 80.872475 0.869178 -0.184416 -0.458825 0.275383 0.200798
3 44.405846 -7.435537 86.639999 0.929240 -0.249014 0.272956 0.468755 0.026600
horse_atlas.bmp
3 44.517433 -9.222713 80.699059 0.404585 -0.740840 -0.536160 0.469177 0.200022
3 44.405846 -7.435537 86.639999 0.929240 -0.249014 0.272956 0.468755 0.026600
3 43.237190 -8.656744 86.639999 0.351346 -0.907257 0.231173 0.464340 0.026600
horse_atlas.bmp
3 46.160240 -7.323059 80.872475 0.869178 -0.184416 -0.458825 0.276102 0.200798
3 45.573929 -4.954228 80.810577 0.693636 0.550504 -0.464558 0.284156 0.200521
3 43.988758 -5.912718 86.639999 0.698670 0.647239 0.304864 0.280897 0.026600
horse_atlas.bmp
3 46.160240 -7.323059 80.872475 0.869178 -0.184416 -0.458825 0.276102 0.200798
3 43.988758 -5.912718 86.639999 0.698670 0.647239 0.304864 0.280897 0.026600
3 44.405846 -7.435537 86.639999 0.929240 -0.249014 0.272956 0.275719 0.026600
horse_atlas.bmp
3 45.573929 -4.954228 80.810577 0.693636 0.550504 -0.464558 0.473168 0.200521
3 43.200001 -3.900000 80.559998 0.071402 0.838577 -0.540083 0.464200 0.199400
3 42.299999 -5.235000 86.639999 -0.042075 0.950020 0.309339 0.460800 0.026600
horse_atlas.bmp
3 45.573929 -4.954228 80.810577 0.693636 0.550504 -0.464558 0.473168 0.200521
3 42.299999 -5.235000 86.639999 -0.042075 0.950020 0.309339 0.460800 0.026600
3 43.988758 -5.912718 86.639999 0.698670 0.647239 0.304864 0.467180 0.026600
horse_atlas.bmp
3 42.299999 -5.235000 86.639999 -0.042075 0.950020 0.309339 0.460800 0.026600
3 40.611244 -5.912718 86.639999 -0.739500 0.599888 0.305408 0.454420 0.026600
3 43.027504 -7.075477 90.469131 -0.333180 0.407994 0.850019 0.463548 0.043730
horse_atlas.bmp
3 42.299999 -5.235000 86.639999 -0.042075 0.950020 0.309339 0.460800 0.026600
3 43.027504 -7.075477 90.469131 -0.333180 0.407994 0.850019 0.463548 0.043730
3 43.200001 -7.019000 90.440002 0.105979 0.602161 0.791309 0.464200 0.043600
horse_atlas.bmp
3 40.611244 -5.912718 86.639999 -0.739500 0.599888 0.305408 0.280897 0.026600
3 40.194153 -7.435537 86.639999 -0.932999 -0.226355 0.279779 0.275719 0.026600
3 42.984901 -7.202378 90.476326 -0.496898 -0.167775 0.851437 0.276512 0.043763
horse_atlas.bmp
3 40.611244 -5.912718 86.639999 -0.739500 0.599888 0.305408 0.280897 0.026600
3 42.984901 -7.202378 90.476326 -0.496898 -0.167775 0.851437 0.276512 0.043763
3 43.027504 -7.075477 90.469131 -0.333180 0.407994 0.850019 0.276943 0.043730
horse_atlas.bmp
3 40.194153 -7.435537 86.639999 -0.932999 -0.226355 0.279779 0.452845 0.026600
3 41.362812 -8.656744 86.639999 -0.420817 -0.873853 0.243504 0.457260 0.026600
3 43.104271 -7.304145 90.456169 -0.120234 -0.572435 0.811087 0.463838 0.043672
horse_atlas.bmp
3 40.194153 -7.435537 86.639999 -0.932999 -0.226355 0.279779 0.452845 0.026600
3 43.104271 -7.304145 90.456169 -0.120234 -0.572435 0.811087 0.463838 0.043672
3 42.984901 -7.202378 90.476326 -0.496898 -0.167775 0.851437 0.463387 0.043763
horse_atlas.bmp
3 41.362812 -8.656744 86.639999 -0.420817 -0.873853 0.243504 0.457260 0.026600
3 43.237190 -8.656744 86.639999 0.351346 -0.907257 0.231173 0.464340 0.026600
3 43.295731 -7.304145 90.423836 0.343398 -0.594568 0.727026 0.464562 0.043528
horse_atlas.bmp
3 41.362812 -8.656744 86.639999 -0.420817 -0.873853 0.243504 0.457260 0.026600
3 43.295731 -7.304145 90.423836 0.343398 -0.594568 0.727026 0.464562 0.043528
3 43.104271 -7.304145 90.456169 -0.120234 -0.572435 0.811087 0.463838 0.043672
horse_atlas.bmp
3 43.237190 -8.656744 86.639999 0.351346 -0.907257 0.231173 0.464340 0.026600
3 44.405846 -7.435537 86.639999 0.929240 -0.249014 0.272956 0.468755 0.026600
3 43.415100 -7.202378 90.403671 0.752624 -0.183172 0.632460 0.465013 0.043437
horse_atlas.bmp
3 43.237190 -8.656744 86.639999 0.351346 -0.907257 0.231173 0.464340 0.026600
3 43.415100 -7.202378 90.403671 0.752624 -0.183172 0.632460 0.465013 0.043437
3 43.295731 -7.304145 90.423836 0.343398 -0.594568 0.727026 0.464562 0.043528
horse_atlas.bmp
3 44.405846 -7.435537 86.639999 0.929240 -0.249014 0.272956 0.275719 0.026600
3 43.988758 -5.912718 86.639999 0.698670 0.647239 0.304864 0.280897 0.026600
3 43.372498 -7.075477 90.410866 0.573757 0.439184 0.691318 0.276943 0.043470
horse_atlas.bmp
3 44.405846 -7.435537 86.639999 0.929240 -0.249014 0.272956 0.275719 0.026600
3 43.372498 -7.075477 90.410866 0.573757 0.439184 0.691318 0.276943 0.043470
3 43.415100 -7.202378 90.403671 0.752624 -0.183172 0.632460 0.276512 0.043437
horse_atlas.bmp
3 43.988758 -5.912718 86.639999 0.698670 0.647239 0.304864 0.467180 0.026600
3 42.299999 -5.235000 86.639999 -0.042075 0.950020 0.309339 0.460800 0.026600
3 43.200001 -7.019000 90.440002 0.105979 0.602161 0.791309 0.464200 0.043600
horse_atlas.bmp
3 43.988758 -5.912718 86.639999 0.698670 0.647239 0.304864 0.467180 0.026600
3 43.200001 -7.019000 90.440002 0.105979 0.602161 0.791309 0.464200 0.043600
3 43.372498 -7.075477 90.410866 0.573757 0.439184 0.691318 0.464852 0.043470
horse_atlas.bmp
3 43.200001 -3.900000 80.559998 0.071402 0.838577 -0.540083 0.464200 0.025740
3 45.573929 -4.954228 80.810577 0.693636 0.550504 -0.464558 0.473168 0.222156
3 46.160240 -7.323059 80.872475 0.869178 -0.184416 -0.458825 0.275383 0.214102
horse_atlas.bmp
3 46.160240 -7.323059 80.872475 0.869178 -0.184416 -0.458825 0.275383 0.214102
3 44.517433 -9.222713 80.699059 0.404585 -0.740840 -0.536160 0.469177 0.207643
3 41.882568 -9.222713 80.420937 -0.259006 -0.740049 -0.620679 0.459223 0.207643
horse_atlas.bmp
3 41.882568 -9.222713 80.420937 -0.259006 -0.740049 -0.620679 0.459223 0.207643
3 40.239758 -7.323059 80.247528 -0.726475 -0.184853 -0.661864 0.453017 0.214102
3 40.826073 -4.954228 80.309418 -0.552786 0.553326 -0.623104 0.455232 0.222156
horse_atlas.bmp
3 40.826073 -4.954228 80.309418 -0.552786 0.553326 -0.623104 0.455232 0.222156
3 43.200001 -3.900000 80.559998 0.071402 0.838577 -0.540083 0.464200 0.025740
3 46.160240 -7.323059 80.872475 0.869178 -0.184416 -0.458825 0.275383 0.214102
horse_atlas.bmp
3 46.160240 -7.323059 80.872475 0.869178 -0.184416 -0.458825 0.275383 0.214102
3 41.882568 -9.222713 80.420937 -0.259006 -0.740049 -0.620679 0.459223 0.207643
3 40.826073 -4.954228 80.309418 -0.552786 0.553326 -0.623104 0.455232 0.222156
horse_atlas.bmp
3 43.372498 -7.075477 90.410866 0.573757 0.439184 0.691318 0.464852 0.214943
3 43.200001 -7.019000 90.440002 0.105979 0.602161 0.791309 0.464200 0.215135
3 43.027504 -7.075477 90.469131 -0.333180 0.407994 0.850019 0.463548 0.214943
horse_atlas.bmp
3 43.027504 -7.075477 90.469131 -0.333180 0.407994 0.850019 0.463548 0.214943
3 42.984901 -7.202378 90.476326 -0.496898 -0.167775 0.851437 0.463387 0.214512
3 43.104271 -7.304145 90.456169 -0.120234 -0.572435 0.811087 0.463838 0.214166
horse_atlas.bmp
3 43.104271 -7.304145 90.456169 -0.120234 -0.572435 0.811087 0.463838 0.214166
3 43.295731 -7.304145 90.423836 0.343398 -0.594568 0.727026 0.464562 0.214166
3 43.415100 -7.202378 90.403671 0.752624 -0.183172 0.632460 0.465013 0.214512
horse_atlas.bmp
3 43.415100 -7.202378 90.403671 0.752624 -0.183172 0.632460 0.465013 0.214512
3 43.372498 -7.075477 90.410866 0.573757 0.439184 0.691318 0.464852 0.214943
3 43.027504 -7.075477 90.469131 -0.333180 0.407994 0.850019 0.463548 0.214943
horse_atlas.bmp
3 43.027504 -7.075477 90.469131 -0.333180 0.407994 0.850019 0.463548 0.214943
3 43.104271 -7.304145 90.456169 -0.120234 -0.572435 0.811087 0.463838 0.214166
3 43.415100 -7.202378 90.403671 0.752624 -0.183172 0.632460 0.465013 0.214512
horse_atlas.bmp
3 44.189999 -7.700000 82.839996 -0.969163 0.218063 -0.114769 0.834820 0.649600
3 44.010002 -7.700000 87.400002 -0.969163 0.218063 -0.114769 0.834820 0.670000
3 44.189999 -5.700000 86.639999 -0.969163 0.218063 -0.114769 0.841620 0.666600
horse_atlas.bmp
3 44.189999 -7.700000 82.839996 -0.969163 0.218063 -0.114769 0.834820 0.649600
3 44.189999 -5.700000 86.639999 -0.969163 0.218063 -0.114769 0.841620 0.666600
3 45.000000 -5.700000 82.839996 -0.969163 0.218063 -0.114769 0.841620 0.649600
horse_atlas.bmp
3 49.950001 -8.500000 74.403999 0.221058 0.000000 -0.975261 0.297700 0.622100
3 50.934345 -8.085410 74.679779 0.374627 0.460465 -0.804753 0.301419 0.623510
3 51.166714 -8.500000 74.679779 0.535514 -0.000000 -0.844526 0.302296 0.622100
horse_atlas.bmp
3 49.950001 -8.500000 74.403999 0.176560 0.219122 -0.959589 0.297700 0.622100
3 50.325985 -7.829180 74.679779 0.123851 0.644738 -0.754304 0.299120 0.624381
3 50.934345 -8.085410 74.679779 0.374627 0.460465 -0.804753 0.301419 0.623510
horse_atlas.bmp
3 49.950001 -8.500000 74.403999 0.066069 0.347499 -0.935350 0.297700 0.622100
3 49.574013 -7.829180 74.679779 -0.123852 0.644738 -0.754304 0.296280 0.624381
3 50.325985 -7.829180 74.679779 0.123851 0.644738 -0.754304 0.299120 0.624381
horse_atlas.bmp
3 49.950001 -8.500000 74.403999 -0.066069 0.347500 -0.935349 0.297700 0.622100
3 48.965656 -8.085410 74.679779 -0.374627 0.460464 -0.804753 0.293981 0.623510
3 49.574013 -7.829180 74.679779 -0.123852 0.644738 -0.754304 0.296280 0.624381
horse_atlas.bmp
3 49.950001 -8.500000 74.403999 -0.176560 0.219123 -0.959589 0.297700 0.622100
3 48.733284 -8.500000 74.679779 -0.535516 0.000000 -0.844525 0.293104 0.622100
3 48.965656 -8.085410 74.679779 -0.374627 0.460464 -0.804753 0.293981 0.623510
horse_atlas.bmp
3 49.950001 -8.500000 74.403999 -0.221057 -0.000000 -0.975261 0.297700 0.622100
3 48.965656 -8.914590 74.679779 -0.374627 -0.460464 -0.804753 0.293981 0.620690
3 48.733284 -8.500000 74.679779 -0.535516 0.000000 -0.844525 0.293104 0.622100
horse_atlas.bmp
3 49.950001 -8.500000 74.403999 -0.176560 -0.219123 -0.959589 0.297700 0.622100
3 49.574013 -9.170820 74.679779 -0.123852 -0.644738 -0.754304 0.296280 0.619819
3 48.965656 -8.914590 74.679779 -0.374627 -0.460464 -0.804753 0.293981 0.620690
horse_atlas.bmp
3 49.950001 -8.500000 74.403999 -0.066069 -0.347500 -0.935349 0.297700 0.622100
3 50.325985 -9.170820 74.679779 0.123851 -0.644738 -0.754304 0.299120 0.619819
3 49.574013 -9.170820 74.679779 -0.123852 -0.644738 -0.754304 0.296280 0.619819
horse_atlas.bmp
3 49.950001 -8.500000 74.403999 0.066069 -0.347499 -0.935350 0.297700 0.622100
3 50.934345 -8.914590 74.679779 0.374627 -0.460465 -0.804752 0.301419 0.620690
3 50.325985 -9.170820 74.679779 0.123851 -0.644738 -0.754304 0.299120 0.619819
horse_atlas.bmp
3 49.950001 -8.500000 74.403999 0.176560 -0.219122 -0.959590 0.297700 0.622100
3 51.166714 -8.500000 74.679779 0.535514 -0.000000 -0.844526 0.302296 0.622100
3 50.934345 -8.914590 74.679779 0.374627 -0.460465 -0.804752 0.301419 0.620690
horse_atlas.bmp
3 51.166714 -8.500000 74.679779 0.535514 -0.000000 -0.844526 0.280100 0.585094
3 50.934345 -8.085410 74.679779 0.374627 0.460465 -0.804753 0.281510 0.585094
3 51.542702 -7.829180 75.401779 0.645026 0.692645 -0.322776 0.282381 0.588324
horse_atlas.bmp
3 51.166714 -8.500000 74.679779 0.535514 -0.000000 -0.844526 0.280100 0.585094
3 51.542702 -7.829180 75.401779 0.645026 0.692645 -0.322776 0.282381 0.588324
3 51.918690 -8.500000 75.401779 0.935325 -0.000000 -0.353790 0.280100 0.588324
horse_atlas.bmp
3 50.934345 -8.085410 74.679779 0.374627 0.460465 -0.804753 0.301419 0.585094
3 50.325985 -7.829180 74.679779 0.123851 0.644738 -0.754304 0.299120 0.585094
3 50.558357 -7.414590 75.401779 0.198836 0.942492 -0.268650 0.299998 0.588324
horse_atlas.bmp
3 50.934345 -8.085410 74.679779 0.374627 0.460465 -0.804753 0.301419 0.585094
3 50.558357 -7.414590 75.401779 0.198836 0.942492 -0.268650 0.299998 0.588324
3 51.542702 -7.829180 75.401779 0.645026 0.692645 -0.322776 0.303717 0.588324
horse_atlas.bmp
3 50.325985 -7.829180 74.679779 0.123851 0.644738 -0.754304 0.299120 0.585094
3 49.574013 -7.829180 74.679779 -0.123852 0.644738 -0.754304 0.296280 0.585094
3 49.341644 -7.414590 75.401779 -0.198837 0.942492 -0.268650 0.295402 0.588324
horse_atlas.bmp
3 50.325985 -7.829180 74.679779 0.123851 0.644738 -0.754304 0.299120 0.585094
3 49.341644 -7.414590 75.401779 -0.198837 0.942492 -0.268650 0.295402 0.588324
3 50.558357 -7.414590 75.401779 0.198836 0.942492 -0.268650 0.299998 0.588324
horse_atlas.bmp
3 49.574013 -7.829180 74.679779 -0.123852 0.644738 -0.754304 0.296280 0.585094
3 48.965656 -8.085410 74.679779 -0.374627 0.460464 -0.804753 0.293981 0.585094
3 48.357300 -7.829180 75.401779 -0.645026 0.692645 -0.322775 0.291683 0.588324
horse_atlas.bmp
3 49.574013 -7.829180 74.679779 -0.123852 0.644738 -0.754304 0.296280 0.585094
3 48.357300 -7.829180 75.401779 -0.645026 0.692645 -0.322775 0.291683 0.588324
3 49.341644 -7.414590 75.401779 -0.198837 0.942492 -0.268650 0.295402 0.588324
horse_atlas.bmp
3 48.965656 -8.085410 74.679779 -0.374627 0.460464 -0.804753 0.281510 0.585094
3 48.733284 -8.500000 74.679779 -0.535516 0.000000 -0.844525 0.280100 0.585094
3 47.981312 -8.500000 75.401779 -0.935325 0.000000 -0.353790 0.280100 0.588324
horse_atlas.bmp
3 48.965656 -8.085410 74.679779 -0.374627 0.460464 -0.804753 0.281510 0.585094
3 47.981312 -8.500000 75.401779 -0.935325 0.000000 -0.353790 0.280100 0.588324
3 48.357300 -7.829180 75.401779 -0.645026 0.692645 -0.322775 0.282381 0.588324
horse_atlas.bmp
3 48.733284 -8.500000 74.679779 -0.535516 0.000000 -0.844525 0.280100 0.585094
3 48.965656 -8.914590 74.679779 -0.374627 -0.460464 -0.804753 0.278690 0.585094
3 48.357300 -9.170820 75.401779 -0.645026 -0.692645 -0.322775 0.277819 0.588324
horse_atlas.bmp
3 48.733284 -8.500000 74.679779 -0.535516 0.000000 -0.844525 0.280100 0.585094
3 48.357300 -9.170820 75.401779 -0.645026 -0.692645 -0.322775 0.277819 0.588324
3 47.981312 -8.500000 75.401779 -0.935325 0.000000 -0.353790 0.280100 0.588324
horse_atlas.bmp
3 48.965656 -8.914590 74.679779 -0.374627 -0.460464 -0.804753 0.293981 0.585094
3 49.574013 -9.170820 74.679779 -0.123852 -0.644738 -0.754304 0.296280 0.585094
3 49.341644 -9.585410 75.401779 -0.198837 -0.942492 -0.268650 0.295402 0.588324
horse_atlas.bmp
3 48.965656 -8.914590 74.679779 -0.374627 -0.460464 -0.804753 0.293981 0.585094
3 49.341644 -9.585410 75.401779 -0.198837 -0.942492 -0.268650 0.295402 0.588324
3 48.357300 -9.170820 75.401779 -0.645026 -0.692645 -0.322775 0.291683 0.588324
horse_atlas.bmp
3 49.574013 -9.170820 74.679779 -0.123852 -0.644738 -0.754304 0.296280 0.585094
3 50.325985 -9.170820 74.679779 0.123851 -0.644738 -0.754304 0.299120 0.585094
3 50.558357 -9.585410 75.401779 0.198836 -0.942492 -0.268650 0.299998 0.588324
horse_atlas.bmp
3 49.574013 -9.170820 74.679779 -0.123852 -0.644738 -0.754304 0.296280 0.585094
3 50.558357 -9.585410 75.401779 0.198836 -0.942492 -0.268650 0.299998 0.588324
3 49.341644 -9.585410 75.401779 -0.198837 -0.942492 -0.268650 0.295402 0.588324
horse_atlas.bmp
3 50.325985 -9.170820 74.679779 0.123851 -0.644738 -0.754304 0.299120 0.585094
3 50.934345 -8.914590 74.679779 0.374627 -0.460465 -0.804752 0.301419 0.585094
3 51.542702 -9.170820 75.401779 0.645026 -0.692645 -0.322775 0.303717 0.588324
horse_atlas.bmp
3 50.325985 -9.170820 74.679779 0.123851 -0.644738 -0.754304 0.299120 0.585094
3 51.542702 -9.170820 75.401779 0.645026 -0.692645 -0.322775 0.303717 0.588324
3 50.558357 -9.585410 75.401779 0.198836 -0.942492 -0.268650 0.299998 0.588324
horse_atlas.bmp
3 50.934345 -8.914590 74.679779 0.374627 -0.460465 -0.804752 0.278690 0.585094
3 51.166714 -8.500000 74.679779 0.535514 -0.000000 -0.844526 0.280100 0.585094
3 51.918690 -8.500000 75.401779 0.935325 -0.000000 -0.353790 0.280100 0.588324
horse_atlas.bmp
3 50.934345 -8.914590 74.679779 0.374627 -0.460465 -0.804752 0.278690 0.585094
3 51.918690 -8.500000 75.401779 0.935325 -0.000000 -0.353790 0.280100 0.588324
3 51.542702 -9.170820 75.401779 0.645026 -0.692645 -0.322775 0.277819 0.588324
horse_atlas.bmp
3 51.918690 -8.500000 75.401779 0.935325 -0.000000 -0.353790 0.280100 0.588324
3 51.542702 -7.829180 75.401779 0.645026 0.692645 -0.322776 0.282381 0.588324
3 51.542702 -7.829180 76.294220 0.645026 0.692645 0.322775 0.282381 0.592316
horse_atlas.bmp
3 51.918690 -8.500000 75.401779 0.935325 -0.000000 -0.353790 0.280100 0.588324
3 51.542702 -7.829180 76.294220 0.645026 0.692645 0.322775 0.282381 0.592316
3 51.918690 -8.500000 76.294220 0.935325 0.000000 0.353789 0.280100 0.592316
horse_atlas.bmp
3 51.542702 -7.829180 75.401779 0.645026 0.692645 -0.322776 0.303717 0.588324
3 50.558357 -7.414590 75.401779 0.198836 0.942492 -0.268650 0.299998 0.588324
3 50.558357 -7.414590 76.294220 0.198836 0.942492 0.268650 0.299998 0.592316
horse_atlas.bmp
3 51.542702 -7.829180 75.401779 0.645026 0.692645 -0.322776 0.303717 0.588324
3 50.558357 -7.414590 76.294220 0.198836 0.942492 0.268650 0.299998 0.592316
3 51.542702 -7.829180 76.294220 0.645026 0.692645 0.322775 0.303717 0.592316
horse_atlas.bmp
3 50.558357 -7.414590 75.401779 0.198836 0.942492 -0.268650 0.299998 0.588324
3 49.341644 -7.414590 75.401779 -0.198837 0.942492 -0.268650 0.295402 0.588324
3 49.341644 -7.414590 76.294220 -0.198836 0.942492 0.268651 0.295402 0.592316
horse_atlas.bmp
3 50.558357 -7.414590 75.401779 0.198836 0.942492 -0.268650 0.299998 0.588324
3 49.341644 -7.414590 76.294220 -0.198836 0.942492 0.268651 0.295402 0.592316
3 50.558357 -7.414590 76.294220 0.198836 0.942492 0.268650 0.299998 0.592316
horse_atlas.bmp
3 49.341644 -7.414590 75.401779 -0.198837 0.942492 -0.268650 0.295402 0.588324
3 48.357300 -7.829180 75.401779 -0.645026 0.692645 -0.322775 0.291683 0.588324
3 48.357300 -7.829180 76.294220 -0.645027 0.692645 0.322775 0.291683 0.592316
horse_atlas.bmp
3 49.341644 -7.414590 75.401779 -0.198837 0.942492 -0.268650 0.295402 0.588324
3 48.357300 -7.829180 76.294220 -0.645027 0.692645 0.322775 0.291683 0.592316
3 49.341644 -7.414590 76.294220 -0.198836 0.942492 0.268651 0.295402 0.592316
horse_atlas.bmp
3 48.357300 -7.829180 75.401779 -0.645026 0.692645 -0.322775 0.282381 0.588324
3 47.981312 -8.500000 75.401779 -0.935325 0.000000 -0.353790 0.280100 0.588324
3 47.981312 -8.500000 76.294220 -0.935325 0.000000 0.353789 0.280100 0.592316
horse_atlas.bmp
3 48.357300 -7.829180 75.401779 -0.645026 0.692645 -0.322775 0.282381 0.588324
3 47.981312 -8.500000 76.294220 -0.935325 0.000000 0.353789 0.280100 0.592316
3 48.357300 -7.829180 76.294220 -0.645027 0.692645 0.322775 0.282381 0.592316
horse_atlas.bmp
3 47.981312 -8.500000 75.401779 -0.935325 0.000000 -0.353790 0.280100 0.588324
3 48.357300 -9.170820 75.401779 -0.645026 -0.692645 -0.322775 0.277819 0.588324
3 48.357300 -9.170820 76.294220 -0.645027 -0.692645 0.322775 0.277819 0.592316
horse_atlas.bmp
3 47.981312 -8.500000 75.401779 -0.935325 0.000000 -0.353790 0.280100 0.588324
3 48.357300 -9.170820 76.294220 -0.645027 -0.692645 0.322775 0.277819 0.592316
3 47.981312 -8.500000 76.294220 -0.935325 0.000000 0.353789 0.280100 0.592316
horse_atlas.bmp
3 48.357300 -9.170820 75.401779 -0.645026 -0.692645 -0.322775 0.291683 0.588324
3 49.341644 -9.585410 75.401779 -0.198837 -0.942492 -0.268650 0.295402 0.588324
3 49.341644 -9.585410 76.294220 -0.198836 -0.942492 0.268650 0.295402 0.592316
horse_atlas.bmp
3 48.357300 -9.170820 75.401779 -0.645026 -0.692645 -0.322775 0.291683 0.588324
3 49.341644 -9.585410 76.294220 -0.198836 -0.942492 0.268650 0.295402 0.592316
3 48.357300 -9.170820 76.294220 -0.645027 -0.692645 0.322775 0.291683 0.592316
horse_atlas.bmp
3 49.341644 -9.585410 75.401779 -0.198837 -0.942492 -0.268650 0.295402 0.588324
3 50.558357 -9.585410 75.401779 0.198836 -0.942492 -0.268650 0.299998 0.588324
3 50.558357 -9.585410 76.294220 0.198836 -0.942492 0.268650 0.299998 0.592316
horse_atlas.bmp
3 49.341644 -9.585410 75.401779 -0.198837 -0.942492 -0.268650 0.295402 0.588324
3 50.558357 -9.585410 76.294220 0.198836 -0.942492 0.268650 0.299998 0.592316
3 49.341644 -9.585410 76.294220 -0.198836 -0.942492 0.268650 0.295402 0.592316
horse_atlas.bmp
3 50.558357 -9.585410 75.401779 0.198836 -0.942492 -0.268650 0.299998 0.588324
3 51.542702 -9.170820 75.401779 0.645026 -0.692645 -0.322775 0.303717 0.588324
3 51.542702 -9.170820 76.294220 0.645026 -0.692645 0.322775 0.303717 0.592316
horse_atlas.bmp
3 50.558357 -9.585410 75.401779 0.198836 -0.942492 -0.268650 0.299998 0.588324
3 51.542702 -9.170820 76.294220 0.645026 -0.692645 0.322775 0.303717 0.592316
3 50.558357 -9.585410 76.294220 0.198836 -0.942492 0.268650 0.299998 0.592316
horse_atlas.bmp
3 51.542702 -9.170820 75.401779 0.645026 -0.692645 -0.322775 0.277819 0.588324
3 51.918690 -8.500000 75.401779 0.935325 -0.000000 -0.353790 0.280100 0.588324
3 51.918690 -8.500000 76.294220 0.935325 0.000000 0.353789 0.280100 0.592316
horse_atlas.bmp
3 51.542702 -9.170820 75.401779 0.645026 -0.692645 -0.322775 0.277819 0.588324
3 51.918690 -8.500000 76.294220 0.935325 0.000000 0.353789 0.280100 0.592316
3 51.542702 -9.170820 76.294220 0.645026 -0.692645 0.322775 0.277819 0.592316
horse_atlas.bmp
3 51.918690 -8.500000 76.294220 0.935325 0.000000 0.353789 0.280100 0.592316
3 51.542702 -7.829180 76.294220 0.645026 0.692645 0.322775 0.282381 0.592316
3 50.934345 -8.085410 77.016220 0.374628 0.460465 0.804752 0.281510 0.595546
horse_atlas.bmp
3 51.918690 -8.500000 76.294220 0.935325 0.000000 0.353789 0.280100 0.592316
3 50.934345 -8.085410 77.016220 0.374628 0.460465 0.804752 0.281510 0.595546
3 51.166714 -8.500000 77.016220 0.535516 0.000000 0.844525 0.280100 0.595546
horse_atlas.bmp
3 51.542702 -7.829180 76.294220 0.645026 0.692645 0.322775 0.303717 0.592316
3 50.558357 -7.414590 76.294220 0.198836 0.942492 0.268650 0.299998 0.592316
3 50.325985 -7.829180 77.016220 0.123852 0.644738 0.754304 0.299120 0.595546
horse_atlas.bmp
3 51.542702 -7.829180 76.294220 0.645026 0.692645 0.322775 0.303717 0.592316
3 50.325985 -7.829180 77.016220 0.123852 0.644738 0.754304 0.299120 0.595546
3 50.934345 -8.085410 77.016220 0.374628 0.460465 0.804752 0.301419 0.595546
horse_atlas.bmp
3 50.558357 -7.414590 76.294220 0.198836 0.942492 0.268650 0.299998 0.592316
3 49.341644 -7.414590 76.294220 -0.198836 0.942492 0.268651 0.295402 0.592316
3 49.574013 -7.829180 77.016220 -0.123855 0.644737 0.754304 0.296280 0.595546
horse_atlas.bmp
3 50.558357 -7.414590 76.294220 0.198836 0.942492 0.268650 0.299998 0.592316
3 49.574013 -7.829180 77.016220 -0.123855 0.644737 0.754304 0.296280 0.595546
3 50.325985 -7.829180 77.016220 0.123852 0.644738 0.754304 0.299120 0.595546
horse_atlas.bmp
3 49.341644 -7.414590 76.294220 -0.198836 0.942492 0.268651 0.295402 0.592316
3 48.357300 -7.829180 76.294220 -0.645027 0.692645 0.322775 0.291683 0.592316
3 48.965656 -8.085410 77.016220 -0.374629 0.460464 0.804752 0.293981 0.595546
horse_atlas.bmp
3 49.341644 -7.414590 76.294220 -0.198836 0.942492 0.268651 0.295402 0.592316
3 48.965656 -8.085410 77.016220 -0.374629 0.460464 0.804752 0.293981 0.595546
3 49.574013 -7.829180 77.016220 -0.123855 0.644737 0.754304 0.296280 0.595546
horse_atlas.bmp
3 48.357300 -7.829180 76.294220 -0.645027 0.692645 0.322775 0.282381 0.592316
3 47.981312 -8.500000 76.294220 -0.935325 0.000000 0.353789 0.280100 0.592316
3 48.733284 -8.500000 77.016220 -0.535517 0.000000 0.844524 0.280100 0.595546
horse_atlas.bmp
3 48.357300 -7.829180 76.294220 -0.645027 0.692645 0.322775 0.282381 0.592316
3 48.733284 -8.500000 77.016220 -0.535517 0.000000 0.844524 0.280100 0.595546
3 48.965656 -8.085410 77.016220 -0.374629 0.460464 0.804752 0.281510 0.595546
horse_atlas.bmp
3 47.981312 -8.500000 76.294220 -0.935325 0.000000 0.353789 0.280100 0.592316
3 48.357300 -9.170820 76.294220 -0.645027 -0.692645 0.322775 0.277819 0.592316
3 48.965656 -8.914590 77.016220 -0.374628 -0.460464 0.804753 0.278690 0.595546
horse_atlas.bmp
3 47.981312 -8.500000 76.294220 -0.935325 0.000000 0.353789 0.280100 0.592316
3 48.965656 -8.914590 77.016220 -0.374628 -0.460464 0.804753 0.278690 0.595546
3 48.733284 -8.500000 77.016220 -0.535517 0.000000 0.844524 0.280100 0.595546
horse_atlas.bmp
3 48.357300 -9.170820 76.294220 -0.645027 -0.692645 0.322775 0.291683 0.592316
3 49.341644 -9.585410 76.294220 -0.198836 -0.942492 0.268650 0.295402 0.592316
3 49.574013 -9.170820 77.016220 -0.123853 -0.644738 0.754304 0.296280 0.595546
horse_atlas.bmp
3 48.357300 -9.170820 76.294220 -0.645027 -0.692645 0.322775 0.291683 0.592316
3 49.574013 -9.170820 77.016220 -0.123853 -0.644738 0.754304 0.296280 0.595546
3 48.965656 -8.914590 77.016220 -0.374628 -0.460464 0.804753 0.293981 0.595546
horse_atlas.bmp
3 49.341644 -9.585410 76.294220 -0.198836 -0.942492 0.268650 0.295402 0.592316
3 50.558357 -9.585410 76.294220 0.198836 -0.942492 0.268650 0.299998 0.592316
3 50.325985 -9.170820 77.016220 0.123854 -0.644738 0.754303 0.299120 0.595546
horse_atlas.bmp
3 49.341644 -9.585410 76.294220 -0.198836 -0.942492 0.268650 0.295402 0.592316
3 50.325985 -9.170820 77.016220 0.123854 -0.644738 0.754303 0.299120 0.595546
3 49.574013 -9.170820 77.016220 -0.123853 -0.644738 0.754304 0.296280 0.595546
horse_atlas.bmp
3 50.558357 -9.585410 76.294220 0.198836 -0.942492 0.268650 0.299998 0.592316
3 51.542702 -9.170820 76.294220 0.645026 -0.692645 0.322775 0.303717 0.592316
3 50.934345 -8.914590 77.016220 0.374629 -0.460465 0.804752 0.301419 0.595546
horse_atlas.bmp
3 50.558357 -9.585410 76.294220 0.198836 -0.942492 0.268650 0.299998 0.592316
3 50.934345 -8.914590 77.016220 0.374629 -0.460465 0.804752 0.301419 0.595546
3 50.325985 -9.170820 77.016220 0.123854 -0.644738 0.754303 0.299120 0.595546
horse_atlas.bmp
3 51.542702 -9.170820 76.294220 0.645026 -0.692645 0.322775 0.277819 0.592316
3 51.918690 -8.500000 76.294220 0.935325 0.000000 0.353789 0.280100 0.592316
3 51.166714 -8.500000 77.016220 0.535516 0.000000 0.844525 0.280100 0.595546
horse_atlas.bmp
3 51.542702 -9.170820 76.294220 0.645026 -0.692645 0.322775 0.277819 0.592316
3 51.166714 -8.500000 77.016220 0.535516 0.000000 0.844525 0.280100 0.595546
3 50.934345 -8.914590 77.016220 0.374629 -0.460465 0.804752 0.278690 0.595546
horse_atlas.bmp
3 51.166714 -8.500000 77.016220 0.535516 0.000000 0.844525 0.302296 0.622100
3 50.934345 -8.085410 77.016220 0.374628 0.460465 0.804752 0.301419 0.623510
3 49.950001 -8.500000 77.292000 0.176564 0.219122 0.959589 0.297700 0.622100
horse_atlas.bmp
3 50.934345 -8.085410 77.016220 0.374628 0.460465 0.804752 0.301419 0.623510
3 50.325985 -7.829180 77.016220 0.123852 0.644738 0.754304 0.299120 0.624381
3 49.950001 -8.500000 77.292000 0.066073 0.347499 0.935349 0.297700 0.622100
horse_atlas.bmp
3 50.325985 -7.829180 77.016220 0.123852 0.644738 0.754304 0.299120 0.624381
3 49.574013 -7.829180 77.016220 -0.123855 0.644737 0.754304 0.296280 0.624381
3 49.950001 -8.500000 77.292000 -0.066076 0.347500 0.935349 0.297700 0.622100
horse_atlas.bmp
3 49.574013 -7.829180 77.016220 -0.123855 0.644737 0.754304 0.296280 0.624381
3 48.965656 -8.085410 77.016220 -0.374629 0.460464 0.804752 0.293981 0.623510
3 49.950001 -8.500000 77.292000 -0.176567 0.219122 0.959588 0.297700 0.622100
horse_atlas.bmp
3 48.965656 -8.085410 77.016220 -0.374629 0.460464 0.804752 0.293981 0.623510
3 48.733284 -8.500000 77.016220 -0.535517 0.000000 0.844524 0.293104 0.622100
3 49.950001 -8.500000 77.292000 -0.221057 0.000000 0.975261 0.297700 0.622100
horse_atlas.bmp
3 48.733284 -8.500000 77.016220 -0.535517 0.000000 0.844524 0.293104 0.622100
3 48.965656 -8.914590 77.016220 -0.374628 -0.460464 0.804753 0.293981 0.620690
3 49.950001 -8.500000 77.292000 -0.176564 -0.219122 0.959589 0.297700 0.622100
horse_atlas.bmp
3 48.965656 -8.914590 77.016220 -0.374628 -0.460464 0.804753 0.293981 0.620690
3 49.574013 -9.170820 77.016220 -0.123853 -0.644738 0.754304 0.296280 0.619819
3 49.950001 -8.500000 77.292000 -0.066073 -0.347500 0.935349 0.297700 0.622100
horse_atlas.bmp
3 49.574013 -9.170820 77.016220 -0.123853 -0.644738 0.754304 0.296280 0.619819
3 50.325985 -9.170820 77.016220 0.123854 -0.644738 0.754303 0.299120 0.619819
3 49.950001 -8.500000 77.292000 0.066076 -0.347499 0.935349 0.297700 0.622100
horse_atlas.bmp
3 50.325985 -9.170820 77.016220 0.123854 -0.644738 0.754303 0.299120 0.619819
3 50.934345 -8.914590 77.016220 0.374629 -0.460465 0.804752 0.301419 0.620690
3 49.950001 -8.500000 77.292000 0.176567 -0.219122 0.959588 0.297700 0.622100
horse_atlas.bmp
3 50.934345 -8.914590 77.016220 0.374629 -0.460465 0.804752 0.301419 0.620690
3 51.166714 -8.500000 77.016220 0.535516 0.000000 0.844525 0.302296 0.622100
3 49.950001 -8.500000 77.292000 0.221058 0.000000 0.975261 0.297700 0.622100
horse_atlas.bmp
3 50.489998 -9.550000 76.038002 0.438248 0.000002 -0.898854 0.575740 0.632530
3 50.645885 -9.415000 76.190002 0.341837 0.851696 -0.397192 0.576329 0.632989
3 50.801769 -9.550000 76.190002 0.898262 0.000001 -0.439461 0.576918 0.632530
horse_atlas.bmp
3 50.489998 -9.550000 76.038002 0.202192 0.620055 -0.758056 0.575740 0.605170
3 50.334118 -9.415000 76.190002 -0.341831 0.851699 -0.397191 0.575151 0.605850
3 50.645885 -9.415000 76.190002 0.341837 0.851696 -0.397192 0.576329 0.605850
horse_atlas.bmp
3 50.489998 -9.550000 76.038002 -0.202193 0.620056 -0.758056 0.575740 0.632530
3 50.178230 -9.550000 76.190002 -0.898261 -0.000000 -0.439462 0.574562 0.632530
3 50.334118 -9.415000 76.190002 -0.341831 0.851699 -0.397191 0.575151 0.632989
horse_atlas.bmp
3 50.489998 -9.550000 76.038002 -0.438253 -0.000001 -0.898852 0.575740 0.632530
3 50.334118 -9.685000 76.190002 -0.341831 -0.851699 -0.397190 0.575151 0.632071
3 50.178230 -9.550000 76.190002 -0.898261 -0.000000 -0.439462 0.574562 0.632530
horse_atlas.bmp
3 50.489998 -9.550000 76.038002 -0.202194 -0.620057 -0.758055 0.575740 0.605170
3 50.645885 -9.685000 76.190002 0.341837 -0.851695 -0.397194 0.576329 0.605850
3 50.334118 -9.685000 76.190002 -0.341831 -0.851699 -0.397190 0.575151 0.605850
horse_atlas.bmp
3 50.489998 -9.550000 76.038002 0.202191 -0.620054 -0.758058 0.575740 0.632530
3 50.801769 -9.550000 76.190002 0.898262 0.000001 -0.439461 0.576918 0.632530
3 50.645885 -9.685000 76.190002 0.341837 -0.851695 -0.397194 0.576329 0.632071
horse_atlas.bmp
3 50.801769 -9.550000 76.190002 0.898262 0.000001 -0.439461 0.576918 0.605850
3 50.645885 -9.415000 76.190002 0.341837 0.851696 -0.397192 0.576329 0.605850
3 50.645885 -9.415000 76.494003 0.341831 0.851693 0.397204 0.576329 0.607210
horse_atlas.bmp
3 50.801769 -9.550000 76.190002 0.898262 0.000001 -0.439461 0.576918 0.605850
3 50.645885 -9.415000 76.494003 0.341831 0.851693 0.397204 0.576329 0.607210
3 50.801769 -9.550000 76.494003 0.898256 0.000001 0.439472 0.576918 0.607210
horse_atlas.bmp
3 50.645885 -9.415000 76.190002 0.341837 0.851696 -0.397192 0.576329 0.605850
3 50.334118 -9.415000 76.190002 -0.341831 0.851699 -0.397191 0.575151 0.605850
3 50.334118 -9.415000 76.494003 -0.341823 0.851696 0.397204 0.575151 0.607210
horse_atlas.bmp
3 50.645885 -9.415000 76.190002 0.341837 0.851696 -0.397192 0.576329 0.605850
3 50.334118 -9.415000 76.494003 -0.341823 0.851696 0.397204 0.575151 0.607210
3 50.645885 -9.415000 76.494003 0.341831 0.851693 0.397204 0.576329 0.607210
horse_atlas.bmp
3 50.334118 -9.415000 76.190002 -0.341831 0.851699 -0.397191 0.575151 0.605850
3 50.178230 -9.550000 76.190002 -0.898261 -0.000000 -0.439462 0.574562 0.605850
3 50.178230 -9.550000 76.494003 -0.898256 -0.000001 0.439473 0.574562 0.607210
horse_atlas.bmp
3 50.334118 -9.415000 76.190002 -0.341831 0.851699 -0.397191 0.575151 0.605850
3 50.178230 -9.550000 76.494003 -0.898256 -0.000001 0.439473 0.574562 0.607210
3 50.334118 -9.415000 76.494003 -0.341823 0.851696 0.397204 0.575151 0.607210
horse_atlas.bmp
3 50.178230 -9.550000 76.190002 -0.898261 -0.000000 -0.439462 0.574562 0.605850
3 50.334118 -9.685000 76.190002 -0.341831 -0.851699 -0.397190 0.575151 0.605850
3 50.334118 -9.685000 76.494003 -0.341824 -0.851696 0.397202 0.575151 0.607210
horse_atlas.bmp
3 50.178230 -9.550000 76.190002 -0.898261 -0.000000 -0.439462 0.574562 0.605850
3 50.334118 -9.685000 76.494003 -0.341824 -0.851696 0.397202 0.575151 0.607210
3 50.178230 -9.550000 76.494003 -0.898256 -0.000001 0.439473 0.574562 0.607210
horse_atlas.bmp
3 50.334118 -9.685000 76.190002 -0.341831 -0.851699 -0.397190 0.575151 0.605850
3 50.645885 -9.685000 76.190002 0.341837 -0.851695 -0.397194 0.576329 0.605850
3 50.645885 -9.685000 76.494003 0.341830 -0.851693 0.397205 0.576329 0.607210
horse_atlas.bmp
3 50.334118 -9.685000 76.190002 -0.341831 -0.851699 -0.397190 0.575151 0.605850
3 50.645885 -9.685000 76.494003 0.341830 -0.851693 0.397205 0.576329 0.607210
3 50.334118 -9.685000 76.494003 -0.341824 -0.851696 0.397202 0.575151 0.607210
horse_atlas.bmp
3 50.645885 -9.685000 76.190002 0.341837 -0.851695 -0.397194 0.576329 0.605850
3 50.801769 -9.550000 76.190002 0.898262 0.000001 -0.439461 0.576918 0.605850
3 50.801769 -9.550000 76.494003 0.898256 0.000001 0.439472 0.576918 0.607210
horse_atlas.bmp
3 50.645885 -9.685000 76.190002 0.341837 -0.851695 -0.397194 0.576329 0.605850
3 50.801769 -9.550000 76.494003 0.898256 0.000001 0.439472 0.576918 0.607210
3 50.645885 -9.685000 76.494003 0.341830 -0.851693 0.397205 0.576329 0.607210
horse_atlas.bmp
3 50.801769 -9.550000 76.494003 0.898256 0.000001 0.439472 0.576918 0.632530
3 50.645885 -9.415000 76.494003 0.341831 0.851693 0.397204 0.576329 0.632989
3 50.489998 -9.550000 76.645996 0.202177 0.620037 0.758075 0.575740 0.632530
horse_atlas.bmp
3 50.645885 -9.415000 76.494003 0.341831 0.851693 0.397204 0.576329 0.607210
3 50.334118 -9.415000 76.494003 -0.341823 0.851696 0.397204 0.575151 0.607210
3 50.489998 -9.550000 76.645996 -0.202177 0.620037 0.758075 0.575740 0.607890
horse_atlas.bmp
3 50.334118 -9.415000 76.494003 -0.341823 0.851696 0.397204 0.575151 0.632989
3 50.178230 -9.550000 76.494003 -0.898256 -0.000001 0.439473 0.574562 0.632530
3 50.489998 -9.550000 76.645996 -0.438219 -0.000002 0.898868 0.575740 0.632530
horse_atlas.bmp
3 50.178230 -9.550000 76.494003 -0.898256 -0.000001 0.439473 0.574562 0.632530
3 50.334118 -9.685000 76.494003 -0.341824 -0.851696 0.397202 0.575151 0.632071
3 50.489998 -9.550000 76.645996 -0.202179 -0.620040 0.758073 0.575740 0.632530
horse_atlas.bmp
3 50.334118 -9.685000 76.494003 -0.341824 -0.851696 0.397202 0.575151 0.607210
3 50.645885 -9.685000 76.494003 0.341830 -0.851693 0.397205 0.576329 0.607210
3 50.489998 -9.550000 76.645996 0.202176 -0.620037 0.758076 0.575740 0.607890
horse_atlas.bmp
3 50.645885 -9.685000 76.494003 0.341830 -0.851693 0.397205 0.576329 0.632071
3 50.801769 -9.550000 76.494003 0.898256 0.000001 0.439472 0.576918 0.632530
3 50.489998 -9.550000 76.645996 0.438215 0.000002 0.898870 0.575740 0.632530
horse_atlas.bmp
3 72.900002 -5.200000 63.840000 0.209035 0.000002 -0.977908 0.384400 0.633320
3 73.709999 -5.025000 64.084862 0.218030 0.772774 -0.596056 0.387460 0.633915
3 74.045509 -5.200000 64.084862 0.646280 0.000002 -0.763100 0.388727 0.633320
horse_atlas.bmp
3 72.900002 -5.200000 63.840000 0.131163 0.548426 -0.825848 0.384400 0.536600
3 72.900002 -4.952513 64.084862 0.000001 0.890024 -0.455914 0.384400 0.537695
3 73.709999 -5.025000 64.084862 0.218030 0.772774 -0.596056 0.387460 0.537695
horse_atlas.bmp
3 72.900002 -5.200000 63.840000 0.000000 0.703326 -0.710867 0.384400 0.536600
3 72.089996 -5.025000 64.084862 -0.218031 0.772773 -0.596058 0.381340 0.537695
3 72.900002 -4.952513 64.084862 0.000001 0.890024 -0.455914 0.384400 0.537695
horse_atlas.bmp
3 72.900002 -5.200000 63.840000 -0.131162 0.548427 -0.825848 0.384400 0.633320
3 71.754486 -5.200000 64.084862 -0.646285 0.000002 -0.763096 0.380073 0.633320
3 72.089996 -5.025000 64.084862 -0.218031 0.772773 -0.596058 0.381340 0.633915
horse_atlas.bmp
3 72.900002 -5.200000 63.840000 -0.209034 0.000000 -0.977908 0.384400 0.633320
3 72.089996 -5.375000 64.084862 -0.218032 -0.772772 -0.596058 0.381340 0.632725
3 71.754486 -5.200000 64.084862 -0.646285 0.000002 -0.763096 0.380073 0.633320
horse_atlas.bmp
3 72.900002 -5.200000 63.840000 -0.131161 -0.548428 -0.825847 0.384400 0.536600
3 72.900002 -5.447487 64.084862 0.000000 -0.890024 -0.455913 0.384400 0.537695
3 72.089996 -5.375000 64.084862 -0.218032 -0.772772 -0.596058 0.381340 0.537695
horse_atlas.bmp
3 72.900002 -5.200000 63.840000 0.000001 -0.703329 -0.710865 0.384400 0.536600
3 73.709999 -5.375000 64.084862 0.218030 -0.772773 -0.596057 0.387460 0.537695
3 72.900002 -5.447487 64.084862 0.000000 -0.890024 -0.455913 0.384400 0.537695
horse_atlas.bmp
3 72.900002 -5.200000 63.840000 0.131162 -0.548427 -0.825848 0.384400 0.633320
3 74.045509 -5.200000 64.084862 0.646280 0.000002 -0.763100 0.388727 0.633320
3 73.709999 -5.375000 64.084862 0.218030 -0.772773 -0.596057 0.387460 0.632725
horse_atlas.bmp
3 74.045509 -5.200000 64.084862 0.646280 0.000002 -0.763100 0.388727 0.537695
3 73.709999 -5.025000 64.084862 0.218030 0.772774 -0.596056 0.387460 0.537695
3 74.045509 -4.952513 64.676003 0.332472 0.943113 0.000000 0.388727 0.540340
horse_atlas.bmp
3 74.045509 -5.200000 64.084862 0.646280 0.000002 -0.763100 0.388727 0.537695
3 74.045509 -4.952513 64.676003 0.332472 0.943113 0.000000 0.388727 0.540340
3 74.520004 -5.200000 64.676003 1.000000 0.000000 0.000001 0.390520 0.540340
horse_atlas.bmp
3 73.709999 -5.025000 64.084862 0.218030 0.772774 -0.596056 0.387460 0.537695
3 72.900002 -4.952513 64.084862 0.000001 0.890024 -0.455914 0.384400 0.537695
3 72.900002 -4.850000 64.676003 0.000001 1.000000 0.000000 0.384400 0.540340
horse_atlas.bmp
3 73.709999 -5.025000 64.084862 0.218030 0.772774 -0.596056 0.387460 0.537695
3 72.900002 -4.850000 64.676003 0.000001 1.000000 0.000000 0.384400 0.540340
3 74.045509 -4.952513 64.676003 0.332472 0.943113 0.000000 0.388727 0.540340
horse_atlas.bmp
3 72.900002 -4.952513 64.084862 0.000001 0.890024 -0.455914 0.384400 0.537695
3 72.089996 -5.025000 64.084862 -0.218031 0.772773 -0.596058 0.381340 0.537695
3 71.754486 -4.952513 64.676003 -0.332479 0.943111 0.000000 0.380073 0.540340
horse_atlas.bmp
3 72.900002 -4.952513 64.084862 0.000001 0.890024 -0.455914 0.384400 0.537695
3 71.754486 -4.952513 64.676003 -0.332479 0.943111 0.000000 0.380073 0.540340
3 72.900002 -4.850000 64.676003 0.000001 1.000000 0.000000 0.384400 0.540340
horse_atlas.bmp
3 72.089996 -5.025000 64.084862 -0.218031 0.772773 -0.596058 0.381340 0.537695
3 71.754486 -5.200000 64.084862 -0.646285 0.000002 -0.763096 0.380073 0.537695
3 71.279999 -5.200000 64.676003 -1.000000 0.000001 0.000001 0.378280 0.540340
horse_atlas.bmp
3 72.089996 -5.025000 64.084862 -0.218031 0.772773 -0.596058 0.381340 0.537695
3 71.279999 -5.200000 64.676003 -1.000000 0.000001 0.000001 0.378280 0.540340
3 71.754486 -4.952513 64.676003 -0.332479 0.943111 0.000000 0.380073 0.540340
horse_atlas.bmp
3 71.754486 -5.200000 64.084862 -0.646285 0.000002 -0.763096 0.380073 0.537695
3 72.089996 -5.375000 64.084862 -0.218032 -0.772772 -0.596058 0.381340 0.537695
3 71.754486 -5.447487 64.676003 -0.332480 -0.943110 0.000001 0.380073 0.540340
horse_atlas.bmp
3 71.754486 -5.200000 64.084862 -0.646285 0.000002 -0.763096 0.380073 0.537695
3 71.754486 -5.447487 64.676003 -0.332480 -0.943110 0.000001 0.380073 0.540340
3 71.279999 -5.200000 64.676003 -1.000000 0.000001 0.000001 0.378280 0.540340
horse_atlas.bmp
3 72.089996 -5.375000 64.084862 -0.218032 -0.772772 -0.596058 0.381340 0.537695
3 72.900002 -5.447487 64.084862 0.000000 -0.890024 -0.455913 0.384400 0.537695
3 72.900002 -5.550000 64.676003 0.000000 -1.000000 0.000000 0.384400 0.540340
horse_atlas.bmp
3 72.089996 -5.375000 64.084862 -0.218032 -0.772772 -0.596058 0.381340 0.537695
3 72.900002 -5.550000 64.676003 0.000000 -1.000000 0.000000 0.384400 0.540340
3 71.754486 -5.447487 64.676003 -0.332480 -0.943110 0.000001 0.380073 0.540340
horse_atlas.bmp
3 72.900002 -5.447487 64.084862 0.000000 -0.890024 -0.455913 0.384400 0.537695
3 73.709999 -5.375000 64.084862 0.218030 -0.772773 -0.596057 0.387460 0.537695
3 74.045509 -5.447487 64.676003 0.332473 -0.943113 0.000000 0.388727 0.540340
horse_atlas.bmp
3 72.900002 -5.447487 64.084862 0.000000 -0.890024 -0.455913 0.384400 0.537695
3 74.045509 -5.447487 64.676003 0.332473 -0.943113 0.000000 0.388727 0.540340
3 72.900002 -5.550000 64.676003 0.000000 -1.000000 0.000000 0.384400 0.540340
horse_atlas.bmp
3 73.709999 -5.375000 64.084862 0.218030 -0.772773 -0.596057 0.387460 0.537695
3 74.045509 -5.200000 64.084862 0.646280 0.000002 -0.763100 0.388727 0.537695
3 74.520004 -5.200000 64.676003 1.000000 0.000000 0.000001 0.390520 0.540340
horse_atlas.bmp
3 73.709999 -5.375000 64.084862 0.218030 -0.772773 -0.596057 0.387460 0.537695
3 74.520004 -5.200000 64.676003 1.000000 0.000000 0.000001 0.390520 0.540340
3 74.045509 -5.447487 64.676003 0.332473 -0.943113 0.000000 0.388727 0.540340
horse_atlas.bmp
3 74.520004 -5.200000 64.676003 1.000000 0.000000 0.000001 0.390520 0.540340
3 74.045509 -4.952513 64.676003 0.332472 0.943113 0.000000 0.388727 0.540340
3 73.709999 -5.025000 65.267143 0.218032 0.772770 0.596061 0.387460 0.542985
horse_atlas.bmp
3 74.520004 -5.200000 64.676003 1.000000 0.000000 0.000001 0.390520 0.540340
3 73.709999 -5.025000 65.267143 0.218032 0.772770 0.596061 0.387460 0.542985
3 74.045509 -5.200000 65.267143 0.646278 -0.000000 0.763102 0.388727 0.542985
horse_atlas.bmp
3 74.045509 -4.952513 64.676003 0.332472 0.943113 0.000000 0.388727 0.540340
3 72.900002 -4.850000 64.676003 0.000001 1.000000 0.000000 0.384400 0.540340
3 72.900002 -4.952513 65.267143 0.000002 0.890023 0.455916 0.384400 0.542985
horse_atlas.bmp
3 74.045509 -4.952513 64.676003 0.332472 0.943113 0.000000 0.388727 0.540340
3 72.900002 -4.952513 65.267143 0.000002 0.890023 0.455916 0.384400 0.542985
3 73.709999 -5.025000 65.267143 0.218032 0.772770 0.596061 0.387460 0.542985
horse_atlas.bmp
3 72.900002 -4.850000 64.676003 0.000001 1.000000 0.000000 0.384400 0.540340
3 71.754486 -4.952513 64.676003 -0.332479 0.943111 0.000000 0.380073 0.540340
3 72.089996 -5.025000 65.267143 -0.218033 0.772769 0.596062 0.381340 0.542985
horse_atlas.bmp
3 72.900002 -4.850000 64.676003 0.000001 1.000000 0.000000 0.384400 0.540340
3 72.089996 -5.025000 65.267143 -0.218033 0.772769 0.596062 0.381340 0.542985
3 72.900002 -4.952513 65.267143 0.000002 0.890023 0.455916 0.384400 0.542985
horse_atlas.bmp
3 71.754486 -4.952513 64.676003 -0.332479 0.943111 0.000000 0.380073 0.540340
3 71.279999 -5.200000 64.676003 -1.000000 0.000001 0.000001 0.378280 0.540340
3 71.754486 -5.200000 65.267143 -0.646282 -0.000000 0.763098 0.380073 0.542985
horse_atlas.bmp
3 71.754486 -4.952513 64.676003 -0.332479 0.943111 0.000000 0.380073 0.540340
3 71.754486 -5.200000 65.267143 -0.646282 -0.000000 0.763098 0.380073 0.542985
3 72.089996 -5.025000 65.267143 -0.218033 0.772769 0.596062 0.381340 0.542985
horse_atlas.bmp
3 71.279999 -5.200000 64.676003 -1.000000 0.000001 0.000001 0.378280 0.540340
3 71.754486 -5.447487 64.676003 -0.332480 -0.943110 0.000001 0.380073 0.540340
3 72.089996 -5.375000 65.267143 -0.218033 -0.772768 0.596063 0.381340 0.542985
horse_atlas.bmp
3 71.279999 -5.200000 64.676003 -1.000000 0.000001 0.000001 0.378280 0.540340
3 72.089996 -5.375000 65.267143 -0.218033 -0.772768 0.596063 0.381340 0.542985
3 71.754486 -5.200000 65.267143 -0.646282 -0.000000 0.763098 0.380073 0.542985
horse_atlas.bmp
3 71.754486 -5.447487 64.676003 -0.332480 -0.943110 0.000001 0.380073 0.540340
3 72.900002 -5.550000 64.676003 0.000000 -1.000000 0.000000 0.384400 0.540340
3 72.900002 -5.447487 65.267143 0.000001 -0.890023 0.455916 0.384400 0.542985
horse_atlas.bmp
3 71.754486 -5.447487 64.676003 -0.332480 -0.943110 0.000001 0.380073 0.540340
3 72.900002 -5.447487 65.267143 0.000001 -0.890023 0.455916 0.384400 0.542985
3 72.089996 -5.375000 65.267143 -0.218033 -0.772768 0.596063 0.381340 0.542985
horse_atlas.bmp
3 72.900002 -5.550000 64.676003 0.000000 -1.000000 0.000000 0.384400 0.540340
3 74.045509 -5.447487 64.676003 0.332473 -0.943113 0.000000 0.388727 0.540340
3 73.709999 -5.375000 65.267143 0.218031 -0.772769 0.596063 0.387460 0.542985
horse_atlas.bmp
3 72.900002 -5.550000 64.676003 0.000000 -1.000000 0.000000 0.384400 0.540340
3 73.709999 -5.375000 65.267143 0.218031 -0.772769 0.596063 0.387460 0.542985
3 72.900002 -5.447487 65.267143 0.000001 -0.890023 0.455916 0.384400 0.542985
horse_atlas.bmp
3 74.045509 -5.447487 64.676003 0.332473 -0.943113 0.000000 0.388727 0.540340
3 74.520004 -5.200000 64.676003 1.000000 0.000000 0.000001 0.390520 0.540340
3 74.045509 -5.200000 65.267143 0.646278 -0.000000 0.763102 0.388727 0.542985
horse_atlas.bmp
3 74.045509 -5.447487 64.676003 0.332473 -0.943113 0.000000 0.388727 0.540340
3 74.045509 -5.200000 65.267143 0.646278 -0.000000 0.763102 0.388727 0.542985
3 73.709999 -5.375000 65.267143 0.218031 -0.772769 0.596063 0.387460 0.542985
horse_atlas.bmp
3 74.045509 -5.200000 65.267143 0.646278 -0.000000 0.763102 0.388727 0.633320
3 73.709999 -5.025000 65.267143 0.218032 0.772770 0.596061 0.387460 0.633915
3 72.900002 -5.200000 65.512001 0.131167 0.548415 0.825855 0.384400 0.633320
horse_atlas.bmp
3 73.709999 -5.025000 65.267143 0.218032 0.772770 0.596061 0.387460 0.542985
3 72.900002 -4.952513 65.267143 0.000002 0.890023 0.455916 0.384400 0.542985
3 72.900002 -5.200000 65.512001 0.000004 0.703323 0.710871 0.384400 0.544080
horse_atlas.bmp
3 72.900002 -4.952513 65.267143 0.000002 0.890023 0.455916 0.384400 0.542985
3 72.089996 -5.025000 65.267143 -0.218033 0.772769 0.596062 0.381340 0.542985
3 72.900002 -5.200000 65.512001 -0.131162 0.548420 0.825852 0.384400 0.544080
horse_atlas.bmp
3 72.089996 -5.025000 65.267143 -0.218033 0.772769 0.596062 0.381340 0.633915
3 71.754486 -5.200000 65.267143 -0.646282 -0.000000 0.763098 0.380073 0.633320
3 72.900002 -5.200000 65.512001 -0.209034 0.000001 0.977908 0.384400 0.633320
horse_atlas.bmp
3 71.754486 -5.200000 65.267143 -0.646282 -0.000000 0.763098 0.380073 0.633320
3 72.089996 -5.375000 65.267143 -0.218033 -0.772768 0.596063 0.381340 0.632725
3 72.900002 -5.200000 65.512001 -0.131166 -0.548420 0.825851 0.384400 0.633320
horse_atlas.bmp
3 72.089996 -5.375000 65.267143 -0.218033 -0.772768 0.596063 0.381340 0.542985
3 72.900002 -5.447487 65.267143 0.000001 -0.890023 0.455916 0.384400 0.542985
3 72.900002 -5.200000 65.512001 0.000001 -0.703325 0.710868 0.384400 0.544080
horse_atlas.bmp
3 72.900002 -5.447487 65.267143 0.000001 -0.890023 0.455916 0.384400 0.542985
3 73.709999 -5.375000 65.267143 0.218031 -0.772769 0.596063 0.387460 0.542985
3 72.900002 -5.200000 65.512001 0.131167 -0.548416 0.825854 0.384400 0.544080
horse_atlas.bmp
3 73.709999 -5.375000 65.267143 0.218031 -0.772769 0.596063 0.387460 0.632725
3 74.045509 -5.200000 65.267143 0.646278 -0.000000 0.763102 0.388727 0.633320
3 72.900002 -5.200000 65.512001 0.209035 0.000002 0.977908 0.384400 0.633320
horse_atlas.bmp
3 69.750000 -5.500000 67.639999 -0.606426 -0.795130 -0.003926 0.386300 0.447600
3 70.060944 -5.026832 67.604042 -0.997377 0.041450 -0.059336 0.387909 0.447439
3 70.642746 -6.089443 63.840000 0.164048 -0.956939 -0.239492 0.384296 0.430600
horse_atlas.bmp
3 70.060944 -5.026832 67.604042 -0.997377 0.041450 -0.059336 0.387909 0.447439
3 70.270836 -6.430866 63.656715 -0.624119 -0.333872 -0.706402 0.383135 0.429780
3 70.642746 -6.089443 63.840000 0.164048 -0.956939 -0.239492 0.384296 0.430600
horse_atlas.bmp
3 70.060944 -5.026832 67.604042 -0.997377 0.041450 -0.059336 0.387909 0.447439
3 70.564056 -5.207566 67.617775 0.067661 0.927344 -0.368042 0.387294 0.447501
3 70.270836 -6.430866 63.656715 -0.624119 -0.333872 -0.706402 0.383135 0.429780
horse_atlas.bmp
3 70.564056 -5.207566 67.617775 0.067661 0.927344 -0.368042 0.387294 0.447501
3 69.801041 -6.176847 63.726723 -0.732453 0.138728 -0.666533 0.383999 0.430093
3 70.270836 -6.430866 63.656715 -0.624119 -0.333872 -0.706402 0.383135 0.429780
horse_atlas.bmp
3 70.564056 -5.207566 67.617775 0.067661 0.927344 -0.368042 0.387294 0.447501
3 70.564056 -5.792434 67.662224 0.976147 0.177598 -0.124883 0.385306 0.447699
3 69.801041 -6.176847 63.726723 -0.732453 0.138728 -0.666533 0.383999 0.430093
horse_atlas.bmp
3 70.564056 -5.792434 67.662224 0.976147 0.177598 -0.124883 0.385306 0.447699
3 69.882591 -5.678432 63.953278 0.346921 0.858569 0.377499 0.385693 0.431107
3 69.801041 -6.176847 63.726723 -0.732453 0.138728 -0.666533 0.383999 0.430093
horse_atlas.bmp
3 70.564056 -5.792434 67.662224 0.976147 0.177598 -0.124883 0.385306 0.447699
3 70.060944 -5.973168 67.675964 0.677575 -0.735063 -0.023966 0.384691 0.447761
3 69.882591 -5.678432 63.953278 0.346921 0.858569 0.377499 0.385693 0.431107
horse_atlas.bmp
3 70.060944 -5.973168 67.675964 0.677575 -0.735063 -0.023966 0.384691 0.447761
3 70.402794 -5.624413 64.023285 0.701685 -0.086763 0.707185 0.385877 0.431420
3 69.882591 -5.678432 63.953278 0.346921 0.858569 0.377499 0.385693 0.431107
horse_atlas.bmp
3 70.060944 -5.973168 67.675964 0.677575 -0.735063 -0.023966 0.469675 0.447761
3 69.750000 -5.500000 67.639999 -0.606426 -0.795130 -0.003926 0.468500 0.447600
3 70.402794 -5.624413 64.023285 0.701685 -0.086763 0.707185 0.470966 0.431420
horse_atlas.bmp
3 69.750000 -5.500000 67.639999 -0.606426 -0.795130 -0.003926 0.468500 0.447600
3 70.642746 -6.089443 63.840000 0.164048 -0.956939 -0.239492 0.471873 0.430600
3 70.402794 -5.624413 64.023285 0.701685 -0.086763 0.707185 0.470966 0.431420
horse_atlas.bmp
3 70.642746 -6.089443 63.840000 0.164048 -0.956939 -0.239492 0.384296 0.430600
3 70.270836 -6.430866 63.656715 -0.624119 -0.333872 -0.706402 0.383135 0.429780
3 71.239059 0.000000 60.058601 0.253689 0.000000 -0.967286 0.405000 0.413683
horse_atlas.bmp
3 70.642746 -6.089443 63.840000 0.164048 -0.956939 -0.239492 0.384296 0.430600
3 71.239059 0.000000 60.058601 0.253689 0.000000 -0.967286 0.405000 0.413683
3 71.550003 0.000000 60.419998 0.979354 -0.000000 -0.202151 0.405000 0.415300
horse_atlas.bmp
3 70.270836 -6.430866 63.656715 -0.624119 -0.333872 -0.706402 0.470468 0.323135
3 69.801041 -6.176847 63.726723 -0.732453 0.138728 -0.666533 0.468693 0.323999
3 70.735939 0.000000 60.196644 -0.715315 0.000000 -0.698802 0.472225 0.345000
horse_atlas.bmp
3 70.270836 -6.430866 63.656715 -0.624119 -0.333872 -0.706402 0.470468 0.323135
3 70.735939 0.000000 60.196644 -0.715315 0.000000 -0.698802 0.472225 0.345000
3 71.239059 0.000000 60.058601 0.253689 0.000000 -0.967286 0.474125 0.345000
horse_atlas.bmp
3 69.801041 -6.176847 63.726723 -0.732453 0.138728 -0.666533 0.383999 0.430093
3 69.882591 -5.678432 63.953278 0.346921 0.858569 0.377499 0.385693 0.431107
3 70.735939 0.000000 60.643356 -0.874394 -0.000002 0.485217 0.405000 0.416299
horse_atlas.bmp
3 69.801041 -6.176847 63.726723 -0.732453 0.138728 -0.666533 0.383999 0.430093
3 70.735939 0.000000 60.643356 -0.874394 -0.000002 0.485217 0.405000 0.416299
3 70.735939 0.000000 60.196644 -0.715315 0.000000 -0.698802 0.405000 0.414301
horse_atlas.bmp
3 69.882591 -5.678432 63.953278 0.346921 0.858569 0.377499 0.469001 0.325693
3 70.402794 -5.624413 64.023285 0.701685 -0.086763 0.707185 0.470966 0.325877
3 71.239059 0.000000 60.781399 0.449272 0.000001 0.893395 0.474125 0.345000
horse_atlas.bmp
3 69.882591 -5.678432 63.953278 0.346921 0.858569 0.377499 0.469001 0.325693
3 71.239059 0.000000 60.781399 0.449272 0.000001 0.893395 0.474125 0.345000
3 70.735939 0.000000 60.643356 -0.874394 -0.000002 0.485217 0.472225 0.345000
horse_atlas.bmp
3 70.402794 -5.624413 64.023285 0.701685 -0.086763 0.707185 0.385877 0.431420
3 70.642746 -6.089443 63.840000 0.164048 -0.956939 -0.239492 0.384296 0.430600
3 71.550003 0.000000 60.419998 0.979354 -0.000000 -0.202151 0.405000 0.415300
horse_atlas.bmp
3 70.402794 -5.624413 64.023285 0.701685 -0.086763 0.707185 0.385877 0.431420
3 71.550003 0.000000 60.419998 0.979354 -0.000000 -0.202151 0.405000 0.415300
3 71.239059 0.000000 60.781399 0.449272 0.000001 0.893395 0.405000 0.416917
horse_atlas.bmp
3 71.550003 0.000000 60.419998 0.979354 -0.000000 -0.202151 0.405000 0.415300
3 71.239059 0.000000 60.058601 0.253689 0.000000 -0.967286 0.405000 0.413683
3 70.270836 6.430866 63.656715 -0.624118 0.333886 -0.706397 0.426865 0.429780
horse_atlas.bmp
3 71.550003 0.000000 60.419998 0.979354 -0.000000 -0.202151 0.405000 0.415300
3 70.270836 6.430866 63.656715 -0.624118 0.333886 -0.706397 0.426865 0.429780
3 70.642746 6.089443 63.840000 0.164051 0.956938 -0.239492 0.425704 0.430600
horse_atlas.bmp
3 71.239059 0.000000 60.058601 0.253689 0.000000 -0.967286 0.474125 0.345000
3 70.735939 0.000000 60.196644 -0.715315 0.000000 -0.698802 0.472225 0.345000
3 69.801041 6.176847 63.726723 -0.732459 -0.138727 -0.666527 0.468693 0.366001
horse_atlas.bmp
3 71.239059 0.000000 60.058601 0.253689 0.000000 -0.967286 0.474125 0.345000
3 69.801041 6.176847 63.726723 -0.732459 -0.138727 -0.666527 0.468693 0.366001
3 70.270836 6.430866 63.656715 -0.624118 0.333886 -0.706397 0.470468 0.366865
horse_atlas.bmp
3 70.735939 0.000000 60.196644 -0.715315 0.000000 -0.698802 0.405000 0.414301
3 70.735939 0.000000 60.643356 -0.874394 -0.000002 0.485217 0.405000 0.416299
3 69.882591 5.678432 63.953278 0.346900 -0.858581 0.377489 0.424307 0.431107
horse_atlas.bmp
3 70.735939 0.000000 60.196644 -0.715315 0.000000 -0.698802 0.405000 0.414301
3 69.882591 5.678432 63.953278 0.346900 -0.858581 0.377489 0.424307 0.431107
3 69.801041 6.176847 63.726723 -0.732459 -0.138727 -0.666527 0.426001 0.430093
horse_atlas.bmp
3 70.735939 0.000000 60.643356 -0.874394 -0.000002 0.485217 0.472225 0.345000
3 71.239059 0.000000 60.781399 0.449272 0.000001 0.893395 0.474125 0.345000
3 70.402794 5.624413 64.023285 0.701685 0.086767 0.707184 0.470966 0.364123
horse_atlas.bmp
3 70.735939 0.000000 60.643356 -0.874394 -0.000002 0.485217 0.472225 0.345000
3 70.402794 5.624413 64.023285 0.701685 0.086767 0.707184 0.470966 0.364123
3 69.882591 5.678432 63.953278 0.346900 -0.858581 0.377489 0.469001 0.364307
horse_atlas.bmp
3 71.239059 0.000000 60.781399 0.449272 0.000001 0.893395 0.405000 0.416917
3 71.550003 0.000000 60.419998 0.979354 -0.000000 -0.202151 0.405000 0.415300
3 70.642746 6.089443 63.840000 0.164051 0.956938 -0.239492 0.425704 0.430600
horse_atlas.bmp
3 71.239059 0.000000 60.781399 0.449272 0.000001 0.893395 0.405000 0.416917
3 70.642746 6.089443 63.840000 0.164051 0.956938 -0.239492 0.425704 0.430600
3 70.402794 5.624413 64.023285 0.701685 0.086767 0.707184 0.424123 0.431420
horse_atlas.bmp
3 70.642746 6.089443 63.840000 0.164051 0.956938 -0.239492 0.425704 0.430600
3 70.270836 6.430866 63.656715 -0.624118 0.333886 -0.706397 0.426865 0.429780
3 69.750000 5.500000 67.639999 -0.606420 0.795135 -0.003925 0.423700 0.447600
horse_atlas.bmp
3 70.270836 6.430866 63.656715 -0.624118 0.333886 -0.706397 0.426865 0.429780
3 70.060944 5.026832 67.604042 -0.997378 -0.041431 -0.059334 0.422091 0.447439
3 69.750000 5.500000 67.639999 -0.606420 0.795135 -0.003925 0.423700 0.447600
horse_atlas.bmp
3 70.270836 6.430866 63.656715 -0.624118 0.333886 -0.706397 0.426865 0.429780
3 69.801041 6.176847 63.726723 -0.732459 -0.138727 -0.666527 0.426001 0.430093
3 70.060944 5.026832 67.604042 -0.997378 -0.041431 -0.059334 0.422091 0.447439
horse_atlas.bmp
3 69.801041 6.176847 63.726723 -0.732459 -0.138727 -0.666527 0.426001 0.430093
3 70.564056 5.207566 67.617775 0.067634 -0.927350 -0.368031 0.422706 0.447501
3 70.060944 5.026832 67.604042 -0.997378 -0.041431 -0.059334 0.422091 0.447439
horse_atlas.bmp
3 69.801041 6.176847 63.726723 -0.732459 -0.138727 -0.666527 0.426001 0.430093
3 69.882591 5.678432 63.953278 0.346900 -0.858581 0.377489 0.424307 0.431107
3 70.564056 5.207566 67.617775 0.067634 -0.927350 -0.368031 0.422706 0.447501
horse_atlas.bmp
3 69.882591 5.678432 63.953278 0.346900 -0.858581 0.377489 0.424307 0.431107
3 70.564056 5.792434 67.662224 0.976144 -0.177614 -0.124882 0.424694 0.447699
3 70.564056 5.207566 67.617775 0.067634 -0.927350 -0.368031 0.422706 0.447501
horse_atlas.bmp
3 69.882591 5.678432 63.953278 0.346900 -0.858581 0.377489 0.424307 0.431107
3 70.402794 5.624413 64.023285 0.701685 0.086767 0.707184 0.424123 0.431420
3 70.564056 5.792434 67.662224 0.976144 -0.177614 -0.124882 0.424694 0.447699
horse_atlas.bmp
3 70.402794 5.624413 64.023285 0.701685 0.086767 0.707184 0.424123 0.431420
3 70.060944 5.973168 67.675964 0.677572 0.735066 -0.023966 0.425309 0.447761
3 70.564056 5.792434 67.662224 0.976144 -0.177614 -0.124882 0.424694 0.447699
horse_atlas.bmp
3 70.402794 5.624413 64.023285 0.701685 0.086767 0.707184 0.470966 0.431420
3 70.642746 6.089443 63.840000 0.164051 0.956938 -0.239492 0.471873 0.430600
3 70.060944 5.973168 67.675964 0.677572 0.735066 -0.023966 0.469675 0.447761
horse_atlas.bmp
3 70.642746 6.089443 63.840000 0.164051 0.956938 -0.239492 0.471873 0.430600
3 69.750000 5.500000 67.639999 -0.606420 0.795135 -0.003925 0.468500 0.447600
3 70.060944 5.973168 67.675964 0.677572 0.735066 -0.023966 0.469675 0.447761
horse_atlas.bmp
3 69.217094 -5.188224 63.840000 -0.131838 0.988721 0.071057 0.466487 0.430600
3 68.952599 -5.606209 63.584972 -0.687754 0.208593 -0.695330 0.465488 0.429459
3 59.985573 -7.387589 71.920029 -0.607513 0.216248 -0.764306 0.431612 0.466747
horse_atlas.bmp
3 69.217094 -5.188224 63.840000 -0.131838 0.988721 0.071057 0.466487 0.430600
3 59.985573 -7.387589 71.920029 -0.607513 0.216248 -0.764306 0.431612 0.466747
3 60.233814 -6.985226 72.199997 -0.127827 0.990394 0.052718 0.432550 0.468000
horse_atlas.bmp
3 68.952599 -5.606209 63.584972 -0.687754 0.208593 -0.695330 0.465488 0.325939
3 69.168198 -6.153810 63.682384 -0.232486 -0.868775 -0.437243 0.466302 0.324077
3 60.171860 -7.945300 72.026962 -0.227945 -0.849815 -0.475244 0.432316 0.317986
horse_atlas.bmp
3 68.952599 -5.606209 63.584972 -0.687754 0.208593 -0.695330 0.465488 0.325939
3 60.171860 -7.945300 72.026962 -0.227945 -0.849815 -0.475244 0.432316 0.317986
3 59.985573 -7.387589 71.920029 -0.607513 0.216248 -0.764306 0.431612 0.319882
horse_atlas.bmp
3 69.168198 -6.153810 63.682384 -0.232486 -0.868775 -0.437243 0.466302 0.429895
3 69.565948 -6.074260 63.997616 0.571324 -0.672539 0.470403 0.467805 0.431305
3 60.535233 -7.887622 72.373032 0.486879 -0.722898 0.490272 0.433689 0.468774
horse_atlas.bmp
3 69.168198 -6.153810 63.682384 -0.232486 -0.868775 -0.437243 0.466302 0.429895
3 60.535233 -7.887622 72.373032 0.486879 -0.722898 0.490272 0.433689 0.468774
3 60.171860 -7.945300 72.026962 -0.227945 -0.849815 -0.475244 0.432316 0.467226
horse_atlas.bmp
3 69.565948 -6.074260 63.997616 0.571324 -0.672539 0.470403 0.384348 0.431305
3 69.596161 -5.477496 64.095032 0.588986 0.376232 0.715224 0.386377 0.431741
3 60.573517 -7.294264 72.479973 0.536522 0.340179 0.772284 0.380199 0.469252
horse_atlas.bmp
3 69.565948 -6.074260 63.997616 0.571324 -0.672539 0.470403 0.384348 0.431305
3 60.573517 -7.294264 72.479973 0.536522 0.340179 0.772284 0.380199 0.469252
3 60.535233 -7.887622 72.373032 0.486879 -0.722898 0.490272 0.378182 0.468774
horse_atlas.bmp
3 69.596161 -5.477496 64.095032 0.588986 0.376232 0.715224 0.467919 0.431741
3 69.217094 -5.188224 63.840000 -0.131838 0.988721 0.071057 0.466487 0.430600
3 60.233814 -6.985226 72.199997 -0.127827 0.990394 0.052718 0.432550 0.468000
horse_atlas.bmp
3 69.596161 -5.477496 64.095032 0.588986 0.376232 0.715224 0.467919 0.431741
3 60.233814 -6.985226 72.199997 -0.127827 0.990394 0.052718 0.432550 0.468000
3 60.573517 -7.294264 72.479973 0.536522 0.340179 0.772284 0.433833 0.469252
horse_atlas.bmp
3 60.233814 -6.985226 72.199997 -0.127827 0.990394 0.052718 0.432550 0.468000
3 59.985573 -7.387589 71.920029 -0.607513 0.216248 -0.764306 0.431612 0.466747
3 50.144306 -8.548203 77.969757 -0.478468 0.244168 -0.843475 0.394434 0.293812
horse_atlas.bmp
3 60.233814 -6.985226 72.199997 -0.127827 0.990394 0.052718 0.432550 0.468000
3 50.144306 -8.548203 77.969757 -0.478468 0.244168 -0.843475 0.394434 0.293812
3 50.385227 -8.180259 78.279999 -0.017289 0.999841 0.004352 0.395344 0.295200
horse_atlas.bmp
3 59.985573 -7.387589 71.920029 -0.607513 0.216248 -0.764306 0.431612 0.319882
3 60.171860 -7.945300 72.026962 -0.227945 -0.849815 -0.475244 0.432316 0.317986
3 50.256744 -9.125925 78.088257 -0.277319 -0.818971 -0.502375 0.394859 0.313972
horse_atlas.bmp
3 59.985573 -7.387589 71.920029 -0.607513 0.216248 -0.764306 0.431612 0.319882
3 50.256744 -9.125925 78.088257 -0.277319 -0.818971 -0.502375 0.394859 0.313972
3 50.144306 -8.548203 77.969757 -0.478468 0.244168 -0.843475 0.394434 0.315936
horse_atlas.bmp
3 60.171860 -7.945300 72.026962 -0.227945 -0.849815 -0.475244 0.432316 0.467226
3 60.535233 -7.887622 72.373032 0.486879 -0.722898 0.490272 0.433689 0.468774
3 50.567158 -9.115033 78.471748 0.321035 -0.784750 0.530192 0.396031 0.296058
horse_atlas.bmp
3 60.171860 -7.945300 72.026962 -0.227945 -0.849815 -0.475244 0.432316 0.467226
3 50.567158 -9.115033 78.471748 0.321035 -0.784750 0.530192 0.396031 0.296058
3 50.256744 -9.125925 78.088257 -0.277319 -0.818971 -0.502375 0.394859 0.294342
horse_atlas.bmp
3 60.535233 -7.887622 72.373032 0.486879 -0.722898 0.490272 0.433689 0.318182
3 60.573517 -7.294264 72.479973 0.536522 0.340179 0.772284 0.433833 0.320199
3 50.646564 -8.530580 78.590248 0.469719 0.273280 0.839453 0.396331 0.315996
horse_atlas.bmp
3 60.535233 -7.887622 72.373032 0.486879 -0.722898 0.490272 0.433689 0.318182
3 50.646564 -8.530580 78.590248 0.469719 0.273280 0.839453 0.396331 0.315996
3 50.567158 -9.115033 78.471748 0.321035 -0.784750 0.530192 0.396031 0.314009
horse_atlas.bmp
3 60.573517 -7.294264 72.479973 0.536522 0.340179 0.772284 0.433833 0.469252
3 60.233814 -6.985226 72.199997 -0.127827 0.990394 0.052718 0.432550 0.468000
3 50.385227 -8.180259 78.279999 -0.017289 0.999841 0.004352 0.395344 0.295200
horse_atlas.bmp
3 60.573517 -7.294264 72.479973 0.536522 0.340179 0.772284 0.433833 0.469252
3 50.385227 -8.180259 78.279999 -0.017289 0.999841 0.004352 0.395344 0.295200
3 50.646564 -8.530580 78.590248 0.469719 0.273280 0.839453 0.396331 0.296588
horse_atlas.bmp
3 50.385227 -8.180259 78.279999 -0.017289 0.999841 0.004352 0.395344 0.295200
3 50.144306 -8.548203 77.969757 -0.478468 0.244168 -0.843475 0.394434 0.293812
3 42.976051 -7.920198 81.761024 -0.429310 0.281532 -0.858157 0.367354 0.310773
horse_atlas.bmp
3 50.385227 -8.180259 78.279999 -0.017289 0.999841 0.004352 0.395344 0.295200
3 42.976051 -7.920198 81.761024 -0.429310 0.281532 -0.858157 0.367354 0.310773
3 43.235001 -7.581457 82.080002 0.037140 0.995496 -0.087230 0.368332 0.312200
horse_atlas.bmp
3 50.144306 -8.548203 77.969757 -0.478468 0.244168 -0.843475 0.394434 0.315936
3 50.256744 -9.125925 78.088257 -0.277319 -0.818971 -0.502375 0.394859 0.313972
3 43.026592 -8.507420 81.882866 -0.355707 -0.751543 -0.555568 0.367545 0.316075
horse_atlas.bmp
3 50.144306 -8.548203 77.969757 -0.478468 0.244168 -0.843475 0.394434 0.315936
3 43.026592 -8.507420 81.882866 -0.355707 -0.751543 -0.555568 0.367545 0.316075
3 42.976051 -7.920198 81.761024 -0.429310 0.281532 -0.858157 0.367354 0.318071
horse_atlas.bmp
3 50.256744 -9.125925 78.088257 -0.277319 -0.818971 -0.502375 0.394859 0.294342
3 50.567158 -9.115033 78.471748 0.321035 -0.784750 0.530192 0.396031 0.296058
3 43.316772 -8.531602 82.277138 0.214954 -0.816529 0.535794 0.368641 0.313082
horse_atlas.bmp
3 50.256744 -9.125925 78.088257 -0.277319 -0.818971 -0.502375 0.394859 0.294342
3 43.316772 -8.531602 82.277138 0.214954 -0.816529 0.535794 0.368641 0.313082
3 43.026592 -8.507420 81.882866 -0.355707 -0.751543 -0.555568 0.367545 0.311318
horse_atlas.bmp
3 50.567158 -9.115033 78.471748 0.321035 -0.784750 0.530192 0.396031 0.314009
3 50.646564 -8.530580 78.590248 0.469719 0.273280 0.839453 0.396331 0.315996
3 43.445583 -7.959325 82.398979 0.465300 0.293410 0.835109 0.369128 0.317938
horse_atlas.bmp
3 50.567158 -9.115033 78.471748 0.321035 -0.784750 0.530192 0.396031 0.314009
3 43.445583 -7.959325 82.398979 0.465300 0.293410 0.835109 0.369128 0.317938
3 43.316772 -8.531602 82.277138 0.214954 -0.816529 0.535794 0.368641 0.315993
horse_atlas.bmp
3 50.646564 -8.530580 78.590248 0.469719 0.273280 0.839453 0.396331 0.296588
3 50.385227 -8.180259 78.279999 -0.017289 0.999841 0.004352 0.395344 0.295200
3 43.235001 -7.581457 82.080002 0.037140 0.995496 -0.087230 0.368332 0.312200
horse_atlas.bmp
3 50.646564 -8.530580 78.590248 0.469719 0.273280 0.839453 0.396331 0.296588
3 43.235001 -7.581457 82.080002 0.037140 0.995496 -0.087230 0.368332 0.312200
3 43.445583 -7.959325 82.398979 0.465300 0.293410 0.835109 0.369128 0.313627
horse_atlas.bmp
2 69.171822 -5.780286 63.840000 -0.424929 0.902435 -0.071034 0.466316 0.430600
2 69.346657 -5.958505 63.599918 0.108889 0.355787 -0.928202 0.466976 0.429526
2 59.456688 -10.864121 60.559582 0.150642 0.314786 -0.937132 0.429614 0.415924
horse_atlas.bmp
2 69.171822 -5.780286 63.840000 -0.424929 0.902435 -0.071034 0.466316 0.430600
2 59.456688 -10.864121 60.559582 0.150642 0.314786 -0.937132 0.429614 0.415924
2 59.297985 -10.668863 60.799999 -0.363919 0.931281 -0.016675 0.429015 0.417000
horse_atlas.bmp
2 69.346657 -5.958505 63.599918 0.108889 0.355787 -0.928202 0.466976 0.324741
2 69.457016 -6.332265 63.691620 0.493621 -0.617534 -0.612365 0.467393 0.323470
2 59.537056 -11.247159 60.651413 0.441429 -0.695677 -0.566722 0.429918 0.306760
horse_atlas.bmp
2 69.346657 -5.958505 63.599918 0.108889 0.355787 -0.928202 0.466976 0.324741
2 59.537056 -11.247159 60.651413 0.441429 -0.695677 -0.566722 0.429918 0.306760
2 59.456688 -10.864121 60.559582 0.150642 0.314786 -0.937132 0.429614 0.308062
horse_atlas.bmp
2 69.457016 -6.332265 63.691620 0.493621 -0.617534 -0.612365 0.467393 0.429936
2 69.350380 -6.385043 63.988380 0.200848 -0.776486 0.597269 0.466990 0.431264
2 59.428017 -11.288631 60.948589 0.136233 -0.797056 0.588339 0.429506 0.417665
horse_atlas.bmp
2 69.457016 -6.332265 63.691620 0.493621 -0.617534 -0.612365 0.467393 0.429936
2 59.428017 -11.288631 60.948589 0.136233 -0.797056 0.588339 0.429506 0.417665
2 59.537056 -11.247159 60.651413 0.441429 -0.695677 -0.566722 0.429918 0.416335
horse_atlas.bmp
2 69.350380 -6.385043 63.988380 0.200848 -0.776486 0.597269 0.466990 0.323291
2 69.174126 -6.043900 64.080078 -0.374718 0.194603 0.906486 0.466324 0.324451
2 59.280262 -10.931225 61.040417 -0.333367 0.166477 0.927983 0.428948 0.307834
horse_atlas.bmp
2 69.350380 -6.385043 63.988380 0.200848 -0.776486 0.597269 0.466990 0.323291
2 59.280262 -10.931225 61.040417 -0.333367 0.166477 0.927983 0.428948 0.307834
2 59.428017 -11.288631 60.948589 0.136233 -0.797056 0.588339 0.429506 0.306619
horse_atlas.bmp
2 69.174126 -6.043900 64.080078 -0.374718 0.194603 0.906486 0.466324 0.431674
2 69.171822 -5.780286 63.840000 -0.424929 0.902435 -0.071034 0.466316 0.430600
2 59.297985 -10.668863 60.799999 -0.363919 0.931281 -0.016675 0.429015 0.417000
horse_atlas.bmp
2 69.174126 -6.043900 64.080078 -0.374718 0.194603 0.906486 0.466324 0.431674
2 59.297985 -10.668863 60.799999 -0.363919 0.931281 -0.016675 0.429015 0.417000
2 59.280262 -10.931225 61.040417 -0.333367 0.166477 0.927983 0.428948 0.418076
horse_atlas.bmp
2 59.297985 -10.668863 60.799999 -0.363919 0.931281 -0.016675 0.429015 0.417000
2 59.456688 -10.864121 60.559582 0.150642 0.314786 -0.937132 0.429614 0.415924
2 45.919575 -14.887639 56.748623 0.066671 0.259931 -0.963323 0.378474 0.398875
horse_atlas.bmp
2 59.297985 -10.668863 60.799999 -0.363919 0.931281 -0.016675 0.429015 0.417000
2 45.919575 -14.887639 56.748623 0.066671 0.259931 -0.963323 0.378474 0.398875
2 45.855453 -14.653518 57.000000 -0.166698 0.984108 -0.061178 0.378232 0.400000
horse_atlas.bmp
2 59.456688 -10.864121 60.559582 0.150642 0.314786 -0.937132 0.429614 0.308062
2 59.537056 -11.247159 60.651413 0.441429 -0.695677 -0.566722 0.429918 0.306760
2 45.956646 -15.277040 56.844639 0.198039 -0.747006 -0.634637 0.378614 0.293058
horse_atlas.bmp
2 59.456688 -10.864121 60.559582 0.150642 0.314786 -0.937132 0.429614 0.308062
2 45.956646 -15.277040 56.844639 0.198039 -0.747006 -0.634637 0.378614 0.293058
2 45.919575 -14.887639 56.748623 0.066671 0.259931 -0.963323 0.378474 0.294382
horse_atlas.bmp
2 59.537056 -11.247159 60.651413 0.441429 -0.695677 -0.566722 0.429918 0.416335
2 59.428017 -11.288631 60.948589 0.136233 -0.797056 0.588339 0.429506 0.417665
2 45.915436 -15.283581 57.155361 0.083243 -0.835839 0.542626 0.378458 0.400695
horse_atlas.bmp
2 59.537056 -11.247159 60.651413 0.441429 -0.695677 -0.566722 0.429918 0.416335
2 45.915436 -15.283581 57.155361 0.083243 -0.835839 0.542626 0.378458 0.400695
2 45.956646 -15.277040 56.844639 0.198039 -0.747006 -0.634637 0.378614 0.399305
horse_atlas.bmp
2 59.428017 -11.288631 60.948589 0.136233 -0.797056 0.588339 0.429506 0.306619
2 59.280262 -10.931225 61.040417 -0.333367 0.166477 0.927983 0.428948 0.307834
2 45.852894 -14.898223 57.251377 -0.146392 0.226776 0.962882 0.378222 0.294346
horse_atlas.bmp
2 59.428017 -11.288631 60.948589 0.136233 -0.797056 0.588339 0.429506 0.306619
2 45.852894 -14.898223 57.251377 -0.146392 0.226776 0.962882 0.378222 0.294346
2 45.915436 -15.283581 57.155361 0.083243 -0.835839 0.542626 0.378458 0.293036
horse_atlas.bmp
2 59.280262 -10.931225 61.040417 -0.333367 0.166477 0.927983 0.428948 0.418076
2 59.297985 -10.668863 60.799999 -0.363919 0.931281 -0.016675 0.429015 0.417000
2 45.855453 -14.653518 57.000000 -0.166698 0.984108 -0.061178 0.378232 0.400000
horse_atlas.bmp
2 59.280262 -10.931225 61.040417 -0.333367 0.166477 0.927983 0.428948 0.418076
2 45.855453 -14.653518 57.000000 -0.166698 0.984108 -0.061178 0.378232 0.400000
2 45.852894 -14.898223 57.251377 -0.146392 0.226776 0.962882 0.378222 0.401125
horse_atlas.bmp
2 45.855453 -14.653518 57.000000 -0.166698 0.984108 -0.061178 0.378232 0.400000
2 45.919575 -14.887639 56.748623 0.066671 0.259931 -0.963323 0.378474 0.398875
2 27.837793 -15.888158 57.513485 -0.170851 0.250966 -0.952799 0.310165 0.402297
horse_atlas.bmp
2 45.855453 -14.653518 57.000000 -0.166698 0.984108 -0.061178 0.378232 0.400000
2 27.837793 -15.888158 57.513485 -0.170851 0.250966 -0.952799 0.310165 0.402297
2 27.916132 -15.650459 57.759998 0.049940 0.996602 -0.065499 0.310461 0.403400
horse_atlas.bmp
2 45.919575 -14.887639 56.748623 0.066671 0.259931 -0.963323 0.378474 0.294382
2 45.956646 -15.277040 56.844639 0.198039 -0.747006 -0.634637 0.378614 0.293058
2 27.845423 -16.280418 57.607643 -0.164521 -0.766942 -0.620268 0.310194 0.289647
horse_atlas.bmp
2 45.919575 -14.887639 56.748623 0.066671 0.259931 -0.963323 0.378474 0.294382
2 27.845423 -16.280418 57.607643 -0.164521 -0.766942 -0.620268 0.310194 0.289647
2 27.837793 -15.888158 57.513485 -0.170851 0.250966 -0.952799 0.310165 0.290980
horse_atlas.bmp
2 45.956646 -15.277040 56.844639 0.198039 -0.747006 -0.634637 0.378614 0.399305
2 45.915436 -15.283581 57.155361 0.083243 -0.835839 0.542626 0.378458 0.400695
2 27.928474 -16.285151 57.912357 0.060976 -0.837358 0.543244 0.310508 0.404082
horse_atlas.bmp
2 45.956646 -15.277040 56.844639 0.198039 -0.747006 -0.634637 0.378614 0.399305
2 27.928474 -16.285151 57.912357 0.060976 -0.837358 0.543244 0.310508 0.404082
2 27.845423 -16.280418 57.607643 -0.164521 -0.766942 -0.620268 0.310194 0.402718
horse_atlas.bmp
2 45.915436 -15.283581 57.155361 0.083243 -0.835839 0.542626 0.378458 0.293036
2 45.852894 -14.898223 57.251377 -0.146392 0.226776 0.962882 0.378222 0.294346
2 27.972178 -15.895815 58.006516 0.192149 0.244105 0.950522 0.310673 0.290954
horse_atlas.bmp
2 45.915436 -15.283581 57.155361 0.083243 -0.835839 0.542626 0.378458 0.293036
2 27.972178 -15.895815 58.006516 0.192149 0.244105 0.950522 0.310673 0.290954
2 27.928474 -16.285151 57.912357 0.060976 -0.837358 0.543244 0.310508 0.289631
horse_atlas.bmp
2 45.852894 -14.898223 57.251377 -0.146392 0.226776 0.962882 0.378222 0.401125
2 45.855453 -14.653518 57.000000 -0.166698 0.984108 -0.061178 0.378232 0.400000
2 27.916132 -15.650459 57.759998 0.049940 0.996602 -0.065499 0.310461 0.403400
horse_atlas.bmp
2 45.852894 -14.898223 57.251377 -0.146392 0.226776 0.962882 0.378222 0.401125
2 27.916132 -15.650459 57.759998 0.049940 0.996602 -0.065499 0.310461 0.403400
2 27.972178 -15.895815 58.006516 0.192149 0.244105 0.950522 0.310673 0.404503
horse_atlas.bmp
2 27.916132 -15.650459 57.759998 0.049940 0.996602 -0.065499 0.310461 0.403400
2 27.837793 -15.888158 57.513485 -0.170851 0.250966 -0.952799 0.310165 0.402297
2 10.701546 -12.873232 63.606415 -0.269901 0.309010 -0.911957 0.445428 0.429555
horse_atlas.bmp
2 27.916132 -15.650459 57.759998 0.049940 0.996602 -0.065499 0.310461 0.403400
2 10.701546 -12.873232 63.606415 -0.269901 0.309010 -0.911957 0.445428 0.429555
2 10.849129 -12.654283 63.840000 0.148350 0.986458 -0.069944 0.445986 0.430600
horse_atlas.bmp
2 27.837793 -15.888158 57.513485 -0.170851 0.250966 -0.952799 0.310165 0.290980
2 27.845423 -16.280418 57.607643 -0.164521 -0.766942 -0.620268 0.310194 0.289647
2 10.690023 -13.267370 63.695641 -0.339907 -0.725263 -0.598713 0.445385 0.299891
horse_atlas.bmp
2 27.837793 -15.888158 57.513485 -0.170851 0.250966 -0.952799 0.310165 0.290980
2 10.690023 -13.267370 63.695641 -0.339907 -0.725263 -0.598713 0.445385 0.299891
2 10.701546 -12.873232 63.606415 -0.269901 0.309010 -0.911957 0.445428 0.301231
horse_atlas.bmp
2 27.845423 -16.280418 57.607643 -0.164521 -0.766942 -0.620268 0.310194 0.402718
2 27.928474 -16.285151 57.912357 0.060976 -0.837358 0.543244 0.310508 0.404082
2 10.830485 -13.292012 63.984360 0.060619 -0.817089 0.573315 0.445915 0.431246
horse_atlas.bmp
2 27.845423 -16.280418 57.607643 -0.164521 -0.766942 -0.620268 0.310194 0.402718
2 10.830485 -13.292012 63.984360 0.060619 -0.817089 0.573315 0.445915 0.431246
2 10.690023 -13.267370 63.695641 -0.339907 -0.725263 -0.598713 0.445385 0.429954
horse_atlas.bmp
2 27.928474 -16.285151 57.912357 0.060976 -0.837358 0.543244 0.310508 0.289631
2 27.972178 -15.895815 58.006516 0.192149 0.244105 0.950522 0.310673 0.290954
2 10.928818 -12.913104 64.073586 0.364055 0.263430 0.893347 0.446287 0.301095
horse_atlas.bmp
2 27.928474 -16.285151 57.912357 0.060976 -0.837358 0.543244 0.310508 0.289631
2 10.928818 -12.913104 64.073586 0.364055 0.263430 0.893347 0.446287 0.301095
2 10.830485 -13.292012 63.984360 0.060619 -0.817089 0.573315 0.445915 0.299807
horse_atlas.bmp
2 27.972178 -15.895815 58.006516 0.192149 0.244105 0.950522 0.310673 0.404503
2 27.916132 -15.650459 57.759998 0.049940 0.996602 -0.065499 0.310461 0.403400
2 10.849129 -12.654283 63.840000 0.148350 0.986458 -0.069944 0.445986 0.430600
horse_atlas.bmp
2 27.972178 -15.895815 58.006516 0.192149 0.244105 0.950522 0.310673 0.404503
2 10.849129 -12.654283 63.840000 0.148350 0.986458 -0.069944 0.445986 0.430600
2 10.928818 -12.913104 64.073586 0.364055 0.263430 0.893347 0.446287 0.431645
horse_atlas.bmp
3 68.956558 -6.238500 63.004002 -0.785146 -0.577448 -0.223827 0.093503 0.615789
3 69.273560 -6.215370 62.704544 0.109185 -0.336317 -0.935398 0.094700 0.615868
3 70.478920 -7.739058 63.387676 0.486744 -0.555610 -0.674076 0.099254 0.610687
horse_atlas.bmp
3 68.956558 -6.238500 63.004002 -0.785146 -0.577448 -0.223827 0.093503 0.615789
3 70.478920 -7.739058 63.387676 0.486744 -0.555610 -0.674076 0.099254 0.610687
3 70.199997 -8.050000 63.612000 0.017276 -0.992119 0.124106 0.098200 0.609630
horse_atlas.bmp
3 69.273560 -6.215370 62.704544 0.109185 -0.336317 -0.935398 0.094700 0.615868
3 69.627098 -5.894607 62.818932 0.903306 0.366244 -0.223393 0.096036 0.616958
3 70.372383 -7.235942 63.473358 0.357773 0.575276 -0.735566 0.098851 0.612398
horse_atlas.bmp
3 69.273560 -6.215370 62.704544 0.109185 -0.336317 -0.935398 0.094700 0.615868
3 70.372383 -7.235942 63.473358 0.357773 0.575276 -0.735566 0.098851 0.612398
3 70.478920 -7.739058 63.387676 0.486744 -0.555610 -0.674076 0.099254 0.610687
horse_atlas.bmp
3 69.627098 -5.894607 62.818932 0.903306 0.366244 -0.223393 0.212958 0.718032
3 69.528595 -5.719493 63.189072 0.434247 0.466289 0.770716 0.213554 0.719688
3 70.027618 -7.235942 63.750637 -0.224862 0.530700 0.817187 0.208398 0.722200
horse_atlas.bmp
3 69.627098 -5.894607 62.818932 0.903306 0.366244 -0.223393 0.212958 0.718032
3 70.027618 -7.235942 63.750637 -0.224862 0.530700 0.817187 0.208398 0.722200
3 70.372383 -7.235942 63.473358 0.357773 0.575276 -0.735566 0.208398 0.720960
horse_atlas.bmp
3 69.528595 -5.719493 63.189072 0.434247 0.466289 0.770716 0.095664 0.617554
3 69.114182 -5.932031 63.303455 -0.517899 -0.008535 0.855399 0.094098 0.616831
3 69.921082 -7.739058 63.836319 -0.423609 -0.471053 0.773734 0.097146 0.610687
horse_atlas.bmp
3 69.528595 -5.719493 63.189072 0.434247 0.466289 0.770716 0.095664 0.617554
3 69.921082 -7.739058 63.836319 -0.423609 -0.471053 0.773734 0.097146 0.610687
3 70.027618 -7.235942 63.750637 -0.224862 0.530700 0.817187 0.097549 0.612398
horse_atlas.bmp
3 69.114182 -5.932031 63.303455 -0.517899 -0.008535 0.855399 0.212831 0.720200
3 68.956558 -6.238500 63.004002 -0.785146 -0.577448 -0.223827 0.211789 0.718860
3 70.199997 -8.050000 63.612000 0.017276 -0.992119 0.124106 0.205630 0.721580
horse_atlas.bmp
3 69.114182 -5.932031 63.303455 -0.517899 -0.008535 0.855399 0.212831 0.720200
3 70.199997 -8.050000 63.612000 0.017276 -0.992119 0.124106 0.205630 0.721580
3 69.921082 -7.739058 63.836319 -0.423609 -0.471053 0.773734 0.206687 0.722584
horse_atlas.bmp
3 70.199997 -8.050000 63.612000 0.017276 -0.992119 0.124106 0.205630 0.721580
3 70.478920 -7.739058 63.387676 0.486744 -0.555610 -0.674076 0.206687 0.720576
3 71.285820 -6.067969 64.300545 0.886356 -0.050475 -0.460245 0.212369 0.724660
horse_atlas.bmp
3 70.199997 -8.050000 63.612000 0.017276 -0.992119 0.124106 0.205630 0.721580
3 71.285820 -6.067969 64.300545 0.886356 -0.050475 -0.460245 0.212369 0.724660
3 71.443436 -5.761500 64.599998 0.600071 0.493458 0.629615 0.213411 0.526000
horse_atlas.bmp
3 70.478920 -7.739058 63.387676 0.486744 -0.555610 -0.674076 0.099254 0.610687
3 70.372383 -7.235942 63.473358 0.357773 0.575276 -0.735566 0.098851 0.612398
3 70.871399 -6.280507 64.414932 -0.041308 -0.060873 -0.997290 0.100736 0.615646
horse_atlas.bmp
3 70.478920 -7.739058 63.387676 0.486744 -0.555610 -0.674076 0.099254 0.610687
3 70.871399 -6.280507 64.414932 -0.041308 -0.060873 -0.997290 0.100736 0.615646
3 71.285820 -6.067969 64.300545 0.886356 -0.050475 -0.460245 0.102302 0.616369
horse_atlas.bmp
3 70.372383 -7.235942 63.473358 0.357773 0.575276 -0.735566 0.098851 0.720960
3 70.027618 -7.235942 63.750637 -0.224862 0.530700 0.817187 0.097549 0.722200
3 70.772903 -6.105393 64.785072 -0.722932 -0.118618 0.680661 0.100364 0.526828
horse_atlas.bmp
3 70.372383 -7.235942 63.473358 0.357773 0.575276 -0.735566 0.098851 0.720960
3 70.772903 -6.105393 64.785072 -0.722932 -0.118618 0.680661 0.100364 0.526828
3 70.871399 -6.280507 64.414932 -0.041308 -0.060873 -0.997290 0.100736 0.525172
horse_atlas.bmp
3 70.027618 -7.235942 63.750637 -0.224862 0.530700 0.817187 0.208398 0.722200
3 69.921082 -7.739058 63.836319 -0.423609 -0.471053 0.773734 0.206687 0.722584
3 70.772903 -6.105393 64.785072 -0.722932 -0.118618 0.680661 0.212242 0.526828
horse_atlas.bmp
3 69.921082 -7.739058 63.836319 -0.423609 -0.471053 0.773734 0.206687 0.722584
3 71.126442 -5.784630 64.899452 -0.179358 0.223646 0.958026 0.213332 0.527340
3 70.772903 -6.105393 64.785072 -0.722932 -0.118618 0.680661 0.212242 0.526828
horse_atlas.bmp
3 69.921082 -7.739058 63.836319 -0.423609 -0.471053 0.773734 0.097146 0.722584
3 70.199997 -8.050000 63.612000 0.017276 -0.992119 0.124106 0.098200 0.721580
3 71.443436 -5.761500 64.599998 0.600071 0.493458 0.629615 0.102897 0.526000
horse_atlas.bmp
3 69.921082 -7.739058 63.836319 -0.423609 -0.471053 0.773734 0.097146 0.722584
3 71.443436 -5.761500 64.599998 0.600071 0.493458 0.629615 0.102897 0.526000
3 71.126442 -5.784630 64.899452 -0.179358 0.223646 0.958026 0.101700 0.527340
horse_atlas.bmp
3 71.443436 -5.761500 64.599998 0.600071 0.493458 0.629615 0.102897 0.526000
3 71.285820 -6.067969 64.300545 0.886356 -0.050475 -0.460245 0.102302 0.724660
3 69.578918 -5.860942 62.779682 0.681301 0.067921 -0.728845 0.095854 0.717856
horse_atlas.bmp
3 71.443436 -5.761500 64.599998 0.600071 0.493458 0.629615 0.102897 0.526000
3 69.578918 -5.860942 62.779682 0.681301 0.067921 -0.728845 0.095854 0.717856
3 69.300003 -5.550000 63.004002 0.139211 0.986187 -0.089756 0.094800 0.718860
horse_atlas.bmp
3 71.285820 -6.067969 64.300545 0.886356 -0.050475 -0.460245 0.102302 0.724660
3 70.871399 -6.280507 64.414932 -0.041308 -0.060873 -0.997290 0.100736 0.525172
3 69.472382 -6.364058 62.865364 0.265482 -0.938558 -0.220520 0.095451 0.718240
horse_atlas.bmp
3 71.285820 -6.067969 64.300545 0.886356 -0.050475 -0.460245 0.102302 0.724660
3 69.472382 -6.364058 62.865364 0.265482 -0.938558 -0.220520 0.095451 0.718240
3 69.578918 -5.860942 62.779682 0.681301 0.067921 -0.728845 0.095854 0.717856
horse_atlas.bmp
3 70.871399 -6.280507 64.414932 -0.041308 -0.060873 -0.997290 0.100736 0.525172
3 70.772903 -6.105393 64.785072 -0.722932 -0.118618 0.680661 0.100364 0.526828
3 69.127617 -6.364058 63.142639 -0.495195 -0.613387 0.615254 0.094149 0.719480
horse_atlas.bmp
3 70.871399 -6.280507 64.414932 -0.041308 -0.060873 -0.997290 0.100736 0.525172
3 69.127617 -6.364058 63.142639 -0.495195 -0.613387 0.615254 0.094149 0.719480
3 69.472382 -6.364058 62.865364 0.265482 -0.938558 -0.220520 0.095451 0.718240
horse_atlas.bmp
3 70.772903 -6.105393 64.785072 -0.722932 -0.118618 0.680661 0.212242 0.526828
3 71.126442 -5.784630 64.899452 -0.179358 0.223646 0.958026 0.213332 0.527340
3 69.021080 -5.860942 63.228321 -0.541695 0.527140 0.654744 0.213073 0.719864
horse_atlas.bmp
3 70.772903 -6.105393 64.785072 -0.722932 -0.118618 0.680661 0.212242 0.526828
3 69.021080 -5.860942 63.228321 -0.541695 0.527140 0.654744 0.213073 0.719864
3 69.127617 -6.364058 63.142639 -0.495195 -0.613387 0.615254 0.211362 0.719480
horse_atlas.bmp
3 71.126442 -5.784630 64.899452 -0.179358 0.223646 0.958026 0.101700 0.527340
3 71.443436 -5.761500 64.599998 0.600071 0.493458 0.629615 0.102897 0.526000
3 69.300003 -5.550000 63.004002 0.139211 0.986187 -0.089756 0.094800 0.718860
horse_atlas.bmp
3 71.126442 -5.784630 64.899452 -0.179358 0.223646 0.958026 0.101700 0.527340
3 69.300003 -5.550000 63.004002 0.139211 0.986187 -0.089756 0.094800 0.718860
3 69.021080 -5.860942 63.228321 -0.541695 0.527140 0.654744 0.093746 0.719864
horse_atlas.bmp
3 43.200001 9.500000 80.559998 0.072533 0.810378 -0.581401 0.464200 0.199400
3 40.826073 8.445771 80.309418 -0.548460 0.526520 -0.649592 0.455232 0.198279
3 40.611244 8.157282 86.639999 -0.743078 0.615677 0.262255 0.454420 0.026600
horse_atlas.bmp
3 43.200001 9.500000 80.559998 0.072533 0.810378 -0.581401 0.464200 0.199400
3 40.611244 8.157282 86.639999 -0.743078 0.615677 0.262255 0.454420 0.026600
3 42.299999 8.835000 86.639999 -0.040469 0.972111 0.231005 0.460800 0.026600
horse_atlas.bmp
3 40.826073 8.445771 80.309418 -0.548460 0.526520 -0.649592 0.329716 0.198279
3 40.239758 6.076941 80.247528 -0.728130 -0.210764 -0.652231 0.321662 0.198002
3 40.194153 6.634462 86.639999 -0.931644 -0.212768 0.294566 0.323557 0.026600
horse_atlas.bmp
3 40.826073 8.445771 80.309418 -0.548460 0.526520 -0.649592 0.329716 0.198279
3 40.194153 6.634462 86.639999 -0.931644 -0.212768 0.294566 0.323557 0.026600
3 40.611244 8.157282 86.639999 -0.743078 0.615677 0.262255 0.328735 0.026600
horse_atlas.bmp
3 40.239758 6.076941 80.247528 -0.728130 -0.210764 -0.652231 0.321662 0.198002
3 41.882568 4.177287 80.420937 -0.263005 -0.768530 -0.583258 0.315203 0.198778
3 41.362812 5.413256 86.639999 -0.418108 -0.854035 0.309532 0.319405 0.026600
horse_atlas.bmp
3 40.239758 6.076941 80.247528 -0.728130 -0.210764 -0.652231 0.321662 0.198002
3 41.362812 5.413256 86.639999 -0.418108 -0.854035 0.309532 0.319405 0.026600
3 40.194153 6.634462 86.639999 -0.931644 -0.212768 0.294566 0.323557 0.026600
horse_atlas.bmp
3 41.882568 4.177287 80.420937 -0.263005 -0.768530 -0.583258 0.459223 0.198778
3 44.517433 4.177287 80.699059 0.405195 -0.766511 -0.498275 0.469177 0.200022
3 43.237190 5.413256 86.639999 0.345066 -0.886638 0.307899 0.464340 0.026600
horse_atlas.bmp
3 41.882568 4.177287 80.420937 -0.263005 -0.768530 -0.583258 0.459223 0.198778
3 43.237190 5.413256 86.639999 0.345066 -0.886638 0.307899 0.464340 0.026600
3 41.362812 5.413256 86.639999 -0.418108 -0.854035 0.309532 0.457260 0.026600
horse_atlas.bmp
3 44.517433 4.177287 80.699059 0.405195 -0.766511 -0.498275 0.469177 0.200022
3 46.160240 6.076941 80.872475 0.868625 -0.209277 -0.449103 0.275383 0.200798
3 44.405846 6.634462 86.639999 0.925629 -0.237103 0.294947 0.468755 0.026600
horse_atlas.bmp
3 44.517433 4.177287 80.699059 0.405195 -0.766511 -0.498275 0.469177 0.200022
3 44.405846 6.634462 86.639999 0.925629 -0.237103 0.294947 0.468755 0.026600
3 43.237190 5.413256 86.639999 0.345066 -0.886638 0.307899 0.464340 0.026600
horse_atlas.bmp
3 46.160240 6.076941 80.872475 0.868625 -0.209277 -0.449103 0.321662 0.200798
3 45.573929 8.445771 80.810577 0.693822 0.526410 -0.491430 0.329716 0.200521
3 43.988758 8.157282 86.639999 0.706406 0.663386 0.246798 0.328735 0.026600
horse_atlas.bmp
3 46.160240 6.076941 80.872475 0.868625 -0.209277 -0.449103 0.321662 0.200798
3 43.988758 8.157282 86.639999 0.706406 0.663386 0.246798 0.328735 0.026600
3 44.405846 6.634462 86.639999 0.925629 -0.237103 0.294947 0.323557 0.026600
horse_atlas.bmp
3 45.573929 8.445771 80.810577 0.693822 0.526410 -0.491430 0.473168 0.200521
3 43.200001 9.500000 80.559998 0.072533 0.810378 -0.581401 0.464200 0.199400
3 42.299999 8.835000 86.639999 -0.040469 0.972111 0.231005 0.460800 0.026600
horse_atlas.bmp
3 45.573929 8.445771 80.810577 0.693822 0.526410 -0.491430 0.473168 0.200521
3 42.299999 8.835000 86.639999 -0.040469 0.972111 0.231005 0.460800 0.026600
3 43.988758 8.157282 86.639999 0.706406 0.663386 0.246798 0.467180 0.026600
horse_atlas.bmp
3 42.299999 8.835000 86.639999 -0.040469 0.972111 0.231005 0.460800 0.026600
3 40.611244 8.157282 86.639999 -0.743078 0.615677 0.262255 0.454420 0.026600
3 43.027504 7.262524 90.469131 -0.338117 0.426615 0.838854 0.463548 0.043730
horse_atlas.bmp
3 42.299999 8.835000 86.639999 -0.040469 0.972111 0.231005 0.460800 0.026600
3 43.027504 7.262524 90.469131 -0.338117 0.426615 0.838854 0.463548 0.043730
3 43.200001 7.319000 90.440002 0.107921 0.626036 0.772290 0.464200 0.043600
horse_atlas.bmp
3 40.611244 8.157282 86.639999 -0.743078 0.615677 0.262255 0.328735 0.026600
3 40.194153 6.634462 86.639999 -0.931644 -0.212768 0.294566 0.323557 0.026600
3 42.984901 7.135622 90.476326 -0.494426 -0.152682 0.855705 0.325261 0.043763
horse_atlas.bmp
3 40.611244 8.157282 86.639999 -0.743078 0.615677 0.262255 0.328735 0.026600
3 42.984901 7.135622 90.476326 -0.494426 -0.152682 0.855705 0.325261 0.043763
3 43.027504 7.262524 90.469131 -0.338117 0.426615 0.838854 0.325693 0.043730
horse_atlas.bmp
3 40.194153 6.634462 86.639999 -0.931644 -0.212768 0.294566 0.452845 0.026600
3 41.362812 5.413256 86.639999 -0.418108 -0.854035 0.309532 0.457260 0.026600
3 43.104271 7.033855 90.456169 -0.117360 -0.549779 0.827025 0.463838 0.043672
horse_atlas.bmp
3 40.194153 6.634462 86.639999 -0.931644 -0.212768 0.294566 0.452845 0.026600
3 43.104271 7.033855 90.456169 -0.117360 -0.549779 0.827025 0.463838 0.043672
3 42.984901 7.135622 90.476326 -0.494426 -0.152682 0.855705 0.463387 0.043763
horse_atlas.bmp
3 41.362812 5.413256 86.639999 -0.418108 -0.854035 0.309532 0.457260 0.026600
3 43.237190 5.413256 86.639999 0.345066 -0.886638 0.307899 0.464340 0.026600
3 43.295731 7.033855 90.423836 0.337806 -0.573177 0.746562 0.464562 0.043528
horse_atlas.bmp
3 41.362812 5.413256 86.639999 -0.418108 -0.854035 0.309532 0.457260 0.026600
3 43.295731 7.033855 90.423836 0.337806 -0.573177 0.746562 0.464562 0.043528
3 43.104271 7.033855 90.456169 -0.117360 -0.549779 0.827025 0.463838 0.043672
horse_atlas.bmp
3 43.237190 5.413256 86.639999 0.345066 -0.886638 0.307899 0.464340 0.026600
3 44.405846 6.634462 86.639999 0.925629 -0.237103 0.294947 0.468755 0.026600
3 43.415100 7.135622 90.403671 0.750890 -0.166466 0.639103 0.465013 0.043437
horse_atlas.bmp
3 43.237190 5.413256 86.639999 0.345066 -0.886638 0.307899 0.464340 0.026600
3 43.415100 7.135622 90.403671 0.750890 -0.166466 0.639103 0.465013 0.043437
3 43.295731 7.033855 90.423836 0.337806 -0.573177 0.746562 0.464562 0.043528
horse_atlas.bmp
3 44.405846 6.634462 86.639999 0.925629 -0.237103 0.294947 0.323557 0.026600
3 43.988758 8.157282 86.639999 0.706406 0.663386 0.246798 0.328735 0.026600
3 43.372498 7.262524 90.410866 0.578802 0.457153 0.675277 0.325693 0.043470
horse_atlas.bmp
3 44.405846 6.634462 86.639999 0.925629 -0.237103 0.294947 0.323557 0.026600
3 43.372498 7.262524 90.410866 0.578802 0.457153 0.675277 0.325693 0.043470
3 43.415100 7.135622 90.403671 0.750890 -0.166466 0.639103 0.325261 0.043437
horse_atlas.bmp
3 43.988758 8.157282 86.639999 0.706406 0.663386 0.246798 0.467180 0.026600
3 42.299999 8.835000 86.639999 -0.040469 0.972111 0.231005 0.460800 0.026600
3 43.200001 7.319000 90.440002 0.107921 0.626036 0.772290 0.464200 0.043600
horse_atlas.bmp
3 43.988758 8.157282 86.639999 0.706406 0.663386 0.246798 0.467180 0.026600
3 43.200001 7.319000 90.440002 0.107921 0.626036 0.772290 0.464200 0.043600
3 43.372498 7.262524 90.410866 0.578802 0.457153 0.675277 0.464852 0.043470
horse_atlas.bmp
3 43.200001 9.500000 80.559998 0.072533 0.810378 -0.581401 0.464200 0.071300
3 45.573929 8.445771 80.810577 0.693822 0.526410 -0.491430 0.473168 0.067716
3 46.160240 6.076941 80.872475 0.868625 -0.209277 -0.449103 0.275383 0.059662
horse_atlas.bmp
3 46.160240 6.076941 80.872475 0.868625 -0.209277 -0.449103 0.275383 0.059662
3 44.517433 4.177287 80.699059 0.405195 -0.766511 -0.498275 0.469177 0.053203
3 41.882568 4.177287 80.420937 -0.263005 -0.768530 -0.583258 0.459223 0.053203
horse_atlas.bmp
3 41.882568 4.177287 80.420937 -0.263005 -0.768530 -0.583258 0.459223 0.053203
3 40.239758 6.076941 80.247528 -0.728130 -0.210764 -0.652231 0.453017 0.059662
3 40.826073 8.445771 80.309418 -0.548460 0.526520 -0.649592 0.455232 0.067716
horse_atlas.bmp
3 40.826073 8.445771 80.309418 -0.548460 0.526520 -0.649592 0.455232 0.067716
3 43.200001 9.500000 80.559998 0.072533 0.810378 -0.581401 0.464200 0.071300
3 46.160240 6.076941 80.872475 0.868625 -0.209277 -0.449103 0.275383 0.059662
horse_atlas.bmp
3 46.160240 6.076941 80.872475 0.868625 -0.209277 -0.449103 0.275383 0.059662
3 41.882568 4.177287 80.420937 -0.263005 -0.768530 -0.583258 0.459223 0.053203
3 40.826073 8.445771 80.309418 -0.548460 0.526520 -0.649592 0.455232 0.067716
horse_atlas.bmp
3 43.372498 7.262524 90.410866 0.578802 0.457153 0.675277 0.464852 0.063693
3 43.200001 7.319000 90.440002 0.107921 0.626036 0.772290 0.464200 0.063885
3 43.027504 7.262524 90.469131 -0.338117 0.426615 0.838854 0.463548 0.063693
horse_atlas.bmp
3 43.027504 7.262524 90.469131 -0.338117 0.426615 0.838854 0.463548 0.063693
3 42.984901 7.135622 90.476326 -0.494426 -0.152682 0.855705 0.463387 0.063261
3 43.104271 7.033855 90.456169 -0.117360 -0.549779 0.827025 0.463838 0.062915
horse_atlas.bmp
3 43.104271 7.033855 90.456169 -0.117360 -0.549779 0.827025 0.463838 0.062915
3 43.295731 7.033855 90.423836 0.337806 -0.573177 0.746562 0.464562 0.062915
3 43.415100 7.135622 90.403671 0.750890 -0.166466 0.639103 0.465013 0.063261
horse_atlas.bmp
3 43.415100 7.135622 90.403671 0.750890 -0.166466 0.639103 0.465013 0.063261
3 43.372498 7.262524 90.410866 0.578802 0.457153 0.675277 0.464852 0.063693
3 43.027504 7.262524 90.469131 -0.338117 0.426615 0.838854 0.463548 0.063693
horse_atlas.bmp
3 43.027504 7.262524 90.469131 -0.338117 0.426615 0.838854 0.463548 0.063693
3 43.104271 7.033855 90.456169 -0.117360 -0.549779 0.827025 0.463838 0.062915
3 43.415100 7.135622 90.403671 0.750890 -0.166466 0.639103 0.465013 0.063261
horse_atlas.bmp
3 44.189999 5.700000 82.839996 -0.969163 0.218063 -0.114769 0.880380 0.649600
3 44.010002 5.700000 87.400002 -0.969163 0.218063 -0.114769 0.880380 0.670000
3 44.189999 7.700000 86.639999 -0.969163 0.218063 -0.114769 0.887180 0.666600
horse_atlas.bmp
3 44.189999 5.700000 82.839996 -0.969163 0.218063 -0.114769 0.880380 0.649600
3 44.189999 7.700000 86.639999 -0.969163 0.218063 -0.114769 0.887180 0.666600
3 45.000000 7.700000 82.839996 -0.969163 0.218063 -0.114769 0.887180 0.649600
horse_atlas.bmp
3 49.950001 8.500000 74.403999 0.221058 0.000000 -0.975261 0.297700 0.679900
3 50.934345 8.914590 74.679779 0.374627 0.460465 -0.804753 0.301419 0.681310
3 51.166714 8.500000 74.679779 0.535514 -0.000000 -0.844526 0.302296 0.679900
horse_atlas.bmp
3 49.950001 8.500000 74.403999 0.176560 0.219122 -0.959590 0.297700 0.679900
3 50.325985 9.170820 74.679779 0.123851 0.644738 -0.754304 0.299120 0.682181
3 50.934345 8.914590 74.679779 0.374627 0.460465 -0.804753 0.301419 0.681310
horse_atlas.bmp
3 49.950001 8.500000 74.403999 0.066069 0.347499 -0.935350 0.297700 0.679900
3 49.574013 9.170820 74.679779 -0.123852 0.644738 -0.754304 0.296280 0.682181
3 50.325985 9.170820 74.679779 0.123851 0.644738 -0.754304 0.299120 0.682181
horse_atlas.bmp
3 49.950001 8.500000 74.403999 -0.066069 0.347500 -0.935349 0.297700 0.679900
3 48.965656 8.914590 74.679779 -0.374627 0.460464 -0.804753 0.293981 0.681310
3 49.574013 9.170820 74.679779 -0.123852 0.644738 -0.754304 0.296280 0.682181
horse_atlas.bmp
3 49.950001 8.500000 74.403999 -0.176560 0.219123 -0.959589 0.297700 0.679900
3 48.733284 8.500000 74.679779 -0.535515 0.000000 -0.844525 0.293104 0.679900
3 48.965656 8.914590 74.679779 -0.374627 0.460464 -0.804753 0.293981 0.681310
horse_atlas.bmp
3 49.950001 8.500000 74.403999 -0.221057 0.000000 -0.975261 0.297700 0.679900
3 48.965656 8.085410 74.679779 -0.374627 -0.460464 -0.804753 0.293981 0.678490
3 48.733284 8.500000 74.679779 -0.535515 0.000000 -0.844525 0.293104 0.679900
horse_atlas.bmp
3 49.950001 8.500000 74.403999 -0.176560 -0.219123 -0.959589 0.297700 0.679900
3 49.574013 7.829180 74.679779 -0.123852 -0.644738 -0.754304 0.296280 0.677619
3 48.965656 8.085410 74.679779 -0.374627 -0.460464 -0.804753 0.293981 0.678490
horse_atlas.bmp
3 49.950001 8.500000 74.403999 -0.066069 -0.347500 -0.935349 0.297700 0.679900
3 50.325985 7.829180 74.679779 0.123851 -0.644738 -0.754304 0.299120 0.677619
3 49.574013 7.829180 74.679779 -0.123852 -0.644738 -0.754304 0.296280 0.677619
horse_atlas.bmp
3 49.950001 8.500000 74.403999 0.066069 -0.347499 -0.935350 0.297700 0.679900
3 50.934345 8.085410 74.679779 0.374627 -0.460465 -0.804753 0.301419 0.678490
3 50.325985 7.829180 74.679779 0.123851 -0.644738 -0.754304 0.299120 0.677619
horse_atlas.bmp
3 49.950001 8.500000 74.403999 0.176560 -0.219122 -0.959589 0.297700 0.679900
3 51.166714 8.500000 74.679779 0.535514 -0.000000 -0.844526 0.302296 0.679900
3 50.934345 8.085410 74.679779 0.374627 -0.460465 -0.804753 0.301419 0.678490
horse_atlas.bmp
3 51.166714 8.500000 74.679779 0.535514 -0.000000 -0.844526 0.337900 0.585094
3 50.934345 8.914590 74.679779 0.374627 0.460465 -0.804753 0.339310 0.585094
3 51.542702 9.170820 75.401779 0.645026 0.692645 -0.322776 0.340181 0.588324
horse_atlas.bmp
3 51.166714 8.500000 74.679779 0.535514 -0.000000 -0.844526 0.337900 0.585094
3 51.542702 9.170820 75.401779 0.645026 0.692645 -0.322776 0.340181 0.588324
3 51.918690 8.500000 75.401779 0.935325 -0.000000 -0.353790 0.337900 0.588324
horse_atlas.bmp
3 50.934345 8.914590 74.679779 0.374627 0.460465 -0.804753 0.301419 0.585094
3 50.325985 9.170820 74.679779 0.123851 0.644738 -0.754304 0.299120 0.585094
3 50.558357 9.585410 75.401779 0.198836 0.942492 -0.268650 0.299998 0.588324
horse_atlas.bmp
3 50.934345 8.914590 74.679779 0.374627 0.460465 -0.804753 0.301419 0.585094
3 50.558357 9.585410 75.401779 0.198836 0.942492 -0.268650 0.299998 0.588324
3 51.542702 9.170820 75.401779 0.645026 0.692645 -0.322776 0.303717 0.588324
horse_atlas.bmp
3 50.325985 9.170820 74.679779 0.123851 0.644738 -0.754304 0.299120 0.585094
3 49.574013 9.170820 74.679779 -0.123852 0.644738 -0.754304 0.296280 0.585094
3 49.341644 9.585410 75.401779 -0.198837 0.942492 -0.268650 0.295402 0.588324
horse_atlas.bmp
3 50.325985 9.170820 74.679779 0.123851 0.644738 -0.754304 0.299120 0.585094
3 49.341644 9.585410 75.401779 -0.198837 0.942492 -0.268650 0.295402 0.588324
3 50.558357 9.585410 75.401779 0.198836 0.942492 -0.268650 0.299998 0.588324
horse_atlas.bmp
3 49.574013 9.170820 74.679779 -0.123852 0.644738 -0.754304 0.296280 0.585094
3 48.965656 8.914590 74.679779 -0.374627 0.460464 -0.804753 0.293981 0.585094
3 48.357300 9.170820 75.401779 -0.645026 0.692645 -0.322775 0.291683 0.588324
horse_atlas.bmp
3 49.574013 9.170820 74.679779 -0.123852 0.644738 -0.754304 0.296280 0.585094
3 48.357300 9.170820 75.401779 -0.645026 0.692645 -0.322775 0.291683 0.588324
3 49.341644 9.585410 75.401779 -0.198837 0.942492 -0.268650 0.295402 0.588324
horse_atlas.bmp
3 48.965656 8.914590 74.679779 -0.374627 0.460464 -0.804753 0.339310 0.585094
3 48.733284 8.500000 74.679779 -0.535515 0.000000 -0.844525 0.337900 0.585094
3 47.981312 8.500000 75.401779 -0.935325 0.000000 -0.353790 0.337900 0.588324
horse_atlas.bmp
3 48.965656 8.914590 74.679779 -0.374627 0.460464 -0.804753 0.339310 0.585094
3 47.981312 8.500000 75.401779 -0.935325 0.000000 -0.353790 0.337900 0.588324
3 48.357300 9.170820 75.401779 -0.645026 0.692645 -0.322775 0.340181 0.588324
horse_atlas.bmp
3 48.733284 8.500000 74.679779 -0.535515 0.000000 -0.844525 0.337900 0.585094
3 48.965656 8.085410 74.679779 -0.374627 -0.460464 -0.804753 0.336490 0.585094
3 48.357300 7.829180 75.401779 -0.645026 -0.692645 -0.322775 0.335619 0.588324
horse_atlas.bmp
3 48.733284 8.500000 74.679779 -0.535515 0.000000 -0.844525 0.337900 0.585094
3 48.357300 7.829180 75.401779 -0.645026 -0.692645 -0.322775 0.335619 0.588324
3 47.981312 8.500000 75.401779 -0.935325 0.000000 -0.353790 0.337900 0.588324
horse_atlas.bmp
3 48.965656 8.085410 74.679779 -0.374627 -0.460464 -0.804753 0.293981 0.585094
3 49.574013 7.829180 74.679779 -0.123852 -0.644738 -0.754304 0.296280 0.585094
3 49.341644 7.414590 75.401779 -0.198837 -0.942492 -0.268650 0.295402 0.588324
horse_atlas.bmp
3 48.965656 8.085410 74.679779 -0.374627 -0.460464 -0.804753 0.293981 0.585094
3 49.341644 7.414590 75.401779 -0.198837 -0.942492 -0.268650 0.295402 0.588324
3 48.357300 7.829180 75.401779 -0.645026 -0.692645 -0.322775 0.291683 0.588324
horse_atlas.bmp
3 49.574013 7.829180 74.679779 -0.123852 -0.644738 -0.754304 0.296280 0.585094
3 50.325985 7.829180 74.679779 0.123851 -0.644738 -0.754304 0.299120 0.585094
3 50.558357 7.414590 75.401779 0.198836 -0.942492 -0.268650 0.299998 0.588324
horse_atlas.bmp
3 49.574013 7.829180 74.679779 -0.123852 -0.644738 -0.754304 0.296280 0.585094
3 50.558357 7.414590 75.401779 0.198836 -0.942492 -0.268650 0.299998 0.588324
3 49.341644 7.414590 75.401779 -0.198837 -0.942492 -0.268650 0.295402 0.588324
horse_atlas.bmp
3 50.325985 7.829180 74.679779 0.123851 -0.644738 -0.754304 0.299120 0.585094
3 50.934345 8.085410 74.679779 0.374627 -0.460465 -0.804753 0.301419 0.585094
3 51.542702 7.829180 75.401779 0.645026 -0.692645 -0.322775 0.303717 0.588324
horse_atlas.bmp
3 50.325985 7.829180 74.679779 0.123851 -0.644738 -0.754304 0.299120 0.585094
3 51.542702 7.829180 75.401779 0.645026 -0.692645 -0.322775 0.303717 0.588324
3 50.558357 7.414590 75.401779 0.198836 -0.942492 -0.268650 0.299998 0.588324
horse_atlas.bmp
3 50.934345 8.085410 74.679779 0.374627 -0.460465 -0.804753 0.336490 0.585094
3 51.166714 8.500000 74.679779 0.535514 -0.000000 -0.844526 0.337900 0.585094
3 51.918690 8.500000 75.401779 0.935325 -0.000000 -0.353790 0.337900 0.588324
horse_atlas.bmp
3 50.934345 8.085410 74.679779 0.374627 -0.460465 -0.804753 0.336490 0.585094
3 51.918690 8.500000 75.401779 0.935325 -0.000000 -0.353790 0.337900 0.588324
3 51.542702 7.829180 75.401779 0.645026 -0.692645 -0.322775 0.335619 0.588324
horse_atlas.bmp
3 51.918690 8.500000 75.401779 0.935325 -0.000000 -0.353790 0.337900 0.588324
3 51.542702 9.170820 75.401779 0.645026 0.692645 -0.322776 0.340181 0.588324
3 51.542702 9.170820 76.294220 0.645026 0.692645 0.322775 0.340181 0.592316
horse_atlas.bmp
3 51.918690 8.500000 75.401779 0.935325 -0.000000 -0.353790 0.337900 0.588324
3 51.542702 9.170820 76.294220 0.645026 0.692645 0.322775 0.340181 0.592316
3 51.918690 8.500000 76.294220 0.935325 0.000000 0.353789 0.337900 0.592316
horse_atlas.bmp
3 51.542702 9.170820 75.401779 0.645026 0.692645 -0.322776 0.303717 0.588324
3 50.558357 9.585410 75.401779 0.198836 0.942492 -0.268650 0.299998 0.588324
3 50.558357 9.585410 76.294220 0.198836 0.942492 0.268650 0.299998 0.592316
horse_atlas.bmp
3 51.542702 9.170820 75.401779 0.645026 0.692645 -0.322776 0.303717 0.588324
3 50.558357 9.585410 76.294220 0.198836 0.942492 0.268650 0.299998 0.592316
3 51.542702 9.170820 76.294220 0.645026 0.692645 0.322775 0.303717 0.592316
horse_atlas.bmp
3 50.558357 9.585410 75.401779 0.198836 0.942492 -0.268650 0.299998 0.588324
3 49.341644 9.585410 75.401779 -0.198837 0.942492 -0.268650 0.295402 0.588324
3 49.341644 9.585410 76.294220 -0.198836 0.942492 0.268650 0.295402 0.592316
horse_atlas.bmp
3 50.558357 9.585410 75.401779 0.198836 0.942492 -0.268650 0.299998 0.588324
3 49.341644 9.585410 76.294220 -0.198836 0.942492 0.268650 0.295402 0.592316
3 50.558357 9.585410 76.294220 0.198836 0.942492 0.268650 0.299998 0.592316
horse_atlas.bmp
3 49.341644 9.585410 75.401779 -0.198837 0.942492 -0.268650 0.295402 0.588324
3 48.357300 9.170820 75.401779 -0.645026 0.692645 -0.322775 0.291683 0.588324
3 48.357300 9.170820 76.294220 -0.645027 0.692645 0.322775 0.291683 0.592316
horse_atlas.bmp
3 49.341644 9.585410 75.401779 -0.198837 0.942492 -0.268650 0.295402 0.588324
3 48.357300 9.170820 76.294220 -0.645027 0.692645 0.322775 0.291683 0.592316
3 49.341644 9.585410 76.294220 -0.198836 0.942492 0.268650 0.295402 0.592316
horse_atlas.bmp
3 48.357300 9.170820 75.401779 -0.645026 0.692645 -0.322775 0.340181 0.588324
3 47.981312 8.500000 75.401779 -0.935325 0.000000 -0.353790 0.337900 0.588324
3 47.981312 8.500000 76.294220 -0.935325 -0.000000 0.353789 0.337900 0.592316
horse_atlas.bmp
3 48.357300 9.170820 75.401779 -0.645026 0.692645 -0.322775 0.340181 0.588324
3 47.981312 8.500000 76.294220 -0.935325 -0.000000 0.353789 0.337900 0.592316
3 48.357300 9.170820 76.294220 -0.645027 0.692645 0.322775 0.340181 0.592316
horse_atlas.bmp
3 47.981312 8.500000 75.401779 -0.935325 0.000000 -0.353790 0.337900 0.588324
3 48.357300 7.829180 75.401779 -0.645026 -0.692645 -0.322775 0.335619 0.588324
3 48.357300 7.829180 76.294220 -0.645027 -0.692645 0.322775 0.335619 0.592316
horse_atlas.bmp
3 47.981312 8.500000 75.401779 -0.935325 0.000000 -0.353790 0.337900 0.588324
3 48.357300 7.829180 76.294220 -0.645027 -0.692645 0.322775 0.335619 0.592316
3 47.981312 8.500000 76.294220 -0.935325 -0.000000 0.353789 0.337900 0.592316
horse_atlas.bmp
3 48.357300 7.829180 75.401779 -0.645026 -0.692645 -0.322775 0.291683 0.588324
3 49.341644 7.414590 75.401779 -0.198837 -0.942492 -0.268650 0.295402 0.588324
3 49.341644 7.414590 76.294220 -0.198836 -0.942492 0.268650 0.295402 0.592316
horse_atlas.bmp
3 48.357300 7.829180 75.401779 -0.645026 -0.692645 -0.322775 0.291683 0.588324
3 49.341644 7.414590 76.294220 -0.198836 -0.942492 0.268650 0.295402 0.592316
3 48.357300 7.829180 76.294220 -0.645027 -0.692645 0.322775 0.291683 0.592316
horse_atlas.bmp
3 49.341644 7.414590 75.401779 -0.198837 -0.942492 -0.268650 0.295402 0.588324
3 50.558357 7.414590 75.401779 0.198836 -0.942492 -0.268650 0.299998 0.588324
3 50.558357 7.414590 76.294220 0.198836 -0.942492 0.268650 0.299998 0.592316
horse_atlas.bmp
3 49.341644 7.414590 75.401779 -0.198837 -0.942492 -0.268650 0.295402 0.588324
3 50.558357 7.414590 76.294220 0.198836 -0.942492 0.268650 0.299998 0.592316
3 49.341644 7.414590 76.294220 -0.198836 -0.942492 0.268650 0.295402 0.592316
horse_atlas.bmp
3 50.558357 7.414590 75.401779 0.198836 -0.942492 -0.268650 0.299998 0.588324
3 51.542702 7.829180 75.401779 0.645026 -0.692645 -0.322775 0.303717 0.588324
3 51.542702 7.829180 76.294220 0.645026 -0.692645 0.322775 0.303717 0.592316
horse_atlas.bmp
3 50.558357 7.414590 75.401779 0.198836 -0.942492 -0.268650 0.299998 0.588324
3 51.542702 7.829180 76.294220 0.645026 -0.692645 0.322775 0.303717 0.592316
3 50.558357 7.414590 76.294220 0.198836 -0.942492 0.268650 0.299998 0.592316
horse_atlas.bmp
3 51.542702 7.829180 75.401779 0.645026 -0.692645 -0.322775 0.335619 0.588324
3 51.918690 8.500000 75.401779 0.935325 -0.000000 -0.353790 0.337900 0.588324
3 51.918690 8.500000 76.294220 0.935325 0.000000 0.353789 0.337900 0.592316
horse_atlas.bmp
3 51.542702 7.829180 75.401779 0.645026 -0.692645 -0.322775 0.335619 0.588324
3 51.918690 8.500000 76.294220 0.935325 0.000000 0.353789 0.337900 0.592316
3 51.542702 7.829180 76.294220 0.645026 -0.692645 0.322775 0.335619 0.592316
horse_atlas.bmp
3 51.918690 8.500000 76.294220 0.935325 0.000000 0.353789 0.337900 0.592316
3 51.542702 9.170820 76.294220 0.645026 0.692645 0.322775 0.340181 0.592316
3 50.934345 8.914590 77.016220 0.374628 0.460465 0.804752 0.339310 0.595546
horse_atlas.bmp
3 51.918690 8.500000 76.294220 0.935325 0.000000 0.353789 0.337900 0.592316
3 50.934345 8.914590 77.016220 0.374628 0.460465 0.804752 0.339310 0.595546
3 51.166714 8.500000 77.016220 0.535516 0.000000 0.844525 0.337900 0.595546
horse_atlas.bmp
3 51.542702 9.170820 76.294220 0.645026 0.692645 0.322775 0.303717 0.592316
3 50.558357 9.585410 76.294220 0.198836 0.942492 0.268650 0.299998 0.592316
3 50.325985 9.170820 77.016220 0.123852 0.644738 0.754304 0.299120 0.595546
horse_atlas.bmp
3 51.542702 9.170820 76.294220 0.645026 0.692645 0.322775 0.303717 0.592316
3 50.325985 9.170820 77.016220 0.123852 0.644738 0.754304 0.299120 0.595546
3 50.934345 8.914590 77.016220 0.374628 0.460465 0.804752 0.301419 0.595546
horse_atlas.bmp
3 50.558357 9.585410 76.294220 0.198836 0.942492 0.268650 0.299998 0.592316
3 49.341644 9.585410 76.294220 -0.198836 0.942492 0.268650 0.295402 0.592316
3 49.574013 9.170820 77.016220 -0.123855 0.644738 0.754303 0.296280 0.595546
horse_atlas.bmp
3 50.558357 9.585410 76.294220 0.198836 0.942492 0.268650 0.299998 0.592316
3 49.574013 9.170820 77.016220 -0.123855 0.644738 0.754303 0.296280 0.595546
3 50.325985 9.170820 77.016220 0.123852 0.644738 0.754304 0.299120 0.595546
horse_atlas.bmp
3 49.341644 9.585410 76.294220 -0.198836 0.942492 0.268650 0.295402 0.592316
3 48.357300 9.170820 76.294220 -0.645027 0.692645 0.322775 0.291683 0.592316
3 48.965656 8.914590 77.016220 -0.374629 0.460464 0.804752 0.293981 0.595546
horse_atlas.bmp
3 49.341644 9.585410 76.294220 -0.198836 0.942492 0.268650 0.295402 0.592316
3 48.965656 8.914590 77.016220 -0.374629 0.460464 0.804752 0.293981 0.595546
3 49.574013 9.170820 77.016220 -0.123855 0.644738 0.754303 0.296280 0.595546
horse_atlas.bmp
3 48.357300 9.170820 76.294220 -0.645027 0.692645 0.322775 0.340181 0.592316
3 47.981312 8.500000 76.294220 -0.935325 -0.000000 0.353789 0.337900 0.592316
3 48.733284 8.500000 77.016220 -0.535517 -0.000000 0.844524 0.337900 0.595546
horse_atlas.bmp
3 48.357300 9.170820 76.294220 -0.645027 0.692645 0.322775 0.340181 0.592316
3 48.733284 8.500000 77.016220 -0.535517 -0.000000 0.844524 0.337900 0.595546
3 48.965656 8.914590 77.016220 -0.374629 0.460464 0.804752 0.339310 0.595546
horse_atlas.bmp
3 47.981312 8.500000 76.294220 -0.935325 -0.000000 0.353789 0.337900 0.592316
3 48.357300 7.829180 76.294220 -0.645027 -0.692645 0.322775 0.335619 0.592316
3 48.965656 8.085410 77.016220 -0.374628 -0.460464 0.804753 0.336490 0.595546
horse_atlas.bmp
3 47.981312 8.500000 76.294220 -0.935325 -0.000000 0.353789 0.337900 0.592316
3 48.965656 8.085410 77.016220 -0.374628 -0.460464 0.804753 0.336490 0.595546
3 48.733284 8.500000 77.016220 -0.535517 -0.000000 0.844524 0.337900 0.595546
horse_atlas.bmp
3 48.357300 7.829180 76.294220 -0.645027 -0.692645 0.322775 0.291683 0.592316
3 49.341644 7.414590 76.294220 -0.198836 -0.942492 0.268650 0.295402 0.592316
3 49.574013 7.829180 77.016220 -0.123853 -0.644737 0.754304 0.296280 0.595546
horse_atlas.bmp
3 48.357300 7.829180 76.294220 -0.645027 -0.692645 0.322775 0.291683 0.592316
3 49.574013 7.829180 77.016220 -0.123853 -0.644737 0.754304 0.296280 0.595546
3 48.965656 8.085410 77.016220 -0.374628 -0.460464 0.804753 0.293981 0.595546
horse_atlas.bmp
3 49.341644 7.414590 76.294220 -0.198836 -0.942492 0.268650 0.295402 0.592316
3 50.558357 7.414590 76.294220 0.198836 -0.942492 0.268650 0.299998 0.592316
3 50.325985 7.829180 77.016220 0.123854 -0.644737 0.754303 0.299120 0.595546
horse_atlas.bmp
3 49.341644 7.414590 76.294220 -0.198836 -0.942492 0.268650 0.295402 0.592316
3 50.325985 7.829180 77.016220 0.123854 -0.644737 0.754303 0.299120 0.595546
3 49.574013 7.829180 77.016220 -0.123853 -0.644737 0.754304 0.296280 0.595546
horse_atlas.bmp
3 50.558357 7.414590 76.294220 0.198836 -0.942492 0.268650 0.299998 0.592316
3 51.542702 7.829180 76.294220 0.645026 -0.692645 0.322775 0.303717 0.592316
3 50.934345 8.085410 77.016220 0.374629 -0.460465 0.804752 0.301419 0.595546
horse_atlas.bmp
3 50.558357 7.414590 76.294220 0.198836 -0.942492 0.268650 0.299998 0.592316
3 50.934345 8.085410 77.016220 0.374629 -0.460465 0.804752 0.301419 0.595546
3 50.325985 7.829180 77.016220 0.123854 -0.644737 0.754303 0.299120 0.595546
horse_atlas.bmp
3 51.542702 7.829180 76.294220 0.645026 -0.692645 0.322775 0.335619 0.592316
3 51.918690 8.500000 76.294220 0.935325 0.000000 0.353789 0.337900 0.592316
3 51.166714 8.500000 77.016220 0.535516 0.000000 0.844525 0.337900 0.595546
horse_atlas.bmp
3 51.542702 7.829180 76.294220 0.645026 -0.692645 0.322775 0.335619 0.592316
3 51.166714 8.500000 77.016220 0.535516 0.000000 0.844525 0.337900 0.595546
3 50.934345 8.085410 77.016220 0.374629 -0.460465 0.804752 0.336490 0.595546
horse_atlas.bmp
3 51.166714 8.500000 77.016220 0.535516 0.000000 0.844525 0.302296 0.679900
3 50.934345 8.914590 77.016220 0.374628 0.460465 0.804752 0.301419 0.681310
3 49.950001 8.500000 77.292000 0.176564 0.219122 0.959589 0.297700 0.679900
horse_atlas.bmp
3 50.934345 8.914590 77.016220 0.374628 0.460465 0.804752 0.301419 0.681310
3 50.325985 9.170820 77.016220 0.123852 0.644738 0.754304 0.299120 0.682181
3 49.950001 8.500000 77.292000 0.066073 0.347499 0.935350 0.297700 0.679900
horse_atlas.bmp
3 50.325985 9.170820 77.016220 0.123852 0.644738 0.754304 0.299120 0.682181
3 49.574013 9.170820 77.016220 -0.123855 0.644738 0.754303 0.296280 0.682181
3 49.950001 8.500000 77.292000 -0.066076 0.347500 0.935349 0.297700 0.679900
horse_atlas.bmp
3 49.574013 9.170820 77.016220 -0.123855 0.644738 0.754303 0.296280 0.682181
3 48.965656 8.914590 77.016220 -0.374629 0.460464 0.804752 0.293981 0.681310
3 49.950001 8.500000 77.292000 -0.176567 0.219122 0.959588 0.297700 0.679900
horse_atlas.bmp
3 48.965656 8.914590 77.016220 -0.374629 0.460464 0.804752 0.293981 0.681310
3 48.733284 8.500000 77.016220 -0.535517 -0.000000 0.844524 0.293104 0.679900
3 49.950001 8.500000 77.292000 -0.221057 0.000000 0.975261 0.297700 0.679900
horse_atlas.bmp
3 48.733284 8.500000 77.016220 -0.535517 -0.000000 0.844524 0.293104 0.679900
3 48.965656 8.085410 77.016220 -0.374628 -0.460464 0.804753 0.293981 0.678490
3 49.950001 8.500000 77.292000 -0.176564 -0.219122 0.959589 0.297700 0.679900
horse_atlas.bmp
3 48.965656 8.085410 77.016220 -0.374628 -0.460464 0.804753 0.293981 0.678490
3 49.574013 7.829180 77.016220 -0.123853 -0.644737 0.754304 0.296280 0.677619
3 49.950001 8.500000 77.292000 -0.066073 -0.347500 0.935349 0.297700 0.679900
horse_atlas.bmp
3 49.574013 7.829180 77.016220 -0.123853 -0.644737 0.754304 0.296280 0.677619
3 50.325985 7.829180 77.016220 0.123854 -0.644737 0.754303 0.299120 0.677619
3 49.950001 8.500000 77.292000 0.066076 -0.347499 0.935349 0.297700 0.679900
horse_atlas.bmp
3 50.325985 7.829180 77.016220 0.123854 -0.644737 0.754303 0.299120 0.677619
3 50.934345 8.085410 77.016220 0.374629 -0.460465 0.804752 0.301419 0.678490
3 49.950001 8.500000 77.292000 0.176567 -0.219122 0.959588 0.297700 0.679900
horse_atlas.bmp
3 50.934345 8.085410 77.016220 0.374629 -0.460465 0.804752 0.301419 0.678490
3 51.166714 8.500000 77.016220 0.535516 0.000000 0.844525 0.302296 0.679900
3 49.950001 8.500000 77.292000 0.221058 0.000000 0.975261 0.297700 0.679900
horse_atlas.bmp
3 50.489998 9.550000 76.038002 0.438248 -0.000002 -0.898854 0.575740 0.697470
3 50.645885 9.685000 76.190002 0.341837 0.851695 -0.397194 0.576329 0.697929
3 50.801769 9.550000 76.190002 0.898262 -0.000001 -0.439461 0.576918 0.697470
horse_atlas.bmp
3 50.489998 9.550000 76.038002 0.202191 0.620054 -0.758058 0.575740 0.605170
3 50.334118 9.685000 76.190002 -0.341831 0.851699 -0.397190 0.575151 0.605850
3 50.645885 9.685000 76.190002 0.341837 0.851695 -0.397194 0.576329 0.605850
horse_atlas.bmp
3 50.489998 9.550000 76.038002 -0.202194 0.620057 -0.758055 0.575740 0.697470
3 50.178230 9.550000 76.190002 -0.898261 0.000000 -0.439462 0.574562 0.697470
3 50.334118 9.685000 76.190002 -0.341831 0.851699 -0.397190 0.575151 0.697929
horse_atlas.bmp
3 50.489998 9.550000 76.038002 -0.438253 0.000001 -0.898852 0.575740 0.697470
3 50.334118 9.415000 76.190002 -0.341831 -0.851699 -0.397191 0.575151 0.697011
3 50.178230 9.550000 76.190002 -0.898261 0.000000 -0.439462 0.574562 0.697470
horse_atlas.bmp
3 50.489998 9.550000 76.038002 -0.202193 -0.620056 -0.758056 0.575740 0.605170
3 50.645885 9.415000 76.190002 0.341837 -0.851696 -0.397192 0.576329 0.605850
3 50.334118 9.415000 76.190002 -0.341831 -0.851699 -0.397191 0.575151 0.605850
horse_atlas.bmp
3 50.489998 9.550000 76.038002 0.202192 -0.620055 -0.758056 0.575740 0.697470
3 50.801769 9.550000 76.190002 0.898262 -0.000001 -0.439461 0.576918 0.697470
3 50.645885 9.415000 76.190002 0.341837 -0.851696 -0.397192 0.576329 0.697011
horse_atlas.bmp
3 50.801769 9.550000 76.190002 0.898262 -0.000001 -0.439461 0.576918 0.605850
3 50.645885 9.685000 76.190002 0.341837 0.851695 -0.397194 0.576329 0.605850
3 50.645885 9.685000 76.494003 0.341830 0.851693 0.397205 0.576329 0.607210
horse_atlas.bmp
3 50.801769 9.550000 76.190002 0.898262 -0.000001 -0.439461 0.576918 0.605850
3 50.645885 9.685000 76.494003 0.341830 0.851693 0.397205 0.576329 0.607210
3 50.801769 9.550000 76.494003 0.898256 -0.000001 0.439472 0.576918 0.607210
horse_atlas.bmp
3 50.645885 9.685000 76.190002 0.341837 0.851695 -0.397194 0.576329 0.605850
3 50.334118 9.685000 76.190002 -0.341831 0.851699 -0.397190 0.575151 0.605850
3 50.334118 9.685000 76.494003 -0.341824 0.851696 0.397202 0.575151 0.607210
horse_atlas.bmp
3 50.645885 9.685000 76.190002 0.341837 0.851695 -0.397194 0.576329 0.605850
3 50.334118 9.685000 76.494003 -0.341824 0.851696 0.397202 0.575151 0.607210
3 50.645885 9.685000 76.494003 0.341830 0.851693 0.397205 0.576329 0.607210
horse_atlas.bmp
3 50.334118 9.685000 76.190002 -0.341831 0.851699 -0.397190 0.575151 0.605850
3 50.178230 9.550000 76.190002 -0.898261 0.000000 -0.439462 0.574562 0.605850
3 50.178230 9.550000 76.494003 -0.898256 0.000000 0.439473 0.574562 0.607210
horse_atlas.bmp
3 50.334118 9.685000 76.190002 -0.341831 0.851699 -0.397190 0.575151 0.605850
3 50.178230 9.550000 76.494003 -0.898256 0.000000 0.439473 0.574562 0.607210
3 50.334118 9.685000 76.494003 -0.341824 0.851696 0.397202 0.575151 0.607210
horse_atlas.bmp
3 50.178230 9.550000 76.190002 -0.898261 0.000000 -0.439462 0.574562 0.605850
3 50.334118 9.415000 76.190002 -0.341831 -0.851699 -0.397191 0.575151 0.605850
3 50.334118 9.415000 76.494003 -0.341824 -0.851696 0.397203 0.575151 0.607210
horse_atlas.bmp
3 50.178230 9.550000 76.190002 -0.898261 0.000000 -0.439462 0.574562 0.605850
3 50.334118 9.415000 76.494003 -0.341824 -0.851696 0.397203 0.575151 0.607210
3 50.178230 9.550000 76.494003 -0.898256 0.000000 0.439473 0.574562 0.607210
horse_atlas.bmp
3 50.334118 9.415000 76.190002 -0.341831 -0.851699 -0.397191 0.575151 0.605850
3 50.645885 9.415000 76.190002 0.341837 -0.851696 -0.397192 0.576329 0.605850
3 50.645885 9.415000 76.494003 0.341831 -0.851693 0.397204 0.576329 0.607210
horse_atlas.bmp
3 50.334118 9.415000 76.190002 -0.341831 -0.851699 -0.397191 0.575151 0.605850
3 50.645885 9.415000 76.494003 0.341831 -0.851693 0.397204 0.576329 0.607210
3 50.334118 9.415000 76.494003 -0.341824 -0.851696 0.397203 0.575151 0.607210
horse_atlas.bmp
3 50.645885 9.415000 76.190002 0.341837 -0.851696 -0.397192 0.576329 0.605850
3 50.801769 9.550000 76.190002 0.898262 -0.000001 -0.439461 0.576918 0.605850
3 50.801769 9.550000 76.494003 0.898256 -0.000001 0.439472 0.576918 0.607210
horse_atlas.bmp
3 50.645885 9.415000 76.190002 0.341837 -0.851696 -0.397192 0.576329 0.605850
3 50.801769 9.550000 76.494003 0.898256 -0.000001 0.439472 0.576918 0.607210
3 50.645885 9.415000 76.494003 0.341831 -0.851693 0.397204 0.576329 0.607210
horse_atlas.bmp
3 50.801769 9.550000 76.494003 0.898256 -0.000001 0.439472 0.576918 0.697470
3 50.645885 9.685000 76.494003 0.341830 0.851693 0.397205 0.576329 0.697929
3 50.489998 9.550000 76.645996 0.202176 0.620037 0.758076 0.575740 0.697470
horse_atlas.bmp
3 50.645885 9.685000 76.494003 0.341830 0.851693 0.397205 0.576329 0.607210
3 50.334118 9.685000 76.494003 -0.341824 0.851696 0.397202 0.575151 0.607210
3 50.489998 9.550000 76.645996 -0.202179 0.620040 0.758073 0.575740 0.607890
horse_atlas.bmp
3 50.334118 9.685000 76.494003 -0.341824 0.851696 0.397202 0.575151 0.697929
3 50.178230 9.550000 76.494003 -0.898256 0.000000 0.439473 0.574562 0.697470
3 50.489998 9.550000 76.645996 -0.438220 0.000001 0.898867 0.575740 0.697470
horse_atlas.bmp
3 50.178230 9.550000 76.494003 -0.898256 0.000000 0.439473 0.574562 0.697470
3 50.334118 9.415000 76.494003 -0.341824 -0.851696 0.397203 0.575151 0.697011
3 50.489998 9.550000 76.645996 -0.202178 -0.620038 0.758074 0.575740 0.697470
horse_atlas.bmp
3 50.334118 9.415000 76.494003 -0.341824 -0.851696 0.397203 0.575151 0.607210
3 50.645885 9.415000 76.494003 0.341831 -0.851693 0.397204 0.576329 0.607210
3 50.489998 9.550000 76.645996 0.202177 -0.620037 0.758075 0.575740 0.607890
horse_atlas.bmp
3 50.645885 9.415000 76.494003 0.341831 -0.851693 0.397204 0.576329 0.697011
3 50.801769 9.550000 76.494003 0.898256 -0.000001 0.439472 0.576918 0.697470
3 50.489998 9.550000 76.645996 0.438215 -0.000002 0.898870 0.575740 0.697470
horse_atlas.bmp
3 72.900002 5.200000 63.840000 0.209035 -0.000002 -0.977908 0.384400 0.668680
3 73.709999 5.375000 64.084862 0.218030 0.772773 -0.596057 0.387460 0.669275
3 74.045509 5.200000 64.084862 0.646280 -0.000002 -0.763101 0.388727 0.668680
horse_atlas.bmp
3 72.900002 5.200000 63.840000 0.131162 0.548427 -0.825848 0.384400 0.536600
3 72.900002 5.447487 64.084862 0.000001 0.890024 -0.455913 0.384400 0.537695
3 73.709999 5.375000 64.084862 0.218030 0.772773 -0.596057 0.387460 0.537695
horse_atlas.bmp
3 72.900002 5.200000 63.840000 0.000001 0.703329 -0.710865 0.384400 0.536600
3 72.089996 5.375000 64.084862 -0.218032 0.772772 -0.596058 0.381340 0.537695
3 72.900002 5.447487 64.084862 0.000001 0.890024 -0.455913 0.384400 0.537695
horse_atlas.bmp
3 72.900002 5.200000 63.840000 -0.131161 0.548428 -0.825847 0.384400 0.668680
3 71.754486 5.200000 64.084862 -0.646284 -0.000002 -0.763097 0.380073 0.668680
3 72.089996 5.375000 64.084862 -0.218032 0.772772 -0.596058 0.381340 0.669275
horse_atlas.bmp
3 72.900002 5.200000 63.840000 -0.209034 -0.000000 -0.977908 0.384400 0.668680
3 72.089996 5.025000 64.084862 -0.218031 -0.772773 -0.596057 0.381340 0.668085
3 71.754486 5.200000 64.084862 -0.646284 -0.000002 -0.763097 0.380073 0.668680
horse_atlas.bmp
3 72.900002 5.200000 63.840000 -0.131162 -0.548427 -0.825848 0.384400 0.536600
3 72.900002 4.952513 64.084862 0.000000 -0.890024 -0.455914 0.384400 0.537695
3 72.089996 5.025000 64.084862 -0.218031 -0.772773 -0.596057 0.381340 0.537695
horse_atlas.bmp
3 72.900002 5.200000 63.840000 0.000000 -0.703326 -0.710867 0.384400 0.536600
3 73.709999 5.025000 64.084862 0.218030 -0.772774 -0.596056 0.387460 0.537695
3 72.900002 4.952513 64.084862 0.000000 -0.890024 -0.455914 0.384400 0.537695
horse_atlas.bmp
3 72.900002 5.200000 63.840000 0.131163 -0.548426 -0.825848 0.384400 0.668680
3 74.045509 5.200000 64.084862 0.646280 -0.000002 -0.763101 0.388727 0.668680
3 73.709999 5.025000 64.084862 0.218030 -0.772774 -0.596056 0.387460 0.668085
horse_atlas.bmp
3 74.045509 5.200000 64.084862 0.646280 -0.000002 -0.763101 0.388727 0.537695
3 73.709999 5.375000 64.084862 0.218030 0.772773 -0.596057 0.387460 0.537695
3 74.045509 5.447487 64.676003 0.332473 0.943113 0.000000 0.388727 0.540340
horse_atlas.bmp
3 74.045509 5.200000 64.084862 0.646280 -0.000002 -0.763101 0.388727 0.537695
3 74.045509 5.447487 64.676003 0.332473 0.943113 0.000000 0.388727 0.540340
3 74.520004 5.200000 64.676003 1.000000 -0.000000 0.000000 0.390520 0.540340
horse_atlas.bmp
3 73.709999 5.375000 64.084862 0.218030 0.772773 -0.596057 0.387460 0.537695
3 72.900002 5.447487 64.084862 0.000001 0.890024 -0.455913 0.384400 0.537695
3 72.900002 5.550000 64.676003 0.000001 1.000000 0.000000 0.384400 0.540340
horse_atlas.bmp
3 73.709999 5.375000 64.084862 0.218030 0.772773 -0.596057 0.387460 0.537695
3 72.900002 5.550000 64.676003 0.000001 1.000000 0.000000 0.384400 0.540340
3 74.045509 5.447487 64.676003 0.332473 0.943113 0.000000 0.388727 0.540340
horse_atlas.bmp
3 72.900002 5.447487 64.084862 0.000001 0.890024 -0.455913 0.384400 0.537695
3 72.089996 5.375000 64.084862 -0.218032 0.772772 -0.596058 0.381340 0.537695
3 71.754486 5.447487 64.676003 -0.332480 0.943110 0.000000 0.380073 0.540340
horse_atlas.bmp
3 72.900002 5.447487 64.084862 0.000001 0.890024 -0.455913 0.384400 0.537695
3 71.754486 5.447487 64.676003 -0.332480 0.943110 0.000000 0.380073 0.540340
3 72.900002 5.550000 64.676003 0.000001 1.000000 0.000000 0.384400 0.540340
horse_atlas.bmp
3 72.089996 5.375000 64.084862 -0.218032 0.772772 -0.596058 0.381340 0.537695
3 71.754486 5.200000 64.084862 -0.646284 -0.000002 -0.763097 0.380073 0.537695
3 71.279999 5.200000 64.676003 -1.000000 -0.000001 0.000000 0.378280 0.540340
horse_atlas.bmp
3 72.089996 5.375000 64.084862 -0.218032 0.772772 -0.596058 0.381340 0.537695
3 71.279999 5.200000 64.676003 -1.000000 -0.000001 0.000000 0.378280 0.540340
3 71.754486 5.447487 64.676003 -0.332480 0.943110 0.000000 0.380073 0.540340
horse_atlas.bmp
3 71.754486 5.200000 64.084862 -0.646284 -0.000002 -0.763097 0.380073 0.537695
3 72.089996 5.025000 64.084862 -0.218031 -0.772773 -0.596057 0.381340 0.537695
3 71.754486 4.952513 64.676003 -0.332479 -0.943110 -0.000000 0.380073 0.540340
horse_atlas.bmp
3 71.754486 5.200000 64.084862 -0.646284 -0.000002 -0.763097 0.380073 0.537695
3 71.754486 4.952513 64.676003 -0.332479 -0.943110 -0.000000 0.380073 0.540340
3 71.279999 5.200000 64.676003 -1.000000 -0.000001 0.000000 0.378280 0.540340
horse_atlas.bmp
3 72.089996 5.025000 64.084862 -0.218031 -0.772773 -0.596057 0.381340 0.537695
3 72.900002 4.952513 64.084862 0.000000 -0.890024 -0.455914 0.384400 0.537695
3 72.900002 4.850000 64.676003 0.000000 -1.000000 0.000000 0.384400 0.540340
horse_atlas.bmp
3 72.089996 5.025000 64.084862 -0.218031 -0.772773 -0.596057 0.381340 0.537695
3 72.900002 4.850000 64.676003 0.000000 -1.000000 0.000000 0.384400 0.540340
3 71.754486 4.952513 64.676003 -0.332479 -0.943110 -0.000000 0.380073 0.540340
horse_atlas.bmp
3 72.900002 4.952513 64.084862 0.000000 -0.890024 -0.455914 0.384400 0.537695
3 73.709999 5.025000 64.084862 0.218030 -0.772774 -0.596056 0.387460 0.537695
3 74.045509 4.952513 64.676003 0.332472 -0.943113 -0.000000 0.388727 0.540340
horse_atlas.bmp
3 72.900002 4.952513 64.084862 0.000000 -0.890024 -0.455914 0.384400 0.537695
3 74.045509 4.952513 64.676003 0.332472 -0.943113 -0.000000 0.388727 0.540340
3 72.900002 4.850000 64.676003 0.000000 -1.000000 0.000000 0.384400 0.540340
horse_atlas.bmp
3 73.709999 5.025000 64.084862 0.218030 -0.772774 -0.596056 0.387460 0.537695
3 74.045509 5.200000 64.084862 0.646280 -0.000002 -0.763101 0.388727 0.537695
3 74.520004 5.200000 64.676003 1.000000 -0.000000 0.000000 0.390520 0.540340
horse_atlas.bmp
3 73.709999 5.025000 64.084862 0.218030 -0.772774 -0.596056 0.387460 0.537695
3 74.520004 5.200000 64.676003 1.000000 -0.000000 0.000000 0.390520 0.540340
3 74.045509 4.952513 64.676003 0.332472 -0.943113 -0.000000 0.388727 0.540340
horse_atlas.bmp
3 74.520004 5.200000 64.676003 1.000000 -0.000000 0.000000 0.390520 0.540340
3 74.045509 5.447487 64.676003 0.332473 0.943113 0.000000 0.388727 0.540340
3 73.709999 5.375000 65.267143 0.218031 0.772769 0.596063 0.387460 0.542985
horse_atlas.bmp
3 74.520004 5.200000 64.676003 1.000000 -0.000000 0.000000 0.390520 0.540340
3 73.709999 5.375000 65.267143 0.218031 0.772769 0.596063 0.387460 0.542985
3 74.045509 5.200000 65.267143 0.646278 0.000000 0.763102 0.388727 0.542985
horse_atlas.bmp
3 74.045509 5.447487 64.676003 0.332473 0.943113 0.000000 0.388727 0.540340
3 72.900002 5.550000 64.676003 0.000001 1.000000 0.000000 0.384400 0.540340
3 72.900002 5.447487 65.267143 0.000001 0.890023 0.455916 0.384400 0.542985
horse_atlas.bmp
3 74.045509 5.447487 64.676003 0.332473 0.943113 0.000000 0.388727 0.540340
3 72.900002 5.447487 65.267143 0.000001 0.890023 0.455916 0.384400 0.542985
3 73.709999 5.375000 65.267143 0.218031 0.772769 0.596063 0.387460 0.542985
horse_atlas.bmp
3 72.900002 5.550000 64.676003 0.000001 1.000000 0.000000 0.384400 0.540340
3 71.754486 5.447487 64.676003 -0.332480 0.943110 0.000000 0.380073 0.540340
3 72.089996 5.375000 65.267143 -0.218033 0.772768 0.596063 0.381340 0.542985
horse_atlas.bmp
3 72.900002 5.550000 64.676003 0.000001 1.000000 0.000000 0.384400 0.540340
3 72.089996 5.375000 65.267143 -0.218033 0.772768 0.596063 0.381340 0.542985
3 72.900002 5.447487 65.267143 0.000001 0.890023 0.455916 0.384400 0.542985
horse_atlas.bmp
3 71.754486 5.447487 64.676003 -0.332480 0.943110 0.000000 0.380073 0.540340
3 71.279999 5.200000 64.676003 -1.000000 -0.000001 0.000000 0.378280 0.540340
3 71.754486 5.200000 65.267143 -0.646283 0.000001 0.763098 0.380073 0.542985
horse_atlas.bmp
3 71.754486 5.447487 64.676003 -0.332480 0.943110 0.000000 0.380073 0.540340
3 71.754486 5.200000 65.267143 -0.646283 0.000001 0.763098 0.380073 0.542985
3 72.089996 5.375000 65.267143 -0.218033 0.772768 0.596063 0.381340 0.542985
horse_atlas.bmp
3 71.279999 5.200000 64.676003 -1.000000 -0.000001 0.000000 0.378280 0.540340
3 71.754486 4.952513 64.676003 -0.332479 -0.943110 -0.000000 0.380073 0.540340
3 72.089996 5.025000 65.267143 -0.218034 -0.772769 0.596062 0.381340 0.542985
horse_atlas.bmp
3 71.279999 5.200000 64.676003 -1.000000 -0.000001 0.000000 0.378280 0.540340
3 72.089996 5.025000 65.267143 -0.218034 -0.772769 0.596062 0.381340 0.542985
3 71.754486 5.200000 65.267143 -0.646283 0.000001 0.763098 0.380073 0.542985
horse_atlas.bmp
3 71.754486 4.952513 64.676003 -0.332479 -0.943110 -0.000000 0.380073 0.540340
3 72.900002 4.850000 64.676003 0.000000 -1.000000 0.000000 0.384400 0.540340
3 72.900002 4.952513 65.267143 -0.000001 -0.890023 0.455916 0.384400 0.542985
horse_atlas.bmp
3 71.754486 4.952513 64.676003 -0.332479 -0.943110 -0.000000 0.380073 0.540340
3 72.900002 4.952513 65.267143 -0.000001 -0.890023 0.455916 0.384400 0.542985
3 72.089996 5.025000 65.267143 -0.218034 -0.772769 0.596062 0.381340 0.542985
horse_atlas.bmp
3 72.900002 4.850000 64.676003 0.000000 -1.000000 0.000000 0.384400 0.540340
3 74.045509 4.952513 64.676003 0.332472 -0.943113 -0.000000 0.388727 0.540340
3 73.709999 5.025000 65.267143 0.218032 -0.772770 0.596061 0.387460 0.542985
horse_atlas.bmp
3 72.900002 4.850000 64.676003 0.000000 -1.000000 0.000000 0.384400 0.540340
3 73.709999 5.025000 65.267143 0.218032 -0.772770 0.596061 0.387460 0.542985
3 72.900002 4.952513 65.267143 -0.000001 -0.890023 0.455916 0.384400 0.542985
horse_atlas.bmp
3 74.045509 4.952513 64.676003 0.332472 -0.943113 -0.000000 0.388727 0.540340
3 74.520004 5.200000 64.676003 1.000000 -0.000000 0.000000 0.390520 0.540340
3 74.045509 5.200000 65.267143 0.646278 0.000000 0.763102 0.388727 0.542985
horse_atlas.bmp
3 74.045509 4.952513 64.676003 0.332472 -0.943113 -0.000000 0.388727 0.540340
3 74.045509 5.200000 65.267143 0.646278 0.000000 0.763102 0.388727 0.542985
3 73.709999 5.025000 65.267143 0.218032 -0.772770 0.596061 0.387460 0.542985
horse_atlas.bmp
3 74.045509 5.200000 65.267143 0.646278 0.000000 0.763102 0.388727 0.668680
3 73.709999 5.375000 65.267143 0.218031 0.772769 0.596063 0.387460 0.669275
3 72.900002 5.200000 65.512001 0.131166 0.548415 0.825855 0.384400 0.668680
horse_atlas.bmp
3 73.709999 5.375000 65.267143 0.218031 0.772769 0.596063 0.387460 0.542985
3 72.900002 5.447487 65.267143 0.000001 0.890023 0.455916 0.384400 0.542985
3 72.900002 5.200000 65.512001 0.000001 0.703325 0.710868 0.384400 0.544080
horse_atlas.bmp
3 72.900002 5.447487 65.267143 0.000001 0.890023 0.455916 0.384400 0.542985
3 72.089996 5.375000 65.267143 -0.218033 0.772768 0.596063 0.381340 0.542985
3 72.900002 5.200000 65.512001 -0.131166 0.548421 0.825851 0.384400 0.544080
horse_atlas.bmp
3 72.089996 5.375000 65.267143 -0.218033 0.772768 0.596063 0.381340 0.669275
3 71.754486 5.200000 65.267143 -0.646283 0.000001 0.763098 0.380073 0.668680
3 72.900002 5.200000 65.512001 -0.209034 0.000000 0.977908 0.384400 0.668680
horse_atlas.bmp
3 71.754486 5.200000 65.267143 -0.646283 0.000001 0.763098 0.380073 0.668680
3 72.089996 5.025000 65.267143 -0.218034 -0.772769 0.596062 0.381340 0.668085
3 72.900002 5.200000 65.512001 -0.131166 -0.548420 0.825852 0.384400 0.668680
horse_atlas.bmp
3 72.089996 5.025000 65.267143 -0.218034 -0.772769 0.596062 0.381340 0.542985
3 72.900002 4.952513 65.267143 -0.000001 -0.890023 0.455916 0.384400 0.542985
3 72.900002 5.200000 65.512001 -0.000003 -0.703323 0.710871 0.384400 0.544080
horse_atlas.bmp
3 72.900002 4.952513 65.267143 -0.000001 -0.890023 0.455916 0.384400 0.542985
3 73.709999 5.025000 65.267143 0.218032 -0.772770 0.596061 0.387460 0.542985
3 72.900002 5.200000 65.512001 0.131164 -0.548416 0.825855 0.384400 0.544080
horse_atlas.bmp
3 73.709999 5.025000 65.267143 0.218032 -0.772770 0.596061 0.387460 0.668085
3 74.045509 5.200000 65.267143 0.646278 0.000000 0.763102 0.388727 0.668680
3 72.900002 5.200000 65.512001 0.209035 -0.000002 0.977908 0.384400 0.668680
horse_atlas.bmp
3 69.750000 -5.500000 67.639999 -0.606426 -0.795130 -0.003926 0.386300 0.447600
3 70.060944 -5.026832 67.604042 -0.997377 0.041450 -0.059336 0.387909 0.447439
3 70.642746 -6.089443 63.840000 0.164048 -0.956939 -0.239492 0.384296 0.430600
horse_atlas.bmp
3 70.060944 -5.026832 67.604042 -0.997377 0.041450 -0.059336 0.387909 0.447439
3 70.270836 -6.430866 63.656715 -0.624119 -0.333872 -0.706402 0.383135 0.429780
3 70.642746 -6.089443 63.840000 0.164048 -0.956939 -0.239492 0.384296 0.430600
horse_atlas.bmp
3 70.060944 -5.026832 67.604042 -0.997377 0.041450 -0.059336 0.387909 0.447439
3 70.564056 -5.207566 67.617775 0.067661 0.927344 -0.368042 0.387294 0.447501
3 70.270836 -6.430866 63.656715 -0.624119 -0.333872 -0.706402 0.383135 0.429780
horse_atlas.bmp
3 70.564056 -5.207566 67.617775 0.067661 0.927344 -0.368042 0.387294 0.447501
3 69.801041 -6.176847 63.726723 -0.732453 0.138728 -0.666533 0.383999 0.430093
3 70.270836 -6.430866 63.656715 -0.624119 -0.333872 -0.706402 0.383135 0.429780
horse_atlas.bmp
3 70.564056 -5.207566 67.617775 0.067661 0.927344 -0.368042 0.387294 0.447501
3 70.564056 -5.792434 67.662224 0.976147 0.177598 -0.124883 0.385306 0.447699
3 69.801041 -6.176847 63.726723 -0.732453 0.138728 -0.666533 0.383999 0.430093
horse_atlas.bmp
3 70.564056 -5.792434 67.662224 0.976147 0.177598 -0.124883 0.385306 0.447699
3 69.882591 -5.678432 63.953278 0.346921 0.858569 0.377499 0.385693 0.431107
3 69.801041 -6.176847 63.726723 -0.732453 0.138728 -0.666533 0.383999 0.430093
horse_atlas.bmp
3 70.564056 -5.792434 67.662224 0.976147 0.177598 -0.124883 0.385306 0.447699
3 70.060944 -5.973168 67.675964 0.677575 -0.735063 -0.023966 0.384691 0.447761
3 69.882591 -5.678432 63.953278 0.346921 0.858569 0.377499 0.385693 0.431107
horse_atlas.bmp
3 70.060944 -5.973168 67.675964 0.677575 -0.735063 -0.023966 0.384691 0.447761
3 70.402794 -5.624413 64.023285 0.701685 -0.086763 0.707185 0.385877 0.431420
3 69.882591 -5.678432 63.953278 0.346921 0.858569 0.377499 0.385693 0.431107
horse_atlas.bmp
3 70.060944 -5.973168 67.675964 0.677575 -0.735063 -0.023966 0.469675 0.447761
3 69.750000 -5.500000 67.639999 -0.606426 -0.795130 -0.003926 0.468500 0.447600
3 70.402794 -5.624413 64.023285 0.701685 -0.086763 0.707185 0.470966 0.431420
horse_atlas.bmp
3 69.750000 -5.500000 67.639999 -0.606426 -0.795130 -0.003926 0.468500 0.447600
3 70.642746 -6.089443 63.840000 0.164048 -0.956939 -0.239492 0.471873 0.430600
3 70.402794 -5.624413 64.023285 0.701685 -0.086763 0.707185 0.470966 0.431420
horse_atlas.bmp
3 70.642746 -6.089443 63.840000 0.164048 -0.956939 -0.239492 0.384296 0.430600
3 70.270836 -6.430866 63.656715 -0.624119 -0.333872 -0.706402 0.383135 0.429780
3 71.239059 0.000000 60.058601 0.253689 0.000000 -0.967286 0.405000 0.413683
horse_atlas.bmp
3 70.642746 -6.089443 63.840000 0.164048 -0.956939 -0.239492 0.384296 0.430600
3 71.239059 0.000000 60.058601 0.253689 0.000000 -0.967286 0.405000 0.413683
3 71.550003 0.000000 60.419998 0.979354 -0.000000 -0.202151 0.405000 0.415300
horse_atlas.bmp
3 70.270836 -6.430866 63.656715 -0.624119 -0.333872 -0.706402 0.470468 0.323135
3 69.801041 -6.176847 63.726723 -0.732453 0.138728 -0.666533 0.468693 0.323999
3 70.735939 0.000000 60.196644 -0.715315 0.000000 -0.698802 0.472225 0.345000
horse_atlas.bmp
3 70.270836 -6.430866 63.656715 -0.624119 -0.333872 -0.706402 0.470468 0.323135
3 70.735939 0.000000 60.196644 -0.715315 0.000000 -0.698802 0.472225 0.345000
3 71.239059 0.000000 60.058601 0.253689 0.000000 -0.967286 0.474125 0.345000
horse_atlas.bmp
3 69.801041 -6.176847 63.726723 -0.732453 0.138728 -0.666533 0.383999 0.430093
3 69.882591 -5.678432 63.953278 0.346921 0.858569 0.377499 0.385693 0.431107
3 70.735939 0.000000 60.643356 -0.874394 -0.000002 0.485217 0.405000 0.416299
horse_atlas.bmp
3 69.801041 -6.176847 63.726723 -0.732453 0.138728 -0.666533 0.383999 0.430093
3 70.735939 0.000000 60.643356 -0.874394 -0.000002 0.485217 0.405000 0.416299
3 70.735939 0.000000 60.196644 -0.715315 0.000000 -0.698802 0.405000 0.414301
horse_atlas.bmp
3 69.882591 -5.678432 63.953278 0.346921 0.858569 0.377499 0.469001 0.325693
3 70.402794 -5.624413 64.023285 0.701685 -0.086763 0.707185 0.470966 0.325877
3 71.239059 0.000000 60.781399 0.449272 0.000001 0.893395 0.474125 0.345000
horse_atlas.bmp
3 69.882591 -5.678432 63.953278 0.346921 0.858569 0.377499 0.469001 0.325693
3 71.239059 0.000000 60.781399 0.449272 0.000001 0.893395 0.474125 0.345000
3 70.735939 0.000000 60.643356 -0.874394 -0.000002 0.485217 0.472225 0.345000
horse_atlas.bmp
3 70.402794 -5.624413 64.023285 0.701685 -0.086763 0.707185 0.385877 0.431420
3 70.642746 -6.089443 63.840000 0.164048 -0.956939 -0.239492 0.384296 0.430600
3 71.550003 0.000000 60.419998 0.979354 -0.000000 -0.202151 0.405000 0.415300
horse_atlas.bmp
3 70.402794 -5.624413 64.023285 0.701685 -0.086763 0.707185 0.385877 0.431420
3 71.550003 0.000000 60.419998 0.979354 -0.000000 -0.202151 0.405000 0.415300
3 71.239059 0.000000 60.781399 0.449272 0.000001 0.893395 0.405000 0.416917
horse_atlas.bmp
3 71.550003 0.000000 60.419998 0.979354 -0.000000 -0.202151 0.405000 0.415300
3 71.239059 0.000000 60.058601 0.253689 0.000000 -0.967286 0.405000 0.413683
3 70.270836 6.430866 63.656715 -0.624118 0.333886 -0.706397 0.426865 0.429780
horse_atlas.bmp
3 71.550003 0.000000 60.419998 0.979354 -0.000000 -0.202151 0.405000 0.415300
3 70.270836 6.430866 63.656715 -0.624118 0.333886 -0.706397 0.426865 0.429780
3 70.642746 6.089443 63.840000 0.164051 0.956938 -0.239492 0.425704 0.430600
horse_atlas.bmp
3 71.239059 0.000000 60.058601 0.253689 0.000000 -0.967286 0.474125 0.345000
3 70.735939 0.000000 60.196644 -0.715315 0.000000 -0.698802 0.472225 0.345000
3 69.801041 6.176847 63.726723 -0.732459 -0.138727 -0.666527 0.468693 0.366001
horse_atlas.bmp
3 71.239059 0.000000 60.058601 0.253689 0.000000 -0.967286 0.474125 0.345000
3 69.801041 6.176847 63.726723 -0.732459 -0.138727 -0.666527 0.468693 0.366001
3 70.270836 6.430866 63.656715 -0.624118 0.333886 -0.706397 0.470468 0.366865
horse_atlas.bmp
3 70.735939 0.000000 60.196644 -0.715315 0.000000 -0.698802 0.405000 0.414301
3 70.735939 0.000000 60.643356 -0.874394 -0.000002 0.485217 0.405000 0.416299
3 69.882591 5.678432 63.953278 0.346900 -0.858581 0.377489 0.424307 0.431107
horse_atlas.bmp
3 70.735939 0.000000 60.196644 -0.715315 0.000000 -0.698802 0.405000 0.414301
3 69.882591 5.678432 63.953278 0.346900 -0.858581 0.377489 0.424307 0.431107
3 69.801041 6.176847 63.726723 -0.732459 -0.138727 -0.666527 0.426001 0.430093
horse_atlas.bmp
3 70.735939 0.000000 60.643356 -0.874394 -0.000002 0.485217 0.472225 0.345000
3 71.239059 0.000000 60.781399 0.449272 0.000001 0.893395 0.474125 0.345000
3 70.402794 5.624413 64.023285 0.701685 0.086767 0.707184 0.470966 0.364123
horse_atlas.bmp
3 70.735939 0.000000 60.643356 -0.874394 -0.000002 0.485217 0.472225 0.345000
3 70.402794 5.624413 64.023285 0.701685 0.086767 0.707184 0.470966 0.364123
3 69.882591 5.678432 63.953278 0.346900 -0.858581 0.377489 0.469001 0.364307
horse_atlas.bmp
3 71.239059 0.000000 60.781399 0.449272 0.000001 0.893395 0.405000 0.416917
3 71.550003 0.000000 60.419998 0.979354 -0.000000 -0.202151 0.405000 0.415300
3 70.642746 6.089443 63.840000 0.164051 0.956938 -0.239492 0.425704 0.430600
horse_atlas.bmp
3 71.239059 0.000000 60.781399 0.449272 0.000001 0.893395 0.405000 0.416917
3 70.642746 6.089443 63.840000 0.164051 0.956938 -0.239492 0.425704 0.430600
3 70.402794 5.624413 64.023285 0.701685 0.086767 0.707184 0.424123 0.431420
horse_atlas.bmp
3 70.642746 6.089443 63.840000 0.164051 0.956938 -0.239492 0.425704 0.430600
3 70.270836 6.430866 63.656715 -0.624118 0.333886 -0.706397 0.426865 0.429780
3 69.750000 5.500000 67.639999 -0.606420 0.795135 -0.003925 0.423700 0.447600
horse_atlas.bmp
3 70.270836 6.430866 63.656715 -0.624118 0.333886 -0.706397 0.426865 0.429780
3 70.060944 5.026832 67.604042 -0.997378 -0.041431 -0.059334 0.422091 0.447439
3 69.750000 5.500000 67.639999 -0.606420 0.795135 -0.003925 0.423700 0.447600
horse_atlas.bmp
3 70.270836 6.430866 63.656715 -0.624118 0.333886 -0.706397 0.426865 0.429780
3 69.801041 6.176847 63.726723 -0.732459 -0.138727 -0.666527 0.426001 0.430093
3 70.060944 5.026832 67.604042 -0.997378 -0.041431 -0.059334 0.422091 0.447439
horse_atlas.bmp
3 69.801041 6.176847 63.726723 -0.732459 -0.138727 -0.666527 0.426001 0.430093
3 70.564056 5.207566 67.617775 0.067634 -0.927350 -0.368031 0.422706 0.447501
3 70.060944 5.026832 67.604042 -0.997378 -0.041431 -0.059334 0.422091 0.447439
horse_atlas.bmp
3 69.801041 6.176847 63.726723 -0.732459 -0.138727 -0.666527 0.426001 0.430093
3 69.882591 5.678432 63.953278 0.346900 -0.858581 0.377489 0.424307 0.431107
3 70.564056 5.207566 67.617775 0.067634 -0.927350 -0.368031 0.422706 0.447501
horse_atlas.bmp
3 69.882591 5.678432 63.953278 0.346900 -0.858581 0.377489 0.424307 0.431107
3 70.564056 5.792434 67.662224 0.976144 -0.177614 -0.124882 0.424694 0.447699
3 70.564056 5.207566 67.617775 0.067634 -0.927350 -0.368031 0.422706 0.447501
horse_atlas.bmp
3 69.882591 5.678432 63.953278 0.346900 -0.858581 0.377489 0.424307 0.431107
3 70.402794 5.624413 64.023285 0.701685 0.086767 0.707184 0.424123 0.431420
3 70.564056 5.792434 67.662224 0.976144 -0.177614 -0.124882 0.424694 0.447699
horse_atlas.bmp
3 70.402794 5.624413 64.023285 0.701685 0.086767 0.707184 0.424123 0.431420
3 70.060944 5.973168 67.675964 0.677572 0.735066 -0.023966 0.425309 0.447761
3 70.564056 5.792434 67.662224 0.976144 -0.177614 -0.124882 0.424694 0.447699
horse_atlas.bmp
3 70.402794 5.624413 64.023285 0.701685 0.086767 0.707184 0.470966 0.431420
3 70.642746 6.089443 63.840000 0.164051 0.956938 -0.239492 0.471873 0.430600
3 70.060944 5.973168 67.675964 0.677572 0.735066 -0.023966 0.469675 0.447761
horse_atlas.bmp
3 70.642746 6.089443 63.840000 0.164051 0.956938 -0.239492 0.471873 0.430600
3 69.750000 5.500000 67.639999 -0.606420 0.795135 -0.003925 0.468500 0.447600
3 70.060944 5.973168 67.675964 0.677572 0.735066 -0.023966 0.469675 0.447761
horse_atlas.bmp
3 69.382904 6.211775 63.840000 0.227444 0.973146 0.035442 0.467113 0.430600
3 69.003838 5.922504 63.584972 -0.582947 0.391807 -0.711800 0.465681 0.429459
3 60.026482 7.705736 71.920029 -0.518848 0.371311 -0.770016 0.431767 0.466747
horse_atlas.bmp
3 69.382904 6.211775 63.840000 0.227444 0.973146 0.035442 0.467113 0.430600
3 60.026482 7.705736 71.920029 -0.518848 0.371311 -0.770016 0.431767 0.466747
3 60.366184 8.014773 72.199997 0.165010 0.986053 0.021705 0.433050 0.468000
horse_atlas.bmp
3 69.003838 5.922504 63.584972 -0.582947 0.391807 -0.711800 0.425137 0.429459
3 69.034058 5.325739 63.682384 -0.523210 -0.751826 -0.401259 0.423108 0.429895
3 60.064770 7.112378 72.026962 -0.470032 -0.753648 -0.459439 0.429182 0.467226
horse_atlas.bmp
3 69.003838 5.922504 63.584972 -0.582947 0.391807 -0.711800 0.425137 0.429459
3 60.064770 7.112378 72.026962 -0.470032 -0.753648 -0.459439 0.429182 0.467226
3 60.026482 7.705736 71.920029 -0.518848 0.371311 -0.770016 0.431199 0.466747
horse_atlas.bmp
3 69.034058 5.325739 63.682384 -0.523210 -0.751826 -0.401259 0.465795 0.429895
3 69.431801 5.246190 63.997616 0.292766 -0.819990 0.491838 0.467298 0.431305
3 60.428143 7.054700 72.373032 0.263411 -0.810487 0.523187 0.433284 0.468774
horse_atlas.bmp
3 69.034058 5.325739 63.682384 -0.523210 -0.751826 -0.401259 0.465795 0.429895
3 60.428143 7.054700 72.373032 0.263411 -0.810487 0.523187 0.433284 0.468774
3 60.064770 7.112378 72.026962 -0.470032 -0.753648 -0.459439 0.431911 0.467226
horse_atlas.bmp
3 69.431801 5.246190 63.997616 0.292766 -0.819990 0.491838 0.467298 0.362837
3 69.647400 5.793790 64.095032 0.688716 0.160320 0.707084 0.468112 0.364699
3 60.614429 7.612411 72.479973 0.615899 0.213915 0.758227 0.433988 0.370882
horse_atlas.bmp
3 69.431801 5.246190 63.997616 0.292766 -0.819990 0.491838 0.467298 0.362837
3 60.614429 7.612411 72.479973 0.615899 0.213915 0.758227 0.433988 0.370882
3 60.428143 7.054700 72.373032 0.263411 -0.810487 0.523187 0.433284 0.368986
horse_atlas.bmp
3 69.647400 5.793790 64.095032 0.688716 0.160320 0.707084 0.468112 0.431741
3 69.382904 6.211775 63.840000 0.227444 0.973146 0.035442 0.467113 0.430600
3 60.366184 8.014773 72.199997 0.165010 0.986053 0.021705 0.433050 0.468000
horse_atlas.bmp
3 69.647400 5.793790 64.095032 0.688716 0.160320 0.707084 0.468112 0.431741
3 60.366184 8.014773 72.199997 0.165010 0.986053 0.021705 0.433050 0.468000
3 60.614429 7.612411 72.479973 0.615899 0.213915 0.758227 0.433988 0.469252
horse_atlas.bmp
3 60.366184 8.014773 72.199997 0.165010 0.986053 0.021705 0.433050 0.468000
3 60.026482 7.705736 71.920029 -0.518848 0.371311 -0.770016 0.431767 0.466747
3 50.153435 8.869420 77.969757 -0.462652 0.329626 -0.822983 0.394469 0.293812
horse_atlas.bmp
3 60.366184 8.014773 72.199997 0.165010 0.986053 0.021705 0.433050 0.468000
3 50.153435 8.869420 77.969757 -0.462652 0.329626 -0.822983 0.394469 0.293812
3 50.414772 9.219741 78.279999 0.027821 0.999394 0.020910 0.395456 0.295200
horse_atlas.bmp
3 60.026482 7.705736 71.920029 -0.518848 0.371311 -0.770016 0.431767 0.371199
3 60.064770 7.112378 72.026962 -0.470032 -0.753648 -0.459439 0.431911 0.369182
3 50.232841 8.284966 78.088257 -0.319829 -0.771629 -0.549816 0.394769 0.373169
horse_atlas.bmp
3 60.026482 7.705736 71.920029 -0.518848 0.371311 -0.770016 0.431767 0.371199
3 50.232841 8.284966 78.088257 -0.319829 -0.771629 -0.549816 0.394769 0.373169
3 50.153435 8.869420 77.969757 -0.462652 0.329626 -0.822983 0.394469 0.375156
horse_atlas.bmp
3 60.064770 7.112378 72.026962 -0.470032 -0.753648 -0.459439 0.431911 0.467226
3 60.428143 7.054700 72.373032 0.263411 -0.810487 0.523187 0.433284 0.468774
3 50.543255 8.274075 78.471748 0.291240 -0.782949 0.549700 0.395941 0.296058
horse_atlas.bmp
3 60.064770 7.112378 72.026962 -0.470032 -0.753648 -0.459439 0.431911 0.467226
3 50.543255 8.274075 78.471748 0.291240 -0.782949 0.549700 0.395941 0.296058
3 50.232841 8.284966 78.088257 -0.319829 -0.771629 -0.549816 0.394769 0.294342
horse_atlas.bmp
3 60.428143 7.054700 72.373032 0.263411 -0.810487 0.523187 0.433284 0.368986
3 60.614429 7.612411 72.479973 0.615899 0.213915 0.758227 0.433988 0.370882
3 50.655693 8.851797 78.590248 0.479620 0.289709 0.828271 0.396366 0.375096
horse_atlas.bmp
3 60.428143 7.054700 72.373032 0.263411 -0.810487 0.523187 0.433284 0.368986
3 50.655693 8.851797 78.590248 0.479620 0.289709 0.828271 0.396366 0.375096
3 50.543255 8.274075 78.471748 0.291240 -0.782949 0.549700 0.395941 0.373132
horse_atlas.bmp
3 60.614429 7.612411 72.479973 0.615899 0.213915 0.758227 0.433988 0.469252
3 60.366184 8.014773 72.199997 0.165010 0.986053 0.021705 0.433050 0.468000
3 50.414772 9.219741 78.279999 0.027821 0.999394 0.020910 0.395456 0.295200
horse_atlas.bmp
3 60.614429 7.612411 72.479973 0.615899 0.213915 0.758227 0.433988 0.469252
3 50.414772 9.219741 78.279999 0.027821 0.999394 0.020910 0.395456 0.295200
3 50.655693 8.851797 78.590248 0.479620 0.289709 0.828271 0.396366 0.296588
horse_atlas.bmp
3 50.414772 9.219741 78.279999 0.027821 0.999394 0.020910 0.395456 0.295200
3 50.153435 8.869420 77.969757 -0.462652 0.329626 -0.822983 0.394469 0.293812
3 42.954418 8.240676 81.761024 -0.467628 0.257676 -0.845534 0.367272 0.310773
horse_atlas.bmp
3 50.414772 9.219741 78.279999 0.027821 0.999394 0.020910 0.395456 0.295200
3 42.954418 8.240676 81.761024 -0.467628 0.257676 -0.845534 0.367272 0.310773
3 43.164997 8.618544 82.080002 -0.097720 0.994807 -0.028454 0.368068 0.312200
horse_atlas.bmp
3 50.153435 8.869420 77.969757 -0.462652 0.329626 -0.822983 0.394469 0.375156
3 50.232841 8.284966 78.088257 -0.319829 -0.771629 -0.549816 0.394769 0.373169
3 43.083225 7.668399 81.882866 -0.250037 -0.764009 -0.594787 0.367759 0.371073
horse_atlas.bmp
3 50.153435 8.869420 77.969757 -0.462652 0.329626 -0.822983 0.394469 0.375156
3 43.083225 7.668399 81.882866 -0.250037 -0.764009 -0.594787 0.367759 0.371073
3 42.954418 8.240676 81.761024 -0.467628 0.257676 -0.845534 0.367272 0.373018
horse_atlas.bmp
3 50.232841 8.284966 78.088257 -0.319829 -0.771629 -0.549816 0.394769 0.294342
3 50.543255 8.274075 78.471748 0.291240 -0.782949 0.549700 0.395941 0.296058
3 43.373409 7.692581 82.277138 0.322884 -0.813937 0.482963 0.368855 0.313082
horse_atlas.bmp
3 50.232841 8.284966 78.088257 -0.319829 -0.771629 -0.549816 0.394769 0.294342
3 43.373409 7.692581 82.277138 0.322884 -0.813937 0.482963 0.368855 0.313082
3 43.083225 7.668399 81.882866 -0.250037 -0.764009 -0.594787 0.367759 0.311318
horse_atlas.bmp
3 50.543255 8.274075 78.471748 0.291240 -0.782949 0.549700 0.395941 0.373132
3 50.655693 8.851797 78.590248 0.479620 0.289709 0.828271 0.396366 0.375096
3 43.423950 8.279803 82.398979 0.425627 0.300366 0.853594 0.369046 0.373151
horse_atlas.bmp
3 50.543255 8.274075 78.471748 0.291240 -0.782949 0.549700 0.395941 0.373132
3 43.423950 8.279803 82.398979 0.425627 0.300366 0.853594 0.369046 0.373151
3 43.373409 7.692581 82.277138 0.322884 -0.813937 0.482963 0.368855 0.371155
horse_atlas.bmp
3 50.655693 8.851797 78.590248 0.479620 0.289709 0.828271 0.396366 0.296588
3 50.414772 9.219741 78.279999 0.027821 0.999394 0.020910 0.395456 0.295200
3 43.164997 8.618544 82.080002 -0.097720 0.994807 -0.028454 0.368068 0.312200
horse_atlas.bmp
3 50.655693 8.851797 78.590248 0.479620 0.289709 0.828271 0.396366 0.296588
3 43.164997 8.618544 82.080002 -0.097720 0.994807 -0.028454 0.368068 0.312200
3 43.423950 8.279803 82.398979 0.425627 0.300366 0.853594 0.369046 0.313627
horse_atlas.bmp
2 69.428177 6.419714 63.840000 0.448844 0.893338 -0.022049 0.467284 0.430600
2 69.425873 6.156099 63.599918 0.351292 0.135038 -0.926477 0.467276 0.429526
2 59.519737 11.068775 60.559582 0.352535 0.210121 -0.911904 0.429852 0.415924
horse_atlas.bmp
2 69.428177 6.419714 63.840000 0.448844 0.893338 -0.022049 0.467284 0.430600
2 59.519737 11.068775 60.559582 0.352535 0.210121 -0.911904 0.429852 0.415924
2 59.502014 11.331137 60.799999 0.359407 0.933095 0.012651 0.429785 0.417000
horse_atlas.bmp
2 69.425873 6.156099 63.599918 0.351292 0.135038 -0.926477 0.467276 0.365931
2 69.249619 5.814957 63.691620 -0.185243 -0.760360 -0.622525 0.466610 0.364771
2 59.371986 10.711369 60.651413 -0.126158 -0.773316 -0.621342 0.429294 0.381419
horse_atlas.bmp
2 69.425873 6.156099 63.599918 0.351292 0.135038 -0.926477 0.467276 0.365931
2 59.371986 10.711369 60.651413 -0.126158 -0.773316 -0.621342 0.429294 0.381419
2 59.519737 11.068775 60.559582 0.352535 0.210121 -0.911904 0.429852 0.382634
horse_atlas.bmp
2 69.249619 5.814957 63.691620 -0.185243 -0.760360 -0.622525 0.466610 0.429936
2 69.142982 5.867734 63.988380 -0.501225 -0.682566 0.531862 0.466207 0.431264
2 59.262947 10.752841 60.948589 -0.436161 -0.673624 0.596652 0.428882 0.417665
horse_atlas.bmp
2 69.249619 5.814957 63.691620 -0.185243 -0.760360 -0.622525 0.466610 0.429936
2 59.262947 10.752841 60.948589 -0.436161 -0.673624 0.596652 0.428882 0.417665
2 59.371986 10.711369 60.651413 -0.126158 -0.773316 -0.621342 0.429294 0.416335
horse_atlas.bmp
2 69.142982 5.867734 63.988380 -0.501225 -0.682566 0.531862 0.466207 0.364950
2 69.253342 6.241495 64.080078 -0.121793 0.333909 0.934704 0.466624 0.366221
2 59.343311 11.135879 61.040417 -0.129107 0.359346 0.924231 0.429186 0.382862
horse_atlas.bmp
2 69.142982 5.867734 63.988380 -0.501225 -0.682566 0.531862 0.466207 0.364950
2 59.343311 11.135879 61.040417 -0.129107 0.359346 0.924231 0.429186 0.382862
2 59.262947 10.752841 60.948589 -0.436161 -0.673624 0.596652 0.428882 0.381560
horse_atlas.bmp
2 69.253342 6.241495 64.080078 -0.121793 0.333909 0.934704 0.466624 0.431674
2 69.428177 6.419714 63.840000 0.448844 0.893338 -0.022049 0.467284 0.430600
2 59.502014 11.331137 60.799999 0.359407 0.933095 0.012651 0.429785 0.417000
horse_atlas.bmp
2 69.253342 6.241495 64.080078 -0.121793 0.333909 0.934704 0.466624 0.431674
2 59.502014 11.331137 60.799999 0.359407 0.933095 0.012651 0.429785 0.417000
2 59.343311 11.135879 61.040417 -0.129107 0.359346 0.924231 0.429186 0.418076
horse_atlas.bmp
2 59.502014 11.331137 60.799999 0.359407 0.933095 0.012651 0.429785 0.417000
2 59.519737 11.068775 60.559582 0.352535 0.210121 -0.911904 0.429852 0.415924
2 45.947105 15.101777 56.748623 0.154757 0.267236 -0.951123 0.378578 0.398875
horse_atlas.bmp
2 59.502014 11.331137 60.799999 0.359407 0.933095 0.012651 0.429785 0.417000
2 45.947105 15.101777 56.748623 0.154757 0.267236 -0.951123 0.378578 0.398875
2 45.944546 15.346482 57.000000 0.173923 0.982050 -0.073000 0.378568 0.400000
horse_atlas.bmp
2 59.519737 11.068775 60.559582 0.352535 0.210121 -0.911904 0.429852 0.382634
2 59.371986 10.711369 60.651413 -0.126158 -0.773316 -0.621342 0.429294 0.381419
2 45.884563 14.716419 56.844639 -0.053774 -0.748784 -0.660630 0.378342 0.395036
horse_atlas.bmp
2 59.519737 11.068775 60.559582 0.352535 0.210121 -0.911904 0.429852 0.382634
2 45.884563 14.716419 56.844639 -0.053774 -0.748784 -0.660630 0.378342 0.395036
2 45.947105 15.101777 56.748623 0.154757 0.267236 -0.951123 0.378578 0.396346
horse_atlas.bmp
2 59.371986 10.711369 60.651413 -0.126158 -0.773316 -0.621342 0.429294 0.416335
2 59.262947 10.752841 60.948589 -0.436161 -0.673624 0.596652 0.428882 0.417665
2 45.843353 14.722960 57.155361 -0.203419 -0.771236 0.603172 0.378186 0.400695
horse_atlas.bmp
2 59.371986 10.711369 60.651413 -0.126158 -0.773316 -0.621342 0.429294 0.416335
2 45.843353 14.722960 57.155361 -0.203419 -0.771236 0.603172 0.378186 0.400695
2 45.884563 14.716419 56.844639 -0.053774 -0.748784 -0.660630 0.378342 0.399305
horse_atlas.bmp
2 59.262947 10.752841 60.948589 -0.436161 -0.673624 0.596652 0.428882 0.381560
2 59.343311 11.135879 61.040417 -0.129107 0.359346 0.924231 0.429186 0.382862
2 45.880424 15.112361 57.251377 -0.042169 0.350923 0.935454 0.378326 0.396382
horse_atlas.bmp
2 59.262947 10.752841 60.948589 -0.436161 -0.673624 0.596652 0.428882 0.381560
2 45.880424 15.112361 57.251377 -0.042169 0.350923 0.935454 0.378326 0.396382
2 45.843353 14.722960 57.155361 -0.203419 -0.771236 0.603172 0.378186 0.395058
horse_atlas.bmp
2 59.343311 11.135879 61.040417 -0.129107 0.359346 0.924231 0.429186 0.418076
2 59.502014 11.331137 60.799999 0.359407 0.933095 0.012651 0.429785 0.417000
2 45.944546 15.346482 57.000000 0.173923 0.982050 -0.073000 0.378568 0.400000
horse_atlas.bmp
2 59.343311 11.135879 61.040417 -0.129107 0.359346 0.924231 0.429186 0.418076
2 45.944546 15.346482 57.000000 0.173923 0.982050 -0.073000 0.378568 0.400000
2 45.880424 15.112361 57.251377 -0.042169 0.350923 0.935454 0.378326 0.401125
horse_atlas.bmp
2 45.944546 15.346482 57.000000 0.173923 0.982050 -0.073000 0.378568 0.400000
2 45.947105 15.101777 56.748623 0.154757 0.267236 -0.951123 0.378578 0.398875
2 27.827824 16.104185 57.513485 -0.200961 0.284248 -0.937453 0.310127 0.402297
horse_atlas.bmp
2 45.944546 15.346482 57.000000 0.173923 0.982050 -0.073000 0.378568 0.400000
2 27.827824 16.104185 57.513485 -0.200961 0.284248 -0.937453 0.310127 0.402297
2 27.883867 16.349541 57.759998 -0.063757 0.995924 -0.063798 0.310339 0.403400
horse_atlas.bmp
2 45.947105 15.101777 56.748623 0.154757 0.267236 -0.951123 0.378578 0.396346
2 45.884563 14.716419 56.844639 -0.053774 -0.748784 -0.660630 0.378342 0.395036
2 27.871525 15.714849 57.607643 -0.079644 -0.750004 -0.656620 0.310292 0.398430
horse_atlas.bmp
2 45.947105 15.101777 56.748623 0.154757 0.267236 -0.951123 0.378578 0.396346
2 27.871525 15.714849 57.607643 -0.079644 -0.750004 -0.656620 0.310292 0.398430
2 27.827824 16.104185 57.513485 -0.200961 0.284248 -0.937453 0.310127 0.399754
horse_atlas.bmp
2 45.884563 14.716419 56.844639 -0.053774 -0.748784 -0.660630 0.378342 0.399305
2 45.843353 14.722960 57.155361 -0.203419 -0.771236 0.603172 0.378186 0.400695
2 27.954578 15.719582 57.912357 0.157247 -0.790691 0.591676 0.310606 0.404082
horse_atlas.bmp
2 45.884563 14.716419 56.844639 -0.053774 -0.748784 -0.660630 0.378342 0.399305
2 27.954578 15.719582 57.912357 0.157247 -0.790691 0.591676 0.310606 0.404082
2 27.871525 15.714849 57.607643 -0.079644 -0.750004 -0.656620 0.310292 0.402718
horse_atlas.bmp
2 45.843353 14.722960 57.155361 -0.203419 -0.771236 0.603172 0.378186 0.395058
2 45.880424 15.112361 57.251377 -0.042169 0.350923 0.935454 0.378326 0.396382
2 27.962206 16.111843 58.006516 0.156510 0.341026 0.926934 0.310635 0.399780
horse_atlas.bmp
2 45.843353 14.722960 57.155361 -0.203419 -0.771236 0.603172 0.378186 0.395058
2 27.962206 16.111843 58.006516 0.156510 0.341026 0.926934 0.310635 0.399780
2 27.954578 15.719582 57.912357 0.157247 -0.790691 0.591676 0.310606 0.398447
horse_atlas.bmp
2 45.880424 15.112361 57.251377 -0.042169 0.350923 0.935454 0.378326 0.401125
2 45.944546 15.346482 57.000000 0.173923 0.982050 -0.073000 0.378568 0.400000
2 27.883867 16.349541 57.759998 -0.063757 0.995924 -0.063798 0.310339 0.403400
horse_atlas.bmp
2 45.880424 15.112361 57.251377 -0.042169 0.350923 0.935454 0.378326 0.401125
2 27.883867 16.349541 57.759998 -0.063757 0.995924 -0.063798 0.310339 0.403400
2 27.962206 16.111843 58.006516 0.156510 0.341026 0.926934 0.310635 0.404503
horse_atlas.bmp
2 27.883867 16.349541 57.759998 -0.063757 0.995924 -0.063798 0.310339 0.403400
2 27.827824 16.104185 57.513485 -0.200961 0.284248 -0.937453 0.310127 0.402297
2 10.671183 13.086896 63.606415 -0.361014 0.224527 -0.905128 0.445313 0.429555
horse_atlas.bmp
2 27.883867 16.349541 57.759998 -0.063757 0.995924 -0.063798 0.310339 0.403400
2 10.671183 13.086896 63.606415 -0.361014 0.224527 -0.905128 0.445313 0.429555
2 10.750872 13.345717 63.840000 -0.183044 0.982633 -0.030451 0.445614 0.430600
horse_atlas.bmp
2 27.827824 16.104185 57.513485 -0.200961 0.284248 -0.937453 0.310127 0.399754
2 27.871525 15.714849 57.607643 -0.079644 -0.750004 -0.656620 0.310292 0.398430
2 10.769515 12.707988 63.695641 -0.082581 -0.781616 -0.618270 0.445685 0.388207
horse_atlas.bmp
2 27.827824 16.104185 57.513485 -0.200961 0.284248 -0.937453 0.310127 0.399754
2 10.769515 12.707988 63.695641 -0.082581 -0.781616 -0.618270 0.445685 0.388207
2 10.671183 13.086896 63.606415 -0.361014 0.224527 -0.905128 0.445313 0.389495
horse_atlas.bmp
2 27.871525 15.714849 57.607643 -0.079644 -0.750004 -0.656620 0.310292 0.402718
2 27.954578 15.719582 57.912357 0.157247 -0.790691 0.591676 0.310606 0.404082
2 10.909977 12.732630 63.984360 0.326274 -0.781814 0.531330 0.446215 0.431246
horse_atlas.bmp
2 27.871525 15.714849 57.607643 -0.079644 -0.750004 -0.656620 0.310292 0.402718
2 10.909977 12.732630 63.984360 0.326274 -0.781814 0.531330 0.446215 0.431246
2 10.769515 12.707988 63.695641 -0.082581 -0.781616 -0.618270 0.445685 0.429954
horse_atlas.bmp
2 27.954578 15.719582 57.912357 0.157247 -0.790691 0.591676 0.310606 0.398447
2 27.962206 16.111843 58.006516 0.156510 0.341026 0.926934 0.310635 0.399780
2 10.898454 13.126768 64.073586 0.269260 0.312330 0.911015 0.446172 0.389631
horse_atlas.bmp
2 27.954578 15.719582 57.912357 0.157247 -0.790691 0.591676 0.310606 0.398447
2 10.898454 13.126768 64.073586 0.269260 0.312330 0.911015 0.446172 0.389631
2 10.909977 12.732630 63.984360 0.326274 -0.781814 0.531330 0.446215 0.388291
horse_atlas.bmp
2 27.962206 16.111843 58.006516 0.156510 0.341026 0.926934 0.310635 0.404503
2 27.883867 16.349541 57.759998 -0.063757 0.995924 -0.063798 0.310339 0.403400
2 10.750872 13.345717 63.840000 -0.183044 0.982633 -0.030451 0.445614 0.430600
horse_atlas.bmp
2 27.962206 16.111843 58.006516 0.156510 0.341026 0.926934 0.310635 0.404503
2 10.750872 13.345717 63.840000 -0.183044 0.982633 -0.030451 0.445614 0.430600
2 10.898454 13.126768 64.073586 0.269260 0.312330 0.911015 0.446172 0.431645
horse_atlas.bmp
3 69.643440 5.761500 63.004002 0.784047 -0.507173 0.357836 0.052589 0.718860
3 69.485817 6.067969 62.704544 0.647190 -0.036740 -0.761443 0.053631 0.717520
3 70.478920 7.460942 63.387676 0.436703 -0.087761 -0.895315 0.058367 0.720576
horse_atlas.bmp
3 69.643440 5.761500 63.004002 0.784047 -0.507173 0.357836 0.052589 0.718860
3 70.478920 7.460942 63.387676 0.436703 -0.087761 -0.895315 0.058367 0.720576
3 70.199997 7.150000 63.612000 0.204268 -0.970751 -0.126163 0.057310 0.721580
horse_atlas.bmp
3 69.485817 6.067969 62.704544 0.647190 -0.036740 -0.761443 0.095502 0.657631
3 69.071404 6.280507 62.818932 -0.413360 0.562319 -0.716192 0.093936 0.658354
3 70.372383 7.964057 63.473358 0.242565 0.906631 -0.345227 0.098851 0.664078
horse_atlas.bmp
3 69.485817 6.067969 62.704544 0.647190 -0.036740 -0.761443 0.095502 0.657631
3 70.372383 7.964057 63.473358 0.242565 0.906631 -0.345227 0.098851 0.664078
3 70.478920 7.460942 63.387676 0.436703 -0.087761 -0.895315 0.099254 0.662367
horse_atlas.bmp
3 69.071404 6.280507 62.818932 -0.413360 0.562319 -0.716192 0.054354 0.718032
3 68.972900 6.105393 63.189072 -0.842346 0.356274 0.404378 0.053758 0.719688
3 70.027618 7.964057 63.750637 -0.264472 0.844140 0.466350 0.060078 0.722200
horse_atlas.bmp
3 69.071404 6.280507 62.818932 -0.413360 0.562319 -0.716192 0.054354 0.718032
3 70.027618 7.964057 63.750637 -0.264472 0.844140 0.466350 0.060078 0.722200
3 70.372383 7.964057 63.473358 0.242565 0.906631 -0.345227 0.060078 0.720960
horse_atlas.bmp
3 68.972900 6.105393 63.189072 -0.842346 0.356274 0.404378 0.093564 0.657758
3 69.326447 5.784630 63.303455 -0.025762 -0.290514 0.956524 0.094900 0.656668
3 69.921082 7.460942 63.836319 -0.353053 0.027167 0.935209 0.097146 0.662367
horse_atlas.bmp
3 68.972900 6.105393 63.189072 -0.842346 0.356274 0.404378 0.093564 0.657758
3 69.921082 7.460942 63.836319 -0.353053 0.027167 0.935209 0.097146 0.662367
3 70.027618 7.964057 63.750637 -0.264472 0.844140 0.466350 0.097549 0.664078
horse_atlas.bmp
3 69.326447 5.784630 63.303455 -0.025762 -0.290514 0.956524 0.094900 0.656668
3 69.643440 5.761500 63.004002 0.784047 -0.507173 0.357836 0.096097 0.656589
3 70.199997 7.150000 63.612000 0.204268 -0.970751 -0.126163 0.098200 0.661310
horse_atlas.bmp
3 69.326447 5.784630 63.303455 -0.025762 -0.290514 0.956524 0.094900 0.656668
3 70.199997 7.150000 63.612000 0.204268 -0.970751 -0.126163 0.098200 0.661310
3 69.921082 7.460942 63.836319 -0.353053 0.027167 0.935209 0.097146 0.662367
horse_atlas.bmp
3 70.199997 7.150000 63.612000 0.204268 -0.970751 -0.126163 0.098200 0.721580
3 70.478920 7.460942 63.387676 0.436703 -0.087761 -0.895315 0.099254 0.720576
3 71.073555 6.215370 64.300545 0.545230 0.012211 -0.838198 0.101500 0.724660
horse_atlas.bmp
3 70.199997 7.150000 63.612000 0.204268 -0.970751 -0.126163 0.098200 0.721580
3 71.073555 6.215370 64.300545 0.545230 0.012211 -0.838198 0.101500 0.724660
3 70.756561 6.238500 64.599998 -0.994688 0.002911 -0.102894 0.100303 0.526000
horse_atlas.bmp
3 70.478920 7.460942 63.387676 0.436703 -0.087761 -0.895315 0.058367 0.720576
3 70.372383 7.964057 63.473358 0.242565 0.906631 -0.345227 0.060078 0.720960
3 71.073555 6.215370 64.300545 0.545230 0.012211 -0.838198 0.054132 0.724660
horse_atlas.bmp
3 70.372383 7.964057 63.473358 0.242565 0.906631 -0.345227 0.060078 0.720960
3 71.427094 5.894607 64.414932 0.972247 -0.233650 0.011983 0.053042 0.525172
3 71.073555 6.215370 64.300545 0.545230 0.012211 -0.838198 0.054132 0.724660
horse_atlas.bmp
3 70.372383 7.964057 63.473358 0.242565 0.906631 -0.345227 0.098851 0.720960
3 70.027618 7.964057 63.750637 -0.264472 0.844140 0.466350 0.097549 0.722200
3 71.328598 5.719493 64.785072 0.165432 -0.401115 0.900966 0.102464 0.526828
horse_atlas.bmp
3 70.372383 7.964057 63.473358 0.242565 0.906631 -0.345227 0.098851 0.720960
3 71.328598 5.719493 64.785072 0.165432 -0.401115 0.900966 0.102464 0.526828
3 71.427094 5.894607 64.414932 0.972247 -0.233650 0.011983 0.102836 0.525172
horse_atlas.bmp
3 70.027618 7.964057 63.750637 -0.264472 0.844140 0.466350 0.097549 0.664078
3 69.921082 7.460942 63.836319 -0.353053 0.027167 0.935209 0.097146 0.662367
3 70.914177 5.932031 64.899452 -0.388472 0.062958 0.919307 0.100898 0.657169
horse_atlas.bmp
3 70.027618 7.964057 63.750637 -0.264472 0.844140 0.466350 0.097549 0.664078
3 70.914177 5.932031 64.899452 -0.388472 0.062958 0.919307 0.100898 0.657169
3 71.328598 5.719493 64.785072 0.165432 -0.401115 0.900966 0.102464 0.656446
horse_atlas.bmp
3 69.921082 7.460942 63.836319 -0.353053 0.027167 0.935209 0.058367 0.722584
3 70.199997 7.150000 63.612000 0.204268 -0.970751 -0.126163 0.057310 0.721580
3 70.756561 6.238500 64.599998 -0.994688 0.002911 -0.102894 0.054211 0.526000
horse_atlas.bmp
3 69.921082 7.460942 63.836319 -0.353053 0.027167 0.935209 0.058367 0.722584
3 70.756561 6.238500 64.599998 -0.994688 0.002911 -0.102894 0.054211 0.526000
3 70.914177 5.932031 64.899452 -0.388472 0.062958 0.919307 0.053169 0.527340
horse_atlas.bmp
3 70.756561 6.238500 64.599998 -0.994688 0.002911 -0.102894 0.100303 0.526000
3 71.073555 6.215370 64.300545 0.545230 0.012211 -0.838198 0.101500 0.724660
3 69.578918 6.139058 62.779682 0.577436 0.559778 -0.594320 0.095854 0.717856
horse_atlas.bmp
3 70.756561 6.238500 64.599998 -0.994688 0.002911 -0.102894 0.100303 0.526000
3 69.578918 6.139058 62.779682 0.577436 0.559778 -0.594320 0.095854 0.717856
3 69.300003 6.450000 63.004002 -0.148407 0.958912 0.241791 0.094800 0.718860
horse_atlas.bmp
3 71.073555 6.215370 64.300545 0.545230 0.012211 -0.838198 0.054132 0.724660
3 71.427094 5.894607 64.414932 0.972247 -0.233650 0.011983 0.053042 0.525172
3 69.472382 5.635942 62.865364 0.507306 -0.687268 -0.519907 0.052162 0.718240
horse_atlas.bmp
3 71.073555 6.215370 64.300545 0.545230 0.012211 -0.838198 0.054132 0.724660
3 69.472382 5.635942 62.865364 0.507306 -0.687268 -0.519907 0.052162 0.718240
3 69.578918 6.139058 62.779682 0.577436 0.559778 -0.594320 0.053873 0.717856
horse_atlas.bmp
3 71.427094 5.894607 64.414932 0.972247 -0.233650 0.011983 0.102836 0.525172
3 71.328598 5.719493 64.785072 0.165432 -0.401115 0.900966 0.102464 0.526828
3 69.127617 5.635942 63.142639 -0.251091 -0.903841 0.346446 0.094149 0.719480
horse_atlas.bmp
3 71.427094 5.894607 64.414932 0.972247 -0.233650 0.011983 0.102836 0.525172
3 69.127617 5.635942 63.142639 -0.251091 -0.903841 0.346446 0.094149 0.719480
3 69.472382 5.635942 62.865364 0.507306 -0.687268 -0.519907 0.095451 0.718240
horse_atlas.bmp
3 71.328598 5.719493 64.785072 0.165432 -0.401115 0.900966 0.102464 0.526828
3 70.914177 5.932031 64.899452 -0.388472 0.062958 0.919307 0.100898 0.527340
3 69.021080 6.139058 63.228321 -0.643637 0.042466 0.764152 0.093746 0.719864
horse_atlas.bmp
3 71.328598 5.719493 64.785072 0.165432 -0.401115 0.900966 0.102464 0.526828
3 69.021080 6.139058 63.228321 -0.643637 0.042466 0.764152 0.093746 0.719864
3 69.127617 5.635942 63.142639 -0.251091 -0.903841 0.346446 0.094149 0.719480
horse_atlas.bmp
3 70.914177 5.932031 64.899452 -0.388472 0.062958 0.919307 0.100898 0.527340
3 70.756561 6.238500 64.599998 -0.994688 0.002911 -0.102894 0.100303 0.526000
3 69.300003 6.450000 63.004002 -0.148407 0.958912 0.241791 0.094800 0.718860
horse_atlas.bmp
3 70.914177 5.932031 64.899452 -0.388472 0.062958 0.919307 0.100898 0.527340
3 69.300003 6.450000 63.004002 -0.148407 0.958912 0.241791 0.094800 0.718860
3 69.021080 6.139058 63.228321 -0.643637 0.042466 0.764152 0.093746 0.719864
horse_atlas.bmp
3 46.799999 -1.400000 82.839996 -0.206558 0.000000 -0.978434 0.561800 0.660240
3 46.799999 1.400000 82.839996 -0.206558 0.000000 -0.978434 0.561800 0.669760
3 54.000000 1.800000 81.320000 -0.409255 0.000000 -0.912420 0.589000 0.671120
horse_atlas.bmp
3 46.799999 -1.400000 82.839996 -0.206558 0.000000 -0.978434 0.561800 0.660240
3 54.000000 1.800000 81.320000 -0.409255 0.000000 -0.912420 0.589000 0.671120
3 54.000000 -1.800000 81.320000 -0.409255 0.000000 -0.912420 0.589000 0.658880
horse_atlas.bmp
3 54.000000 -1.800000 81.320000 -0.409255 0.000000 -0.912420 0.589000 0.658880
3 54.000000 1.800000 81.320000 -0.409255 0.000000 -0.912420 0.589000 0.671120
3 62.099998 1.500000 75.391998 -0.623530 0.000000 -0.781799 0.619600 0.670100
horse_atlas.bmp
3 54.000000 -1.800000 81.320000 -0.409255 0.000000 -0.912420 0.589000 0.658880
3 62.099998 1.500000 75.391998 -0.623530 0.000000 -0.781799 0.619600 0.670100
3 62.099998 -1.500000 75.391998 -0.623530 0.000000 -0.781799 0.619600 0.659900
horse_atlas.bmp
3 62.099998 -1.500000 75.391998 -0.623530 0.000000 -0.781799 0.579900 0.602280
3 62.099998 1.500000 75.391998 -0.623530 0.000000 -0.781799 0.590100 0.602280
3 67.500000 1.000000 70.680000 -0.657476 0.000000 -0.753475 0.588400 0.581200
horse_atlas.bmp
3 62.099998 -1.500000 75.391998 -0.623530 0.000000 -0.781799 0.579900 0.602280
3 67.500000 1.000000 70.680000 -0.657476 0.000000 -0.753475 0.588400 0.581200
3 67.500000 -1.000000 70.680000 -0.657476 0.000000 -0.753475 0.581600 0.581200
horse_atlas.bmp
2 14.400000 -1.000000 67.639999 0.620728 0.121984 -0.774478 0.907400 0.063600
2 18.900000 -1.000000 70.680000 0.528957 0.327293 -0.782997 0.924400 0.063600
2 18.000000 -5.000000 68.400002 0.512800 0.463746 -0.722479 0.921000 0.050000
horse_atlas.bmp
2 14.400000 -1.000000 67.639999 0.620728 0.121984 -0.774478 0.907400 0.063600
2 18.000000 -5.000000 68.400002 0.512800 0.463746 -0.722479 0.921000 0.050000
2 13.500000 -3.000000 66.879997 0.889458 0.066759 -0.452114 0.904000 0.056800
horse_atlas.bmp
2 13.500000 -3.000000 66.879997 0.889458 0.066759 -0.452114 0.904000 0.166200
2 18.000000 -5.000000 68.400002 0.512800 0.463746 -0.722479 0.921000 0.173000
2 15.300000 -8.000000 62.320000 0.507558 0.673181 -0.537785 0.910800 0.145800
horse_atlas.bmp
2 13.500000 -3.000000 66.879997 0.889458 0.066759 -0.452114 0.904000 0.166200
2 15.300000 -8.000000 62.320000 0.507558 0.673181 -0.537785 0.910800 0.145800
2 12.600000 -7.000000 60.799999 0.607991 0.608568 -0.509894 0.900600 0.139000
horse_atlas.bmp
2 14.400000 -1.000000 67.639999 0.620728 0.121984 -0.774478 0.849600 0.169600
2 13.500000 -3.000000 66.879997 0.889458 0.066759 -0.452114 0.842800 0.166200
2 12.600000 -7.000000 60.799999 0.607991 0.608568 -0.509894 0.829200 0.139000
horse_atlas.bmp
2 17.100000 -1.000000 69.919998 0.620728 0.121982 -0.774479 0.917600 0.063600
2 21.600000 -1.000000 72.959999 0.528957 0.327293 -0.782997 0.934600 0.063600
2 20.700001 -5.000000 70.680000 0.512799 0.463746 -0.722479 0.931200 0.050000
horse_atlas.bmp
2 17.100000 -1.000000 69.919998 0.620728 0.121982 -0.774479 0.917600 0.063600
2 20.700001 -5.000000 70.680000 0.512799 0.463746 -0.722479 0.931200 0.050000
2 16.200001 -3.000000 69.160004 0.889457 0.066761 -0.452116 0.914200 0.056800
horse_atlas.bmp
2 16.200001 -3.000000 69.160004 0.889457 0.066761 -0.452116 0.914200 0.176400
2 20.700001 -5.000000 70.680000 0.512799 0.463746 -0.722479 0.931200 0.183200
2 18.000000 -8.000000 64.599998 0.507556 0.673182 -0.537785 0.921000 0.156000
horse_atlas.bmp
2 16.200001 -3.000000 69.160004 0.889457 0.066761 -0.452116 0.914200 0.176400
2 18.000000 -8.000000 64.599998 0.507556 0.673182 -0.537785 0.921000 0.156000
2 15.300000 -7.000000 63.080002 0.607990 0.608569 -0.509894 0.910800 0.149200
horse_atlas.bmp
2 17.100000 -1.000000 69.919998 0.620728 0.121982 -0.774479 0.849600 0.179800
2 16.200001 -3.000000 69.160004 0.889457 0.066761 -0.452116 0.842800 0.176400
2 15.300000 -7.000000 63.080002 0.607990 0.608569 -0.509894 0.829200 0.149200
horse_atlas.bmp
2 19.799999 -1.000000 72.199997 0.620728 0.121983 -0.774478 0.927800 0.063600
2 24.299999 -1.000000 75.239998 0.528957 0.327292 -0.782997 0.944800 0.063600
2 23.400000 -5.000000 72.959999 0.512799 0.463746 -0.722479 0.941400 0.050000
horse_atlas.bmp
2 19.799999 -1.000000 72.199997 0.620728 0.121983 -0.774478 0.927800 0.063600
2 23.400000 -5.000000 72.959999 0.512799 0.463746 -0.722479 0.941400 0.050000
2 18.900000 -3.000000 71.440002 0.889457 0.066763 -0.452115 0.924400 0.056800
horse_atlas.bmp
2 18.900000 -3.000000 71.440002 0.889457 0.066763 -0.452115 0.924400 0.186600
2 23.400000 -5.000000 72.959999 0.512799 0.463746 -0.722479 0.941400 0.193400
2 20.700001 -8.000000 66.879997 0.507557 0.673181 -0.537786 0.931200 0.166200
horse_atlas.bmp
2 18.900000 -3.000000 71.440002 0.889457 0.066763 -0.452115 0.924400 0.186600
2 20.700001 -8.000000 66.879997 0.507557 0.673181 -0.537786 0.931200 0.166200
2 18.000000 -7.000000 65.360001 0.607990 0.608569 -0.509894 0.921000 0.159400
horse_atlas.bmp
2 19.799999 -1.000000 72.199997 0.620728 0.121983 -0.774478 0.849600 0.190000
2 18.900000 -3.000000 71.440002 0.889457 0.066763 -0.452115 0.842800 0.186600
2 18.000000 -7.000000 65.360001 0.607990 0.608569 -0.509894 0.829200 0.159400
horse_atlas.bmp
2 22.500000 -1.000000 74.480003 0.620726 0.121984 -0.774480 0.938000 0.063600
2 27.000000 -1.000000 77.519997 0.528957 0.327292 -0.782997 0.955000 0.063600
2 26.100000 -5.000000 75.239998 0.512799 0.463746 -0.722479 0.951600 0.050000
horse_atlas.bmp
2 22.500000 -1.000000 74.480003 0.620726 0.121984 -0.774480 0.938000 0.063600
2 26.100000 -5.000000 75.239998 0.512799 0.463746 -0.722479 0.951600 0.050000
2 21.600000 -3.000000 73.720001 0.889457 0.066761 -0.452116 0.934600 0.056800
horse_atlas.bmp
2 21.600000 -3.000000 73.720001 0.889457 0.066761 -0.452116 0.934600 0.196800
2 26.100000 -5.000000 75.239998 0.512799 0.463746 -0.722479 0.951600 0.203600
2 23.400000 -8.000000 69.160004 0.507557 0.673181 -0.537786 0.941400 0.176400
horse_atlas.bmp
2 21.600000 -3.000000 73.720001 0.889457 0.066761 -0.452116 0.934600 0.196800
2 23.400000 -8.000000 69.160004 0.507557 0.673181 -0.537786 0.941400 0.176400
2 20.700001 -7.000000 67.639999 0.607990 0.608568 -0.509894 0.931200 0.169600
horse_atlas.bmp
2 22.500000 -1.000000 74.480003 0.620726 0.121984 -0.774480 0.849600 0.200200
2 21.600000 -3.000000 73.720001 0.889457 0.066761 -0.452116 0.842800 0.196800
2 20.700001 -7.000000 67.639999 0.607990 0.608568 -0.509894 0.829200 0.169600
horse_atlas.bmp
2 25.200001 -1.000000 76.760002 0.620727 0.121986 -0.774479 0.948200 0.063600
2 29.700001 -1.000000 79.800003 0.528958 0.327293 -0.782996 0.965200 0.063600
2 28.799999 -5.000000 77.519997 0.512800 0.463747 -0.722479 0.961800 0.050000
horse_atlas.bmp
2 25.200001 -1.000000 76.760002 0.620727 0.121986 -0.774479 0.948200 0.063600
2 28.799999 -5.000000 77.519997 0.512800 0.463747 -0.722479 0.961800 0.050000
2 24.299999 -3.000000 76.000000 0.889457 0.066763 -0.452115 0.944800 0.056800
horse_atlas.bmp
2 24.299999 -3.000000 76.000000 0.889457 0.066763 -0.452115 0.944800 0.207000
2 28.799999 -5.000000 77.519997 0.512800 0.463747 -0.722479 0.961800 0.213800
2 26.100000 -8.000000 71.440002 0.507557 0.673181 -0.537786 0.951600 0.186600
horse_atlas.bmp
2 24.299999 -3.000000 76.000000 0.889457 0.066763 -0.452115 0.944800 0.207000
2 26.100000 -8.000000 71.440002 0.507557 0.673181 -0.537786 0.951600 0.186600
2 23.400000 -7.000000 69.919998 0.607990 0.608569 -0.509894 0.941400 0.179800
horse_atlas.bmp
2 25.200001 -1.000000 76.760002 0.620727 0.121986 -0.774479 0.849600 0.210400
2 24.299999 -3.000000 76.000000 0.889457 0.066763 -0.452115 0.842800 0.207000
2 23.400000 -7.000000 69.919998 0.607990 0.608569 -0.509894 0.829200 0.179800
horse_atlas.bmp
2 27.900000 -1.000000 79.040001 0.620726 0.121984 -0.774480 0.958400 0.063600
2 32.400002 -1.000000 82.080002 0.528959 0.327292 -0.782996 0.775400 0.063600
2 31.500000 -5.000000 79.800003 0.512800 0.463746 -0.722479 0.972000 0.050000
horse_atlas.bmp
2 27.900000 -1.000000 79.040001 0.620726 0.121984 -0.774480 0.958400 0.063600
2 31.500000 -5.000000 79.800003 0.512800 0.463746 -0.722479 0.972000 0.050000
2 27.000000 -3.000000 78.279999 0.889457 0.066762 -0.452116 0.955000 0.056800
horse_atlas.bmp
2 27.000000 -3.000000 78.279999 0.889457 0.066762 -0.452116 0.955000 0.217200
2 31.500000 -5.000000 79.800003 0.512800 0.463746 -0.722479 0.972000 0.224000
2 28.799999 -8.000000 73.720001 0.507557 0.673181 -0.537785 0.961800 0.196800
horse_atlas.bmp
2 27.000000 -3.000000 78.279999 0.889457 0.066762 -0.452116 0.955000 0.217200
2 28.799999 -8.000000 73.720001 0.507557 0.673181 -0.537785 0.961800 0.196800
2 26.100000 -7.000000 72.199997 0.607991 0.608568 -0.509894 0.951600 0.190000
horse_atlas.bmp
2 27.900000 -1.000000 79.040001 0.620726 0.121984 -0.774480 0.849600 0.220600
2 27.000000 -3.000000 78.279999 0.889457 0.066762 -0.452116 0.842800 0.217200
2 26.100000 -7.000000 72.199997 0.607991 0.608568 -0.509894 0.829200 0.190000
horse_atlas.bmp
2 30.600000 -1.000000 81.320000 0.620726 0.121984 -0.774480 0.968600 0.063600
2 35.099998 -1.000000 84.360001 0.528959 0.327292 -0.782996 0.785600 0.063600
2 34.200001 -5.000000 82.080002 0.512799 0.463746 -0.722479 0.782200 0.050000
horse_atlas.bmp
2 30.600000 -1.000000 81.320000 0.620726 0.121984 -0.774480 0.968600 0.063600
2 34.200001 -5.000000 82.080002 0.512799 0.463746 -0.722479 0.782200 0.050000
2 29.700001 -3.000000 80.559998 0.889457 0.066760 -0.452117 0.965200 0.056800
horse_atlas.bmp
2 29.700001 -3.000000 80.559998 0.889457 0.066760 -0.452117 0.965200 0.027400
2 34.200001 -5.000000 82.080002 0.512799 0.463746 -0.722479 0.782200 0.034200
2 31.500000 -8.000000 76.000000 0.507556 0.673181 -0.537786 0.972000 0.207000
horse_atlas.bmp
2 29.700001 -3.000000 80.559998 0.889457 0.066760 -0.452117 0.965200 0.027400
2 31.500000 -8.000000 76.000000 0.507556 0.673181 -0.537786 0.972000 0.207000
2 28.799999 -7.000000 74.480003 0.607990 0.608568 -0.509895 0.961800 0.200200
horse_atlas.bmp
2 30.600000 -1.000000 81.320000 0.620726 0.121984 -0.774480 0.849600 0.030800
2 29.700001 -3.000000 80.559998 0.889457 0.066760 -0.452117 0.842800 0.027400
2 28.799999 -7.000000 74.480003 0.607990 0.608568 -0.509895 0.829200 0.200200
horse_atlas.bmp
2 33.299999 -1.000000 83.599998 0.620726 0.121984 -0.774480 0.778800 0.063600
2 37.799999 -1.000000 86.639999 0.528959 0.327292 -0.782996 0.795800 0.063600
2 36.900002 -5.000000 84.360001 0.512799 0.463747 -0.722479 0.792400 0.050000
horse_atlas.bmp
2 33.299999 -1.000000 83.599998 0.620726 0.121984 -0.774480 0.778800 0.063600
2 36.900002 -5.000000 84.360001 0.512799 0.463747 -0.722479 0.792400 0.050000
2 32.400002 -3.000000 82.839996 0.889457 0.066760 -0.452117 0.775400 0.056800
horse_atlas.bmp
2 32.400002 -3.000000 82.839996 0.889457 0.066760 -0.452117 0.775400 0.037600
2 36.900002 -5.000000 84.360001 0.512799 0.463747 -0.722479 0.792400 0.044400
2 34.200001 -8.000000 78.279999 0.507556 0.673181 -0.537786 0.782200 0.217200
horse_atlas.bmp
2 32.400002 -3.000000 82.839996 0.889457 0.066760 -0.452117 0.775400 0.037600
2 34.200001 -8.000000 78.279999 0.507556 0.673181 -0.537786 0.782200 0.217200
2 31.500000 -7.000000 76.760002 0.607989 0.608569 -0.509895 0.972000 0.210400
horse_atlas.bmp
2 33.299999 -1.000000 83.599998 0.620726 0.121984 -0.774480 0.849600 0.041000
2 32.400002 -3.000000 82.839996 0.889457 0.066760 -0.452117 0.842800 0.037600
2 31.500000 -7.000000 76.760002 0.607989 0.608569 -0.509895 0.829200 0.210400
horse_atlas.bmp
3 41.400002 2.400000 85.120003 -0.484642 0.853955 0.189426 0.809400 0.047800
3 41.901379 1.404163 86.107895 -0.276717 0.399204 0.874107 0.811294 0.052220
3 48.373756 0.262742 83.622307 0.660194 0.496755 0.563363 0.835745 0.041100
horse_atlas.bmp
3 41.400002 2.400000 85.120003 -0.484642 0.853955 0.189426 0.809400 0.047800
3 48.373756 0.262742 83.622307 0.660194 0.496755 0.563363 0.835745 0.041100
3 47.700001 1.200000 82.839996 0.333517 0.931394 -0.145849 0.833200 0.037600
horse_atlas.bmp
3 41.901379 1.404163 86.107895 -0.276717 0.399204 0.874107 0.811294 0.071774
3 42.109055 -1.000000 86.517097 -0.302883 0.012255 0.952949 0.812079 0.063600
3 48.652836 -2.000000 83.946350 0.653821 0.002333 0.756646 0.836800 0.060200
horse_atlas.bmp
3 41.901379 1.404163 86.107895 -0.276717 0.399204 0.874107 0.811294 0.071774
3 48.652836 -2.000000 83.946350 0.653821 0.002333 0.756646 0.836800 0.060200
3 48.373756 0.262742 83.622307 0.660194 0.496755 0.563363 0.835745 0.067893
horse_atlas.bmp
3 42.109055 -1.000000 86.517097 -0.302883 0.012255 0.952949 0.812079 0.063600
3 41.901379 -3.404163 86.107895 -0.333411 -0.335871 0.880925 0.811294 0.055426
3 48.373756 -4.262742 83.622307 0.555033 -0.508870 0.658020 0.835745 0.052507
horse_atlas.bmp
3 42.109055 -1.000000 86.517097 -0.302883 0.012255 0.952949 0.812079 0.063600
3 48.373756 -4.262742 83.622307 0.555033 -0.508870 0.658020 0.835745 0.052507
3 48.652836 -2.000000 83.946350 0.653821 0.002333 0.756646 0.836800 0.060200
horse_atlas.bmp
3 41.901379 -3.404163 86.107895 -0.333411 -0.335871 0.880925 0.811294 0.052220
3 41.400002 -4.400000 85.120003 -0.577169 -0.777618 0.249370 0.809400 0.047800
3 47.700001 -5.200000 82.839996 0.122979 -0.992409 -0.000755 0.833200 0.037600
horse_atlas.bmp
3 41.901379 -3.404163 86.107895 -0.333411 -0.335871 0.880925 0.811294 0.052220
3 47.700001 -5.200000 82.839996 0.122979 -0.992409 -0.000755 0.833200 0.037600
3 48.373756 -4.262742 83.622307 0.555033 -0.508870 0.658020 0.835745 0.041100
horse_atlas.bmp
3 41.400002 -4.400000 85.120003 -0.577169 -0.777618 0.249370 0.809400 0.047800
3 40.898621 -3.404163 84.132103 -0.867040 -0.356446 -0.348120 0.807506 0.043380
3 47.026241 -4.262742 82.057693 -0.368204 -0.530834 -0.763309 0.830655 0.034100
horse_atlas.bmp
3 41.400002 -4.400000 85.120003 -0.577169 -0.777618 0.249370 0.809400 0.047800
3 47.026241 -4.262742 82.057693 -0.368204 -0.530834 -0.763309 0.830655 0.034100
3 47.700001 -5.200000 82.839996 0.122979 -0.992409 -0.000755 0.833200 0.037600
horse_atlas.bmp
3 40.898621 -3.404163 84.132103 -0.867040 -0.356446 -0.348120 0.807506 0.055426
3 40.690945 -1.000000 83.722900 -0.902104 0.013376 -0.431311 0.806721 0.063600
3 46.747162 -2.000000 81.733650 -0.420719 0.001578 -0.907189 0.829600 0.060200
horse_atlas.bmp
3 40.898621 -3.404163 84.132103 -0.867040 -0.356446 -0.348120 0.807506 0.055426
3 46.747162 -2.000000 81.733650 -0.420719 0.001578 -0.907189 0.829600 0.060200
3 47.026241 -4.262742 82.057693 -0.368204 -0.530834 -0.763309 0.830655 0.052507
horse_atlas.bmp
3 40.690945 -1.000000 83.722900 -0.902104 0.013376 -0.431311 0.806721 0.063600
3 40.898621 1.404163 84.132103 -0.826969 0.405020 -0.389975 0.807506 0.071774
3 47.026241 0.262742 82.057693 -0.203697 0.497216 -0.843376 0.830655 0.067893
horse_atlas.bmp
3 40.690945 -1.000000 83.722900 -0.902104 0.013376 -0.431311 0.806721 0.063600
3 47.026241 0.262742 82.057693 -0.203697 0.497216 -0.843376 0.830655 0.067893
3 46.747162 -2.000000 81.733650 -0.420719 0.001578 -0.907189 0.829600 0.060200
horse_atlas.bmp
3 40.898621 1.404163 84.132103 -0.826969 0.405020 -0.389975 0.807506 0.043380
3 41.400002 2.400000 85.120003 -0.484642 0.853955 0.189426 0.809400 0.047800
3 47.700001 1.200000 82.839996 0.333517 0.931394 -0.145849 0.833200 0.037600
horse_atlas.bmp
3 40.898621 1.404163 84.132103 -0.826969 0.405020 -0.389975 0.807506 0.043380
3 47.700001 1.200000 82.839996 0.333517 0.931394 -0.145849 0.833200 0.037600
3 47.026241 0.262742 82.057693 -0.203697 0.497216 -0.843376 0.830655 0.034100
horse_atlas.bmp
3 47.700001 1.200000 82.839996 0.333517 0.931394 -0.145849 0.857080 0.037600
3 48.373756 0.262742 83.622307 0.660194 0.496755 0.563363 0.853893 0.041100
3 51.399387 -2.929289 79.107147 0.928970 0.290801 -0.229017 0.843040 0.220900
horse_atlas.bmp
3 47.700001 1.200000 82.839996 0.333517 0.931394 -0.145849 0.857080 0.037600
3 51.399387 -2.929289 79.107147 0.928970 0.290801 -0.229017 0.843040 0.220900
3 51.299999 -2.900000 79.040001 0.580336 0.459416 -0.672419 0.843140 0.220600
horse_atlas.bmp
3 48.373756 0.262742 83.622307 0.660194 0.496755 0.563363 0.853893 0.041100
3 48.652836 -2.000000 83.946350 0.653821 0.002333 0.756646 0.846200 0.042549
3 51.440556 -3.000000 79.134956 0.999863 -0.016268 -0.003204 0.842800 0.221025
horse_atlas.bmp
3 48.373756 0.262742 83.622307 0.660194 0.496755 0.563363 0.853893 0.041100
3 51.440556 -3.000000 79.134956 0.999863 -0.016268 -0.003204 0.842800 0.221025
3 51.399387 -2.929289 79.107147 0.928970 0.290801 -0.229017 0.843040 0.220900
horse_atlas.bmp
3 48.652836 -2.000000 83.946350 0.653821 0.002333 0.756646 0.846200 0.042549
3 48.373756 -4.262742 83.622307 0.555033 -0.508870 0.658020 0.838507 0.041100
3 51.399387 -3.070711 79.107147 0.919678 -0.347782 -0.182317 0.842560 0.220900
horse_atlas.bmp
3 48.652836 -2.000000 83.946350 0.653821 0.002333 0.756646 0.846200 0.042549
3 51.399387 -3.070711 79.107147 0.919678 -0.347782 -0.182317 0.842560 0.220900
3 51.440556 -3.000000 79.134956 0.999863 -0.016268 -0.003204 0.842800 0.221025
horse_atlas.bmp
3 48.373756 -4.262742 83.622307 0.555033 -0.508870 0.658020 0.835745 0.041100
3 47.700001 -5.200000 82.839996 0.122979 -0.992409 -0.000755 0.833200 0.037600
3 51.299999 -3.100000 79.040001 0.532908 -0.562275 -0.632342 0.846800 0.220600
horse_atlas.bmp
3 48.373756 -4.262742 83.622307 0.555033 -0.508870 0.658020 0.835745 0.041100
3 51.299999 -3.100000 79.040001 0.532908 -0.562275 -0.632342 0.846800 0.220600
3 51.399387 -3.070711 79.107147 0.919678 -0.347782 -0.182317 0.847175 0.220900
horse_atlas.bmp
3 47.700001 -5.200000 82.839996 0.122979 -0.992409 -0.000755 0.833200 0.037600
3 47.026241 -4.262742 82.057693 -0.368204 -0.530834 -0.763309 0.830655 0.034100
3 51.200611 -3.070711 78.972855 0.011178 -0.353412 -0.935401 0.846425 0.220300
horse_atlas.bmp
3 47.700001 -5.200000 82.839996 0.122979 -0.992409 -0.000755 0.833200 0.037600
3 51.200611 -3.070711 78.972855 0.011178 -0.353412 -0.935401 0.846425 0.220300
3 51.299999 -3.100000 79.040001 0.532908 -0.562275 -0.632342 0.846800 0.220600
horse_atlas.bmp
3 47.026241 -4.262742 82.057693 -0.368204 -0.530834 -0.763309 0.830655 0.052507
3 46.747162 -2.000000 81.733650 -0.420719 0.001578 -0.907189 0.829600 0.060200
3 51.159443 -3.000000 78.945045 -0.173557 -0.014455 -0.984718 0.846269 0.056800
horse_atlas.bmp
3 47.026241 -4.262742 82.057693 -0.368204 -0.530834 -0.763309 0.830655 0.052507
3 51.159443 -3.000000 78.945045 -0.173557 -0.014455 -0.984718 0.846269 0.056800
3 51.200611 -3.070711 78.972855 0.011178 -0.353412 -0.935401 0.846425 0.056560
horse_atlas.bmp
3 46.747162 -2.000000 81.733650 -0.420719 0.001578 -0.907189 0.829600 0.060200
3 47.026241 0.262742 82.057693 -0.203697 0.497216 -0.843376 0.830655 0.067893
3 51.200611 -2.929289 78.972855 0.081583 0.297429 -0.951252 0.846425 0.057040
horse_atlas.bmp
3 46.747162 -2.000000 81.733650 -0.420719 0.001578 -0.907189 0.829600 0.060200
3 51.200611 -2.929289 78.972855 0.081583 0.297429 -0.951252 0.846425 0.057040
3 51.159443 -3.000000 78.945045 -0.173557 -0.014455 -0.984718 0.846269 0.056800
horse_atlas.bmp
3 47.026241 0.262742 82.057693 -0.203697 0.497216 -0.843376 0.830655 0.034100
3 47.700001 1.200000 82.839996 0.333517 0.931394 -0.145849 0.833200 0.037600
3 51.299999 -2.900000 79.040001 0.580336 0.459416 -0.672419 0.846800 0.220600
horse_atlas.bmp
3 47.026241 0.262742 82.057693 -0.203697 0.497216 -0.843376 0.830655 0.034100
3 51.299999 -2.900000 79.040001 0.580336 0.459416 -0.672419 0.846800 0.220600
3 51.200611 -2.929289 78.972855 0.081583 0.297429 -0.951252 0.846425 0.220300
horse_atlas.bmp
3 41.400002 2.400000 85.120003 -0.484642 0.853955 0.189426 0.861160 0.047800
3 40.898621 1.404163 84.132103 -0.826969 0.405020 -0.389975 0.857774 0.043380
3 40.690945 -1.000000 83.722900 -0.902104 0.013376 -0.431311 0.849600 0.041550
horse_atlas.bmp
3 40.690945 -1.000000 83.722900 -0.902104 0.013376 -0.431311 0.849600 0.041550
3 40.898621 -3.404163 84.132103 -0.867040 -0.356446 -0.348120 0.841426 0.043380
3 41.400002 -4.400000 85.120003 -0.577169 -0.777618 0.249370 0.838040 0.047800
horse_atlas.bmp
3 41.400002 -4.400000 85.120003 -0.577169 -0.777618 0.249370 0.838040 0.047800
3 41.901379 -3.404163 86.107895 -0.333411 -0.335871 0.880925 0.841426 0.052220
3 42.109055 -1.000000 86.517097 -0.302883 0.012255 0.952949 0.849600 0.054050
horse_atlas.bmp
3 42.109055 -1.000000 86.517097 -0.302883 0.012255 0.952949 0.849600 0.054050
3 41.901379 1.404163 86.107895 -0.276717 0.399204 0.874107 0.857774 0.052220
3 41.400002 2.400000 85.120003 -0.484642 0.853955 0.189426 0.861160 0.047800
horse_atlas.bmp
3 41.400002 2.400000 85.120003 -0.484642 0.853955 0.189426 0.861160 0.047800
3 40.690945 -1.000000 83.722900 -0.902104 0.013376 -0.431311 0.849600 0.041550
3 41.400002 -4.400000 85.120003 -0.577169 -0.777618 0.249370 0.838040 0.047800
horse_atlas.bmp
3 41.400002 -4.400000 85.120003 -0.577169 -0.777618 0.249370 0.838040 0.047800
3 42.109055 -1.000000 86.517097 -0.302883 0.012255 0.952949 0.849600 0.054050
3 41.400002 2.400000 85.120003 -0.484642 0.853955 0.189426 0.861160 0.047800
horse_atlas.bmp
3 51.200611 -2.929289 78.972855 0.081583 0.297429 -0.951252 0.846425 0.057040
3 51.299999 -2.900000 79.040001 0.580336 0.459416 -0.672419 0.846800 0.057140
3 51.399387 -2.929289 79.107147 0.928970 0.290801 -0.229017 0.847175 0.057040
horse_atlas.bmp
3 51.399387 -2.929289 79.107147 0.928970 0.290801 -0.229017 0.847175 0.057040
3 51.440556 -3.000000 79.134956 0.999863 -0.016268 -0.003204 0.847331 0.056800
3 51.399387 -3.070711 79.107147 0.919678 -0.347782 -0.182317 0.847175 0.056560
horse_atlas.bmp
3 51.399387 -3.070711 79.107147 0.919678 -0.347782 -0.182317 0.847175 0.056560
3 51.299999 -3.100000 79.040001 0.532908 -0.562275 -0.632342 0.846800 0.056460
3 51.200611 -3.070711 78.972855 0.011178 -0.353412 -0.935401 0.846425 0.056560
horse_atlas.bmp
3 51.200611 -3.070711 78.972855 0.011178 -0.353412 -0.935401 0.846425 0.056560
3 51.159443 -3.000000 78.945045 -0.173557 -0.014455 -0.984718 0.846269 0.056800
3 51.200611 -2.929289 78.972855 0.081583 0.297429 -0.951252 0.846425 0.057040
horse_atlas.bmp
3 51.200611 -2.929289 78.972855 0.081583 0.297429 -0.951252 0.846425 0.057040
3 51.399387 -2.929289 79.107147 0.928970 0.290801 -0.229017 0.847175 0.057040
3 51.399387 -3.070711 79.107147 0.919678 -0.347782 -0.182317 0.847175 0.056560
horse_atlas.bmp
3 51.399387 -3.070711 79.107147 0.919678 -0.347782 -0.182317 0.847175 0.056560
3 51.200611 -3.070711 78.972855 0.011178 -0.353412 -0.935401 0.846425 0.056560
3 51.200611 -2.929289 78.972855 0.081583 0.297429 -0.951252 0.846425 0.057040
horse_atlas.bmp
4 -35.099998 3.000000 54.720001 0.543518 0.704868 0.455795 0.920400 0.111800
4 -33.931580 2.427051 53.338669 0.810509 0.581685 0.068688 0.924814 0.105620
4 -39.348011 3.478773 49.734409 0.469043 0.820163 -0.327614 0.904352 0.089496
horse_atlas.bmp
4 -35.099998 3.000000 54.720001 0.543518 0.704868 0.455795 0.920400 0.111800
4 -39.348011 3.478773 49.734409 0.469043 0.820163 -0.327614 0.904352 0.089496
4 -41.400002 4.300000 50.919998 0.018282 0.994052 0.107363 0.896600 0.094800
horse_atlas.bmp
4 -33.931580 2.427051 53.338669 0.810509 0.581685 0.068688 0.924814 0.105620
4 -33.209457 0.927051 52.484959 0.960072 0.218812 -0.174310 0.927542 0.101801
4 -38.079815 1.328773 49.001671 0.714437 0.310657 -0.626955 0.909143 0.086218
horse_atlas.bmp
4 -33.931580 2.427051 53.338669 0.810509 0.581685 0.068688 0.924814 0.105620
4 -38.079815 1.328773 49.001671 0.714437 0.310657 -0.626955 0.909143 0.086218
4 -39.348011 3.478773 49.734409 0.469043 0.820163 -0.327614 0.904352 0.089496
horse_atlas.bmp
4 -33.209457 0.927051 52.484959 0.960072 0.218812 -0.174310 0.927542 0.070152
4 -33.209457 -0.927051 52.484959 0.960072 -0.218811 -0.174310 0.927542 0.063848
4 -38.079815 -1.328773 49.001671 0.714437 -0.310657 -0.626955 0.909143 0.062482
horse_atlas.bmp
4 -33.209457 0.927051 52.484959 0.960072 0.218812 -0.174310 0.927542 0.070152
4 -38.079815 -1.328773 49.001671 0.714437 -0.310657 -0.626955 0.909143 0.062482
4 -38.079815 1.328773 49.001671 0.714437 0.310657 -0.626955 0.909143 0.071518
horse_atlas.bmp
4 -33.209457 -0.927051 52.484959 0.960072 -0.218811 -0.174310 0.927542 0.101801
4 -33.931580 -2.427051 53.338669 0.810509 -0.581685 0.068688 0.924814 0.105620
4 -39.348011 -3.478773 49.734409 0.469043 -0.820163 -0.327614 0.904352 0.089496
horse_atlas.bmp
4 -33.209457 -0.927051 52.484959 0.960072 -0.218811 -0.174310 0.927542 0.101801
4 -39.348011 -3.478773 49.734409 0.469043 -0.820163 -0.327614 0.904352 0.089496
4 -38.079815 -1.328773 49.001671 0.714437 -0.310657 -0.626955 0.909143 0.086218
horse_atlas.bmp
4 -33.931580 -2.427051 53.338669 0.810509 -0.581685 0.068688 0.924814 0.105620
4 -35.099998 -3.000000 54.720001 0.543518 -0.704868 0.455795 0.920400 0.111800
4 -41.400002 -4.300000 50.919998 0.018282 -0.994052 0.107363 0.896600 0.094800
horse_atlas.bmp
4 -33.931580 -2.427051 53.338669 0.810509 -0.581685 0.068688 0.924814 0.105620
4 -41.400002 -4.300000 50.919998 0.018282 -0.994052 0.107363 0.896600 0.094800
4 -39.348011 -3.478773 49.734409 0.469043 -0.820163 -0.327614 0.904352 0.089496
horse_atlas.bmp
4 -35.099998 -3.000000 54.720001 0.543518 -0.704868 0.455795 0.920400 0.111800
4 -36.268421 -2.427051 56.101334 0.277794 -0.541180 0.793697 0.915986 0.117980
4 -43.451988 -3.478773 52.105591 -0.438924 -0.767023 0.467996 0.888848 0.100104
horse_atlas.bmp
4 -35.099998 -3.000000 54.720001 0.543518 -0.704868 0.455795 0.920400 0.111800
4 -43.451988 -3.478773 52.105591 -0.438924 -0.767023 0.467996 0.888848 0.100104
4 -41.400002 -4.300000 50.919998 0.018282 -0.994052 0.107363 0.896600 0.094800
horse_atlas.bmp
4 -36.268421 -2.427051 56.101334 0.277794 -0.541180 0.793697 0.915986 0.058748
4 -36.990543 -0.927051 56.955040 0.122823 -0.198837 0.972306 0.913258 0.063848
4 -44.720184 -1.328773 52.838329 -0.700718 -0.281177 0.655694 0.884057 0.062482
horse_atlas.bmp
4 -36.268421 -2.427051 56.101334 0.277794 -0.541180 0.793697 0.915986 0.058748
4 -44.720184 -1.328773 52.838329 -0.700718 -0.281177 0.655694 0.884057 0.062482
4 -43.451988 -3.478773 52.105591 -0.438924 -0.767023 0.467996 0.888848 0.055172
horse_atlas.bmp
4 -36.990543 -0.927051 56.955040 0.122823 -0.198837 0.972306 0.913258 0.063848
4 -36.990543 0.927051 56.955040 0.122823 0.198837 0.972306 0.913258 0.070152
4 -44.720184 1.328773 52.838329 -0.700718 0.281177 0.655694 0.884057 0.071518
horse_atlas.bmp
4 -36.990543 -0.927051 56.955040 0.122823 -0.198837 0.972306 0.913258 0.063848
4 -44.720184 1.328773 52.838329 -0.700718 0.281177 0.655694 0.884057 0.071518
4 -44.720184 -1.328773 52.838329 -0.700718 -0.281177 0.655694 0.884057 0.062482
horse_atlas.bmp
4 -36.990543 0.927051 56.955040 0.122823 0.198837 0.972306 0.913258 0.070152
4 -36.268421 2.427051 56.101334 0.277794 0.541180 0.793697 0.915986 0.075252
4 -43.451988 3.478773 52.105591 -0.438924 0.767023 0.467996 0.888848 0.078828
horse_atlas.bmp
4 -36.990543 0.927051 56.955040 0.122823 0.198837 0.972306 0.913258 0.070152
4 -43.451988 3.478773 52.105591 -0.438924 0.767023 0.467996 0.888848 0.078828
4 -44.720184 1.328773 52.838329 -0.700718 0.281177 0.655694 0.884057 0.071518
horse_atlas.bmp
4 -36.268421 2.427051 56.101334 0.277794 0.541180 0.793697 0.915986 0.117980
4 -35.099998 3.000000 54.720001 0.543518 0.704868 0.455795 0.920400 0.111800
4 -41.400002 4.300000 50.919998 0.018282 0.994052 0.107363 0.896600 0.094800
horse_atlas.bmp
4 -36.268421 2.427051 56.101334 0.277794 0.541180 0.793697 0.915986 0.117980
4 -41.400002 4.300000 50.919998 0.018282 0.994052 0.107363 0.896600 0.094800
4 -43.451988 3.478773 52.105591 -0.438924 0.767023 0.467996 0.888848 0.100104
horse_atlas.bmp
4 -41.400002 4.300000 50.919998 0.018282 0.994052 0.107363 0.896600 0.094800
4 -39.348011 3.478773 49.734409 0.469043 0.820163 -0.327614 0.904352 0.089496
4 -44.855064 3.397871 39.576118 0.187783 0.586723 -0.787714 0.883548 0.044051
horse_atlas.bmp
4 -41.400002 4.300000 50.919998 0.018282 0.994052 0.107363 0.896600 0.094800
4 -44.855064 3.397871 39.576118 0.187783 0.586723 -0.787714 0.883548 0.044051
4 -46.799999 4.200000 40.279999 -0.236106 0.772343 -0.589695 0.876200 0.047200
horse_atlas.bmp
4 -39.348011 3.478773 49.734409 0.469043 0.820163 -0.327614 0.864828 0.089496
4 -38.079815 1.328773 49.001671 0.714437 0.310657 -0.626955 0.857518 0.086218
4 -43.653027 1.297871 39.141094 0.392346 0.205806 -0.896498 0.857413 0.042105
horse_atlas.bmp
4 -39.348011 3.478773 49.734409 0.469043 0.820163 -0.327614 0.864828 0.089496
4 -43.653027 1.297871 39.141094 0.392346 0.205806 -0.896498 0.857413 0.042105
4 -44.855064 3.397871 39.576118 0.187783 0.586723 -0.787714 0.864553 0.044051
horse_atlas.bmp
4 -38.079815 1.328773 49.001671 0.714437 0.310657 -0.626955 0.857518 0.086218
4 -38.079815 -1.328773 49.001671 0.714437 -0.310657 -0.626955 0.848482 0.086218
4 -43.653027 -1.297871 39.141094 0.392346 -0.205806 -0.896498 0.848587 0.042105
horse_atlas.bmp
4 -38.079815 1.328773 49.001671 0.714437 0.310657 -0.626955 0.857518 0.086218
4 -43.653027 -1.297871 39.141094 0.392346 -0.205806 -0.896498 0.848587 0.042105
4 -43.653027 1.297871 39.141094 0.392346 0.205806 -0.896498 0.857413 0.042105
horse_atlas.bmp
4 -38.079815 -1.328773 49.001671 0.714437 -0.310657 -0.626955 0.848482 0.086218
4 -39.348011 -3.478773 49.734409 0.469043 -0.820163 -0.327614 0.841172 0.089496
4 -44.855064 -3.397871 39.576118 0.187783 -0.586723 -0.787714 0.841447 0.044051
horse_atlas.bmp
4 -38.079815 -1.328773 49.001671 0.714437 -0.310657 -0.626955 0.848482 0.086218
4 -44.855064 -3.397871 39.576118 0.187783 -0.586723 -0.787714 0.841447 0.044051
4 -43.653027 -1.297871 39.141094 0.392346 -0.205806 -0.896498 0.848587 0.042105
horse_atlas.bmp
4 -39.348011 -3.478773 49.734409 0.469043 -0.820163 -0.327614 0.904352 0.089496
4 -41.400002 -4.300000 50.919998 0.018282 -0.994052 0.107363 0.896600 0.094800
4 -46.799999 -4.200000 40.279999 -0.236106 -0.772343 -0.589695 0.876200 0.047200
horse_atlas.bmp
4 -39.348011 -3.478773 49.734409 0.469043 -0.820163 -0.327614 0.904352 0.089496
4 -46.799999 -4.200000 40.279999 -0.236106 -0.772343 -0.589695 0.876200 0.047200
4 -44.855064 -3.397871 39.576118 0.187783 -0.586723 -0.787714 0.883548 0.044051
horse_atlas.bmp
4 -41.400002 -4.300000 50.919998 0.018282 -0.994052 0.107363 0.896600 0.094800
4 -43.451988 -3.478773 52.105591 -0.438924 -0.767023 0.467996 0.888848 0.100104
4 -48.744938 -3.397871 40.983879 -0.680506 -0.605063 -0.413292 0.868852 0.050349
horse_atlas.bmp
4 -41.400002 -4.300000 50.919998 0.018282 -0.994052 0.107363 0.896600 0.094800
4 -48.744938 -3.397871 40.983879 -0.680506 -0.605063 -0.413292 0.868852 0.050349
4 -46.799999 -4.200000 40.279999 -0.236106 -0.772343 -0.589695 0.876200 0.047200
horse_atlas.bmp
4 -43.451988 -3.478773 52.105591 -0.438924 -0.767023 0.467996 0.841172 0.100104
4 -44.720184 -1.328773 52.838329 -0.700718 -0.281177 0.655694 0.848482 0.103382
4 -49.946972 -1.297871 41.418903 -0.918813 -0.218000 -0.329026 0.848587 0.052295
horse_atlas.bmp
4 -43.451988 -3.478773 52.105591 -0.438924 -0.767023 0.467996 0.841172 0.100104
4 -49.946972 -1.297871 41.418903 -0.918813 -0.218000 -0.329026 0.848587 0.052295
4 -48.744938 -3.397871 40.983879 -0.680506 -0.605063 -0.413292 0.841447 0.050349
horse_atlas.bmp
4 -44.720184 -1.328773 52.838329 -0.700718 -0.281177 0.655694 0.848482 0.103382
4 -44.720184 1.328773 52.838329 -0.700718 0.281177 0.655694 0.857518 0.103382
4 -49.946972 1.297871 41.418903 -0.918813 0.218000 -0.329026 0.857413 0.052295
horse_atlas.bmp
4 -44.720184 -1.328773 52.838329 -0.700718 -0.281177 0.655694 0.848482 0.103382
4 -49.946972 1.297871 41.418903 -0.918813 0.218000 -0.329026 0.857413 0.052295
4 -49.946972 -1.297871 41.418903 -0.918813 -0.218000 -0.329026 0.848587 0.052295
horse_atlas.bmp
4 -44.720184 1.328773 52.838329 -0.700718 0.281177 0.655694 0.857518 0.103382
4 -43.451988 3.478773 52.105591 -0.438924 0.767023 0.467996 0.864828 0.100104
4 -48.744938 3.397871 40.983879 -0.680506 0.605063 -0.413292 0.864553 0.050349
horse_atlas.bmp
4 -44.720184 1.328773 52.838329 -0.700718 0.281177 0.655694 0.857518 0.103382
4 -48.744938 3.397871 40.983879 -0.680506 0.605063 -0.413292 0.864553 0.050349
4 -49.946972 1.297871 41.418903 -0.918813 0.218000 -0.329026 0.857413 0.052295
horse_atlas.bmp
4 -43.451988 3.478773 52.105591 -0.438924 0.767023 0.467996 0.888848 0.100104
4 -41.400002 4.300000 50.919998 0.018282 0.994052 0.107363 0.896600 0.094800
4 -46.799999 4.200000 40.279999 -0.236106 0.772343 -0.589695 0.876200 0.047200
horse_atlas.bmp
4 -43.451988 3.478773 52.105591 -0.438924 0.767023 0.467996 0.888848 0.100104
4 -46.799999 4.200000 40.279999 -0.236106 0.772343 -0.589695 0.876200 0.047200
4 -48.744938 3.397871 40.983879 -0.680506 0.605063 -0.413292 0.868852 0.050349
horse_atlas.bmp
4 -35.099998 3.000000 54.720001 0.543518 0.704868 0.455795 0.863200 0.111800
4 -36.268421 2.427051 56.101334 0.277794 0.541180 0.793697 0.861252 0.117980
4 -36.990543 0.927051 56.955040 0.122823 0.198837 0.972306 0.856152 0.121799
horse_atlas.bmp
4 -36.990543 0.927051 56.955040 0.122823 0.198837 0.972306 0.856152 0.121799
4 -36.990543 -0.927051 56.955040 0.122823 -0.198837 0.972306 0.849848 0.121799
4 -36.268421 -2.427051 56.101334 0.277794 -0.541180 0.793697 0.844748 0.117980
horse_atlas.bmp
4 -36.268421 -2.427051 56.101334 0.277794 -0.541180 0.793697 0.844748 0.117980
4 -35.099998 -3.000000 54.720001 0.543518 -0.704868 0.455795 0.842800 0.111800
4 -33.931580 -2.427051 53.338669 0.810509 -0.581685 0.068688 0.844748 0.105620
horse_atlas.bmp
4 -33.931580 -2.427051 53.338669 0.810509 -0.581685 0.068688 0.844748 0.105620
4 -33.209457 -0.927051 52.484959 0.960072 -0.218811 -0.174310 0.849848 0.101801
4 -33.209457 0.927051 52.484959 0.960072 0.218812 -0.174310 0.856152 0.101801
horse_atlas.bmp
4 -33.209457 0.927051 52.484959 0.960072 0.218812 -0.174310 0.856152 0.101801
4 -33.931580 2.427051 53.338669 0.810509 0.581685 0.068688 0.861252 0.105620
4 -35.099998 3.000000 54.720001 0.543518 0.704868 0.455795 0.863200 0.111800
horse_atlas.bmp
4 -35.099998 3.000000 54.720001 0.543518 0.704868 0.455795 0.863200 0.111800
4 -36.990543 0.927051 56.955040 0.122823 0.198837 0.972306 0.856152 0.121799
4 -36.268421 -2.427051 56.101334 0.277794 -0.541180 0.793697 0.844748 0.117980
horse_atlas.bmp
4 -36.268421 -2.427051 56.101334 0.277794 -0.541180 0.793697 0.844748 0.117980
4 -33.931580 -2.427051 53.338669 0.810509 -0.581685 0.068688 0.844748 0.105620
4 -33.209457 0.927051 52.484959 0.960072 0.218812 -0.174310 0.856152 0.101801
horse_atlas.bmp
4 -36.268421 -2.427051 56.101334 0.277794 -0.541180 0.793697 0.844748 0.117980
4 -33.209457 0.927051 52.484959 0.960072 0.218812 -0.174310 0.856152 0.101801
4 -35.099998 3.000000 54.720001 0.543518 0.704868 0.455795 0.863200 0.111800
horse_atlas.bmp
4 -48.744938 3.397871 40.983879 -0.680506 0.605063 -0.413292 0.868852 0.078553
4 -46.799999 4.200000 40.279999 -0.236106 0.772343 -0.589695 0.876200 0.081280
4 -44.855064 3.397871 39.576118 0.187783 0.586723 -0.787714 0.883548 0.078553
horse_atlas.bmp
4 -44.855064 3.397871 39.576118 0.187783 0.586723 -0.787714 0.883548 0.078553
4 -43.653027 1.297871 39.141094 0.392346 0.205806 -0.896498 0.888089 0.071413
4 -43.653027 -1.297871 39.141094 0.392346 -0.205806 -0.896498 0.888089 0.062587
horse_atlas.bmp
4 -43.653027 -1.297871 39.141094 0.392346 -0.205806 -0.896498 0.888089 0.062587
4 -44.855064 -3.397871 39.576118 0.187783 -0.586723 -0.787714 0.883548 0.055447
4 -46.799999 -4.200000 40.279999 -0.236106 -0.772343 -0.589695 0.876200 0.052720
horse_atlas.bmp
4 -46.799999 -4.200000 40.279999 -0.236106 -0.772343 -0.589695 0.876200 0.052720
4 -48.744938 -3.397871 40.983879 -0.680506 -0.605063 -0.413292 0.868852 0.055447
4 -49.946972 -1.297871 41.418903 -0.918813 -0.218000 -0.329026 0.864311 0.062587
horse_atlas.bmp
4 -49.946972 -1.297871 41.418903 -0.918813 -0.218000 -0.329026 0.864311 0.062587
4 -49.946972 1.297871 41.418903 -0.918813 0.218000 -0.329026 0.864311 0.071413
4 -48.744938 3.397871 40.983879 -0.680506 0.605063 -0.413292 0.868852 0.078553
horse_atlas.bmp
4 -48.744938 3.397871 40.983879 -0.680506 0.605063 -0.413292 0.868852 0.078553
4 -44.855064 3.397871 39.576118 0.187783 0.586723 -0.787714 0.883548 0.078553
4 -43.653027 -1.297871 39.141094 0.392346 -0.205806 -0.896498 0.888089 0.062587
horse_atlas.bmp
4 -43.653027 -1.297871 39.141094 0.392346 -0.205806 -0.896498 0.888089 0.062587
4 -46.799999 -4.200000 40.279999 -0.236106 -0.772343 -0.589695 0.876200 0.052720
4 -49.946972 -1.297871 41.418903 -0.918813 -0.218000 -0.329026 0.864311 0.062587
horse_atlas.bmp
4 -43.653027 -1.297871 39.141094 0.392346 -0.205806 -0.896498 0.888089 0.062587
4 -49.946972 -1.297871 41.418903 -0.918813 -0.218000 -0.329026 0.864311 0.062587
4 -48.744938 3.397871 40.983879 -0.680506 0.605063 -0.413292 0.868852 0.078553
horse_atlas.bmp
5 -46.799999 4.400000 40.279999 0.148689 0.761667 0.630678 0.876200 0.047200
5 -44.747154 3.559675 39.846619 0.644670 0.571489 0.507741 0.883955 0.045261
5 -47.447151 3.883281 30.726620 0.634892 0.739064 -0.225160 0.873755 0.204461
horse_atlas.bmp
5 -46.799999 4.400000 40.279999 0.148689 0.761667 0.630678 0.876200 0.047200
5 -47.447151 3.883281 30.726620 0.634892 0.739064 -0.225160 0.873755 0.204461
5 -49.500000 4.800000 31.160000 -0.007125 0.999434 -0.032878 0.866000 0.206400
horse_atlas.bmp
5 -44.747154 3.559675 39.846619 0.644670 0.571489 0.507741 0.865103 0.045261
5 -43.478420 1.359675 39.578777 0.869085 0.194272 0.454918 0.857623 0.044063
5 -46.178421 1.483282 30.458778 0.916251 0.247558 -0.314958 0.858043 0.203263
horse_atlas.bmp
5 -44.747154 3.559675 39.846619 0.644670 0.571489 0.507741 0.865103 0.045261
5 -46.178421 1.483282 30.458778 0.916251 0.247558 -0.314958 0.858043 0.203263
5 -47.447151 3.883281 30.726620 0.634892 0.739064 -0.225160 0.866203 0.204461
horse_atlas.bmp
5 -43.478420 1.359675 39.578777 0.869085 0.194272 0.454918 0.857623 0.044063
5 -43.478420 -1.359675 39.578777 0.869085 -0.194272 0.454918 0.848377 0.044063
5 -46.178421 -1.483282 30.458778 0.916251 -0.247558 -0.314958 0.847957 0.203263
horse_atlas.bmp
5 -43.478420 1.359675 39.578777 0.869085 0.194272 0.454918 0.857623 0.044063
5 -46.178421 -1.483282 30.458778 0.916251 -0.247558 -0.314958 0.847957 0.203263
5 -46.178421 1.483282 30.458778 0.916251 0.247558 -0.314958 0.858043 0.203263
horse_atlas.bmp
5 -43.478420 -1.359675 39.578777 0.869085 -0.194272 0.454918 0.848377 0.044063
5 -44.747154 -3.559675 39.846619 0.644670 -0.571488 0.507741 0.840897 0.045261
5 -47.447151 -3.883281 30.726620 0.634892 -0.739064 -0.225160 0.839797 0.204461
horse_atlas.bmp
5 -43.478420 -1.359675 39.578777 0.869085 -0.194272 0.454918 0.848377 0.044063
5 -47.447151 -3.883281 30.726620 0.634892 -0.739064 -0.225160 0.839797 0.204461
5 -46.178421 -1.483282 30.458778 0.916251 -0.247558 -0.314958 0.847957 0.203263
horse_atlas.bmp
5 -44.747154 -3.559675 39.846619 0.644670 -0.571488 0.507741 0.883955 0.045261
5 -46.799999 -4.400000 40.279999 0.148689 -0.761667 0.630678 0.876200 0.047200
5 -49.500000 -4.800000 31.160000 -0.007125 -0.999434 -0.032878 0.866000 0.206400
horse_atlas.bmp
5 -44.747154 -3.559675 39.846619 0.644670 -0.571488 0.507741 0.883955 0.045261
5 -49.500000 -4.800000 31.160000 -0.007125 -0.999434 -0.032878 0.866000 0.206400
5 -47.447151 -3.883281 30.726620 0.634892 -0.739064 -0.225160 0.873755 0.204461
horse_atlas.bmp
5 -46.799999 -4.400000 40.279999 0.148689 -0.761667 0.630678 0.876200 0.047200
5 -48.852848 -3.559675 40.713379 -0.339937 -0.558527 0.756631 0.868445 0.049139
5 -51.552849 -3.883281 31.593380 -0.653621 -0.741074 0.153588 0.858245 0.208339
horse_atlas.bmp
5 -46.799999 -4.400000 40.279999 0.148689 -0.761667 0.630678 0.876200 0.047200
5 -51.552849 -3.883281 31.593380 -0.653621 -0.741074 0.153588 0.858245 0.208339
5 -49.500000 -4.800000 31.160000 -0.007125 -0.999434 -0.032878 0.866000 0.206400
horse_atlas.bmp
5 -48.852848 -3.559675 40.713379 -0.339937 -0.558527 0.756631 0.840897 0.049139
5 -50.121578 -1.359675 40.981224 -0.550700 -0.186538 0.813593 0.848377 0.050337
5 -52.821579 -1.483282 31.861221 -0.940319 -0.248528 0.232453 0.847957 0.209537
horse_atlas.bmp
5 -48.852848 -3.559675 40.713379 -0.339937 -0.558527 0.756631 0.840897 0.049139
5 -52.821579 -1.483282 31.861221 -0.940319 -0.248528 0.232453 0.847957 0.209537
5 -51.552849 -3.883281 31.593380 -0.653621 -0.741074 0.153588 0.839797 0.208339
horse_atlas.bmp
5 -50.121578 -1.359675 40.981224 -0.550700 -0.186538 0.813593 0.848377 0.050337
5 -50.121578 1.359675 40.981224 -0.550700 0.186538 0.813593 0.857623 0.050337
5 -52.821579 1.483282 31.861221 -0.940319 0.248528 0.232453 0.858043 0.209537
horse_atlas.bmp
5 -50.121578 -1.359675 40.981224 -0.550700 -0.186538 0.813593 0.848377 0.050337
5 -52.821579 1.483282 31.861221 -0.940319 0.248528 0.232453 0.858043 0.209537
5 -52.821579 -1.483282 31.861221 -0.940319 -0.248528 0.232453 0.847957 0.209537
horse_atlas.bmp
5 -50.121578 1.359675 40.981224 -0.550700 0.186538 0.813593 0.857623 0.050337
5 -48.852848 3.559675 40.713379 -0.339937 0.558527 0.756631 0.865103 0.049139
5 -51.552849 3.883281 31.593380 -0.653621 0.741074 0.153588 0.866203 0.208339
horse_atlas.bmp
5 -50.121578 1.359675 40.981224 -0.550700 0.186538 0.813593 0.857623 0.050337
5 -51.552849 3.883281 31.593380 -0.653621 0.741074 0.153588 0.866203 0.208339
5 -52.821579 1.483282 31.861221 -0.940319 0.248528 0.232453 0.858043 0.209537
horse_atlas.bmp
5 -48.852848 3.559675 40.713379 -0.339937 0.558527 0.756631 0.868445 0.049139
5 -46.799999 4.400000 40.279999 0.148689 0.761667 0.630678 0.876200 0.047200
5 -49.500000 4.800000 31.160000 -0.007125 0.999434 -0.032878 0.866000 0.206400
horse_atlas.bmp
5 -48.852848 3.559675 40.713379 -0.339937 0.558527 0.756631 0.868445 0.049139
5 -49.500000 4.800000 31.160000 -0.007125 0.999434 -0.032878 0.866000 0.206400
5 -51.552849 3.883281 31.593380 -0.653621 0.741074 0.153588 0.858245 0.208339
horse_atlas.bmp
5 -49.500000 4.800000 31.160000 -0.007125 0.999434 -0.032878 0.866000 0.206400
5 -47.447151 3.883281 30.726620 0.634892 0.739064 -0.225160 0.873755 0.204461
5 -50.665234 3.074265 21.698940 0.543898 0.715692 -0.438131 0.861598 0.164074
horse_atlas.bmp
5 -49.500000 4.800000 31.160000 -0.007125 0.999434 -0.032878 0.866000 0.206400
5 -50.665234 3.074265 21.698940 0.543898 0.715692 -0.438131 0.861598 0.164074
5 -52.200001 3.800000 22.040001 -0.066799 0.955733 -0.286551 0.855800 0.165600
horse_atlas.bmp
5 -47.447151 3.883281 30.726620 0.634892 0.739064 -0.225160 0.866203 0.204461
5 -46.178421 1.483282 30.458778 0.916251 0.247558 -0.314958 0.858043 0.203263
5 -49.716694 1.174265 21.488155 0.842239 0.247430 -0.478970 0.856992 0.163131
horse_atlas.bmp
5 -47.447151 3.883281 30.726620 0.634892 0.739064 -0.225160 0.866203 0.204461
5 -49.716694 1.174265 21.488155 0.842239 0.247430 -0.478970 0.856992 0.163131
5 -50.665234 3.074265 21.698940 0.543898 0.715692 -0.438131 0.863452 0.164074
horse_atlas.bmp
5 -46.178421 1.483282 30.458778 0.916251 0.247558 -0.314958 0.858043 0.203263
5 -46.178421 -1.483282 30.458778 0.916251 -0.247558 -0.314958 0.847957 0.203263
5 -49.716694 -1.174265 21.488155 0.842239 -0.247430 -0.478970 0.849007 0.163131
horse_atlas.bmp
5 -46.178421 1.483282 30.458778 0.916251 0.247558 -0.314958 0.858043 0.203263
5 -49.716694 -1.174265 21.488155 0.842239 -0.247430 -0.478970 0.849007 0.163131
5 -49.716694 1.174265 21.488155 0.842239 0.247430 -0.478970 0.856992 0.163131
horse_atlas.bmp
5 -46.178421 -1.483282 30.458778 0.916251 -0.247558 -0.314958 0.847957 0.203263
5 -47.447151 -3.883281 30.726620 0.634892 -0.739064 -0.225160 0.839797 0.204461
5 -50.665234 -3.074265 21.698940 0.543898 -0.715692 -0.438131 0.842547 0.164074
horse_atlas.bmp
5 -46.178421 -1.483282 30.458778 0.916251 -0.247558 -0.314958 0.847957 0.203263
5 -50.665234 -3.074265 21.698940 0.543898 -0.715692 -0.438131 0.842547 0.164074
5 -49.716694 -1.174265 21.488155 0.842239 -0.247430 -0.478970 0.849007 0.163131
horse_atlas.bmp
5 -47.447151 -3.883281 30.726620 0.634892 -0.739064 -0.225160 0.873755 0.204461
5 -49.500000 -4.800000 31.160000 -0.007125 -0.999434 -0.032878 0.866000 0.206400
5 -52.200001 -3.800000 22.040001 -0.066799 -0.955733 -0.286552 0.855800 0.165600
horse_atlas.bmp
5 -47.447151 -3.883281 30.726620 0.634892 -0.739064 -0.225160 0.873755 0.204461
5 -52.200001 -3.800000 22.040001 -0.066799 -0.955733 -0.286552 0.855800 0.165600
5 -50.665234 -3.074265 21.698940 0.543898 -0.715692 -0.438131 0.861598 0.164074
horse_atlas.bmp
5 -49.500000 -4.800000 31.160000 -0.007125 -0.999434 -0.032878 0.866000 0.206400
5 -51.552849 -3.883281 31.593380 -0.653621 -0.741074 0.153588 0.858245 0.208339
5 -53.734764 -3.074265 22.381060 -0.673691 -0.735270 -0.074291 0.850002 0.167126
horse_atlas.bmp
5 -49.500000 -4.800000 31.160000 -0.007125 -0.999434 -0.032878 0.866000 0.206400
5 -53.734764 -3.074265 22.381060 -0.673691 -0.735270 -0.074291 0.850002 0.167126
5 -52.200001 -3.800000 22.040001 -0.066799 -0.955733 -0.286552 0.855800 0.165600
horse_atlas.bmp
5 -51.552849 -3.883281 31.593380 -0.653621 -0.741074 0.153588 0.839797 0.208339
5 -52.821579 -1.483282 31.861221 -0.940319 -0.248528 0.232453 0.847957 0.209537
5 -54.683304 -1.174265 22.591845 -0.963145 -0.258163 0.075522 0.849007 0.168069
horse_atlas.bmp
5 -51.552849 -3.883281 31.593380 -0.653621 -0.741074 0.153588 0.839797 0.208339
5 -54.683304 -1.174265 22.591845 -0.963145 -0.258163 0.075522 0.849007 0.168069
5 -53.734764 -3.074265 22.381060 -0.673691 -0.735270 -0.074291 0.842547 0.167126
horse_atlas.bmp
5 -52.821579 -1.483282 31.861221 -0.940319 -0.248528 0.232453 0.847957 0.209537
5 -52.821579 1.483282 31.861221 -0.940319 0.248528 0.232453 0.858043 0.209537
5 -54.683304 1.174265 22.591845 -0.963145 0.258163 0.075522 0.856992 0.168069
horse_atlas.bmp
5 -52.821579 -1.483282 31.861221 -0.940319 -0.248528 0.232453 0.847957 0.209537
5 -54.683304 1.174265 22.591845 -0.963145 0.258163 0.075522 0.856992 0.168069
5 -54.683304 -1.174265 22.591845 -0.963145 -0.258163 0.075522 0.849007 0.168069
horse_atlas.bmp
5 -52.821579 1.483282 31.861221 -0.940319 0.248528 0.232453 0.858043 0.209537
5 -51.552849 3.883281 31.593380 -0.653621 0.741074 0.153588 0.866203 0.208339
5 -53.734764 3.074265 22.381060 -0.673691 0.735270 -0.074291 0.863452 0.167126
horse_atlas.bmp
5 -52.821579 1.483282 31.861221 -0.940319 0.248528 0.232453 0.858043 0.209537
5 -53.734764 3.074265 22.381060 -0.673691 0.735270 -0.074291 0.863452 0.167126
5 -54.683304 1.174265 22.591845 -0.963145 0.258163 0.075522 0.856992 0.168069
horse_atlas.bmp
5 -51.552849 3.883281 31.593380 -0.653621 0.741074 0.153588 0.858245 0.208339
5 -49.500000 4.800000 31.160000 -0.007125 0.999434 -0.032878 0.866000 0.206400
5 -52.200001 3.800000 22.040001 -0.066799 0.955733 -0.286551 0.855800 0.165600
horse_atlas.bmp
5 -51.552849 3.883281 31.593380 -0.653621 0.741074 0.153588 0.858245 0.208339
5 -52.200001 3.800000 22.040001 -0.066799 0.955733 -0.286551 0.855800 0.165600
5 -53.734764 3.074265 22.381060 -0.673691 0.735270 -0.074291 0.850002 0.167126
horse_atlas.bmp
5 -52.200001 3.800000 22.040001 -0.066799 0.955733 -0.286551 0.855800 0.165600
5 -50.665234 3.074265 21.698940 0.543898 0.715692 -0.438131 0.861598 0.164074
5 -53.491348 0.404509 16.597279 0.159005 0.428133 -0.889618 0.850922 0.141251
horse_atlas.bmp
5 -52.200001 3.800000 22.040001 -0.066799 0.955733 -0.286551 0.855800 0.165600
5 -53.491348 0.404509 16.597279 0.159005 0.428133 -0.889618 0.850922 0.141251
5 -54.000000 0.500000 16.719999 -0.206812 0.533365 -0.820214 0.849000 0.141800
horse_atlas.bmp
5 -50.665234 3.074265 21.698940 0.543898 0.715692 -0.438131 0.863452 0.164074
5 -49.716694 1.174265 21.488155 0.842239 0.247430 -0.478970 0.856992 0.163131
5 -53.176983 0.154509 16.521431 0.435789 0.172920 -0.883281 0.853525 0.140912
horse_atlas.bmp
5 -50.665234 3.074265 21.698940 0.543898 0.715692 -0.438131 0.863452 0.164074
5 -53.176983 0.154509 16.521431 0.435789 0.172920 -0.883281 0.853525 0.140912
5 -53.491348 0.404509 16.597279 0.159005 0.428133 -0.889618 0.854375 0.141251
horse_atlas.bmp
5 -49.716694 1.174265 21.488155 0.842239 0.247430 -0.478970 0.856992 0.163131
5 -49.716694 -1.174265 21.488155 0.842239 -0.247430 -0.478970 0.849007 0.163131
5 -53.176983 -0.154509 16.521431 0.435789 -0.172920 -0.883282 0.852475 0.140912
horse_atlas.bmp
5 -49.716694 1.174265 21.488155 0.842239 0.247430 -0.478970 0.856992 0.163131
5 -53.176983 -0.154509 16.521431 0.435789 -0.172920 -0.883282 0.852475 0.140912
5 -53.176983 0.154509 16.521431 0.435789 0.172920 -0.883281 0.853525 0.140912
horse_atlas.bmp
5 -49.716694 -1.174265 21.488155 0.842239 -0.247430 -0.478970 0.849007 0.163131
5 -50.665234 -3.074265 21.698940 0.543898 -0.715692 -0.438131 0.842547 0.164074
5 -53.491348 -0.404509 16.597279 0.159005 -0.428132 -0.889618 0.851625 0.141251
horse_atlas.bmp
5 -49.716694 -1.174265 21.488155 0.842239 -0.247430 -0.478970 0.849007 0.163131
5 -53.491348 -0.404509 16.597279 0.159005 -0.428132 -0.889618 0.851625 0.141251
5 -53.176983 -0.154509 16.521431 0.435789 -0.172920 -0.883282 0.852475 0.140912
horse_atlas.bmp
5 -50.665234 -3.074265 21.698940 0.543898 -0.715692 -0.438131 0.861598 0.164074
5 -52.200001 -3.800000 22.040001 -0.066799 -0.955733 -0.286552 0.855800 0.165600
5 -54.000000 -0.500000 16.719999 -0.206812 -0.533364 -0.820215 0.849000 0.141800
horse_atlas.bmp
5 -50.665234 -3.074265 21.698940 0.543898 -0.715692 -0.438131 0.861598 0.164074
5 -54.000000 -0.500000 16.719999 -0.206812 -0.533364 -0.820215 0.849000 0.141800
5 -53.491348 -0.404509 16.597279 0.159005 -0.428132 -0.889618 0.850922 0.141251
horse_atlas.bmp
5 -52.200001 -3.800000 22.040001 -0.066799 -0.955733 -0.286552 0.855800 0.165600
5 -53.734764 -3.074265 22.381060 -0.673691 -0.735270 -0.074291 0.850002 0.167126
5 -54.508652 -0.404509 16.842722 -0.576622 -0.450121 -0.681834 0.847078 0.142349
horse_atlas.bmp
5 -52.200001 -3.800000 22.040001 -0.066799 -0.955733 -0.286552 0.855800 0.165600
5 -54.508652 -0.404509 16.842722 -0.576622 -0.450121 -0.681834 0.847078 0.142349
5 -54.000000 -0.500000 16.719999 -0.206812 -0.533364 -0.820215 0.849000 0.141800
horse_atlas.bmp
5 -53.734764 -3.074265 22.381060 -0.673691 -0.735270 -0.074291 0.842547 0.167126
5 -54.683304 -1.174265 22.591845 -0.963145 -0.258163 0.075522 0.849007 0.168069
5 -54.823017 -0.154509 16.918570 -0.836028 -0.183154 -0.517215 0.852475 0.142688
horse_atlas.bmp
5 -53.734764 -3.074265 22.381060 -0.673691 -0.735270 -0.074291 0.842547 0.167126
5 -54.823017 -0.154509 16.918570 -0.836028 -0.183154 -0.517215 0.852475 0.142688
5 -54.508652 -0.404509 16.842722 -0.576622 -0.450121 -0.681834 0.851625 0.142349
horse_atlas.bmp
5 -54.683304 -1.174265 22.591845 -0.963145 -0.258163 0.075522 0.849007 0.168069
5 -54.683304 1.174265 22.591845 -0.963145 0.258163 0.075522 0.856992 0.168069
5 -54.823017 0.154509 16.918570 -0.836028 0.183155 -0.517215 0.853525 0.142688
horse_atlas.bmp
5 -54.683304 -1.174265 22.591845 -0.963145 -0.258163 0.075522 0.849007 0.168069
5 -54.823017 0.154509 16.918570 -0.836028 0.183155 -0.517215 0.853525 0.142688
5 -54.823017 -0.154509 16.918570 -0.836028 -0.183154 -0.517215 0.852475 0.142688
horse_atlas.bmp
5 -54.683304 1.174265 22.591845 -0.963145 0.258163 0.075522 0.856992 0.168069
5 -53.734764 3.074265 22.381060 -0.673691 0.735270 -0.074291 0.863452 0.167126
5 -54.508652 0.404509 16.842722 -0.576622 0.450122 -0.681834 0.854375 0.142349
horse_atlas.bmp
5 -54.683304 1.174265 22.591845 -0.963145 0.258163 0.075522 0.856992 0.168069
5 -54.508652 0.404509 16.842722 -0.576622 0.450122 -0.681834 0.854375 0.142349
5 -54.823017 0.154509 16.918570 -0.836028 0.183155 -0.517215 0.853525 0.142688
horse_atlas.bmp
5 -53.734764 3.074265 22.381060 -0.673691 0.735270 -0.074291 0.850002 0.167126
5 -52.200001 3.800000 22.040001 -0.066799 0.955733 -0.286551 0.855800 0.165600
5 -54.000000 0.500000 16.719999 -0.206812 0.533365 -0.820214 0.849000 0.141800
horse_atlas.bmp
5 -53.734764 3.074265 22.381060 -0.673691 0.735270 -0.074291 0.850002 0.167126
5 -54.000000 0.500000 16.719999 -0.206812 0.533365 -0.820214 0.849000 0.141800
5 -54.508652 0.404509 16.842722 -0.576622 0.450122 -0.681834 0.847078 0.142349
horse_atlas.bmp
5 -46.799999 4.400000 40.279999 0.148689 0.761667 0.630678 0.876200 0.081960
5 -48.852848 3.559675 40.713379 -0.339937 0.558527 0.756631 0.868445 0.079103
5 -50.121578 1.359675 40.981224 -0.550700 0.186538 0.813593 0.863652 0.071623
horse_atlas.bmp
5 -50.121578 1.359675 40.981224 -0.550700 0.186538 0.813593 0.863652 0.071623
5 -50.121578 -1.359675 40.981224 -0.550700 -0.186538 0.813593 0.863652 0.062377
5 -48.852848 -3.559675 40.713379 -0.339937 -0.558527 0.756631 0.868445 0.054897
horse_atlas.bmp
5 -48.852848 -3.559675 40.713379 -0.339937 -0.558527 0.756631 0.868445 0.054897
5 -46.799999 -4.400000 40.279999 0.148689 -0.761667 0.630678 0.876200 0.052040
5 -44.747154 -3.559675 39.846619 0.644670 -0.571488 0.507741 0.883955 0.054897
horse_atlas.bmp
5 -44.747154 -3.559675 39.846619 0.644670 -0.571488 0.507741 0.883955 0.054897
5 -43.478420 -1.359675 39.578777 0.869085 -0.194272 0.454918 0.888748 0.062377
5 -43.478420 1.359675 39.578777 0.869085 0.194272 0.454918 0.888748 0.071623
horse_atlas.bmp
5 -43.478420 1.359675 39.578777 0.869085 0.194272 0.454918 0.888748 0.071623
5 -44.747154 3.559675 39.846619 0.644670 0.571489 0.507741 0.883955 0.079103
5 -46.799999 4.400000 40.279999 0.148689 0.761667 0.630678 0.876200 0.081960
horse_atlas.bmp
5 -46.799999 4.400000 40.279999 0.148689 0.761667 0.630678 0.876200 0.081960
5 -50.121578 1.359675 40.981224 -0.550700 0.186538 0.813593 0.863652 0.071623
5 -48.852848 -3.559675 40.713379 -0.339937 -0.558527 0.756631 0.868445 0.054897
horse_atlas.bmp
5 -48.852848 -3.559675 40.713379 -0.339937 -0.558527 0.756631 0.868445 0.054897
5 -44.747154 -3.559675 39.846619 0.644670 -0.571488 0.507741 0.883955 0.054897
5 -43.478420 1.359675 39.578777 0.869085 0.194272 0.454918 0.888748 0.071623
horse_atlas.bmp
5 -48.852848 -3.559675 40.713379 -0.339937 -0.558527 0.756631 0.868445 0.054897
5 -43.478420 1.359675 39.578777 0.869085 0.194272 0.454918 0.888748 0.071623
5 -46.799999 4.400000 40.279999 0.148689 0.761667 0.630678 0.876200 0.081960
horse_atlas.bmp
5 -54.508652 0.404509 16.842722 -0.576622 0.450122 -0.681834 0.847078 0.068375
5 -54.000000 0.500000 16.719999 -0.206812 0.533365 -0.820214 0.849000 0.068700
5 -53.491348 0.404509 16.597279 0.159005 0.428133 -0.889618 0.850922 0.068375
horse_atlas.bmp
5 -53.491348 0.404509 16.597279 0.159005 0.428133 -0.889618 0.850922 0.068375
5 -53.176983 0.154509 16.521431 0.435789 0.172920 -0.883281 0.852109 0.067525
5 -53.176983 -0.154509 16.521431 0.435789 -0.172920 -0.883282 0.852109 0.066475
horse_atlas.bmp
5 -53.176983 -0.154509 16.521431 0.435789 -0.172920 -0.883282 0.852109 0.066475
5 -53.491348 -0.404509 16.597279 0.159005 -0.428132 -0.889618 0.850922 0.065625
5 -54.000000 -0.500000 16.719999 -0.206812 -0.533364 -0.820215 0.849000 0.065300
horse_atlas.bmp
5 -54.000000 -0.500000 16.719999 -0.206812 -0.533364 -0.820215 0.849000 0.065300
5 -54.508652 -0.404509 16.842722 -0.576622 -0.450121 -0.681834 0.847078 0.065625
5 -54.823017 -0.154509 16.918570 -0.836028 -0.183154 -0.517215 0.845891 0.066475
horse_atlas.bmp
5 -54.823017 -0.154509 16.918570 -0.836028 -0.183154 -0.517215 0.845891 0.066475
5 -54.823017 0.154509 16.918570 -0.836028 0.183155 -0.517215 0.845891 0.067525
5 -54.508652 0.404509 16.842722 -0.576622 0.450122 -0.681834 0.847078 0.068375
horse_atlas.bmp
5 -54.508652 0.404509 16.842722 -0.576622 0.450122 -0.681834 0.847078 0.068375
5 -53.491348 0.404509 16.597279 0.159005 0.428133 -0.889618 0.850922 0.068375
5 -53.176983 -0.154509 16.521431 0.435789 -0.172920 -0.883282 0.852109 0.066475
horse_atlas.bmp
5 -53.176983 -0.154509 16.521431 0.435789 -0.172920 -0.883282 0.852109 0.066475
5 -54.000000 -0.500000 16.719999 -0.206812 -0.533364 -0.820215 0.849000 0.065300
5 -54.823017 -0.154509 16.918570 -0.836028 -0.183154 -0.517215 0.845891 0.066475
horse_atlas.bmp
5 -53.176983 -0.154509 16.521431 0.435789 -0.172920 -0.883282 0.852109 0.066475
5 -54.823017 -0.154509 16.918570 -0.836028 -0.183154 -0.517215 0.845891 0.066475
5 -54.508652 0.404509 16.842722 -0.576622 0.450122 -0.681834 0.847078 0.068375
horse_atlas.bmp
6 21.600000 -7.100000 47.119999 0.026126 0.791291 0.610881 0.106600 0.035800
6 26.177326 -8.828070 46.944305 0.571044 0.581314 0.579641 0.123892 0.035014
6 25.224594 -9.245263 37.765873 0.674525 0.716112 -0.179440 0.120293 0.193953
horse_atlas.bmp
6 21.600000 -7.100000 47.119999 0.026126 0.791291 0.610881 0.106600 0.035800
6 25.224594 -9.245263 37.765873 0.674525 0.716112 -0.179440 0.120293 0.193953
6 21.105001 -7.690000 37.924000 -0.005306 0.991319 -0.131367 0.104730 0.194660
horse_atlas.bmp
6 26.177326 -8.828070 46.944305 0.571044 0.581314 0.579641 0.194985 0.035014
6 28.073317 -13.000000 46.871529 0.827821 -0.000000 0.560992 0.180800 0.034688
6 26.930984 -13.000000 37.700378 0.978300 0.000000 -0.207193 0.180800 0.193660
horse_atlas.bmp
6 26.177326 -8.828070 46.944305 0.571044 0.581314 0.579641 0.194985 0.035014
6 26.930984 -13.000000 37.700378 0.978300 0.000000 -0.207193 0.180800 0.193660
6 25.224594 -9.245263 37.765873 0.674525 0.716112 -0.179440 0.193566 0.193953
horse_atlas.bmp
6 28.073317 -13.000000 46.871529 0.827821 -0.000000 0.560992 0.180800 0.034688
6 26.177326 -17.171930 46.944305 0.571044 -0.581314 0.579641 0.166615 0.035014
6 25.224594 -16.754738 37.765873 0.674525 -0.716112 -0.179440 0.168034 0.193953
horse_atlas.bmp
6 28.073317 -13.000000 46.871529 0.827821 -0.000000 0.560992 0.180800 0.034688
6 25.224594 -16.754738 37.765873 0.674525 -0.716112 -0.179440 0.168034 0.193953
6 26.930984 -13.000000 37.700378 0.978300 0.000000 -0.207193 0.180800 0.193660
horse_atlas.bmp
6 26.177326 -17.171930 46.944305 0.571044 -0.581314 0.579641 0.123892 0.035014
6 21.600000 -18.900000 47.119999 0.026126 -0.791291 0.610881 0.106600 0.035800
6 21.105001 -18.309999 37.924000 -0.005306 -0.991320 -0.131367 0.104730 0.194660
horse_atlas.bmp
6 26.177326 -17.171930 46.944305 0.571044 -0.581314 0.579641 0.123892 0.035014
6 21.105001 -18.309999 37.924000 -0.005306 -0.991320 -0.131367 0.104730 0.194660
6 25.224594 -16.754738 37.765873 0.674525 -0.716112 -0.179440 0.120293 0.193953
horse_atlas.bmp
6 21.600000 -18.900000 47.119999 0.026126 -0.791291 0.610881 0.106600 0.035800
6 17.022673 -17.171930 47.295696 -0.517388 -0.579778 0.629418 0.089308 0.036586
6 16.985407 -16.754738 38.082127 -0.688032 -0.717757 -0.106942 0.089167 0.195367
horse_atlas.bmp
6 21.600000 -18.900000 47.119999 0.026126 -0.791291 0.610881 0.106600 0.035800
6 16.985407 -16.754738 38.082127 -0.688032 -0.717757 -0.106942 0.089167 0.195367
6 21.105001 -18.309999 37.924000 -0.005306 -0.991320 -0.131367 0.104730 0.194660
horse_atlas.bmp
6 17.022673 -17.171930 47.295696 -0.517388 -0.579778 0.629418 0.166615 0.036586
6 15.126684 -13.000000 47.368469 -0.773240 0.000000 0.634114 0.180800 0.036912
6 15.279016 -13.000000 38.147625 -0.994721 -0.000000 -0.102616 0.180800 0.195660
horse_atlas.bmp
6 17.022673 -17.171930 47.295696 -0.517388 -0.579778 0.629418 0.166615 0.036586
6 15.279016 -13.000000 38.147625 -0.994721 -0.000000 -0.102616 0.180800 0.195660
6 16.985407 -16.754738 38.082127 -0.688032 -0.717757 -0.106942 0.168034 0.195367
horse_atlas.bmp
6 15.126684 -13.000000 47.368469 -0.773240 0.000000 0.634114 0.180800 0.036912
6 17.022673 -8.828070 47.295696 -0.517388 0.579778 0.629418 0.194985 0.036586
6 16.985407 -9.245263 38.082127 -0.688033 0.717757 -0.106942 0.193566 0.195367
horse_atlas.bmp
6 15.126684 -13.000000 47.368469 -0.773240 0.000000 0.634114 0.180800 0.036912
6 16.985407 -9.245263 38.082127 -0.688033 0.717757 -0.106942 0.193566 0.195367
6 15.279016 -13.000000 38.147625 -0.994721 -0.000000 -0.102616 0.180800 0.195660
horse_atlas.bmp
6 17.022673 -8.828070 47.295696 -0.517388 0.579778 0.629418 0.089308 0.036586
6 21.600000 -7.100000 47.119999 0.026126 0.791291 0.610881 0.106600 0.035800
6 21.105001 -7.690000 37.924000 -0.005306 0.991319 -0.131367 0.104730 0.194660
horse_atlas.bmp
6 17.022673 -8.828070 47.295696 -0.517388 0.579778 0.629418 0.089308 0.036586
6 21.105001 -7.690000 37.924000 -0.005306 0.991319 -0.131367 0.104730 0.194660
6 16.985407 -9.245263 38.082127 -0.688033 0.717757 -0.106942 0.089167 0.195367
horse_atlas.bmp
6 21.105001 -7.690000 37.924000 -0.005306 0.991319 -0.131367 0.104730 0.194660
6 25.224594 -9.245263 37.765873 0.674525 0.716112 -0.179440 0.120293 0.193953
6 23.433680 -10.312994 30.295071 0.448718 0.509848 -0.733967 0.113527 0.160531
horse_atlas.bmp
6 21.105001 -7.690000 37.924000 -0.005306 0.991319 -0.131367 0.104730 0.194660
6 23.433680 -10.312994 30.295071 0.448718 0.509848 -0.733967 0.113527 0.160531
6 20.700001 -9.200000 30.400000 -0.029675 0.709343 -0.704239 0.103200 0.161000
horse_atlas.bmp
6 25.224594 -9.245263 37.765873 0.674525 0.716112 -0.179440 0.193566 0.193953
6 26.930984 -13.000000 37.700378 0.978300 0.000000 -0.207193 0.180800 0.193660
6 24.566008 -13.000000 30.251610 0.659041 0.000000 -0.752107 0.180800 0.160336
horse_atlas.bmp
6 25.224594 -9.245263 37.765873 0.674525 0.716112 -0.179440 0.193566 0.193953
6 24.566008 -13.000000 30.251610 0.659041 0.000000 -0.752107 0.180800 0.160336
6 23.433680 -10.312994 30.295071 0.448718 0.509848 -0.733967 0.189936 0.160531
horse_atlas.bmp
6 26.930984 -13.000000 37.700378 0.978300 0.000000 -0.207193 0.180800 0.193660
6 25.224594 -16.754738 37.765873 0.674525 -0.716112 -0.179440 0.168034 0.193953
6 23.433680 -15.687006 30.295071 0.448719 -0.509848 -0.733966 0.171664 0.160531
horse_atlas.bmp
6 26.930984 -13.000000 37.700378 0.978300 0.000000 -0.207193 0.180800 0.193660
6 23.433680 -15.687006 30.295071 0.448719 -0.509848 -0.733966 0.171664 0.160531
6 24.566008 -13.000000 30.251610 0.659041 0.000000 -0.752107 0.180800 0.160336
horse_atlas.bmp
6 25.224594 -16.754738 37.765873 0.674525 -0.716112 -0.179440 0.120293 0.193953
6 21.105001 -18.309999 37.924000 -0.005306 -0.991320 -0.131367 0.104730 0.194660
6 20.700001 -16.799999 30.400000 -0.029675 -0.709343 -0.704239 0.103200 0.161000
horse_atlas.bmp
6 25.224594 -16.754738 37.765873 0.674525 -0.716112 -0.179440 0.120293 0.193953
6 20.700001 -16.799999 30.400000 -0.029675 -0.709343 -0.704239 0.103200 0.161000
6 23.433680 -15.687006 30.295071 0.448719 -0.509848 -0.733966 0.113527 0.160531
horse_atlas.bmp
6 21.105001 -18.309999 37.924000 -0.005306 -0.991320 -0.131367 0.104730 0.194660
6 16.985407 -16.754738 38.082127 -0.688032 -0.717757 -0.106942 0.089167 0.195367
6 17.966320 -15.687006 30.504930 -0.511193 -0.512280 -0.690110 0.092873 0.161469
horse_atlas.bmp
6 21.105001 -18.309999 37.924000 -0.005306 -0.991320 -0.131367 0.104730 0.194660
6 17.966320 -15.687006 30.504930 -0.511193 -0.512280 -0.690110 0.092873 0.161469
6 20.700001 -16.799999 30.400000 -0.029675 -0.709343 -0.704239 0.103200 0.161000
horse_atlas.bmp
6 16.985407 -16.754738 38.082127 -0.688032 -0.717757 -0.106942 0.168034 0.195367
6 15.279016 -13.000000 38.147625 -0.994721 -0.000000 -0.102616 0.180800 0.195660
6 16.833992 -13.000000 30.548391 -0.724933 -0.000000 -0.688819 0.180800 0.161664
horse_atlas.bmp
6 16.985407 -16.754738 38.082127 -0.688032 -0.717757 -0.106942 0.168034 0.195367
6 16.833992 -13.000000 30.548391 -0.724933 -0.000000 -0.688819 0.180800 0.161664
6 17.966320 -15.687006 30.504930 -0.511193 -0.512280 -0.690110 0.171664 0.161469
horse_atlas.bmp
6 15.279016 -13.000000 38.147625 -0.994721 -0.000000 -0.102616 0.180800 0.195660
6 16.985407 -9.245263 38.082127 -0.688033 0.717757 -0.106942 0.193566 0.195367
6 17.966320 -10.312994 30.504930 -0.511193 0.512280 -0.690110 0.189936 0.161469
horse_atlas.bmp
6 15.279016 -13.000000 38.147625 -0.994721 -0.000000 -0.102616 0.180800 0.195660
6 17.966320 -10.312994 30.504930 -0.511193 0.512280 -0.690110 0.189936 0.161469
6 16.833992 -13.000000 30.548391 -0.724933 -0.000000 -0.688819 0.180800 0.161664
horse_atlas.bmp
6 16.985407 -9.245263 38.082127 -0.688033 0.717757 -0.106942 0.089167 0.195367
6 21.105001 -7.690000 37.924000 -0.005306 0.991319 -0.131367 0.104730 0.194660
6 20.700001 -9.200000 30.400000 -0.029675 0.709343 -0.704239 0.103200 0.161000
horse_atlas.bmp
6 16.985407 -9.245263 38.082127 -0.688033 0.717757 -0.106942 0.089167 0.195367
6 20.700001 -9.200000 30.400000 -0.029675 0.709343 -0.704239 0.103200 0.161000
6 17.966320 -10.312994 30.504930 -0.511193 0.512280 -0.690110 0.092873 0.161469
horse_atlas.bmp
6 21.600000 -7.100000 47.119999 0.026126 0.791291 0.610881 0.106600 0.200860
6 17.022673 -8.828070 47.295696 -0.517388 0.579778 0.629418 0.089308 0.194985
6 15.126684 -13.000000 47.368469 -0.773240 0.000000 0.634114 0.082145 0.180800
horse_atlas.bmp
6 15.126684 -13.000000 47.368469 -0.773240 0.000000 0.634114 0.082145 0.180800
6 17.022673 -17.171930 47.295696 -0.517388 -0.579778 0.629418 0.089308 0.166615
6 21.600000 -18.900000 47.119999 0.026126 -0.791291 0.610881 0.106600 0.160740
horse_atlas.bmp
6 21.600000 -18.900000 47.119999 0.026126 -0.791291 0.610881 0.106600 0.160740
6 26.177326 -17.171930 46.944305 0.571044 -0.581314 0.579641 0.123892 0.166615
6 28.073317 -13.000000 46.871529 0.827821 -0.000000 0.560992 0.131055 0.180800
horse_atlas.bmp
6 28.073317 -13.000000 46.871529 0.827821 -0.000000 0.560992 0.131055 0.180800
6 26.177326 -8.828070 46.944305 0.571044 0.581314 0.579641 0.123892 0.194985
6 21.600000 -7.100000 47.119999 0.026126 0.791291 0.610881 0.106600 0.200860
horse_atlas.bmp
6 21.600000 -7.100000 47.119999 0.026126 0.791291 0.610881 0.106600 0.200860
6 15.126684 -13.000000 47.368469 -0.773240 0.000000 0.634114 0.082145 0.180800
6 21.600000 -18.900000 47.119999 0.026126 -0.791291 0.610881 0.106600 0.160740
horse_atlas.bmp
6 21.600000 -18.900000 47.119999 0.026126 -0.791291 0.610881 0.106600 0.160740
6 28.073317 -13.000000 46.871529 0.827821 -0.000000 0.560992 0.131055 0.180800
6 21.600000 -7.100000 47.119999 0.026126 0.791291 0.610881 0.106600 0.200860
horse_atlas.bmp
6 17.966320 -10.312994 30.504930 -0.511193 0.512280 -0.690110 0.092873 0.189936
6 20.700001 -9.200000 30.400000 -0.029675 0.709343 -0.704239 0.103200 0.193720
6 23.433680 -10.312994 30.295071 0.448718 0.509848 -0.733967 0.113527 0.189936
horse_atlas.bmp
6 23.433680 -10.312994 30.295071 0.448718 0.509848 -0.733967 0.113527 0.189936
6 24.566008 -13.000000 30.251610 0.659041 0.000000 -0.752107 0.117805 0.180800
6 23.433680 -15.687006 30.295071 0.448719 -0.509848 -0.733966 0.113527 0.171664
horse_atlas.bmp
6 23.433680 -15.687006 30.295071 0.448719 -0.509848 -0.733966 0.113527 0.171664
6 20.700001 -16.799999 30.400000 -0.029675 -0.709343 -0.704239 0.103200 0.167880
6 17.966320 -15.687006 30.504930 -0.511193 -0.512280 -0.690110 0.092873 0.171664
horse_atlas.bmp
6 17.966320 -15.687006 30.504930 -0.511193 -0.512280 -0.690110 0.092873 0.171664
6 16.833992 -13.000000 30.548391 -0.724933 -0.000000 -0.688819 0.088595 0.180800
6 17.966320 -10.312994 30.504930 -0.511193 0.512280 -0.690110 0.092873 0.189936
horse_atlas.bmp
6 17.966320 -10.312994 30.504930 -0.511193 0.512280 -0.690110 0.092873 0.189936
6 23.433680 -10.312994 30.295071 0.448718 0.509848 -0.733967 0.113527 0.189936
6 23.433680 -15.687006 30.295071 0.448719 -0.509848 -0.733966 0.113527 0.171664
horse_atlas.bmp
6 23.433680 -15.687006 30.295071 0.448719 -0.509848 -0.733966 0.113527 0.171664
6 17.966320 -15.687006 30.504930 -0.511193 -0.512280 -0.690110 0.092873 0.171664
6 17.966320 -10.312994 30.504930 -0.511193 0.512280 -0.690110 0.092873 0.189936
horse_atlas.bmp
7 20.700001 -13.000000 27.740000 0.338777 0.000000 -0.940866 0.103200 0.180800
7 22.230001 -11.400000 28.519096 0.512328 0.493984 -0.702495 0.108980 0.186240
7 22.863747 -13.000000 28.519096 0.715354 0.000000 -0.698762 0.111374 0.180800
horse_atlas.bmp
7 20.700001 -13.000000 27.740000 0.239943 0.229827 -0.943190 0.103200 0.180800
7 20.700001 -10.737258 28.519096 0.000000 0.707973 -0.706239 0.103200 0.188493
7 22.230001 -11.400000 28.519096 0.512328 0.493984 -0.702495 0.108980 0.186240
horse_atlas.bmp
7 20.700001 -13.000000 27.740000 0.000000 0.325557 -0.945522 0.103200 0.180800
7 19.170000 -11.400000 28.519096 -0.512328 0.493984 -0.702496 0.097420 0.186240
7 20.700001 -10.737258 28.519096 0.000000 0.707973 -0.706239 0.103200 0.188493
horse_atlas.bmp
7 20.700001 -13.000000 27.740000 -0.239943 0.229827 -0.943190 0.103200 0.180800
7 18.536253 -13.000000 28.519096 -0.715354 0.000000 -0.698762 0.095026 0.180800
7 19.170000 -11.400000 28.519096 -0.512328 0.493984 -0.702496 0.097420 0.186240
horse_atlas.bmp
7 20.700001 -13.000000 27.740000 -0.338777 0.000000 -0.940867 0.103200 0.180800
7 19.170000 -14.600000 28.519096 -0.512328 -0.493984 -0.702496 0.097420 0.175360
7 18.536253 -13.000000 28.519096 -0.715354 0.000000 -0.698762 0.095026 0.180800
horse_atlas.bmp
7 20.700001 -13.000000 27.740000 -0.239943 -0.229827 -0.943190 0.103200 0.180800
7 20.700001 -15.262742 28.519096 0.000000 -0.707973 -0.706239 0.103200 0.173107
7 19.170000 -14.600000 28.519096 -0.512328 -0.493984 -0.702496 0.097420 0.175360
horse_atlas.bmp
7 20.700001 -13.000000 27.740000 0.000000 -0.325557 -0.945522 0.103200 0.180800
7 22.230001 -14.600000 28.519096 0.512328 -0.493984 -0.702495 0.108980 0.175360
7 20.700001 -15.262742 28.519096 0.000000 -0.707973 -0.706239 0.103200 0.173107
horse_atlas.bmp
7 20.700001 -13.000000 27.740000 0.239943 -0.229827 -0.943190 0.103200 0.180800
7 22.863747 -13.000000 28.519096 0.715354 0.000000 -0.698762 0.111374 0.180800
7 22.230001 -14.600000 28.519096 0.512328 -0.493984 -0.702495 0.108980 0.175360
horse_atlas.bmp
7 22.863747 -13.000000 28.519096 0.715354 0.000000 -0.698762 0.180800 0.152585
7 22.230001 -11.400000 28.519096 0.512328 0.493984 -0.702495 0.186240 0.152585
7 22.863747 -10.737258 30.400000 0.715744 0.698363 -0.000000 0.188493 0.161000
horse_atlas.bmp
7 22.863747 -13.000000 28.519096 0.715354 0.000000 -0.698762 0.180800 0.152585
7 22.863747 -10.737258 30.400000 0.715744 0.698363 -0.000000 0.188493 0.161000
7 23.760000 -13.000000 30.400000 1.000000 -0.000000 -0.000000 0.180800 0.161000
horse_atlas.bmp
7 22.230001 -11.400000 28.519096 0.512328 0.493984 -0.702495 0.108980 0.152585
7 20.700001 -10.737258 28.519096 0.000000 0.707973 -0.706239 0.103200 0.152585
7 20.700001 -9.800000 30.400000 0.000000 1.000000 0.000000 0.103200 0.161000
horse_atlas.bmp
7 22.230001 -11.400000 28.519096 0.512328 0.493984 -0.702495 0.108980 0.152585
7 20.700001 -9.800000 30.400000 0.000000 1.000000 0.000000 0.103200 0.161000
7 22.863747 -10.737258 30.400000 0.715744 0.698363 -0.000000 0.111374 0.161000
horse_atlas.bmp
7 20.700001 -10.737258 28.519096 0.000000 0.707973 -0.706239 0.103200 0.152585
7 19.170000 -11.400000 28.519096 -0.512328 0.493984 -0.702496 0.097420 0.152585
7 18.536253 -10.737258 30.400000 -0.715744 0.698363 -0.000000 0.095026 0.161000
horse_atlas.bmp
7 20.700001 -10.737258 28.519096 0.000000 0.707973 -0.706239 0.103200 0.152585
7 18.536253 -10.737258 30.400000 -0.715744 0.698363 -0.000000 0.095026 0.161000
7 20.700001 -9.800000 30.400000 0.000000 1.000000 0.000000 0.103200 0.161000
horse_atlas.bmp
7 19.170000 -11.400000 28.519096 -0.512328 0.493984 -0.702496 0.186240 0.152585
7 18.536253 -13.000000 28.519096 -0.715354 0.000000 -0.698762 0.180800 0.152585
7 17.639999 -13.000000 30.400000 -1.000000 -0.000000 -0.000000 0.180800 0.161000
horse_atlas.bmp
7 19.170000 -11.400000 28.519096 -0.512328 0.493984 -0.702496 0.186240 0.152585
7 17.639999 -13.000000 30.400000 -1.000000 -0.000000 -0.000000 0.180800 0.161000
7 18.536253 -10.737258 30.400000 -0.715744 0.698363 -0.000000 0.188493 0.161000
horse_atlas.bmp
7 18.536253 -13.000000 28.519096 -0.715354 0.000000 -0.698762 0.180800 0.152585
7 19.170000 -14.600000 28.519096 -0.512328 -0.493984 -0.702496 0.175360 0.152585
7 18.536253 -15.262742 30.400000 -0.715744 -0.698363 -0.000000 0.173107 0.161000
horse_atlas.bmp
7 18.536253 -13.000000 28.519096 -0.715354 0.000000 -0.698762 0.180800 0.152585
7 18.536253 -15.262742 30.400000 -0.715744 -0.698363 -0.000000 0.173107 0.161000
7 17.639999 -13.000000 30.400000 -1.000000 -0.000000 -0.000000 0.180800 0.161000
horse_atlas.bmp
7 19.170000 -14.600000 28.519096 -0.512328 -0.493984 -0.702496 0.097420 0.152585
7 20.700001 -15.262742 28.519096 0.000000 -0.707973 -0.706239 0.103200 0.152585
7 20.700001 -16.200001 30.400000 0.000000 -1.000000 0.000000 0.103200 0.161000
horse_atlas.bmp
7 19.170000 -14.600000 28.519096 -0.512328 -0.493984 -0.702496 0.097420 0.152585
7 20.700001 -16.200001 30.400000 0.000000 -1.000000 0.000000 0.103200 0.161000
7 18.536253 -15.262742 30.400000 -0.715744 -0.698363 -0.000000 0.095026 0.161000
horse_atlas.bmp
7 20.700001 -15.262742 28.519096 0.000000 -0.707973 -0.706239 0.103200 0.152585
7 22.230001 -14.600000 28.519096 0.512328 -0.493984 -0.702495 0.108980 0.152585
7 22.863747 -15.262742 30.400000 0.715744 -0.698363 -0.000000 0.111374 0.161000
horse_atlas.bmp
7 20.700001 -15.262742 28.519096 0.000000 -0.707973 -0.706239 0.103200 0.152585
7 22.863747 -15.262742 30.400000 0.715744 -0.698363 -0.000000 0.111374 0.161000
7 20.700001 -16.200001 30.400000 0.000000 -1.000000 0.000000 0.103200 0.161000
horse_atlas.bmp
7 22.230001 -14.600000 28.519096 0.512328 -0.493984 -0.702495 0.175360 0.152585
7 22.863747 -13.000000 28.519096 0.715354 0.000000 -0.698762 0.180800 0.152585
7 23.760000 -13.000000 30.400000 1.000000 -0.000000 -0.000000 0.180800 0.161000
horse_atlas.bmp
7 22.230001 -14.600000 28.519096 0.512328 -0.493984 -0.702495 0.175360 0.152585
7 23.760000 -13.000000 30.400000 1.000000 -0.000000 -0.000000 0.180800 0.161000
7 22.863747 -15.262742 30.400000 0.715744 -0.698363 -0.000000 0.173107 0.161000
horse_atlas.bmp
7 23.760000 -13.000000 30.400000 1.000000 -0.000000 -0.000000 0.180800 0.161000
7 22.863747 -10.737258 30.400000 0.715744 0.698363 -0.000000 0.188493 0.161000
7 22.230001 -11.400000 32.280903 0.512328 0.493984 0.702495 0.186240 0.169415
horse_atlas.bmp
7 23.760000 -13.000000 30.400000 1.000000 -0.000000 -0.000000 0.180800 0.161000
7 22.230001 -11.400000 32.280903 0.512328 0.493984 0.702495 0.186240 0.169415
7 22.863747 -13.000000 32.280903 0.715354 -0.000000 0.698762 0.180800 0.169415
horse_atlas.bmp
7 22.863747 -10.737258 30.400000 0.715744 0.698363 -0.000000 0.111374 0.161000
7 20.700001 -9.800000 30.400000 0.000000 1.000000 0.000000 0.103200 0.161000
7 20.700001 -10.737258 32.280903 -0.000000 0.707974 0.706239 0.103200 0.169415
horse_atlas.bmp
7 22.863747 -10.737258 30.400000 0.715744 0.698363 -0.000000 0.111374 0.161000
7 20.700001 -10.737258 32.280903 -0.000000 0.707974 0.706239 0.103200 0.169415
7 22.230001 -11.400000 32.280903 0.512328 0.493984 0.702495 0.108980 0.169415
horse_atlas.bmp
7 20.700001 -9.800000 30.400000 0.000000 1.000000 0.000000 0.103200 0.161000
7 18.536253 -10.737258 30.400000 -0.715744 0.698363 -0.000000 0.095026 0.161000
7 19.170000 -11.400000 32.280903 -0.512328 0.493984 0.702496 0.097420 0.169415
horse_atlas.bmp
7 20.700001 -9.800000 30.400000 0.000000 1.000000 0.000000 0.103200 0.161000
7 19.170000 -11.400000 32.280903 -0.512328 0.493984 0.702496 0.097420 0.169415
7 20.700001 -10.737258 32.280903 -0.000000 0.707974 0.706239 0.103200 0.169415
horse_atlas.bmp
7 18.536253 -10.737258 30.400000 -0.715744 0.698363 -0.000000 0.188493 0.161000
7 17.639999 -13.000000 30.400000 -1.000000 -0.000000 -0.000000 0.180800 0.161000
7 18.536253 -13.000000 32.280903 -0.715354 -0.000000 0.698762 0.180800 0.169415
horse_atlas.bmp
7 18.536253 -10.737258 30.400000 -0.715744 0.698363 -0.000000 0.188493 0.161000
7 18.536253 -13.000000 32.280903 -0.715354 -0.000000 0.698762 0.180800 0.169415
7 19.170000 -11.400000 32.280903 -0.512328 0.493984 0.702496 0.186240 0.169415
horse_atlas.bmp
7 17.639999 -13.000000 30.400000 -1.000000 -0.000000 -0.000000 0.180800 0.161000
7 18.536253 -15.262742 30.400000 -0.715744 -0.698363 -0.000000 0.173107 0.161000
7 19.170000 -14.600000 32.280903 -0.512328 -0.493984 0.702495 0.175360 0.169415
horse_atlas.bmp
7 17.639999 -13.000000 30.400000 -1.000000 -0.000000 -0.000000 0.180800 0.161000
7 19.170000 -14.600000 32.280903 -0.512328 -0.493984 0.702495 0.175360 0.169415
7 18.536253 -13.000000 32.280903 -0.715354 -0.000000 0.698762 0.180800 0.169415
horse_atlas.bmp
7 18.536253 -15.262742 30.400000 -0.715744 -0.698363 -0.000000 0.095026 0.161000
7 20.700001 -16.200001 30.400000 0.000000 -1.000000 0.000000 0.103200 0.161000
7 20.700001 -15.262742 32.280903 0.000000 -0.707973 0.706239 0.103200 0.169415
horse_atlas.bmp
7 18.536253 -15.262742 30.400000 -0.715744 -0.698363 -0.000000 0.095026 0.161000
7 20.700001 -15.262742 32.280903 0.000000 -0.707973 0.706239 0.103200 0.169415
7 19.170000 -14.600000 32.280903 -0.512328 -0.493984 0.702495 0.097420 0.169415
horse_atlas.bmp
7 20.700001 -16.200001 30.400000 0.000000 -1.000000 0.000000 0.103200 0.161000
7 22.863747 -15.262742 30.400000 0.715744 -0.698363 -0.000000 0.111374 0.161000
7 22.230001 -14.600000 32.280903 0.512328 -0.493984 0.702495 0.108980 0.169415
horse_atlas.bmp
7 20.700001 -16.200001 30.400000 0.000000 -1.000000 0.000000 0.103200 0.161000
7 22.230001 -14.600000 32.280903 0.512328 -0.493984 0.702495 0.108980 0.169415
7 20.700001 -15.262742 32.280903 0.000000 -0.707973 0.706239 0.103200 0.169415
horse_atlas.bmp
7 22.863747 -15.262742 30.400000 0.715744 -0.698363 -0.000000 0.173107 0.161000
7 23.760000 -13.000000 30.400000 1.000000 -0.000000 -0.000000 0.180800 0.161000
7 22.863747 -13.000000 32.280903 0.715354 -0.000000 0.698762 0.180800 0.169415
horse_atlas.bmp
7 22.863747 -15.262742 30.400000 0.715744 -0.698363 -0.000000 0.173107 0.161000
7 22.863747 -13.000000 32.280903 0.715354 -0.000000 0.698762 0.180800 0.169415
7 22.230001 -14.600000 32.280903 0.512328 -0.493984 0.702495 0.175360 0.169415
horse_atlas.bmp
7 22.863747 -13.000000 32.280903 0.715354 -0.000000 0.698762 0.111374 0.180800
7 22.230001 -11.400000 32.280903 0.512328 0.493984 0.702495 0.108980 0.186240
7 20.700001 -13.000000 33.060001 0.239944 0.229827 0.943189 0.103200 0.180800
horse_atlas.bmp
7 22.230001 -11.400000 32.280903 0.512328 0.493984 0.702495 0.108980 0.186240
7 20.700001 -10.737258 32.280903 -0.000000 0.707974 0.706239 0.103200 0.188493
7 20.700001 -13.000000 33.060001 0.000000 0.325558 0.945522 0.103200 0.180800
horse_atlas.bmp
7 20.700001 -10.737258 32.280903 -0.000000 0.707974 0.706239 0.103200 0.188493
7 19.170000 -11.400000 32.280903 -0.512328 0.493984 0.702496 0.097420 0.186240
7 20.700001 -13.000000 33.060001 -0.239944 0.229828 0.943189 0.103200 0.180800
horse_atlas.bmp
7 19.170000 -11.400000 32.280903 -0.512328 0.493984 0.702496 0.097420 0.186240
7 18.536253 -13.000000 32.280903 -0.715354 -0.000000 0.698762 0.095026 0.180800
7 20.700001 -13.000000 33.060001 -0.338777 0.000000 0.940867 0.103200 0.180800
horse_atlas.bmp
7 18.536253 -13.000000 32.280903 -0.715354 -0.000000 0.698762 0.095026 0.180800
7 19.170000 -14.600000 32.280903 -0.512328 -0.493984 0.702495 0.097420 0.175360
7 20.700001 -13.000000 33.060001 -0.239944 -0.229828 0.943189 0.103200 0.180800
horse_atlas.bmp
7 19.170000 -14.600000 32.280903 -0.512328 -0.493984 0.702495 0.097420 0.175360
7 20.700001 -15.262742 32.280903 0.000000 -0.707973 0.706239 0.103200 0.173107
7 20.700001 -13.000000 33.060001 0.000000 -0.325558 0.945522 0.103200 0.180800
horse_atlas.bmp
7 20.700001 -15.262742 32.280903 0.000000 -0.707973 0.706239 0.103200 0.173107
7 22.230001 -14.600000 32.280903 0.512328 -0.493984 0.702495 0.108980 0.175360
7 20.700001 -13.000000 33.060001 0.239944 -0.229827 0.943189 0.103200 0.180800
horse_atlas.bmp
7 22.230001 -14.600000 32.280903 0.512328 -0.493984 0.702495 0.108980 0.175360
7 22.863747 -13.000000 32.280903 0.715354 -0.000000 0.698762 0.111374 0.180800
7 20.700001 -13.000000 33.060001 0.338777 0.000000 0.940866 0.103200 0.180800
horse_atlas.bmp
7 20.700001 -9.400000 30.400000 -0.076380 0.789262 0.609288 0.103200 0.161000
7 23.475578 -10.454415 30.712511 0.460111 0.576582 0.675168 0.113686 0.162398
7 24.188021 -10.708974 24.411261 0.693021 0.720814 0.012168 0.116377 0.134208
horse_atlas.bmp
7 20.700001 -9.400000 30.400000 -0.076380 0.789262 0.609288 0.103200 0.161000
7 24.188021 -10.708974 24.411261 0.693021 0.720814 0.012168 0.116377 0.134208
7 21.689999 -9.760000 24.129999 0.009664 0.996514 -0.082867 0.106940 0.132950
horse_atlas.bmp
7 23.475578 -10.454415 30.712511 0.460111 0.576582 0.675168 0.189455 0.162398
7 24.625263 -13.000000 30.841955 0.712043 0.000000 0.702136 0.180800 0.162977
7 25.222734 -13.000000 24.527760 0.998872 0.000000 0.047492 0.180800 0.134729
horse_atlas.bmp
7 23.475578 -10.454415 30.712511 0.460111 0.576582 0.675168 0.189455 0.162398
7 25.222734 -13.000000 24.527760 0.998872 0.000000 0.047492 0.180800 0.134729
7 24.188021 -10.708974 24.411261 0.693021 0.720814 0.012168 0.188589 0.134208
horse_atlas.bmp
7 24.625263 -13.000000 30.841955 0.712043 0.000000 0.702136 0.180800 0.162977
7 23.475578 -15.545585 30.712511 0.460111 -0.576582 0.675168 0.172145 0.162398
7 24.188021 -15.291026 24.411261 0.693021 -0.720814 0.012168 0.173011 0.134208
horse_atlas.bmp
7 24.625263 -13.000000 30.841955 0.712043 0.000000 0.702136 0.180800 0.162977
7 24.188021 -15.291026 24.411261 0.693021 -0.720814 0.012168 0.173011 0.134208
7 25.222734 -13.000000 24.527760 0.998872 0.000000 0.047492 0.180800 0.134729
horse_atlas.bmp
7 23.475578 -15.545585 30.712511 0.460111 -0.576582 0.675168 0.113686 0.162398
7 20.700001 -16.600000 30.400000 -0.076380 -0.789262 0.609288 0.103200 0.161000
7 21.689999 -16.240000 24.129999 0.009664 -0.996514 -0.082868 0.106940 0.132950
horse_atlas.bmp
7 23.475578 -15.545585 30.712511 0.460111 -0.576582 0.675168 0.113686 0.162398
7 21.689999 -16.240000 24.129999 0.009664 -0.996514 -0.082868 0.106940 0.132950
7 24.188021 -15.291026 24.411261 0.693021 -0.720814 0.012168 0.116377 0.134208
horse_atlas.bmp
7 20.700001 -16.600000 30.400000 -0.076380 -0.789262 0.609288 0.103200 0.161000
7 17.924421 -15.545585 30.087490 -0.617005 -0.581104 0.530682 0.092714 0.159602
7 19.191977 -15.291026 23.848742 -0.666654 -0.717570 -0.201658 0.097503 0.131692
horse_atlas.bmp
7 20.700001 -16.600000 30.400000 -0.076380 -0.789262 0.609288 0.103200 0.161000
7 19.191977 -15.291026 23.848742 -0.666654 -0.717570 -0.201658 0.097503 0.131692
7 21.689999 -16.240000 24.129999 0.009664 -0.996514 -0.082868 0.106940 0.132950
horse_atlas.bmp
7 17.924421 -15.545585 30.087490 -0.617005 -0.581104 0.530682 0.172145 0.159602
7 16.774738 -13.000000 29.958044 -0.871745 0.000000 0.489960 0.180800 0.159023
7 18.157263 -13.000000 23.732239 -0.965510 0.000000 -0.260368 0.180800 0.131171
horse_atlas.bmp
7 17.924421 -15.545585 30.087490 -0.617005 -0.581104 0.530682 0.172145 0.159602
7 18.157263 -13.000000 23.732239 -0.965510 0.000000 -0.260368 0.180800 0.131171
7 19.191977 -15.291026 23.848742 -0.666654 -0.717570 -0.201658 0.173011 0.131692
horse_atlas.bmp
7 16.774738 -13.000000 29.958044 -0.871745 0.000000 0.489960 0.180800 0.159023
7 17.924421 -10.454415 30.087490 -0.617005 0.581104 0.530682 0.189455 0.159602
7 19.191977 -10.708974 23.848742 -0.666654 0.717570 -0.201658 0.188589 0.131692
horse_atlas.bmp
7 16.774738 -13.000000 29.958044 -0.871745 0.000000 0.489960 0.180800 0.159023
7 19.191977 -10.708974 23.848742 -0.666654 0.717570 -0.201658 0.188589 0.131692
7 18.157263 -13.000000 23.732239 -0.965510 0.000000 -0.260368 0.180800 0.131171
horse_atlas.bmp
7 17.924421 -10.454415 30.087490 -0.617005 0.581104 0.530682 0.092714 0.159602
7 20.700001 -9.400000 30.400000 -0.076380 0.789262 0.609288 0.103200 0.161000
7 21.689999 -9.760000 24.129999 0.009664 0.996514 -0.082867 0.106940 0.132950
horse_atlas.bmp
7 17.924421 -10.454415 30.087490 -0.617005 0.581104 0.530682 0.092714 0.159602
7 21.689999 -9.760000 24.129999 0.009664 0.996514 -0.082867 0.106940 0.132950
7 19.191977 -10.708974 23.848742 -0.666654 0.717570 -0.201658 0.097503 0.131692
horse_atlas.bmp
7 21.689999 -9.760000 24.129999 0.009664 0.996514 -0.082867 0.106940 0.132950
7 24.188021 -10.708974 24.411261 0.693021 0.720814 0.012168 0.116377 0.134208
7 24.392439 -11.090812 19.213074 0.587776 0.535212 -0.606685 0.117149 0.110953
horse_atlas.bmp
7 21.689999 -9.760000 24.129999 0.009664 0.996514 -0.082867 0.106940 0.132950
7 24.392439 -11.090812 19.213074 0.587776 0.535212 -0.606685 0.117149 0.110953
7 22.500000 -10.300000 19.000000 0.082772 0.742758 -0.664424 0.110000 0.110000
horse_atlas.bmp
7 24.188021 -10.708974 24.411261 0.693021 0.720814 0.012168 0.188589 0.134208
7 25.222734 -13.000000 24.527760 0.998872 0.000000 0.047492 0.180800 0.134729
7 25.176315 -13.000000 19.301334 0.809318 0.000000 -0.587370 0.180800 0.111348
horse_atlas.bmp
7 24.188021 -10.708974 24.411261 0.693021 0.720814 0.012168 0.188589 0.134208
7 25.176315 -13.000000 19.301334 0.809318 0.000000 -0.587370 0.180800 0.111348
7 24.392439 -11.090812 19.213074 0.587776 0.535212 -0.606685 0.187291 0.110953
horse_atlas.bmp
7 25.222734 -13.000000 24.527760 0.998872 0.000000 0.047492 0.180800 0.134729
7 24.188021 -15.291026 24.411261 0.693021 -0.720814 0.012168 0.173011 0.134208
7 24.392439 -14.909188 19.213074 0.587776 -0.535212 -0.606685 0.174309 0.110953
horse_atlas.bmp
7 25.222734 -13.000000 24.527760 0.998872 0.000000 0.047492 0.180800 0.134729
7 24.392439 -14.909188 19.213074 0.587776 -0.535212 -0.606685 0.174309 0.110953
7 25.176315 -13.000000 19.301334 0.809318 0.000000 -0.587370 0.180800 0.111348
horse_atlas.bmp
7 24.188021 -15.291026 24.411261 0.693021 -0.720814 0.012168 0.116377 0.134208
7 21.689999 -16.240000 24.129999 0.009664 -0.996514 -0.082868 0.106940 0.132950
7 22.500000 -15.700000 19.000000 0.082772 -0.742758 -0.664424 0.110000 0.110000
horse_atlas.bmp
7 24.188021 -15.291026 24.411261 0.693021 -0.720814 0.012168 0.116377 0.134208
7 22.500000 -15.700000 19.000000 0.082772 -0.742758 -0.664424 0.110000 0.110000
7 24.392439 -14.909188 19.213074 0.587776 -0.535212 -0.606685 0.117149 0.110953
horse_atlas.bmp
7 21.689999 -16.240000 24.129999 0.009664 -0.996514 -0.082868 0.106940 0.132950
7 19.191977 -15.291026 23.848742 -0.666654 -0.717570 -0.201658 0.097503 0.131692
7 20.607561 -14.909188 18.786926 -0.413516 -0.528923 -0.741111 0.102851 0.109047
horse_atlas.bmp
7 21.689999 -16.240000 24.129999 0.009664 -0.996514 -0.082868 0.106940 0.132950
7 20.607561 -14.909188 18.786926 -0.413516 -0.528923 -0.741111 0.102851 0.109047
7 22.500000 -15.700000 19.000000 0.082772 -0.742758 -0.664424 0.110000 0.110000
horse_atlas.bmp
7 19.191977 -15.291026 23.848742 -0.666654 -0.717570 -0.201658 0.173011 0.131692
7 18.157263 -13.000000 23.732239 -0.965510 0.000000 -0.260368 0.180800 0.131171
7 19.823685 -13.000000 18.698666 -0.625413 0.000000 -0.780294 0.180800 0.108652
horse_atlas.bmp
7 19.191977 -15.291026 23.848742 -0.666654 -0.717570 -0.201658 0.173011 0.131692
7 19.823685 -13.000000 18.698666 -0.625413 0.000000 -0.780294 0.180800 0.108652
7 20.607561 -14.909188 18.786926 -0.413516 -0.528923 -0.741111 0.174309 0.109047
horse_atlas.bmp
7 18.157263 -13.000000 23.732239 -0.965510 0.000000 -0.260368 0.180800 0.131171
7 19.191977 -10.708974 23.848742 -0.666654 0.717570 -0.201658 0.188589 0.131692
7 20.607561 -11.090812 18.786926 -0.413516 0.528923 -0.741110 0.187291 0.109047
horse_atlas.bmp
7 18.157263 -13.000000 23.732239 -0.965510 0.000000 -0.260368 0.180800 0.131171
7 20.607561 -11.090812 18.786926 -0.413516 0.528923 -0.741110 0.187291 0.109047
7 19.823685 -13.000000 18.698666 -0.625413 0.000000 -0.780294 0.180800 0.108652
horse_atlas.bmp
7 19.191977 -10.708974 23.848742 -0.666654 0.717570 -0.201658 0.097503 0.131692
7 21.689999 -9.760000 24.129999 0.009664 0.996514 -0.082867 0.106940 0.132950
7 22.500000 -10.300000 19.000000 0.082772 0.742758 -0.664424 0.110000 0.110000
horse_atlas.bmp
7 19.191977 -10.708974 23.848742 -0.666654 0.717570 -0.201658 0.097503 0.131692
7 22.500000 -10.300000 19.000000 0.082772 0.742758 -0.664424 0.110000 0.110000
7 20.607561 -11.090812 18.786926 -0.413516 0.528923 -0.741110 0.102851 0.109047
horse_atlas.bmp
7 20.700001 -9.400000 30.400000 -0.076380 0.789262 0.609288 0.103200 0.193040
7 17.924421 -10.454415 30.087490 -0.617005 0.581104 0.530682 0.092714 0.189455
7 16.774738 -13.000000 29.958044 -0.871745 0.000000 0.489960 0.088371 0.180800
horse_atlas.bmp
7 16.774738 -13.000000 29.958044 -0.871745 0.000000 0.489960 0.088371 0.180800
7 17.924421 -15.545585 30.087490 -0.617005 -0.581104 0.530682 0.092714 0.172145
7 20.700001 -16.600000 30.400000 -0.076380 -0.789262 0.609288 0.103200 0.168560
horse_atlas.bmp
7 20.700001 -16.600000 30.400000 -0.076380 -0.789262 0.609288 0.103200 0.168560
7 23.475578 -15.545585 30.712511 0.460111 -0.576582 0.675168 0.113686 0.172145
7 24.625263 -13.000000 30.841955 0.712043 0.000000 0.702136 0.118029 0.180800
horse_atlas.bmp
7 24.625263 -13.000000 30.841955 0.712043 0.000000 0.702136 0.118029 0.180800
7 23.475578 -10.454415 30.712511 0.460111 0.576582 0.675168 0.113686 0.189455
7 20.700001 -9.400000 30.400000 -0.076380 0.789262 0.609288 0.103200 0.193040
horse_atlas.bmp
7 20.700001 -9.400000 30.400000 -0.076380 0.789262 0.609288 0.103200 0.193040
7 16.774738 -13.000000 29.958044 -0.871745 0.000000 0.489960 0.088371 0.180800
7 20.700001 -16.600000 30.400000 -0.076380 -0.789262 0.609288 0.103200 0.168560
horse_atlas.bmp
7 20.700001 -16.600000 30.400000 -0.076380 -0.789262 0.609288 0.103200 0.168560
7 24.625263 -13.000000 30.841955 0.712043 0.000000 0.702136 0.118029 0.180800
7 20.700001 -9.400000 30.400000 -0.076380 0.789262 0.609288 0.103200 0.193040
horse_atlas.bmp
7 20.607561 -11.090812 18.786926 -0.413516 0.528923 -0.741110 0.102851 0.187291
7 22.500000 -10.300000 19.000000 0.082772 0.742758 -0.664424 0.110000 0.189980
7 24.392439 -11.090812 19.213074 0.587776 0.535212 -0.606685 0.117149 0.187291
horse_atlas.bmp
7 24.392439 -11.090812 19.213074 0.587776 0.535212 -0.606685 0.117149 0.187291
7 25.176315 -13.000000 19.301334 0.809318 0.000000 -0.587370 0.120111 0.180800
7 24.392439 -14.909188 19.213074 0.587776 -0.535212 -0.606685 0.117149 0.174309
horse_atlas.bmp
7 24.392439 -14.909188 19.213074 0.587776 -0.535212 -0.606685 0.117149 0.174309
7 22.500000 -15.700000 19.000000 0.082772 -0.742758 -0.664424 0.110000 0.171620
7 20.607561 -14.909188 18.786926 -0.413516 -0.528923 -0.741111 0.102851 0.174309
horse_atlas.bmp
7 20.607561 -14.909188 18.786926 -0.413516 -0.528923 -0.741111 0.102851 0.174309
7 19.823685 -13.000000 18.698666 -0.625413 0.000000 -0.780294 0.099889 0.180800
7 20.607561 -11.090812 18.786926 -0.413516 0.528923 -0.741110 0.102851 0.187291
horse_atlas.bmp
7 20.607561 -11.090812 18.786926 -0.413516 0.528923 -0.741110 0.102851 0.187291
7 24.392439 -11.090812 19.213074 0.587776 0.535212 -0.606685 0.117149 0.187291
7 24.392439 -14.909188 19.213074 0.587776 -0.535212 -0.606685 0.117149 0.174309
horse_atlas.bmp
7 24.392439 -14.909188 19.213074 0.587776 -0.535212 -0.606685 0.117149 0.174309
7 20.607561 -14.909188 18.786926 -0.413516 -0.528923 -0.741111 0.102851 0.174309
7 20.607561 -11.090812 18.786926 -0.413516 0.528923 -0.741110 0.102851 0.187291
horse_atlas.bmp
8 22.500000 -13.000000 16.340000 0.338775 0.000000 -0.940867 0.110000 0.180800
8 24.030001 -11.400000 17.119095 0.512328 0.493984 -0.702496 0.115780 0.186240
8 24.663748 -13.000000 17.119095 0.715354 0.000000 -0.698762 0.118174 0.180800
horse_atlas.bmp
8 22.500000 -13.000000 16.340000 0.239943 0.229826 -0.943190 0.110000 0.180800
8 22.500000 -10.737258 17.119095 0.000000 0.707973 -0.706239 0.110000 0.188493
8 24.030001 -11.400000 17.119095 0.512328 0.493984 -0.702496 0.115780 0.186240
horse_atlas.bmp
8 22.500000 -13.000000 16.340000 0.000000 0.325556 -0.945523 0.110000 0.180800
8 20.969999 -11.400000 17.119095 -0.512328 0.493984 -0.702496 0.104220 0.186240
8 22.500000 -10.737258 17.119095 0.000000 0.707973 -0.706239 0.110000 0.188493
horse_atlas.bmp
8 22.500000 -13.000000 16.340000 -0.239943 0.229826 -0.943190 0.110000 0.180800
8 20.336252 -13.000000 17.119095 -0.715354 0.000000 -0.698762 0.101826 0.180800
8 20.969999 -11.400000 17.119095 -0.512328 0.493984 -0.702496 0.104220 0.186240
horse_atlas.bmp
8 22.500000 -13.000000 16.340000 -0.338775 0.000000 -0.940867 0.110000 0.180800
8 20.969999 -14.600000 17.119095 -0.512328 -0.493984 -0.702496 0.104220 0.175360
8 20.336252 -13.000000 17.119095 -0.715354 0.000000 -0.698762 0.101826 0.180800
horse_atlas.bmp
8 22.500000 -13.000000 16.340000 -0.239943 -0.229826 -0.943190 0.110000 0.180800
8 22.500000 -15.262742 17.119095 0.000000 -0.707973 -0.706239 0.110000 0.173107
8 20.969999 -14.600000 17.119095 -0.512328 -0.493984 -0.702496 0.104220 0.175360
horse_atlas.bmp
8 22.500000 -13.000000 16.340000 0.000000 -0.325556 -0.945523 0.110000 0.180800
8 24.030001 -14.600000 17.119095 0.512328 -0.493984 -0.702496 0.115780 0.175360
8 22.500000 -15.262742 17.119095 0.000000 -0.707973 -0.706239 0.110000 0.173107
horse_atlas.bmp
8 22.500000 -13.000000 16.340000 0.239943 -0.229826 -0.943190 0.110000 0.180800
8 24.663748 -13.000000 17.119095 0.715354 0.000000 -0.698762 0.118174 0.180800
8 24.030001 -14.600000 17.119095 0.512328 -0.493984 -0.702496 0.115780 0.175360
horse_atlas.bmp
8 24.663748 -13.000000 17.119095 0.715354 0.000000 -0.698762 0.180800 0.101585
8 24.030001 -11.400000 17.119095 0.512328 0.493984 -0.702496 0.186240 0.101585
8 24.663748 -10.737258 19.000000 0.715744 0.698363 0.000000 0.188493 0.110000
horse_atlas.bmp
8 24.663748 -13.000000 17.119095 0.715354 0.000000 -0.698762 0.180800 0.101585
8 24.663748 -10.737258 19.000000 0.715744 0.698363 0.000000 0.188493 0.110000
8 25.559999 -13.000000 19.000000 1.000000 -0.000000 0.000000 0.180800 0.110000
horse_atlas.bmp
8 24.030001 -11.400000 17.119095 0.512328 0.493984 -0.702496 0.115780 0.101585
8 22.500000 -10.737258 17.119095 0.000000 0.707973 -0.706239 0.110000 0.101585
8 22.500000 -9.800000 19.000000 0.000000 1.000000 0.000000 0.110000 0.110000
horse_atlas.bmp
8 24.030001 -11.400000 17.119095 0.512328 0.493984 -0.702496 0.115780 0.101585
8 22.500000 -9.800000 19.000000 0.000000 1.000000 0.000000 0.110000 0.110000
8 24.663748 -10.737258 19.000000 0.715744 0.698363 0.000000 0.118174 0.110000
horse_atlas.bmp
8 22.500000 -10.737258 17.119095 0.000000 0.707973 -0.706239 0.110000 0.101585
8 20.969999 -11.400000 17.119095 -0.512328 0.493984 -0.702496 0.104220 0.101585
8 20.336252 -10.737258 19.000000 -0.715744 0.698363 0.000000 0.101826 0.110000
horse_atlas.bmp
8 22.500000 -10.737258 17.119095 0.000000 0.707973 -0.706239 0.110000 0.101585
8 20.336252 -10.737258 19.000000 -0.715744 0.698363 0.000000 0.101826 0.110000
8 22.500000 -9.800000 19.000000 0.000000 1.000000 0.000000 0.110000 0.110000
horse_atlas.bmp
8 20.969999 -11.400000 17.119095 -0.512328 0.493984 -0.702496 0.186240 0.101585
8 20.336252 -13.000000 17.119095 -0.715354 0.000000 -0.698762 0.180800 0.101585
8 19.440001 -13.000000 19.000000 -1.000000 0.000000 0.000000 0.180800 0.110000
horse_atlas.bmp
8 20.969999 -11.400000 17.119095 -0.512328 0.493984 -0.702496 0.186240 0.101585
8 19.440001 -13.000000 19.000000 -1.000000 0.000000 0.000000 0.180800 0.110000
8 20.336252 -10.737258 19.000000 -0.715744 0.698363 0.000000 0.188493 0.110000
horse_atlas.bmp
8 20.336252 -13.000000 17.119095 -0.715354 0.000000 -0.698762 0.180800 0.101585
8 20.969999 -14.600000 17.119095 -0.512328 -0.493984 -0.702496 0.175360 0.101585
8 20.336252 -15.262742 19.000000 -0.715744 -0.698363 0.000000 0.173107 0.110000
horse_atlas.bmp
8 20.336252 -13.000000 17.119095 -0.715354 0.000000 -0.698762 0.180800 0.101585
8 20.336252 -15.262742 19.000000 -0.715744 -0.698363 0.000000 0.173107 0.110000
8 19.440001 -13.000000 19.000000 -1.000000 0.000000 0.000000 0.180800 0.110000
horse_atlas.bmp
8 20.969999 -14.600000 17.119095 -0.512328 -0.493984 -0.702496 0.104220 0.101585
8 22.500000 -15.262742 17.119095 0.000000 -0.707973 -0.706239 0.110000 0.101585
8 22.500000 -16.200001 19.000000 0.000000 -1.000000 0.000000 0.110000 0.110000
horse_atlas.bmp
8 20.969999 -14.600000 17.119095 -0.512328 -0.493984 -0.702496 0.104220 0.101585
8 22.500000 -16.200001 19.000000 0.000000 -1.000000 0.000000 0.110000 0.110000
8 20.336252 -15.262742 19.000000 -0.715744 -0.698363 0.000000 0.101826 0.110000
horse_atlas.bmp
8 22.500000 -15.262742 17.119095 0.000000 -0.707973 -0.706239 0.110000 0.101585
8 24.030001 -14.600000 17.119095 0.512328 -0.493984 -0.702496 0.115780 0.101585
8 24.663748 -15.262742 19.000000 0.715744 -0.698363 0.000000 0.118174 0.110000
horse_atlas.bmp
8 22.500000 -15.262742 17.119095 0.000000 -0.707973 -0.706239 0.110000 0.101585
8 24.663748 -15.262742 19.000000 0.715744 -0.698363 0.000000 0.118174 0.110000
8 22.500000 -16.200001 19.000000 0.000000 -1.000000 0.000000 0.110000 0.110000
horse_atlas.bmp
8 24.030001 -14.600000 17.119095 0.512328 -0.493984 -0.702496 0.175360 0.101585
8 24.663748 -13.000000 17.119095 0.715354 0.000000 -0.698762 0.180800 0.101585
8 25.559999 -13.000000 19.000000 1.000000 -0.000000 0.000000 0.180800 0.110000
horse_atlas.bmp
8 24.030001 -14.600000 17.119095 0.512328 -0.493984 -0.702496 0.175360 0.101585
8 25.559999 -13.000000 19.000000 1.000000 -0.000000 0.000000 0.180800 0.110000
8 24.663748 -15.262742 19.000000 0.715744 -0.698363 0.000000 0.173107 0.110000
horse_atlas.bmp
8 25.559999 -13.000000 19.000000 1.000000 -0.000000 0.000000 0.180800 0.110000
8 24.663748 -10.737258 19.000000 0.715744 0.698363 0.000000 0.188493 0.110000
8 24.030001 -11.400000 20.880905 0.512328 0.493984 0.702496 0.186240 0.118415
horse_atlas.bmp
8 25.559999 -13.000000 19.000000 1.000000 -0.000000 0.000000 0.180800 0.110000
8 24.030001 -11.400000 20.880905 0.512328 0.493984 0.702496 0.186240 0.118415
8 24.663748 -13.000000 20.880905 0.715354 -0.000000 0.698762 0.180800 0.118415
horse_atlas.bmp
8 24.663748 -10.737258 19.000000 0.715744 0.698363 0.000000 0.118174 0.110000
8 22.500000 -9.800000 19.000000 0.000000 1.000000 0.000000 0.110000 0.110000
8 22.500000 -10.737258 20.880905 0.000000 0.707973 0.706239 0.110000 0.118415
horse_atlas.bmp
8 24.663748 -10.737258 19.000000 0.715744 0.698363 0.000000 0.118174 0.110000
8 22.500000 -10.737258 20.880905 0.000000 0.707973 0.706239 0.110000 0.118415
8 24.030001 -11.400000 20.880905 0.512328 0.493984 0.702496 0.115780 0.118415
horse_atlas.bmp
8 22.500000 -9.800000 19.000000 0.000000 1.000000 0.000000 0.110000 0.110000
8 20.336252 -10.737258 19.000000 -0.715744 0.698363 0.000000 0.101826 0.110000
8 20.969999 -11.400000 20.880905 -0.512328 0.493984 0.702496 0.104220 0.118415
horse_atlas.bmp
8 22.500000 -9.800000 19.000000 0.000000 1.000000 0.000000 0.110000 0.110000
8 20.969999 -11.400000 20.880905 -0.512328 0.493984 0.702496 0.104220 0.118415
8 22.500000 -10.737258 20.880905 0.000000 0.707973 0.706239 0.110000 0.118415
horse_atlas.bmp
8 20.336252 -10.737258 19.000000 -0.715744 0.698363 0.000000 0.188493 0.110000
8 19.440001 -13.000000 19.000000 -1.000000 0.000000 0.000000 0.180800 0.110000
8 20.336252 -13.000000 20.880905 -0.715354 0.000000 0.698762 0.180800 0.118415
horse_atlas.bmp
8 20.336252 -10.737258 19.000000 -0.715744 0.698363 0.000000 0.188493 0.110000
8 20.336252 -13.000000 20.880905 -0.715354 0.000000 0.698762 0.180800 0.118415
8 20.969999 -11.400000 20.880905 -0.512328 0.493984 0.702496 0.186240 0.118415
horse_atlas.bmp
8 19.440001 -13.000000 19.000000 -1.000000 0.000000 0.000000 0.180800 0.110000
8 20.336252 -15.262742 19.000000 -0.715744 -0.698363 0.000000 0.173107 0.110000
8 20.969999 -14.600000 20.880905 -0.512328 -0.493984 0.702496 0.175360 0.118415
horse_atlas.bmp
8 19.440001 -13.000000 19.000000 -1.000000 0.000000 0.000000 0.180800 0.110000
8 20.969999 -14.600000 20.880905 -0.512328 -0.493984 0.702496 0.175360 0.118415
8 20.336252 -13.000000 20.880905 -0.715354 0.000000 0.698762 0.180800 0.118415
horse_atlas.bmp
8 20.336252 -15.262742 19.000000 -0.715744 -0.698363 0.000000 0.101826 0.110000
8 22.500000 -16.200001 19.000000 0.000000 -1.000000 0.000000 0.110000 0.110000
8 22.500000 -15.262742 20.880905 0.000000 -0.707973 0.706239 0.110000 0.118415
horse_atlas.bmp
8 20.336252 -15.262742 19.000000 -0.715744 -0.698363 0.000000 0.101826 0.110000
8 22.500000 -15.262742 20.880905 0.000000 -0.707973 0.706239 0.110000 0.118415
8 20.969999 -14.600000 20.880905 -0.512328 -0.493984 0.702496 0.104220 0.118415
horse_atlas.bmp
8 22.500000 -16.200001 19.000000 0.000000 -1.000000 0.000000 0.110000 0.110000
8 24.663748 -15.262742 19.000000 0.715744 -0.698363 0.000000 0.118174 0.110000
8 24.030001 -14.600000 20.880905 0.512328 -0.493984 0.702496 0.115780 0.118415
horse_atlas.bmp
8 22.500000 -16.200001 19.000000 0.000000 -1.000000 0.000000 0.110000 0.110000
8 24.030001 -14.600000 20.880905 0.512328 -0.493984 0.702496 0.115780 0.118415
8 22.500000 -15.262742 20.880905 0.000000 -0.707973 0.706239 0.110000 0.118415
horse_atlas.bmp
8 24.663748 -15.262742 19.000000 0.715744 -0.698363 0.000000 0.173107 0.110000
8 25.559999 -13.000000 19.000000 1.000000 -0.000000 0.000000 0.180800 0.110000
8 24.663748 -13.000000 20.880905 0.715354 -0.000000 0.698762 0.180800 0.118415
horse_atlas.bmp
8 24.663748 -15.262742 19.000000 0.715744 -0.698363 0.000000 0.173107 0.110000
8 24.663748 -13.000000 20.880905 0.715354 -0.000000 0.698762 0.180800 0.118415
8 24.030001 -14.600000 20.880905 0.512328 -0.493984 0.702496 0.175360 0.118415
horse_atlas.bmp
8 24.663748 -13.000000 20.880905 0.715354 -0.000000 0.698762 0.118174 0.180800
8 24.030001 -11.400000 20.880905 0.512328 0.493984 0.702496 0.115780 0.186240
8 22.500000 -13.000000 21.660000 0.239943 0.229826 0.943190 0.110000 0.180800
horse_atlas.bmp
8 24.030001 -11.400000 20.880905 0.512328 0.493984 0.702496 0.115780 0.186240
8 22.500000 -10.737258 20.880905 0.000000 0.707973 0.706239 0.110000 0.188493
8 22.500000 -13.000000 21.660000 0.000000 0.325556 0.945523 0.110000 0.180800
horse_atlas.bmp
8 22.500000 -10.737258 20.880905 0.000000 0.707973 0.706239 0.110000 0.188493
8 20.969999 -11.400000 20.880905 -0.512328 0.493984 0.702496 0.104220 0.186240
8 22.500000 -13.000000 21.660000 -0.239943 0.229826 0.943190 0.110000 0.180800
horse_atlas.bmp
8 20.969999 -11.400000 20.880905 -0.512328 0.493984 0.702496 0.104220 0.186240
8 20.336252 -13.000000 20.880905 -0.715354 0.000000 0.698762 0.101826 0.180800
8 22.500000 -13.000000 21.660000 -0.338777 0.000000 0.940867 0.110000 0.180800
horse_atlas.bmp
8 20.336252 -13.000000 20.880905 -0.715354 0.000000 0.698762 0.101826 0.180800
8 20.969999 -14.600000 20.880905 -0.512328 -0.493984 0.702496 0.104220 0.175360
8 22.500000 -13.000000 21.660000 -0.239943 -0.229826 0.943190 0.110000 0.180800
horse_atlas.bmp
8 20.969999 -14.600000 20.880905 -0.512328 -0.493984 0.702496 0.104220 0.175360
8 22.500000 -15.262742 20.880905 0.000000 -0.707973 0.706239 0.110000 0.173107
8 22.500000 -13.000000 21.660000 0.000000 -0.325556 0.945523 0.110000 0.180800
horse_atlas.bmp
8 22.500000 -15.262742 20.880905 0.000000 -0.707973 0.706239 0.110000 0.173107
8 24.030001 -14.600000 20.880905 0.512328 -0.493984 0.702496 0.115780 0.175360
8 22.500000 -13.000000 21.660000 0.239943 -0.229826 0.943190 0.110000 0.180800
horse_atlas.bmp
8 24.030001 -14.600000 20.880905 0.512328 -0.493984 0.702496 0.115780 0.175360
8 24.663748 -13.000000 20.880905 0.715354 -0.000000 0.698762 0.118174 0.180800
8 22.500000 -13.000000 21.660000 0.338777 0.000000 0.940867 0.110000 0.180800
horse_atlas.bmp
8 22.500000 -10.600000 19.000000 -0.032503 0.783774 0.620195 0.670000 0.550000
8 24.279165 -11.302944 19.083467 0.512166 0.564118 0.647656 0.676721 0.550373
8 24.596249 -11.472650 11.551121 0.689454 0.720312 0.076186 0.677919 0.716676
horse_atlas.bmp
8 22.500000 -10.600000 19.000000 -0.032503 0.783774 0.620195 0.670000 0.550000
8 24.596249 -11.472650 11.551121 0.689454 0.720312 0.076186 0.677919 0.716676
8 22.994999 -10.840000 11.476000 -0.001383 0.999590 0.028588 0.671870 0.716340
horse_atlas.bmp
8 24.279165 -11.302944 19.083467 0.512166 0.564118 0.647656 0.546570 0.550373
8 25.016119 -13.000000 19.118040 0.753077 -0.000000 0.657932 0.540800 0.550528
8 25.259508 -13.000000 11.582236 0.995136 0.000000 0.098509 0.540800 0.716815
horse_atlas.bmp
8 24.279165 -11.302944 19.083467 0.512166 0.564118 0.647656 0.546570 0.550373
8 25.259508 -13.000000 11.582236 0.995136 0.000000 0.098509 0.540800 0.716815
8 24.596249 -11.472650 11.551121 0.689454 0.720312 0.076186 0.545993 0.716676
horse_atlas.bmp
8 25.016119 -13.000000 19.118040 0.753077 -0.000000 0.657932 0.540800 0.550528
8 24.279165 -14.697056 19.083467 0.512166 -0.564118 0.647656 0.535030 0.550373
8 24.596249 -14.527350 11.551121 0.689454 -0.720312 0.076186 0.535607 0.716676
horse_atlas.bmp
8 25.016119 -13.000000 19.118040 0.753077 -0.000000 0.657932 0.540800 0.550528
8 24.596249 -14.527350 11.551121 0.689454 -0.720312 0.076186 0.535607 0.716676
8 25.259508 -13.000000 11.582236 0.995136 0.000000 0.098509 0.540800 0.716815
horse_atlas.bmp
8 24.279165 -14.697056 19.083467 0.512166 -0.564118 0.647656 0.676721 0.550373
8 22.500000 -15.400000 19.000000 -0.032503 -0.783774 0.620195 0.670000 0.550000
8 22.994999 -15.160000 11.476000 -0.001383 -0.999590 0.028588 0.671870 0.716340
horse_atlas.bmp
8 24.279165 -14.697056 19.083467 0.512166 -0.564118 0.647656 0.676721 0.550373
8 22.994999 -15.160000 11.476000 -0.001383 -0.999590 0.028588 0.671870 0.716340
8 24.596249 -14.527350 11.551121 0.689454 -0.720312 0.076186 0.677919 0.716676
horse_atlas.bmp
8 22.500000 -15.400000 19.000000 -0.032503 -0.783774 0.620195 0.670000 0.550000
8 20.720835 -14.697056 18.916533 -0.579148 -0.566148 0.586570 0.663279 0.549627
8 21.393751 -14.527350 11.400880 -0.692971 -0.720809 -0.015004 0.665821 0.716004
horse_atlas.bmp
8 22.500000 -15.400000 19.000000 -0.032503 -0.783774 0.620195 0.670000 0.550000
8 21.393751 -14.527350 11.400880 -0.692971 -0.720809 -0.015004 0.665821 0.716004
8 22.994999 -15.160000 11.476000 -0.001383 -0.999590 0.028588 0.671870 0.716340
horse_atlas.bmp
8 20.720835 -14.697056 18.916533 -0.579148 -0.566148 0.586570 0.535030 0.549627
8 19.983881 -13.000000 18.881960 -0.821763 -0.000000 0.569829 0.540800 0.549472
8 20.730490 -13.000000 11.369763 -0.999450 0.000000 -0.033151 0.540800 0.715865
horse_atlas.bmp
8 20.720835 -14.697056 18.916533 -0.579148 -0.566148 0.586570 0.535030 0.549627
8 20.730490 -13.000000 11.369763 -0.999450 0.000000 -0.033151 0.540800 0.715865
8 21.393751 -14.527350 11.400880 -0.692971 -0.720809 -0.015004 0.535607 0.716004
horse_atlas.bmp
8 19.983881 -13.000000 18.881960 -0.821763 -0.000000 0.569829 0.540800 0.549472
8 20.720835 -11.302944 18.916533 -0.579148 0.566148 0.586570 0.546570 0.549627
8 21.393751 -11.472650 11.400880 -0.692971 0.720809 -0.015004 0.545993 0.716004
horse_atlas.bmp
8 19.983881 -13.000000 18.881960 -0.821763 -0.000000 0.569829 0.540800 0.549472
8 21.393751 -11.472650 11.400880 -0.692971 0.720809 -0.015004 0.545993 0.716004
8 20.730490 -13.000000 11.369763 -0.999450 0.000000 -0.033151 0.540800 0.715865
horse_atlas.bmp
8 20.720835 -11.302944 18.916533 -0.579148 0.566148 0.586570 0.663279 0.549627
8 22.500000 -10.600000 19.000000 -0.032503 0.783774 0.620195 0.670000 0.550000
8 22.994999 -10.840000 11.476000 -0.001383 0.999590 0.028588 0.671870 0.716340
horse_atlas.bmp
8 20.720835 -11.302944 18.916533 -0.579148 0.566148 0.586570 0.663279 0.549627
8 22.994999 -10.840000 11.476000 -0.001383 0.999590 0.028588 0.671870 0.716340
8 21.393751 -11.472650 11.400880 -0.692971 0.720809 -0.015004 0.665821 0.716004
horse_atlas.bmp
8 22.994999 -10.840000 11.476000 -0.001383 0.999590 0.028588 0.671870 0.716340
8 24.596249 -11.472650 11.551121 0.689454 0.720312 0.076186 0.677919 0.716676
8 25.433332 -11.090812 5.415391 0.589127 0.579452 -0.563174 0.681081 0.689227
horse_atlas.bmp
8 22.994999 -10.840000 11.476000 -0.001383 0.999590 0.028588 0.671870 0.716340
8 25.433332 -11.090812 5.415391 0.589127 0.579452 -0.563174 0.681081 0.689227
8 23.400000 -10.300000 5.320000 0.031526 0.799367 -0.600015 0.673400 0.688800
horse_atlas.bmp
8 24.596249 -11.472650 11.551121 0.689454 0.720312 0.076186 0.545993 0.716676
8 25.259508 -13.000000 11.582236 0.995136 0.000000 0.098509 0.540800 0.716815
8 26.275564 -13.000000 5.454904 0.839653 -0.000000 -0.543123 0.540800 0.689404
horse_atlas.bmp
8 24.596249 -11.472650 11.551121 0.689454 0.720312 0.076186 0.545993 0.716676
8 26.275564 -13.000000 5.454904 0.839653 -0.000000 -0.543123 0.540800 0.689404
8 25.433332 -11.090812 5.415391 0.589127 0.579452 -0.563174 0.547291 0.689227
horse_atlas.bmp
8 25.259508 -13.000000 11.582236 0.995136 0.000000 0.098509 0.540800 0.716815
8 24.596249 -14.527350 11.551121 0.689454 -0.720312 0.076186 0.535607 0.716676
8 25.433332 -14.909188 5.415391 0.589127 -0.579452 -0.563174 0.534309 0.689227
horse_atlas.bmp
8 25.259508 -13.000000 11.582236 0.995136 0.000000 0.098509 0.540800 0.716815
8 25.433332 -14.909188 5.415391 0.589127 -0.579452 -0.563174 0.534309 0.689227
8 26.275564 -13.000000 5.454904 0.839653 -0.000000 -0.543123 0.540800 0.689404
horse_atlas.bmp
8 24.596249 -14.527350 11.551121 0.689454 -0.720312 0.076186 0.677919 0.716676
8 22.994999 -15.160000 11.476000 -0.001383 -0.999590 0.028588 0.671870 0.716340
8 23.400000 -15.700000 5.320000 0.031526 -0.799367 -0.600015 0.673400 0.688800
horse_atlas.bmp
8 24.596249 -14.527350 11.551121 0.689454 -0.720312 0.076186 0.677919 0.716676
8 23.400000 -15.700000 5.320000 0.031526 -0.799367 -0.600015 0.673400 0.688800
8 25.433332 -14.909188 5.415391 0.589127 -0.579452 -0.563174 0.681081 0.689227
horse_atlas.bmp
8 22.994999 -15.160000 11.476000 -0.001383 -0.999590 0.028588 0.671870 0.716340
8 21.393751 -14.527350 11.400880 -0.692971 -0.720809 -0.015004 0.665821 0.716004
8 21.366667 -14.909188 5.224609 -0.524591 -0.577707 -0.625347 0.665718 0.688373
horse_atlas.bmp
8 22.994999 -15.160000 11.476000 -0.001383 -0.999590 0.028588 0.671870 0.716340
8 21.366667 -14.909188 5.224609 -0.524591 -0.577707 -0.625347 0.665718 0.688373
8 23.400000 -15.700000 5.320000 0.031526 -0.799367 -0.600015 0.673400 0.688800
horse_atlas.bmp
8 21.393751 -14.527350 11.400880 -0.692971 -0.720809 -0.015004 0.535607 0.716004
8 20.730490 -13.000000 11.369763 -0.999450 0.000000 -0.033151 0.540800 0.715865
8 20.524435 -13.000000 5.185097 -0.774077 -0.000000 -0.633091 0.540800 0.688196
horse_atlas.bmp
8 21.393751 -14.527350 11.400880 -0.692971 -0.720809 -0.015004 0.535607 0.716004
8 20.524435 -13.000000 5.185097 -0.774077 -0.000000 -0.633091 0.540800 0.688196
8 21.366667 -14.909188 5.224609 -0.524591 -0.577707 -0.625347 0.534309 0.688373
horse_atlas.bmp
8 20.730490 -13.000000 11.369763 -0.999450 0.000000 -0.033151 0.540800 0.715865
8 21.393751 -11.472650 11.400880 -0.692971 0.720809 -0.015004 0.545993 0.716004
8 21.366667 -11.090812 5.224609 -0.524591 0.577707 -0.625347 0.547291 0.688373
horse_atlas.bmp
8 20.730490 -13.000000 11.369763 -0.999450 0.000000 -0.033151 0.540800 0.715865
8 21.366667 -11.090812 5.224609 -0.524591 0.577707 -0.625347 0.547291 0.688373
8 20.524435 -13.000000 5.185097 -0.774077 -0.000000 -0.633091 0.540800 0.688196
horse_atlas.bmp
8 21.393751 -11.472650 11.400880 -0.692971 0.720809 -0.015004 0.665821 0.716004
8 22.994999 -10.840000 11.476000 -0.001383 0.999590 0.028588 0.671870 0.716340
8 23.400000 -10.300000 5.320000 0.031526 0.799367 -0.600015 0.673400 0.688800
horse_atlas.bmp
8 21.393751 -11.472650 11.400880 -0.692971 0.720809 -0.015004 0.665821 0.716004
8 23.400000 -10.300000 5.320000 0.031526 0.799367 -0.600015 0.673400 0.688800
8 21.366667 -11.090812 5.224609 -0.524591 0.577707 -0.625347 0.665718 0.688373
horse_atlas.bmp
8 22.500000 -10.600000 19.000000 -0.032503 0.783774 0.620195 0.670000 0.628960
8 20.720835 -11.302944 18.916533 -0.579148 0.566148 0.586570 0.663279 0.626570
8 19.983881 -13.000000 18.881960 -0.821763 -0.000000 0.569829 0.660495 0.620800
horse_atlas.bmp
8 19.983881 -13.000000 18.881960 -0.821763 -0.000000 0.569829 0.660495 0.620800
8 20.720835 -14.697056 18.916533 -0.579148 -0.566148 0.586570 0.663279 0.615030
8 22.500000 -15.400000 19.000000 -0.032503 -0.783774 0.620195 0.670000 0.612640
horse_atlas.bmp
8 22.500000 -15.400000 19.000000 -0.032503 -0.783774 0.620195 0.670000 0.612640
8 24.279165 -14.697056 19.083467 0.512166 -0.564118 0.647656 0.676721 0.615030
8 25.016119 -13.000000 19.118040 0.753077 -0.000000 0.657932 0.679505 0.620800
horse_atlas.bmp
8 25.016119 -13.000000 19.118040 0.753077 -0.000000 0.657932 0.679505 0.620800
8 24.279165 -11.302944 19.083467 0.512166 0.564118 0.647656 0.676721 0.626570
8 22.500000 -10.600000 19.000000 -0.032503 0.783774 0.620195 0.670000 0.628960
horse_atlas.bmp
8 22.500000 -10.600000 19.000000 -0.032503 0.783774 0.620195 0.670000 0.628960
8 19.983881 -13.000000 18.881960 -0.821763 -0.000000 0.569829 0.660495 0.620800
8 22.500000 -15.400000 19.000000 -0.032503 -0.783774 0.620195 0.670000 0.612640
horse_atlas.bmp
8 22.500000 -15.400000 19.000000 -0.032503 -0.783774 0.620195 0.670000 0.612640
8 25.016119 -13.000000 19.118040 0.753077 -0.000000 0.657932 0.679505 0.620800
8 22.500000 -10.600000 19.000000 -0.032503 0.783774 0.620195 0.670000 0.628960
horse_atlas.bmp
8 21.366667 -11.090812 5.224609 -0.524591 0.577707 -0.625347 0.665718 0.627291
8 23.400000 -10.300000 5.320000 0.031526 0.799367 -0.600015 0.673400 0.629980
8 25.433332 -11.090812 5.415391 0.589127 0.579452 -0.563174 0.681081 0.627291
horse_atlas.bmp
8 25.433332 -11.090812 5.415391 0.589127 0.579452 -0.563174 0.681081 0.627291
8 26.275564 -13.000000 5.454904 0.839653 -0.000000 -0.543123 0.684263 0.620800
8 25.433332 -14.909188 5.415391 0.589127 -0.579452 -0.563174 0.681081 0.614309
horse_atlas.bmp
8 25.433332 -14.909188 5.415391 0.589127 -0.579452 -0.563174 0.681081 0.614309
8 23.400000 -15.700000 5.320000 0.031526 -0.799367 -0.600015 0.673400 0.611620
8 21.366667 -14.909188 5.224609 -0.524591 -0.577707 -0.625347 0.665718 0.614309
horse_atlas.bmp
8 21.366667 -14.909188 5.224609 -0.524591 -0.577707 -0.625347 0.665718 0.614309
8 20.524435 -13.000000 5.185097 -0.774077 -0.000000 -0.633091 0.662537 0.620800
8 21.366667 -11.090812 5.224609 -0.524591 0.577707 -0.625347 0.665718 0.627291
horse_atlas.bmp
8 21.366667 -11.090812 5.224609 -0.524591 0.577707 -0.625347 0.665718 0.627291
8 25.433332 -11.090812 5.415391 0.589127 0.579452 -0.563174 0.681081 0.627291
8 25.433332 -14.909188 5.415391 0.589127 -0.579452 -0.563174 0.681081 0.614309
horse_atlas.bmp
8 25.433332 -14.909188 5.415391 0.589127 -0.579452 -0.563174 0.681081 0.614309
8 21.366667 -14.909188 5.224609 -0.524591 -0.577707 -0.625347 0.665718 0.614309
8 21.366667 -11.090812 5.224609 -0.524591 0.577707 -0.625347 0.665718 0.627291
horse_atlas.bmp
9 23.400000 -13.000000 2.660000 0.338776 0.000000 -0.940867 0.673400 0.620800
9 24.930000 -11.400000 3.439096 0.512328 0.493984 -0.702496 0.679180 0.626240
9 25.563747 -13.000000 3.439096 0.715354 0.000000 -0.698762 0.681574 0.620800
horse_atlas.bmp
9 23.400000 -13.000000 2.660000 0.239943 0.229827 -0.943190 0.673400 0.620800
9 23.400000 -10.737258 3.439096 -0.000000 0.707973 -0.706239 0.673400 0.628493
9 24.930000 -11.400000 3.439096 0.512328 0.493984 -0.702496 0.679180 0.626240
horse_atlas.bmp
9 23.400000 -13.000000 2.660000 -0.000000 0.325558 -0.945522 0.673400 0.620800
9 21.869999 -11.400000 3.439096 -0.512328 0.493984 -0.702496 0.667620 0.626240
9 23.400000 -10.737258 3.439096 -0.000000 0.707973 -0.706239 0.673400 0.628493
horse_atlas.bmp
9 23.400000 -13.000000 2.660000 -0.239943 0.229827 -0.943190 0.673400 0.620800
9 21.236254 -13.000000 3.439096 -0.715354 0.000000 -0.698762 0.665226 0.620800
9 21.869999 -11.400000 3.439096 -0.512328 0.493984 -0.702496 0.667620 0.626240
horse_atlas.bmp
9 23.400000 -13.000000 2.660000 -0.338776 0.000000 -0.940867 0.673400 0.620800
9 21.869999 -14.600000 3.439096 -0.512328 -0.493984 -0.702496 0.667620 0.615360
9 21.236254 -13.000000 3.439096 -0.715354 0.000000 -0.698762 0.665226 0.620800
horse_atlas.bmp
9 23.400000 -13.000000 2.660000 -0.239943 -0.229827 -0.943190 0.673400 0.620800
9 23.400000 -15.262742 3.439096 -0.000000 -0.707974 -0.706239 0.673400 0.613107
9 21.869999 -14.600000 3.439096 -0.512328 -0.493984 -0.702496 0.667620 0.615360
horse_atlas.bmp
9 23.400000 -13.000000 2.660000 -0.000000 -0.325558 -0.945522 0.673400 0.620800
9 24.930000 -14.600000 3.439096 0.512328 -0.493984 -0.702496 0.679180 0.615360
9 23.400000 -15.262742 3.439096 -0.000000 -0.707974 -0.706239 0.673400 0.613107
horse_atlas.bmp
9 23.400000 -13.000000 2.660000 0.239943 -0.229827 -0.943190 0.673400 0.620800
9 25.563747 -13.000000 3.439096 0.715354 0.000000 -0.698762 0.681574 0.620800
9 24.930000 -14.600000 3.439096 0.512328 -0.493984 -0.702496 0.679180 0.615360
horse_atlas.bmp
9 25.563747 -13.000000 3.439096 0.715354 0.000000 -0.698762 0.540800 0.680385
9 24.930000 -11.400000 3.439096 0.512328 0.493984 -0.702496 0.546240 0.680385
9 25.563747 -10.737258 5.320000 0.715744 0.698363 0.000000 0.548493 0.688800
horse_atlas.bmp
9 25.563747 -13.000000 3.439096 0.715354 0.000000 -0.698762 0.540800 0.680385
9 25.563747 -10.737258 5.320000 0.715744 0.698363 0.000000 0.548493 0.688800
9 26.459999 -13.000000 5.320000 1.000000 0.000000 -0.000000 0.540800 0.688800
horse_atlas.bmp
9 24.930000 -11.400000 3.439096 0.512328 0.493984 -0.702496 0.679180 0.680385
9 23.400000 -10.737258 3.439096 -0.000000 0.707973 -0.706239 0.673400 0.680385
9 23.400000 -9.800000 5.320000 -0.000000 1.000000 -0.000000 0.673400 0.688800
horse_atlas.bmp
9 24.930000 -11.400000 3.439096 0.512328 0.493984 -0.702496 0.679180 0.680385
9 23.400000 -9.800000 5.320000 -0.000000 1.000000 -0.000000 0.673400 0.688800
9 25.563747 -10.737258 5.320000 0.715744 0.698363 0.000000 0.681574 0.688800
horse_atlas.bmp
9 23.400000 -10.737258 3.439096 -0.000000 0.707973 -0.706239 0.673400 0.680385
9 21.869999 -11.400000 3.439096 -0.512328 0.493984 -0.702496 0.667620 0.680385
9 21.236254 -10.737258 5.320000 -0.715744 0.698363 0.000000 0.665226 0.688800
horse_atlas.bmp
9 23.400000 -10.737258 3.439096 -0.000000 0.707973 -0.706239 0.673400 0.680385
9 21.236254 -10.737258 5.320000 -0.715744 0.698363 0.000000 0.665226 0.688800
9 23.400000 -9.800000 5.320000 -0.000000 1.000000 -0.000000 0.673400 0.688800
horse_atlas.bmp
9 21.869999 -11.400000 3.439096 -0.512328 0.493984 -0.702496 0.546240 0.680385
9 21.236254 -13.000000 3.439096 -0.715354 0.000000 -0.698762 0.540800 0.680385
9 20.340000 -13.000000 5.320000 -1.000000 0.000000 0.000000 0.540800 0.688800
horse_atlas.bmp
9 21.869999 -11.400000 3.439096 -0.512328 0.493984 -0.702496 0.546240 0.680385
9 20.340000 -13.000000 5.320000 -1.000000 0.000000 0.000000 0.540800 0.688800
9 21.236254 -10.737258 5.320000 -0.715744 0.698363 0.000000 0.548493 0.688800
horse_atlas.bmp
9 21.236254 -13.000000 3.439096 -0.715354 0.000000 -0.698762 0.540800 0.680385
9 21.869999 -14.600000 3.439096 -0.512328 -0.493984 -0.702496 0.535360 0.680385
9 21.236254 -15.262742 5.320000 -0.715744 -0.698363 0.000000 0.533107 0.688800
horse_atlas.bmp
9 21.236254 -13.000000 3.439096 -0.715354 0.000000 -0.698762 0.540800 0.680385
9 21.236254 -15.262742 5.320000 -0.715744 -0.698363 0.000000 0.533107 0.688800
9 20.340000 -13.000000 5.320000 -1.000000 0.000000 0.000000 0.540800 0.688800
horse_atlas.bmp
9 21.869999 -14.600000 3.439096 -0.512328 -0.493984 -0.702496 0.667620 0.680385
9 23.400000 -15.262742 3.439096 -0.000000 -0.707974 -0.706239 0.673400 0.680385
9 23.400000 -16.200001 5.320000 -0.000000 -1.000000 0.000000 0.673400 0.688800
horse_atlas.bmp
9 21.869999 -14.600000 3.439096 -0.512328 -0.493984 -0.702496 0.667620 0.680385
9 23.400000 -16.200001 5.320000 -0.000000 -1.000000 0.000000 0.673400 0.688800
9 21.236254 -15.262742 5.320000 -0.715744 -0.698363 0.000000 0.665226 0.688800
horse_atlas.bmp
9 23.400000 -15.262742 3.439096 -0.000000 -0.707974 -0.706239 0.673400 0.680385
9 24.930000 -14.600000 3.439096 0.512328 -0.493984 -0.702496 0.679180 0.680385
9 25.563747 -15.262742 5.320000 0.715744 -0.698363 0.000000 0.681574 0.688800
horse_atlas.bmp
9 23.400000 -15.262742 3.439096 -0.000000 -0.707974 -0.706239 0.673400 0.680385
9 25.563747 -15.262742 5.320000 0.715744 -0.698363 0.000000 0.681574 0.688800
9 23.400000 -16.200001 5.320000 -0.000000 -1.000000 0.000000 0.673400 0.688800
horse_atlas.bmp
9 24.930000 -14.600000 3.439096 0.512328 -0.493984 -0.702496 0.535360 0.680385
9 25.563747 -13.000000 3.439096 0.715354 0.000000 -0.698762 0.540800 0.680385
9 26.459999 -13.000000 5.320000 1.000000 0.000000 -0.000000 0.540800 0.688800
horse_atlas.bmp
9 24.930000 -14.600000 3.439096 0.512328 -0.493984 -0.702496 0.535360 0.680385
9 26.459999 -13.000000 5.320000 1.000000 0.000000 -0.000000 0.540800 0.688800
9 25.563747 -15.262742 5.320000 0.715744 -0.698363 0.000000 0.533107 0.688800
horse_atlas.bmp
9 26.459999 -13.000000 5.320000 1.000000 0.000000 -0.000000 0.540800 0.688800
9 25.563747 -10.737258 5.320000 0.715744 0.698363 0.000000 0.548493 0.688800
9 24.930000 -11.400000 7.200904 0.512328 0.493984 0.702496 0.546240 0.697215
horse_atlas.bmp
9 26.459999 -13.000000 5.320000 1.000000 0.000000 -0.000000 0.540800 0.688800
9 24.930000 -11.400000 7.200904 0.512328 0.493984 0.702496 0.546240 0.697215
9 25.563747 -13.000000 7.200904 0.715354 0.000000 0.698762 0.540800 0.697215
horse_atlas.bmp
9 25.563747 -10.737258 5.320000 0.715744 0.698363 0.000000 0.681574 0.688800
9 23.400000 -9.800000 5.320000 -0.000000 1.000000 -0.000000 0.673400 0.688800
9 23.400000 -10.737258 7.200904 -0.000000 0.707973 0.706239 0.673400 0.697215
horse_atlas.bmp
9 25.563747 -10.737258 5.320000 0.715744 0.698363 0.000000 0.681574 0.688800
9 23.400000 -10.737258 7.200904 -0.000000 0.707973 0.706239 0.673400 0.697215
9 24.930000 -11.400000 7.200904 0.512328 0.493984 0.702496 0.679180 0.697215
horse_atlas.bmp
9 23.400000 -9.800000 5.320000 -0.000000 1.000000 -0.000000 0.673400 0.688800
9 21.236254 -10.737258 5.320000 -0.715744 0.698363 0.000000 0.665226 0.688800
9 21.869999 -11.400000 7.200904 -0.512328 0.493984 0.702496 0.667620 0.697215
horse_atlas.bmp
9 23.400000 -9.800000 5.320000 -0.000000 1.000000 -0.000000 0.673400 0.688800
9 21.869999 -11.400000 7.200904 -0.512328 0.493984 0.702496 0.667620 0.697215
9 23.400000 -10.737258 7.200904 -0.000000 0.707973 0.706239 0.673400 0.697215
horse_atlas.bmp
9 21.236254 -10.737258 5.320000 -0.715744 0.698363 0.000000 0.548493 0.688800
9 20.340000 -13.000000 5.320000 -1.000000 0.000000 0.000000 0.540800 0.688800
9 21.236254 -13.000000 7.200904 -0.715354 0.000000 0.698762 0.540800 0.697215
horse_atlas.bmp
9 21.236254 -10.737258 5.320000 -0.715744 0.698363 0.000000 0.548493 0.688800
9 21.236254 -13.000000 7.200904 -0.715354 0.000000 0.698762 0.540800 0.697215
9 21.869999 -11.400000 7.200904 -0.512328 0.493984 0.702496 0.546240 0.697215
horse_atlas.bmp
9 20.340000 -13.000000 5.320000 -1.000000 0.000000 0.000000 0.540800 0.688800
9 21.236254 -15.262742 5.320000 -0.715744 -0.698363 0.000000 0.533107 0.688800
9 21.869999 -14.600000 7.200904 -0.512328 -0.493984 0.702496 0.535360 0.697215
horse_atlas.bmp
9 20.340000 -13.000000 5.320000 -1.000000 0.000000 0.000000 0.540800 0.688800
9 21.869999 -14.600000 7.200904 -0.512328 -0.493984 0.702496 0.535360 0.697215
9 21.236254 -13.000000 7.200904 -0.715354 0.000000 0.698762 0.540800 0.697215
horse_atlas.bmp
9 21.236254 -15.262742 5.320000 -0.715744 -0.698363 0.000000 0.665226 0.688800
9 23.400000 -16.200001 5.320000 -0.000000 -1.000000 0.000000 0.673400 0.688800
9 23.400000 -15.262742 7.200904 -0.000000 -0.707973 0.706239 0.673400 0.697215
horse_atlas.bmp
9 21.236254 -15.262742 5.320000 -0.715744 -0.698363 0.000000 0.665226 0.688800
9 23.400000 -15.262742 7.200904 -0.000000 -0.707973 0.706239 0.673400 0.697215
9 21.869999 -14.600000 7.200904 -0.512328 -0.493984 0.702496 0.667620 0.697215
horse_atlas.bmp
9 23.400000 -16.200001 5.320000 -0.000000 -1.000000 0.000000 0.673400 0.688800
9 25.563747 -15.262742 5.320000 0.715744 -0.698363 0.000000 0.681574 0.688800
9 24.930000 -14.600000 7.200904 0.512328 -0.493984 0.702496 0.679180 0.697215
horse_atlas.bmp
9 23.400000 -16.200001 5.320000 -0.000000 -1.000000 0.000000 0.673400 0.688800
9 24.930000 -14.600000 7.200904 0.512328 -0.493984 0.702496 0.679180 0.697215
9 23.400000 -15.262742 7.200904 -0.000000 -0.707973 0.706239 0.673400 0.697215
horse_atlas.bmp
9 25.563747 -15.262742 5.320000 0.715744 -0.698363 0.000000 0.533107 0.688800
9 26.459999 -13.000000 5.320000 1.000000 0.000000 -0.000000 0.540800 0.688800
9 25.563747 -13.000000 7.200904 0.715354 0.000000 0.698762 0.540800 0.697215
horse_atlas.bmp
9 25.563747 -15.262742 5.320000 0.715744 -0.698363 0.000000 0.533107 0.688800
9 25.563747 -13.000000 7.200904 0.715354 0.000000 0.698762 0.540800 0.697215
9 24.930000 -14.600000 7.200904 0.512328 -0.493984 0.702496 0.535360 0.697215
horse_atlas.bmp
9 25.563747 -13.000000 7.200904 0.715354 0.000000 0.698762 0.681574 0.620800
9 24.930000 -11.400000 7.200904 0.512328 0.493984 0.702496 0.679180 0.626240
9 23.400000 -13.000000 7.980000 0.239943 0.229827 0.943190 0.673400 0.620800
horse_atlas.bmp
9 24.930000 -11.400000 7.200904 0.512328 0.493984 0.702496 0.679180 0.626240
9 23.400000 -10.737258 7.200904 -0.000000 0.707973 0.706239 0.673400 0.628493
9 23.400000 -13.000000 7.980000 0.000000 0.325558 0.945522 0.673400 0.620800
horse_atlas.bmp
9 23.400000 -10.737258 7.200904 -0.000000 0.707973 0.706239 0.673400 0.628493
9 21.869999 -11.400000 7.200904 -0.512328 0.493984 0.702496 0.667620 0.626240
9 23.400000 -13.000000 7.980000 -0.239943 0.229826 0.943190 0.673400 0.620800
horse_atlas.bmp
9 21.869999 -11.400000 7.200904 -0.512328 0.493984 0.702496 0.667620 0.626240
9 21.236254 -13.000000 7.200904 -0.715354 0.000000 0.698762 0.665226 0.620800
9 23.400000 -13.000000 7.980000 -0.338777 0.000000 0.940867 0.673400 0.620800
horse_atlas.bmp
9 21.236254 -13.000000 7.200904 -0.715354 0.000000 0.698762 0.665226 0.620800
9 21.869999 -14.600000 7.200904 -0.512328 -0.493984 0.702496 0.667620 0.615360
9 23.400000 -13.000000 7.980000 -0.239943 -0.229826 0.943190 0.673400 0.620800
horse_atlas.bmp
9 21.869999 -14.600000 7.200904 -0.512328 -0.493984 0.702496 0.667620 0.615360
9 23.400000 -15.262742 7.200904 -0.000000 -0.707973 0.706239 0.673400 0.613107
9 23.400000 -13.000000 7.980000 -0.000000 -0.325558 0.945522 0.673400 0.620800
horse_atlas.bmp
9 23.400000 -15.262742 7.200904 -0.000000 -0.707973 0.706239 0.673400 0.613107
9 24.930000 -14.600000 7.200904 0.512328 -0.493984 0.702496 0.679180 0.615360
9 23.400000 -13.000000 7.980000 0.239943 -0.229827 0.943190 0.673400 0.620800
horse_atlas.bmp
9 24.930000 -14.600000 7.200904 0.512328 -0.493984 0.702496 0.679180 0.615360
9 25.563747 -13.000000 7.200904 0.715354 0.000000 0.698762 0.681574 0.620800
9 23.400000 -13.000000 7.980000 0.338776 0.000000 0.940867 0.673400 0.620800
horse_atlas.bmp
9 25.200001 -9.100000 4.560000 -0.075304 0.697614 0.712506 0.224200 0.351400
9 27.668898 -9.844833 4.808196 0.296687 0.575762 0.761889 0.033527 0.352510
9 28.652008 -9.359424 1.607154 0.543381 0.817511 0.190824 0.037241 0.338190
horse_atlas.bmp
9 25.200001 -9.100000 4.560000 -0.075304 0.697614 0.712506 0.224200 0.351400
9 28.652008 -9.359424 1.607154 0.543381 0.817511 0.190824 0.037241 0.338190
9 25.650000 -8.500000 1.368000 0.001683 0.988047 0.154142 0.025900 0.337120
horse_atlas.bmp
9 27.668898 -9.844833 4.808196 0.296687 0.575762 0.761889 0.095528 0.352510
9 29.194759 -11.794834 4.961590 0.551061 0.228897 0.802458 0.088898 0.353197
9 30.507351 -11.609424 1.754959 0.917116 0.325233 0.230483 0.089528 0.338851
horse_atlas.bmp
9 27.668898 -9.844833 4.808196 0.296687 0.575762 0.761889 0.095528 0.352510
9 30.507351 -11.609424 1.754959 0.917116 0.325233 0.230483 0.089528 0.338851
9 28.652008 -9.359424 1.607154 0.543381 0.817511 0.190824 0.097178 0.338190
horse_atlas.bmp
9 29.194759 -11.794834 4.961590 0.551061 0.228897 0.802458 0.088898 0.353197
9 29.194759 -14.205166 4.961590 0.551061 -0.228897 0.802458 0.080702 0.353197
9 30.507351 -14.390576 1.754959 0.917116 -0.325233 0.230483 0.080072 0.338851
horse_atlas.bmp
9 29.194759 -11.794834 4.961590 0.551061 0.228897 0.802458 0.088898 0.353197
9 30.507351 -14.390576 1.754959 0.917116 -0.325233 0.230483 0.080072 0.338851
9 30.507351 -11.609424 1.754959 0.917116 0.325233 0.230483 0.089528 0.338851
horse_atlas.bmp
9 29.194759 -14.205166 4.961590 0.551061 -0.228897 0.802458 0.080702 0.353197
9 27.668898 -16.155167 4.808196 0.296687 -0.575762 0.761889 0.074072 0.352510
9 28.652008 -16.640575 1.607154 0.543381 -0.817511 0.190824 0.072422 0.338190
horse_atlas.bmp
9 29.194759 -14.205166 4.961590 0.551061 -0.228897 0.802458 0.080702 0.353197
9 28.652008 -16.640575 1.607154 0.543381 -0.817511 0.190824 0.072422 0.338190
9 30.507351 -14.390576 1.754959 0.917116 -0.325233 0.230483 0.080072 0.338851
horse_atlas.bmp
9 27.668898 -16.155167 4.808196 0.296687 -0.575762 0.761889 0.033527 0.352510
9 25.200001 -16.900000 4.560000 -0.075304 -0.697614 0.712505 0.224200 0.351400
9 25.650000 -17.500000 1.368000 0.001683 -0.988047 0.154142 0.025900 0.337120
horse_atlas.bmp
9 27.668898 -16.155167 4.808196 0.296687 -0.575762 0.761889 0.033527 0.352510
9 25.650000 -17.500000 1.368000 0.001683 -0.988047 0.154142 0.025900 0.337120
9 28.652008 -16.640575 1.607154 0.543381 -0.817511 0.190824 0.037241 0.338190
horse_atlas.bmp
9 25.200001 -16.900000 4.560000 -0.075304 -0.697614 0.712505 0.224200 0.351400
9 22.731102 -16.155167 4.311804 -0.452896 -0.582586 0.674891 0.214873 0.350290
9 22.647991 -16.640575 1.128846 -0.544410 -0.824286 0.155470 0.214559 0.336050
horse_atlas.bmp
9 25.200001 -16.900000 4.560000 -0.075304 -0.697614 0.712505 0.224200 0.351400
9 22.647991 -16.640575 1.128846 -0.544410 -0.824286 0.155470 0.214559 0.336050
9 25.650000 -17.500000 1.368000 0.001683 -0.988047 0.154142 0.025900 0.337120
horse_atlas.bmp
9 22.731102 -16.155167 4.311804 -0.452896 -0.582586 0.674891 0.074072 0.350290
9 21.205238 -14.205166 4.158410 -0.718151 -0.233652 0.655489 0.080702 0.349603
9 20.792648 -14.390576 0.981041 -0.926139 -0.330312 0.182104 0.080072 0.335389
horse_atlas.bmp
9 22.731102 -16.155167 4.311804 -0.452896 -0.582586 0.674891 0.074072 0.350290
9 20.792648 -14.390576 0.981041 -0.926139 -0.330312 0.182104 0.080072 0.335389
9 22.647991 -16.640575 1.128846 -0.544410 -0.824286 0.155470 0.072422 0.336050
horse_atlas.bmp
9 21.205238 -14.205166 4.158410 -0.718151 -0.233652 0.655489 0.080702 0.349603
9 21.205238 -11.794834 4.158410 -0.718151 0.233652 0.655489 0.088898 0.349603
9 20.792648 -11.609424 0.981041 -0.926139 0.330312 0.182103 0.089528 0.335389
horse_atlas.bmp
9 21.205238 -14.205166 4.158410 -0.718151 -0.233652 0.655489 0.080702 0.349603
9 20.792648 -11.609424 0.981041 -0.926139 0.330312 0.182103 0.089528 0.335389
9 20.792648 -14.390576 0.981041 -0.926139 -0.330312 0.182104 0.080072 0.335389
horse_atlas.bmp
9 21.205238 -11.794834 4.158410 -0.718151 0.233652 0.655489 0.088898 0.349603
9 22.731102 -9.844833 4.311804 -0.452896 0.582586 0.674891 0.095528 0.350290
9 22.647991 -9.359424 1.128846 -0.544410 0.824286 0.155470 0.097178 0.336050
horse_atlas.bmp
9 21.205238 -11.794834 4.158410 -0.718151 0.233652 0.655489 0.088898 0.349603
9 22.647991 -9.359424 1.128846 -0.544410 0.824286 0.155470 0.097178 0.336050
9 20.792648 -11.609424 0.981041 -0.926139 0.330312 0.182103 0.089528 0.335389
horse_atlas.bmp
9 22.731102 -9.844833 4.311804 -0.452896 0.582586 0.674891 0.214873 0.350290
9 25.200001 -9.100000 4.560000 -0.075304 0.697614 0.712506 0.224200 0.351400
9 25.650000 -8.500000 1.368000 0.001683 0.988047 0.154142 0.025900 0.337120
horse_atlas.bmp
9 22.731102 -9.844833 4.311804 -0.452896 0.582586 0.674891 0.214873 0.350290
9 25.650000 -8.500000 1.368000 0.001683 0.988047 0.154142 0.025900 0.337120
9 22.647991 -9.359424 1.128846 -0.544410 0.824286 0.155470 0.214559 0.336050
horse_atlas.bmp
9 25.650000 -8.500000 1.368000 0.001683 0.988047 0.154142 0.025900 0.337120
9 28.652008 -9.359424 1.607154 0.543381 0.817511 0.190824 0.037241 0.338190
9 28.718239 -9.278522 0.532000 0.434343 0.664136 -0.608498 0.037491 0.333380
horse_atlas.bmp
9 25.650000 -8.500000 1.368000 0.001683 0.988047 0.154142 0.025900 0.337120
9 28.718239 -9.278522 0.532000 0.434343 0.664136 -0.608498 0.037491 0.333380
9 25.650000 -8.400000 0.532000 -0.003097 0.796955 -0.604031 0.025900 0.333380
horse_atlas.bmp
9 28.652008 -9.359424 1.607154 0.543381 0.817511 0.190824 0.097178 0.338190
9 30.507351 -11.609424 1.754959 0.917116 0.325233 0.230483 0.089528 0.338851
9 30.614515 -11.578522 0.532000 0.750991 0.269525 -0.602800 0.089633 0.333380
horse_atlas.bmp
9 28.652008 -9.359424 1.607154 0.543381 0.817511 0.190824 0.097178 0.338190
9 30.614515 -11.578522 0.532000 0.750991 0.269525 -0.602800 0.089633 0.333380
9 28.718239 -9.278522 0.532000 0.434343 0.664136 -0.608498 0.097453 0.333380
horse_atlas.bmp
9 30.507351 -11.609424 1.754959 0.917116 0.325233 0.230483 0.089528 0.338851
9 30.507351 -14.390576 1.754959 0.917116 -0.325233 0.230483 0.080072 0.338851
9 30.614515 -14.421478 0.532000 0.750991 -0.269525 -0.602800 0.079967 0.333380
horse_atlas.bmp
9 30.507351 -11.609424 1.754959 0.917116 0.325233 0.230483 0.089528 0.338851
9 30.614515 -14.421478 0.532000 0.750991 -0.269525 -0.602800 0.079967 0.333380
9 30.614515 -11.578522 0.532000 0.750991 0.269525 -0.602800 0.089633 0.333380
horse_atlas.bmp
9 30.507351 -14.390576 1.754959 0.917116 -0.325233 0.230483 0.080072 0.338851
9 28.652008 -16.640575 1.607154 0.543381 -0.817511 0.190824 0.072422 0.338190
9 28.718239 -16.721478 0.532000 0.434344 -0.664136 -0.608497 0.072147 0.333380
horse_atlas.bmp
9 30.507351 -14.390576 1.754959 0.917116 -0.325233 0.230483 0.080072 0.338851
9 28.718239 -16.721478 0.532000 0.434344 -0.664136 -0.608497 0.072147 0.333380
9 30.614515 -14.421478 0.532000 0.750991 -0.269525 -0.602800 0.079967 0.333380
horse_atlas.bmp
9 28.652008 -16.640575 1.607154 0.543381 -0.817511 0.190824 0.037241 0.338190
9 25.650000 -17.500000 1.368000 0.001683 -0.988047 0.154142 0.025900 0.337120
9 25.650000 -17.600000 0.532000 -0.003097 -0.796955 -0.604031 0.025900 0.333380
horse_atlas.bmp
9 28.652008 -16.640575 1.607154 0.543381 -0.817511 0.190824 0.037241 0.338190
9 25.650000 -17.600000 0.532000 -0.003097 -0.796955 -0.604031 0.025900 0.333380
9 28.718239 -16.721478 0.532000 0.434344 -0.664136 -0.608497 0.037491 0.333380
horse_atlas.bmp
9 25.650000 -17.500000 1.368000 0.001683 -0.988047 0.154142 0.025900 0.337120
9 22.647991 -16.640575 1.128846 -0.544410 -0.824286 0.155470 0.214559 0.336050
9 22.581760 -16.721478 0.532000 -0.450847 -0.677626 -0.580999 0.214309 0.333380
horse_atlas.bmp
9 25.650000 -17.500000 1.368000 0.001683 -0.988047 0.154142 0.025900 0.337120
9 22.581760 -16.721478 0.532000 -0.450847 -0.677626 -0.580999 0.214309 0.333380
9 25.650000 -17.600000 0.532000 -0.003097 -0.796955 -0.604031 0.025900 0.333380
horse_atlas.bmp
9 22.647991 -16.640575 1.128846 -0.544410 -0.824286 0.155470 0.072422 0.336050
9 20.792648 -14.390576 0.981041 -0.926139 -0.330312 0.182104 0.080072 0.335389
9 20.685484 -14.421478 0.532000 -0.785417 -0.278181 -0.552933 0.079967 0.333380
horse_atlas.bmp
9 22.647991 -16.640575 1.128846 -0.544410 -0.824286 0.155470 0.072422 0.336050
9 20.685484 -14.421478 0.532000 -0.785417 -0.278181 -0.552933 0.079967 0.333380
9 22.581760 -16.721478 0.532000 -0.450847 -0.677626 -0.580999 0.072147 0.333380
horse_atlas.bmp
9 20.792648 -14.390576 0.981041 -0.926139 -0.330312 0.182104 0.080072 0.335389
9 20.792648 -11.609424 0.981041 -0.926139 0.330312 0.182103 0.089528 0.335389
9 20.685484 -11.578522 0.532000 -0.785417 0.278181 -0.552933 0.089633 0.333380
horse_atlas.bmp
9 20.792648 -14.390576 0.981041 -0.926139 -0.330312 0.182104 0.080072 0.335389
9 20.685484 -11.578522 0.532000 -0.785417 0.278181 -0.552933 0.089633 0.333380
9 20.685484 -14.421478 0.532000 -0.785417 -0.278181 -0.552933 0.079967 0.333380
horse_atlas.bmp
9 20.792648 -11.609424 0.981041 -0.926139 0.330312 0.182103 0.089528 0.335389
9 22.647991 -9.359424 1.128846 -0.544410 0.824286 0.155470 0.097178 0.336050
9 22.581760 -9.278522 0.532000 -0.450847 0.677626 -0.580999 0.097453 0.333380
horse_atlas.bmp
9 20.792648 -11.609424 0.981041 -0.926139 0.330312 0.182103 0.089528 0.335389
9 22.581760 -9.278522 0.532000 -0.450847 0.677626 -0.580999 0.097453 0.333380
9 20.685484 -11.578522 0.532000 -0.785417 0.278181 -0.552933 0.089633 0.333380
horse_atlas.bmp
9 22.647991 -9.359424 1.128846 -0.544410 0.824286 0.155470 0.214559 0.336050
9 25.650000 -8.500000 1.368000 0.001683 0.988047 0.154142 0.025900 0.337120
9 25.650000 -8.400000 0.532000 -0.003097 0.796955 -0.604031 0.025900 0.333380
horse_atlas.bmp
9 22.647991 -9.359424 1.128846 -0.544410 0.824286 0.155470 0.214559 0.336050
9 25.650000 -8.400000 0.532000 -0.003097 0.796955 -0.604031 0.025900 0.333380
9 22.581760 -9.278522 0.532000 -0.450847 0.677626 -0.580999 0.214309 0.333380
horse_atlas.bmp
9 25.200001 -9.100000 4.560000 -0.075304 0.697614 0.712506 0.224200 0.300060
9 22.731102 -9.844833 4.311804 -0.452896 0.582586 0.674891 0.214873 0.297528
9 21.205238 -11.794834 4.158410 -0.718151 0.233652 0.655489 0.209109 0.290898
horse_atlas.bmp
9 21.205238 -11.794834 4.158410 -0.718151 0.233652 0.655489 0.209109 0.290898
9 21.205238 -14.205166 4.158410 -0.718151 -0.233652 0.655489 0.209109 0.282702
9 22.731102 -16.155167 4.311804 -0.452896 -0.582586 0.674891 0.214873 0.276072
horse_atlas.bmp
9 22.731102 -16.155167 4.311804 -0.452896 -0.582586 0.674891 0.214873 0.276072
9 25.200001 -16.900000 4.560000 -0.075304 -0.697614 0.712505 0.224200 0.473540
9 27.668898 -16.155167 4.808196 0.296687 -0.575762 0.761889 0.033527 0.276072
horse_atlas.bmp
9 27.668898 -16.155167 4.808196 0.296687 -0.575762 0.761889 0.033527 0.276072
9 29.194759 -14.205166 4.961590 0.551061 -0.228897 0.802458 0.039291 0.282702
9 29.194759 -11.794834 4.961590 0.551061 0.228897 0.802458 0.039291 0.290898
horse_atlas.bmp
9 29.194759 -11.794834 4.961590 0.551061 0.228897 0.802458 0.039291 0.290898
9 27.668898 -9.844833 4.808196 0.296687 0.575762 0.761889 0.033527 0.297528
9 25.200001 -9.100000 4.560000 -0.075304 0.697614 0.712506 0.224200 0.300060
horse_atlas.bmp
9 25.200001 -9.100000 4.560000 -0.075304 0.697614 0.712506 0.224200 0.300060
9 21.205238 -11.794834 4.158410 -0.718151 0.233652 0.655489 0.209109 0.290898
9 22.731102 -16.155167 4.311804 -0.452896 -0.582586 0.674891 0.214873 0.276072
horse_atlas.bmp
9 22.731102 -16.155167 4.311804 -0.452896 -0.582586 0.674891 0.214873 0.276072
9 27.668898 -16.155167 4.808196 0.296687 -0.575762 0.761889 0.033527 0.276072
9 29.194759 -11.794834 4.961590 0.551061 0.228897 0.802458 0.039291 0.290898
horse_atlas.bmp
9 22.731102 -16.155167 4.311804 -0.452896 -0.582586 0.674891 0.214873 0.276072
9 29.194759 -11.794834 4.961590 0.551061 0.228897 0.802458 0.039291 0.290898
9 25.200001 -9.100000 4.560000 -0.075304 0.697614 0.712506 0.224200 0.300060
horse_atlas.bmp
9 22.581760 -9.278522 0.532000 -0.450847 0.677626 -0.580999 0.214309 0.299453
9 25.650000 -8.400000 0.532000 -0.003097 0.796955 -0.604031 0.025900 0.302440
9 28.718239 -9.278522 0.532000 0.434343 0.664136 -0.608498 0.037491 0.299453
horse_atlas.bmp
9 28.718239 -9.278522 0.532000 0.434343 0.664136 -0.608498 0.037491 0.299453
9 30.614515 -11.578522 0.532000 0.750991 0.269525 -0.602800 0.044655 0.291633
9 30.614515 -14.421478 0.532000 0.750991 -0.269525 -0.602800 0.044655 0.281967
horse_atlas.bmp
9 30.614515 -14.421478 0.532000 0.750991 -0.269525 -0.602800 0.044655 0.281967
9 28.718239 -16.721478 0.532000 0.434344 -0.664136 -0.608497 0.037491 0.474147
9 25.650000 -17.600000 0.532000 -0.003097 -0.796955 -0.604031 0.025900 0.471160
horse_atlas.bmp
9 25.650000 -17.600000 0.532000 -0.003097 -0.796955 -0.604031 0.025900 0.471160
9 22.581760 -16.721478 0.532000 -0.450847 -0.677626 -0.580999 0.214309 0.474147
9 20.685484 -14.421478 0.532000 -0.785417 -0.278181 -0.552933 0.207145 0.281967
horse_atlas.bmp
9 20.685484 -14.421478 0.532000 -0.785417 -0.278181 -0.552933 0.207145 0.281967
9 20.685484 -11.578522 0.532000 -0.785417 0.278181 -0.552933 0.207145 0.291633
9 22.581760 -9.278522 0.532000 -0.450847 0.677626 -0.580999 0.214309 0.299453
horse_atlas.bmp
9 22.581760 -9.278522 0.532000 -0.450847 0.677626 -0.580999 0.214309 0.299453
9 28.718239 -9.278522 0.532000 0.434343 0.664136 -0.608498 0.037491 0.299453
9 30.614515 -14.421478 0.532000 0.750991 -0.269525 -0.602800 0.044655 0.281967
horse_atlas.bmp
9 30.614515 -14.421478 0.532000 0.750991 -0.269525 -0.602800 0.044655 0.281967
9 25.650000 -17.600000 0.532000 -0.003097 -0.796955 -0.604031 0.025900 0.471160
9 20.685484 -14.421478 0.532000 -0.785417 -0.278181 -0.552933 0.207145 0.281967
horse_atlas.bmp
9 30.614515 -14.421478 0.532000 0.750991 -0.269525 -0.602800 0.044655 0.281967
9 20.685484 -14.421478 0.532000 -0.785417 -0.278181 -0.552933 0.207145 0.281967
9 22.581760 -9.278522 0.532000 -0.450847 0.677626 -0.580999 0.214309 0.299453
horse_atlas.bmp
10 -26.100000 -5.000000 48.639999 -0.284705 0.806275 0.518520 0.126400 0.042600
10 -21.679626 -7.343146 50.773006 0.219289 0.527952 0.820475 0.143099 0.052142
10 -16.181664 -7.908831 41.781704 0.699519 0.676114 0.231394 0.163869 0.211918
horse_atlas.bmp
10 -26.100000 -5.000000 48.639999 -0.284705 0.806275 0.518520 0.126400 0.042600
10 -16.181664 -7.908831 41.781704 0.699519 0.676114 0.231394 0.163869 0.211918
10 -20.160000 -5.800000 39.862000 0.098834 0.977395 -0.186896 0.148840 0.203330
horse_atlas.bmp
10 -21.679626 -7.343146 50.773006 0.219289 0.527952 0.820475 0.200033 0.052142
10 -19.848648 -13.000000 51.656521 0.379892 0.000000 0.925031 0.180800 0.056095
10 -14.533784 -13.000000 42.576870 0.915910 0.000000 0.401383 0.180800 0.215475
horse_atlas.bmp
10 -21.679626 -7.343146 50.773006 0.219289 0.527952 0.820475 0.200033 0.052142
10 -14.533784 -13.000000 42.576870 0.915910 0.000000 0.401383 0.180800 0.215475
10 -16.181664 -7.908831 41.781704 0.699519 0.676114 0.231394 0.198110 0.211918
horse_atlas.bmp
10 -19.848648 -13.000000 51.656521 0.379892 0.000000 0.925031 0.180800 0.056095
10 -21.679626 -18.656855 50.773006 0.219289 -0.527952 0.820475 0.161567 0.052142
10 -16.181664 -18.091169 41.781704 0.699519 -0.676114 0.231394 0.163490 0.211918
horse_atlas.bmp
10 -19.848648 -13.000000 51.656521 0.379892 0.000000 0.925031 0.180800 0.056095
10 -16.181664 -18.091169 41.781704 0.699519 -0.676114 0.231394 0.163490 0.211918
10 -14.533784 -13.000000 42.576870 0.915910 0.000000 0.401383 0.180800 0.215475
horse_atlas.bmp
10 -21.679626 -18.656855 50.773006 0.219289 -0.527952 0.820475 0.143099 0.052142
10 -26.100000 -21.000000 48.639999 -0.284706 -0.806275 0.518520 0.126400 0.042600
10 -20.160000 -20.200001 39.862000 0.098834 -0.977395 -0.186896 0.148840 0.203330
horse_atlas.bmp
10 -21.679626 -18.656855 50.773006 0.219289 -0.527952 0.820475 0.143099 0.052142
10 -20.160000 -20.200001 39.862000 0.098834 -0.977395 -0.186896 0.148840 0.203330
10 -16.181664 -18.091169 41.781704 0.699519 -0.676114 0.231394 0.163869 0.211918
horse_atlas.bmp
10 -26.100000 -21.000000 48.639999 -0.284706 -0.806275 0.518520 0.126400 0.042600
10 -30.520372 -18.656855 46.506992 -0.806647 -0.542278 0.235063 0.109701 0.033058
10 -24.138336 -18.091169 37.942291 -0.505665 -0.654286 -0.562328 0.133811 0.194742
horse_atlas.bmp
10 -26.100000 -21.000000 48.639999 -0.284706 -0.806275 0.518520 0.126400 0.042600
10 -24.138336 -18.091169 37.942291 -0.505665 -0.654286 -0.562328 0.133811 0.194742
10 -20.160000 -20.200001 39.862000 0.098834 -0.977395 -0.186896 0.148840 0.203330
horse_atlas.bmp
10 -30.520372 -18.656855 46.506992 -0.806647 -0.542278 0.235063 0.161567 0.033058
10 -32.351353 -13.000000 45.623474 -0.989850 0.000000 0.142119 0.180800 0.029105
10 -25.786215 -13.000000 37.147125 -0.725942 0.000000 -0.687756 0.180800 0.191185
horse_atlas.bmp
10 -30.520372 -18.656855 46.506992 -0.806647 -0.542278 0.235063 0.161567 0.033058
10 -25.786215 -13.000000 37.147125 -0.725942 0.000000 -0.687756 0.180800 0.191185
10 -24.138336 -18.091169 37.942291 -0.505665 -0.654286 -0.562328 0.163490 0.194742
horse_atlas.bmp
10 -32.351353 -13.000000 45.623474 -0.989850 0.000000 0.142119 0.180800 0.029105
10 -30.520372 -7.343146 46.506992 -0.806647 0.542278 0.235063 0.200033 0.033058
10 -24.138336 -7.908831 37.942291 -0.505665 0.654286 -0.562328 0.198110 0.194742
horse_atlas.bmp
10 -32.351353 -13.000000 45.623474 -0.989850 0.000000 0.142119 0.180800 0.029105
10 -24.138336 -7.908831 37.942291 -0.505665 0.654286 -0.562328 0.198110 0.194742
10 -25.786215 -13.000000 37.147125 -0.725942 0.000000 -0.687756 0.180800 0.191185
horse_atlas.bmp
10 -30.520372 -7.343146 46.506992 -0.806647 0.542278 0.235063 0.109701 0.033058
10 -26.100000 -5.000000 48.639999 -0.284705 0.806275 0.518520 0.126400 0.042600
10 -20.160000 -5.800000 39.862000 0.098834 0.977395 -0.186896 0.148840 0.203330
horse_atlas.bmp
10 -30.520372 -7.343146 46.506992 -0.806647 0.542278 0.235063 0.109701 0.033058
10 -20.160000 -5.800000 39.862000 0.098834 0.977395 -0.186896 0.148840 0.203330
10 -24.138336 -7.908831 37.942291 -0.505665 0.654286 -0.562328 0.133811 0.194742
horse_atlas.bmp
10 -20.160000 -5.800000 39.862000 0.098834 0.977395 -0.186896 0.148840 0.203330
10 -16.181664 -7.908831 41.781704 0.699519 0.676114 0.231394 0.163869 0.211918
10 -12.924050 -10.312994 33.826492 0.788999 0.457705 -0.409863 0.176176 0.176329
horse_atlas.bmp
10 -20.160000 -5.800000 39.862000 0.098834 0.977395 -0.186896 0.148840 0.203330
10 -12.924050 -10.312994 33.826492 0.788999 0.457705 -0.409863 0.176176 0.176329
10 -15.300000 -9.200000 32.680000 0.355440 0.647778 -0.673829 0.167200 0.171200
horse_atlas.bmp
10 -16.181664 -7.908831 41.781704 0.699519 0.676114 0.231394 0.198110 0.211918
10 -14.533784 -13.000000 42.576870 0.915910 0.000000 0.401383 0.180800 0.215475
10 -11.939899 -13.000000 34.301380 0.953346 0.000000 -0.301881 0.180800 0.178454
horse_atlas.bmp
10 -16.181664 -7.908831 41.781704 0.699519 0.676114 0.231394 0.198110 0.211918
10 -11.939899 -13.000000 34.301380 0.953346 0.000000 -0.301881 0.180800 0.178454
10 -12.924050 -10.312994 33.826492 0.788999 0.457705 -0.409863 0.189936 0.176329
horse_atlas.bmp
10 -14.533784 -13.000000 42.576870 0.915910 0.000000 0.401383 0.180800 0.215475
10 -16.181664 -18.091169 41.781704 0.699519 -0.676114 0.231394 0.163490 0.211918
10 -12.924050 -15.687006 33.826492 0.788999 -0.457705 -0.409863 0.171664 0.176329
horse_atlas.bmp
10 -14.533784 -13.000000 42.576870 0.915910 0.000000 0.401383 0.180800 0.215475
10 -12.924050 -15.687006 33.826492 0.788999 -0.457705 -0.409863 0.171664 0.176329
10 -11.939899 -13.000000 34.301380 0.953346 0.000000 -0.301881 0.180800 0.178454
horse_atlas.bmp
10 -16.181664 -18.091169 41.781704 0.699519 -0.676114 0.231394 0.163869 0.211918
10 -20.160000 -20.200001 39.862000 0.098834 -0.977395 -0.186896 0.148840 0.203330
10 -15.300000 -16.799999 32.680000 0.355440 -0.647778 -0.673829 0.167200 0.171200
horse_atlas.bmp
10 -16.181664 -18.091169 41.781704 0.699519 -0.676114 0.231394 0.163869 0.211918
10 -15.300000 -16.799999 32.680000 0.355440 -0.647778 -0.673829 0.167200 0.171200
10 -12.924050 -15.687006 33.826492 0.788999 -0.457705 -0.409863 0.176176 0.176329
horse_atlas.bmp
10 -20.160000 -20.200001 39.862000 0.098834 -0.977395 -0.186896 0.148840 0.203330
10 -24.138336 -18.091169 37.942291 -0.505665 -0.654286 -0.562328 0.133811 0.194742
10 -17.675949 -15.687006 31.533508 -0.068209 -0.431340 -0.899607 0.158224 0.166071
horse_atlas.bmp
10 -20.160000 -20.200001 39.862000 0.098834 -0.977395 -0.186896 0.148840 0.203330
10 -17.675949 -15.687006 31.533508 -0.068209 -0.431340 -0.899607 0.158224 0.166071
10 -15.300000 -16.799999 32.680000 0.355440 -0.647778 -0.673829 0.167200 0.171200
horse_atlas.bmp
10 -24.138336 -18.091169 37.942291 -0.505665 -0.654286 -0.562328 0.133811 0.163490
10 -25.786215 -13.000000 37.147125 -0.725942 0.000000 -0.687756 0.127585 0.180800
10 -18.660099 -13.000000 31.058619 -0.224774 0.000000 -0.974411 0.154506 0.180800
horse_atlas.bmp
10 -24.138336 -18.091169 37.942291 -0.505665 -0.654286 -0.562328 0.133811 0.163490
10 -18.660099 -13.000000 31.058619 -0.224774 0.000000 -0.974411 0.154506 0.180800
10 -17.675949 -15.687006 31.533508 -0.068209 -0.431340 -0.899607 0.158224 0.171664
horse_atlas.bmp
10 -25.786215 -13.000000 37.147125 -0.725942 0.000000 -0.687756 0.127585 0.180800
10 -24.138336 -7.908831 37.942291 -0.505665 0.654286 -0.562328 0.133811 0.198110
10 -17.675949 -10.312994 31.533508 -0.068209 0.431340 -0.899607 0.158224 0.189936
horse_atlas.bmp
10 -25.786215 -13.000000 37.147125 -0.725942 0.000000 -0.687756 0.127585 0.180800
10 -17.675949 -10.312994 31.533508 -0.068209 0.431340 -0.899607 0.158224 0.189936
10 -18.660099 -13.000000 31.058619 -0.224774 0.000000 -0.974411 0.154506 0.180800
horse_atlas.bmp
10 -24.138336 -7.908831 37.942291 -0.505665 0.654286 -0.562328 0.133811 0.194742
10 -20.160000 -5.800000 39.862000 0.098834 0.977395 -0.186896 0.148840 0.203330
10 -15.300000 -9.200000 32.680000 0.355440 0.647778 -0.673829 0.167200 0.171200
horse_atlas.bmp
10 -24.138336 -7.908831 37.942291 -0.505665 0.654286 -0.562328 0.133811 0.194742
10 -15.300000 -9.200000 32.680000 0.355440 0.647778 -0.673829 0.167200 0.171200
10 -17.675949 -10.312994 31.533508 -0.068209 0.431340 -0.899607 0.158224 0.166071
horse_atlas.bmp
10 -26.100000 -5.000000 48.639999 -0.284705 0.806275 0.518520 0.126400 0.208000
10 -30.520372 -7.343146 46.506992 -0.806647 0.542278 0.235063 0.109701 0.200033
10 -32.351353 -13.000000 45.623474 -0.989850 0.000000 0.142119 0.102784 0.180800
horse_atlas.bmp
10 -32.351353 -13.000000 45.623474 -0.989850 0.000000 0.142119 0.102784 0.180800
10 -30.520372 -18.656855 46.506992 -0.806647 -0.542278 0.235063 0.109701 0.161567
10 -26.100000 -21.000000 48.639999 -0.284706 -0.806275 0.518520 0.126400 0.153600
horse_atlas.bmp
10 -26.100000 -21.000000 48.639999 -0.284706 -0.806275 0.518520 0.126400 0.153600
10 -21.679626 -18.656855 50.773006 0.219289 -0.527952 0.820475 0.143099 0.161567
10 -19.848648 -13.000000 51.656521 0.379892 0.000000 0.925031 0.150016 0.180800
horse_atlas.bmp
10 -19.848648 -13.000000 51.656521 0.379892 0.000000 0.925031 0.150016 0.180800
10 -21.679626 -7.343146 50.773006 0.219289 0.527952 0.820475 0.143099 0.200033
10 -26.100000 -5.000000 48.639999 -0.284705 0.806275 0.518520 0.126400 0.208000
horse_atlas.bmp
10 -26.100000 -5.000000 48.639999 -0.284705 0.806275 0.518520 0.126400 0.208000
10 -32.351353 -13.000000 45.623474 -0.989850 0.000000 0.142119 0.102784 0.180800
10 -26.100000 -21.000000 48.639999 -0.284706 -0.806275 0.518520 0.126400 0.153600
horse_atlas.bmp
10 -26.100000 -21.000000 48.639999 -0.284706 -0.806275 0.518520 0.126400 0.153600
10 -19.848648 -13.000000 51.656521 0.379892 0.000000 0.925031 0.150016 0.180800
10 -26.100000 -5.000000 48.639999 -0.284705 0.806275 0.518520 0.126400 0.208000
horse_atlas.bmp
10 -17.675949 -10.312994 31.533508 -0.068209 0.431340 -0.899607 0.158224 0.189936
10 -15.300000 -9.200000 32.680000 0.355440 0.647778 -0.673829 0.167200 0.193720
10 -12.924050 -10.312994 33.826492 0.788999 0.457705 -0.409863 0.176176 0.189936
horse_atlas.bmp
10 -12.924050 -10.312994 33.826492 0.788999 0.457705 -0.409863 0.176176 0.189936
10 -11.939899 -13.000000 34.301380 0.953346 0.000000 -0.301881 0.179894 0.180800
10 -12.924050 -15.687006 33.826492 0.788999 -0.457705 -0.409863 0.176176 0.171664
horse_atlas.bmp
10 -12.924050 -15.687006 33.826492 0.788999 -0.457705 -0.409863 0.176176 0.171664
10 -15.300000 -16.799999 32.680000 0.355440 -0.647778 -0.673829 0.167200 0.167880
10 -17.675949 -15.687006 31.533508 -0.068209 -0.431340 -0.899607 0.158224 0.171664
horse_atlas.bmp
10 -17.675949 -15.687006 31.533508 -0.068209 -0.431340 -0.899607 0.158224 0.171664
10 -18.660099 -13.000000 31.058619 -0.224774 0.000000 -0.974411 0.154506 0.180800
10 -17.675949 -10.312994 31.533508 -0.068209 0.431340 -0.899607 0.158224 0.189936
horse_atlas.bmp
10 -17.675949 -10.312994 31.533508 -0.068209 0.431340 -0.899607 0.158224 0.189936
10 -12.924050 -10.312994 33.826492 0.788999 0.457705 -0.409863 0.176176 0.189936
10 -12.924050 -15.687006 33.826492 0.788999 -0.457705 -0.409863 0.176176 0.171664
horse_atlas.bmp
10 -12.924050 -15.687006 33.826492 0.788999 -0.457705 -0.409863 0.176176 0.171664
10 -17.675949 -15.687006 31.533508 -0.068209 -0.431340 -0.899607 0.158224 0.171664
10 -17.675949 -10.312994 31.533508 -0.068209 0.431340 -0.899607 0.158224 0.189936
horse_atlas.bmp
11 -15.300000 -13.000000 30.020000 0.338776 0.000000 -0.940867 0.167200 0.180800
11 -13.770000 -11.400000 30.799097 0.512327 0.493984 -0.702496 0.172980 0.186240
11 -13.136253 -13.000000 30.799097 0.715354 0.000000 -0.698763 0.175374 0.180800
horse_atlas.bmp
11 -15.300000 -13.000000 30.020000 0.239942 0.229827 -0.943190 0.167200 0.180800
11 -15.300000 -10.737258 30.799097 -0.000000 0.707973 -0.706239 0.167200 0.188493
11 -13.770000 -11.400000 30.799097 0.512327 0.493984 -0.702496 0.172980 0.186240
horse_atlas.bmp
11 -15.300000 -13.000000 30.020000 0.000000 0.325558 -0.945522 0.167200 0.180800
11 -16.830000 -11.400000 30.799097 -0.512327 0.493984 -0.702496 0.161420 0.186240
11 -15.300000 -10.737258 30.799097 -0.000000 0.707973 -0.706239 0.167200 0.188493
horse_atlas.bmp
11 -15.300000 -13.000000 30.020000 -0.239942 0.229827 -0.943190 0.167200 0.180800
11 -17.463747 -13.000000 30.799097 -0.715353 0.000000 -0.698763 0.159026 0.180800
11 -16.830000 -11.400000 30.799097 -0.512327 0.493984 -0.702496 0.161420 0.186240
horse_atlas.bmp
11 -15.300000 -13.000000 30.020000 -0.338776 0.000000 -0.940867 0.167200 0.180800
11 -16.830000 -14.600000 30.799097 -0.512328 -0.493984 -0.702496 0.161420 0.175360
11 -17.463747 -13.000000 30.799097 -0.715353 0.000000 -0.698763 0.159026 0.180800
horse_atlas.bmp
11 -15.300000 -13.000000 30.020000 -0.239942 -0.229827 -0.943190 0.167200 0.180800
11 -15.300000 -15.262742 30.799097 -0.000000 -0.707973 -0.706239 0.167200 0.173107
11 -16.830000 -14.600000 30.799097 -0.512328 -0.493984 -0.702496 0.161420 0.175360
horse_atlas.bmp
11 -15.300000 -13.000000 30.020000 0.000000 -0.325558 -0.945522 0.167200 0.180800
11 -13.770000 -14.600000 30.799097 0.512328 -0.493984 -0.702496 0.172980 0.175360
11 -15.300000 -15.262742 30.799097 -0.000000 -0.707973 -0.706239 0.167200 0.173107
horse_atlas.bmp
11 -15.300000 -13.000000 30.020000 0.239942 -0.229827 -0.943190 0.167200 0.180800
11 -13.136253 -13.000000 30.799097 0.715354 0.000000 -0.698763 0.175374 0.180800
11 -13.770000 -14.600000 30.799097 0.512328 -0.493984 -0.702496 0.172980 0.175360
horse_atlas.bmp
11 -13.136253 -13.000000 30.799097 0.715354 0.000000 -0.698763 0.180800 0.162785
11 -13.770000 -11.400000 30.799097 0.512327 0.493984 -0.702496 0.186240 0.162785
11 -13.136253 -10.737258 32.680000 0.715744 0.698363 0.000000 0.188493 0.171200
horse_atlas.bmp
11 -13.136253 -13.000000 30.799097 0.715354 0.000000 -0.698763 0.180800 0.162785
11 -13.136253 -10.737258 32.680000 0.715744 0.698363 0.000000 0.188493 0.171200
11 -12.240001 -13.000000 32.680000 1.000000 -0.000000 -0.000000 0.180800 0.171200
horse_atlas.bmp
11 -13.770000 -11.400000 30.799097 0.512327 0.493984 -0.702496 0.172980 0.162785
11 -15.300000 -10.737258 30.799097 -0.000000 0.707973 -0.706239 0.167200 0.162785
11 -15.300000 -9.800000 32.680000 -0.000000 1.000000 0.000000 0.167200 0.171200
horse_atlas.bmp
11 -13.770000 -11.400000 30.799097 0.512327 0.493984 -0.702496 0.172980 0.162785
11 -15.300000 -9.800000 32.680000 -0.000000 1.000000 0.000000 0.167200 0.171200
11 -13.136253 -10.737258 32.680000 0.715744 0.698363 0.000000 0.175374 0.171200
horse_atlas.bmp
11 -15.300000 -10.737258 30.799097 -0.000000 0.707973 -0.706239 0.167200 0.162785
11 -16.830000 -11.400000 30.799097 -0.512327 0.493984 -0.702496 0.161420 0.162785
11 -17.463747 -10.737258 32.680000 -0.715744 0.698363 0.000000 0.159026 0.171200
horse_atlas.bmp
11 -15.300000 -10.737258 30.799097 -0.000000 0.707973 -0.706239 0.167200 0.162785
11 -17.463747 -10.737258 32.680000 -0.715744 0.698363 0.000000 0.159026 0.171200
11 -15.300000 -9.800000 32.680000 -0.000000 1.000000 0.000000 0.167200 0.171200
horse_atlas.bmp
11 -16.830000 -11.400000 30.799097 -0.512327 0.493984 -0.702496 0.186240 0.162785
11 -17.463747 -13.000000 30.799097 -0.715353 0.000000 -0.698763 0.180800 0.162785
11 -18.360001 -13.000000 32.680000 -1.000000 0.000000 -0.000000 0.180800 0.171200
horse_atlas.bmp
11 -16.830000 -11.400000 30.799097 -0.512327 0.493984 -0.702496 0.186240 0.162785
11 -18.360001 -13.000000 32.680000 -1.000000 0.000000 -0.000000 0.180800 0.171200
11 -17.463747 -10.737258 32.680000 -0.715744 0.698363 0.000000 0.188493 0.171200
horse_atlas.bmp
11 -17.463747 -13.000000 30.799097 -0.715353 0.000000 -0.698763 0.180800 0.162785
11 -16.830000 -14.600000 30.799097 -0.512328 -0.493984 -0.702496 0.175360 0.162785
11 -17.463747 -15.262742 32.680000 -0.715744 -0.698363 0.000000 0.173107 0.171200
horse_atlas.bmp
11 -17.463747 -13.000000 30.799097 -0.715353 0.000000 -0.698763 0.180800 0.162785
11 -17.463747 -15.262742 32.680000 -0.715744 -0.698363 0.000000 0.173107 0.171200
11 -18.360001 -13.000000 32.680000 -1.000000 0.000000 -0.000000 0.180800 0.171200
horse_atlas.bmp
11 -16.830000 -14.600000 30.799097 -0.512328 -0.493984 -0.702496 0.161420 0.162785
11 -15.300000 -15.262742 30.799097 -0.000000 -0.707973 -0.706239 0.167200 0.162785
11 -15.300000 -16.200001 32.680000 0.000000 -1.000000 0.000000 0.167200 0.171200
horse_atlas.bmp
11 -16.830000 -14.600000 30.799097 -0.512328 -0.493984 -0.702496 0.161420 0.162785
11 -15.300000 -16.200001 32.680000 0.000000 -1.000000 0.000000 0.167200 0.171200
11 -17.463747 -15.262742 32.680000 -0.715744 -0.698363 0.000000 0.159026 0.171200
horse_atlas.bmp
11 -15.300000 -15.262742 30.799097 -0.000000 -0.707973 -0.706239 0.167200 0.162785
11 -13.770000 -14.600000 30.799097 0.512328 -0.493984 -0.702496 0.172980 0.162785
11 -13.136253 -15.262742 32.680000 0.715744 -0.698363 0.000000 0.175374 0.171200
horse_atlas.bmp
11 -15.300000 -15.262742 30.799097 -0.000000 -0.707973 -0.706239 0.167200 0.162785
11 -13.136253 -15.262742 32.680000 0.715744 -0.698363 0.000000 0.175374 0.171200
11 -15.300000 -16.200001 32.680000 0.000000 -1.000000 0.000000 0.167200 0.171200
horse_atlas.bmp
11 -13.770000 -14.600000 30.799097 0.512328 -0.493984 -0.702496 0.175360 0.162785
11 -13.136253 -13.000000 30.799097 0.715354 0.000000 -0.698763 0.180800 0.162785
11 -12.240001 -13.000000 32.680000 1.000000 -0.000000 -0.000000 0.180800 0.171200
horse_atlas.bmp
11 -13.770000 -14.600000 30.799097 0.512328 -0.493984 -0.702496 0.175360 0.162785
11 -12.240001 -13.000000 32.680000 1.000000 -0.000000 -0.000000 0.180800 0.171200
11 -13.136253 -15.262742 32.680000 0.715744 -0.698363 0.000000 0.173107 0.171200
horse_atlas.bmp
11 -12.240001 -13.000000 32.680000 1.000000 -0.000000 -0.000000 0.180800 0.171200
11 -13.136253 -10.737258 32.680000 0.715744 0.698363 0.000000 0.188493 0.171200
11 -13.770000 -11.400000 34.560902 0.512328 0.493984 0.702496 0.186240 0.179615
horse_atlas.bmp
11 -12.240001 -13.000000 32.680000 1.000000 -0.000000 -0.000000 0.180800 0.171200
11 -13.770000 -11.400000 34.560902 0.512328 0.493984 0.702496 0.186240 0.179615
11 -13.136253 -13.000000 34.560902 0.715354 0.000000 0.698762 0.180800 0.179615
horse_atlas.bmp
11 -13.136253 -10.737258 32.680000 0.715744 0.698363 0.000000 0.175374 0.171200
11 -15.300000 -9.800000 32.680000 -0.000000 1.000000 0.000000 0.167200 0.171200
11 -15.300000 -10.737258 34.560902 0.000000 0.707973 0.706239 0.167200 0.179615
horse_atlas.bmp
11 -13.136253 -10.737258 32.680000 0.715744 0.698363 0.000000 0.175374 0.171200
11 -15.300000 -10.737258 34.560902 0.000000 0.707973 0.706239 0.167200 0.179615
11 -13.770000 -11.400000 34.560902 0.512328 0.493984 0.702496 0.172980 0.179615
horse_atlas.bmp
11 -15.300000 -9.800000 32.680000 -0.000000 1.000000 0.000000 0.167200 0.171200
11 -17.463747 -10.737258 32.680000 -0.715744 0.698363 0.000000 0.159026 0.171200
11 -16.830000 -11.400000 34.560902 -0.512328 0.493984 0.702496 0.161420 0.179615
horse_atlas.bmp
11 -15.300000 -9.800000 32.680000 -0.000000 1.000000 0.000000 0.167200 0.171200
11 -16.830000 -11.400000 34.560902 -0.512328 0.493984 0.702496 0.161420 0.179615
11 -15.300000 -10.737258 34.560902 0.000000 0.707973 0.706239 0.167200 0.179615
horse_atlas.bmp
11 -17.463747 -10.737258 32.680000 -0.715744 0.698363 0.000000 0.188493 0.171200
11 -18.360001 -13.000000 32.680000 -1.000000 0.000000 -0.000000 0.180800 0.171200
11 -17.463747 -13.000000 34.560902 -0.715354 0.000000 0.698762 0.180800 0.179615
horse_atlas.bmp
11 -17.463747 -10.737258 32.680000 -0.715744 0.698363 0.000000 0.188493 0.171200
11 -17.463747 -13.000000 34.560902 -0.715354 0.000000 0.698762 0.180800 0.179615
11 -16.830000 -11.400000 34.560902 -0.512328 0.493984 0.702496 0.186240 0.179615
horse_atlas.bmp
11 -18.360001 -13.000000 32.680000 -1.000000 0.000000 -0.000000 0.180800 0.171200
11 -17.463747 -15.262742 32.680000 -0.715744 -0.698363 0.000000 0.173107 0.171200
11 -16.830000 -14.600000 34.560902 -0.512328 -0.493984 0.702496 0.175360 0.179615
horse_atlas.bmp
11 -18.360001 -13.000000 32.680000 -1.000000 0.000000 -0.000000 0.180800 0.171200
11 -16.830000 -14.600000 34.560902 -0.512328 -0.493984 0.702496 0.175360 0.179615
11 -17.463747 -13.000000 34.560902 -0.715354 0.000000 0.698762 0.180800 0.179615
horse_atlas.bmp
11 -17.463747 -15.262742 32.680000 -0.715744 -0.698363 0.000000 0.159026 0.171200
11 -15.300000 -16.200001 32.680000 0.000000 -1.000000 0.000000 0.167200 0.171200
11 -15.300000 -15.262742 34.560902 0.000000 -0.707973 0.706239 0.167200 0.179615
horse_atlas.bmp
11 -17.463747 -15.262742 32.680000 -0.715744 -0.698363 0.000000 0.159026 0.171200
11 -15.300000 -15.262742 34.560902 0.000000 -0.707973 0.706239 0.167200 0.179615
11 -16.830000 -14.600000 34.560902 -0.512328 -0.493984 0.702496 0.161420 0.179615
horse_atlas.bmp
11 -15.300000 -16.200001 32.680000 0.000000 -1.000000 0.000000 0.167200 0.171200
11 -13.136253 -15.262742 32.680000 0.715744 -0.698363 0.000000 0.175374 0.171200
11 -13.770000 -14.600000 34.560902 0.512328 -0.493984 0.702496 0.172980 0.179615
horse_atlas.bmp
11 -15.300000 -16.200001 32.680000 0.000000 -1.000000 0.000000 0.167200 0.171200
11 -13.770000 -14.600000 34.560902 0.512328 -0.493984 0.702496 0.172980 0.179615
11 -15.300000 -15.262742 34.560902 0.000000 -0.707973 0.706239 0.167200 0.179615
horse_atlas.bmp
11 -13.136253 -15.262742 32.680000 0.715744 -0.698363 0.000000 0.173107 0.171200
11 -12.240001 -13.000000 32.680000 1.000000 -0.000000 -0.000000 0.180800 0.171200
11 -13.136253 -13.000000 34.560902 0.715354 0.000000 0.698762 0.180800 0.179615
horse_atlas.bmp
11 -13.136253 -15.262742 32.680000 0.715744 -0.698363 0.000000 0.173107 0.171200
11 -13.136253 -13.000000 34.560902 0.715354 0.000000 0.698762 0.180800 0.179615
11 -13.770000 -14.600000 34.560902 0.512328 -0.493984 0.702496 0.175360 0.179615
horse_atlas.bmp
11 -13.136253 -13.000000 34.560902 0.715354 0.000000 0.698762 0.175374 0.180800
11 -13.770000 -11.400000 34.560902 0.512328 0.493984 0.702496 0.172980 0.186240
11 -15.300000 -13.000000 35.340000 0.239944 0.229827 0.943189 0.167200 0.180800
horse_atlas.bmp
11 -13.770000 -11.400000 34.560902 0.512328 0.493984 0.702496 0.172980 0.186240
11 -15.300000 -10.737258 34.560902 0.000000 0.707973 0.706239 0.167200 0.188493
11 -15.300000 -13.000000 35.340000 0.000000 0.325558 0.945522 0.167200 0.180800
horse_atlas.bmp
11 -15.300000 -10.737258 34.560902 0.000000 0.707973 0.706239 0.167200 0.188493
11 -16.830000 -11.400000 34.560902 -0.512328 0.493984 0.702496 0.161420 0.186240
11 -15.300000 -13.000000 35.340000 -0.239944 0.229828 0.943189 0.167200 0.180800
horse_atlas.bmp
11 -16.830000 -11.400000 34.560902 -0.512328 0.493984 0.702496 0.161420 0.186240
11 -17.463747 -13.000000 34.560902 -0.715354 0.000000 0.698762 0.159026 0.180800
11 -15.300000 -13.000000 35.340000 -0.338777 0.000000 0.940867 0.167200 0.180800
horse_atlas.bmp
11 -17.463747 -13.000000 34.560902 -0.715354 0.000000 0.698762 0.159026 0.180800
11 -16.830000 -14.600000 34.560902 -0.512328 -0.493984 0.702496 0.161420 0.175360
11 -15.300000 -13.000000 35.340000 -0.239944 -0.229828 0.943190 0.167200 0.180800
horse_atlas.bmp
11 -16.830000 -14.600000 34.560902 -0.512328 -0.493984 0.702496 0.161420 0.175360
11 -15.300000 -15.262742 34.560902 0.000000 -0.707973 0.706239 0.167200 0.173107
11 -15.300000 -13.000000 35.340000 0.000000 -0.325558 0.945522 0.167200 0.180800
horse_atlas.bmp
11 -15.300000 -15.262742 34.560902 0.000000 -0.707973 0.706239 0.167200 0.173107
11 -13.770000 -14.600000 34.560902 0.512328 -0.493984 0.702496 0.172980 0.175360
11 -15.300000 -13.000000 35.340000 0.239944 -0.229827 0.943190 0.167200 0.180800
horse_atlas.bmp
11 -13.770000 -14.600000 34.560902 0.512328 -0.493984 0.702496 0.172980 0.175360
11 -13.136253 -13.000000 34.560902 0.715354 0.000000 0.698762 0.175374 0.180800
11 -15.300000 -13.000000 35.340000 0.338777 0.000000 0.940867 0.167200 0.180800
horse_atlas.bmp
11 -15.300000 -9.000000 32.680000 0.362834 0.786901 0.499138 0.167200 0.171200
11 -12.788297 -10.171573 31.030338 0.801533 0.577182 0.156224 0.176689 0.163820
11 -19.969467 -10.454415 23.671303 0.463891 0.703782 -0.538049 0.149560 0.130898
horse_atlas.bmp
11 -15.300000 -9.000000 32.680000 0.362834 0.786901 0.499138 0.167200 0.171200
11 -19.969467 -10.454415 23.671303 0.463891 0.703782 -0.538049 0.149560 0.130898
11 -22.230001 -9.400000 25.155998 -0.042763 0.997092 -0.063082 0.141020 0.137540
horse_atlas.bmp
11 -12.788297 -10.171573 31.030338 0.801533 0.577182 0.156224 0.190417 0.163820
11 -11.747915 -13.000000 30.347027 1.000000 -0.000000 -0.000168 0.180800 0.160763
11 -19.033123 -13.000000 23.056322 0.673724 0.000000 -0.738983 0.180800 0.128147
horse_atlas.bmp
11 -12.788297 -10.171573 31.030338 0.801533 0.577182 0.156224 0.190417 0.163820
11 -19.033123 -13.000000 23.056322 0.673724 0.000000 -0.738983 0.180800 0.128147
11 -19.969467 -10.454415 23.671303 0.463891 0.703782 -0.538049 0.189455 0.130898
horse_atlas.bmp
11 -11.747915 -13.000000 30.347027 1.000000 -0.000000 -0.000168 0.180800 0.160763
11 -12.788297 -15.828427 31.030338 0.801533 -0.577182 0.156224 0.171183 0.163820
11 -19.969467 -15.545585 23.671303 0.463891 -0.703782 -0.538049 0.172145 0.130898
horse_atlas.bmp
11 -11.747915 -13.000000 30.347027 1.000000 -0.000000 -0.000168 0.180800 0.160763
11 -19.969467 -15.545585 23.671303 0.463891 -0.703782 -0.538049 0.172145 0.130898
11 -19.033123 -13.000000 23.056322 0.673724 0.000000 -0.738983 0.180800 0.128147
horse_atlas.bmp
11 -12.788297 -15.828427 31.030338 0.801533 -0.577182 0.156224 0.176689 0.163820
11 -15.300000 -17.000000 32.680000 0.362834 -0.786901 0.499137 0.167200 0.171200
11 -22.230001 -16.600000 25.155998 -0.042763 -0.997092 -0.063082 0.141020 0.137540
horse_atlas.bmp
11 -12.788297 -15.828427 31.030338 0.801533 -0.577182 0.156224 0.176689 0.163820
11 -22.230001 -16.600000 25.155998 -0.042763 -0.997092 -0.063082 0.141020 0.137540
11 -19.969467 -15.545585 23.671303 0.463891 -0.703782 -0.538049 0.149560 0.130898
horse_atlas.bmp
11 -15.300000 -17.000000 32.680000 0.362834 -0.786901 0.499137 0.167200 0.171200
11 -17.811703 -15.828427 34.329662 -0.062755 -0.559765 0.826272 0.157711 0.178580
11 -24.490534 -15.545585 26.640696 -0.568628 -0.714171 0.408194 0.132480 0.144182
horse_atlas.bmp
11 -15.300000 -17.000000 32.680000 0.362834 -0.786901 0.499137 0.167200 0.171200
11 -24.490534 -15.545585 26.640696 -0.568628 -0.714171 0.408194 0.132480 0.144182
11 -22.230001 -16.600000 25.155998 -0.042763 -0.997092 -0.063082 0.141020 0.137540
horse_atlas.bmp
11 -17.811703 -15.828427 34.329662 -0.062755 -0.559765 0.826272 0.171183 0.178580
11 -18.852085 -13.000000 35.012974 -0.250137 0.000000 0.968210 0.180800 0.181637
11 -25.426878 -13.000000 27.255676 -0.796447 0.000000 0.604708 0.180800 0.146933
horse_atlas.bmp
11 -17.811703 -15.828427 34.329662 -0.062755 -0.559765 0.826272 0.171183 0.178580
11 -25.426878 -13.000000 27.255676 -0.796447 0.000000 0.604708 0.180800 0.146933
11 -24.490534 -15.545585 26.640696 -0.568628 -0.714171 0.408194 0.172145 0.144182
horse_atlas.bmp
11 -18.852085 -13.000000 35.012974 -0.250137 0.000000 0.968210 0.180800 0.181637
11 -17.811703 -10.171573 34.329662 -0.062755 0.559765 0.826272 0.190417 0.178580
11 -24.490534 -10.454415 26.640696 -0.568628 0.714171 0.408194 0.189455 0.144182
horse_atlas.bmp
11 -18.852085 -13.000000 35.012974 -0.250137 0.000000 0.968210 0.180800 0.181637
11 -24.490534 -10.454415 26.640696 -0.568628 0.714171 0.408194 0.189455 0.144182
11 -25.426878 -13.000000 27.255676 -0.796447 0.000000 0.604708 0.180800 0.146933
horse_atlas.bmp
11 -17.811703 -10.171573 34.329662 -0.062755 0.559765 0.826272 0.157711 0.178580
11 -15.300000 -9.000000 32.680000 0.362834 0.786901 0.499138 0.167200 0.171200
11 -22.230001 -9.400000 25.155998 -0.042763 0.997092 -0.063082 0.141020 0.137540
horse_atlas.bmp
11 -17.811703 -10.171573 34.329662 -0.062755 0.559765 0.826272 0.157711 0.178580
11 -22.230001 -9.400000 25.155998 -0.042763 0.997092 -0.063082 0.141020 0.137540
11 -24.490534 -10.454415 26.640696 -0.568628 0.714171 0.408194 0.132480 0.144182
horse_atlas.bmp
11 -22.230001 -9.400000 25.155998 -0.042763 0.997092 -0.063082 0.141020 0.137540
11 -19.969467 -10.454415 23.671303 0.463891 0.703782 -0.538049 0.149560 0.130898
11 -26.392979 -11.090812 18.010202 0.001984 0.511981 -0.858994 0.125293 0.105572
horse_atlas.bmp
11 -22.230001 -9.400000 25.155998 -0.042763 0.997092 -0.063082 0.141020 0.137540
11 -26.392979 -11.090812 18.010202 0.001984 0.511981 -0.858994 0.125293 0.105572
11 -27.900000 -10.300000 19.000000 -0.389739 0.747078 -0.538497 0.119600 0.110000
horse_atlas.bmp
11 -19.969467 -10.454415 23.671303 0.463891 0.703782 -0.538049 0.149560 0.189455
11 -19.033123 -13.000000 23.056322 0.673724 0.000000 -0.738983 0.153097 0.180800
11 -25.768749 -13.000000 17.600216 0.148777 0.000000 -0.988871 0.127651 0.180800
horse_atlas.bmp
11 -19.969467 -10.454415 23.671303 0.463891 0.703782 -0.538049 0.149560 0.189455
11 -25.768749 -13.000000 17.600216 0.148777 0.000000 -0.988871 0.127651 0.180800
11 -26.392979 -11.090812 18.010202 0.001984 0.511981 -0.858994 0.125293 0.187291
horse_atlas.bmp
11 -19.033123 -13.000000 23.056322 0.673724 0.000000 -0.738983 0.153097 0.180800
11 -19.969467 -15.545585 23.671303 0.463891 -0.703782 -0.538049 0.149560 0.172145
11 -26.392979 -14.909188 18.010202 0.001984 -0.511981 -0.858994 0.125293 0.174309
horse_atlas.bmp
11 -19.033123 -13.000000 23.056322 0.673724 0.000000 -0.738983 0.153097 0.180800
11 -26.392979 -14.909188 18.010202 0.001984 -0.511981 -0.858994 0.125293 0.174309
11 -25.768749 -13.000000 17.600216 0.148777 0.000000 -0.988871 0.127651 0.180800
horse_atlas.bmp
11 -19.969467 -15.545585 23.671303 0.463891 -0.703782 -0.538049 0.149560 0.130898
11 -22.230001 -16.600000 25.155998 -0.042763 -0.997092 -0.063082 0.141020 0.137540
11 -27.900000 -15.700000 19.000000 -0.389739 -0.747078 -0.538497 0.119600 0.110000
horse_atlas.bmp
11 -19.969467 -15.545585 23.671303 0.463891 -0.703782 -0.538049 0.149560 0.130898
11 -27.900000 -15.700000 19.000000 -0.389739 -0.747078 -0.538497 0.119600 0.110000
11 -26.392979 -14.909188 18.010202 0.001984 -0.511981 -0.858994 0.125293 0.105572
horse_atlas.bmp
11 -22.230001 -16.600000 25.155998 -0.042763 -0.997092 -0.063082 0.141020 0.137540
11 -24.490534 -15.545585 26.640696 -0.568628 -0.714171 0.408194 0.132480 0.144182
11 -29.407022 -14.909188 19.989798 -0.813697 -0.535504 -0.226124 0.113907 0.114428
horse_atlas.bmp
11 -22.230001 -16.600000 25.155998 -0.042763 -0.997092 -0.063082 0.141020 0.137540
11 -29.407022 -14.909188 19.989798 -0.813697 -0.535504 -0.226124 0.113907 0.114428
11 -27.900000 -15.700000 19.000000 -0.389739 -0.747078 -0.538497 0.119600 0.110000
horse_atlas.bmp
11 -24.490534 -15.545585 26.640696 -0.568628 -0.714171 0.408194 0.172145 0.144182
11 -25.426878 -13.000000 27.255676 -0.796447 0.000000 0.604708 0.180800 0.146933
11 -30.031252 -13.000000 20.399784 -0.994903 -0.000000 -0.100840 0.180800 0.116262
horse_atlas.bmp
11 -24.490534 -15.545585 26.640696 -0.568628 -0.714171 0.408194 0.172145 0.144182
11 -30.031252 -13.000000 20.399784 -0.994903 -0.000000 -0.100840 0.180800 0.116262
11 -29.407022 -14.909188 19.989798 -0.813697 -0.535504 -0.226124 0.174309 0.114428
horse_atlas.bmp
11 -25.426878 -13.000000 27.255676 -0.796447 0.000000 0.604708 0.180800 0.146933
11 -24.490534 -10.454415 26.640696 -0.568628 0.714171 0.408194 0.189455 0.144182
11 -29.407022 -11.090812 19.989798 -0.813697 0.535504 -0.226124 0.187291 0.114428
horse_atlas.bmp
11 -25.426878 -13.000000 27.255676 -0.796447 0.000000 0.604708 0.180800 0.146933
11 -29.407022 -11.090812 19.989798 -0.813697 0.535504 -0.226124 0.187291 0.114428
11 -30.031252 -13.000000 20.399784 -0.994903 -0.000000 -0.100840 0.180800 0.116262
horse_atlas.bmp
11 -24.490534 -10.454415 26.640696 -0.568628 0.714171 0.408194 0.132480 0.144182
11 -22.230001 -9.400000 25.155998 -0.042763 0.997092 -0.063082 0.141020 0.137540
11 -27.900000 -10.300000 19.000000 -0.389739 0.747078 -0.538497 0.119600 0.110000
horse_atlas.bmp
11 -24.490534 -10.454415 26.640696 -0.568628 0.714171 0.408194 0.132480 0.144182
11 -27.900000 -10.300000 19.000000 -0.389739 0.747078 -0.538497 0.119600 0.110000
11 -29.407022 -11.090812 19.989798 -0.813697 0.535504 -0.226124 0.113907 0.114428
horse_atlas.bmp
11 -15.300000 -9.000000 32.680000 0.362834 0.786901 0.499138 0.167200 0.194400
11 -17.811703 -10.171573 34.329662 -0.062755 0.559765 0.826272 0.157711 0.190417
11 -18.852085 -13.000000 35.012974 -0.250137 0.000000 0.968210 0.153781 0.180800
horse_atlas.bmp
11 -18.852085 -13.000000 35.012974 -0.250137 0.000000 0.968210 0.153781 0.180800
11 -17.811703 -15.828427 34.329662 -0.062755 -0.559765 0.826272 0.157711 0.171183
11 -15.300000 -17.000000 32.680000 0.362834 -0.786901 0.499137 0.167200 0.167200
horse_atlas.bmp
11 -15.300000 -17.000000 32.680000 0.362834 -0.786901 0.499137 0.167200 0.167200
11 -12.788297 -15.828427 31.030338 0.801533 -0.577182 0.156224 0.176689 0.171183
11 -11.747915 -13.000000 30.347027 1.000000 -0.000000 -0.000168 0.180619 0.180800
horse_atlas.bmp
11 -11.747915 -13.000000 30.347027 1.000000 -0.000000 -0.000168 0.180619 0.180800
11 -12.788297 -10.171573 31.030338 0.801533 0.577182 0.156224 0.176689 0.190417
11 -15.300000 -9.000000 32.680000 0.362834 0.786901 0.499138 0.167200 0.194400
horse_atlas.bmp
11 -15.300000 -9.000000 32.680000 0.362834 0.786901 0.499138 0.167200 0.194400
11 -18.852085 -13.000000 35.012974 -0.250137 0.000000 0.968210 0.153781 0.180800
11 -15.300000 -17.000000 32.680000 0.362834 -0.786901 0.499137 0.167200 0.167200
horse_atlas.bmp
11 -15.300000 -17.000000 32.680000 0.362834 -0.786901 0.499137 0.167200 0.167200
11 -11.747915 -13.000000 30.347027 1.000000 -0.000000 -0.000168 0.180619 0.180800
11 -15.300000 -9.000000 32.680000 0.362834 0.786901 0.499138 0.167200 0.194400
horse_atlas.bmp
11 -29.407022 -11.090812 19.989798 -0.813697 0.535504 -0.226124 0.113907 0.187291
11 -27.900000 -10.300000 19.000000 -0.389739 0.747078 -0.538497 0.119600 0.189980
11 -26.392979 -11.090812 18.010202 0.001984 0.511981 -0.858994 0.125293 0.187291
horse_atlas.bmp
11 -26.392979 -11.090812 18.010202 0.001984 0.511981 -0.858994 0.125293 0.187291
11 -25.768749 -13.000000 17.600216 0.148777 0.000000 -0.988871 0.127651 0.180800
11 -26.392979 -14.909188 18.010202 0.001984 -0.511981 -0.858994 0.125293 0.174309
horse_atlas.bmp
11 -26.392979 -14.909188 18.010202 0.001984 -0.511981 -0.858994 0.125293 0.174309
11 -27.900000 -15.700000 19.000000 -0.389739 -0.747078 -0.538497 0.119600 0.171620
11 -29.407022 -14.909188 19.989798 -0.813697 -0.535504 -0.226124 0.113907 0.174309
horse_atlas.bmp
11 -29.407022 -14.909188 19.989798 -0.813697 -0.535504 -0.226124 0.113907 0.174309
11 -30.031252 -13.000000 20.399784 -0.994903 -0.000000 -0.100840 0.111549 0.180800
11 -29.407022 -11.090812 19.989798 -0.813697 0.535504 -0.226124 0.113907 0.187291
horse_atlas.bmp
11 -29.407022 -11.090812 19.989798 -0.813697 0.535504 -0.226124 0.113907 0.187291
11 -26.392979 -11.090812 18.010202 0.001984 0.511981 -0.858994 0.125293 0.187291
11 -26.392979 -14.909188 18.010202 0.001984 -0.511981 -0.858994 0.125293 0.174309
horse_atlas.bmp
11 -26.392979 -14.909188 18.010202 0.001984 -0.511981 -0.858994 0.125293 0.174309
11 -29.407022 -14.909188 19.989798 -0.813697 -0.535504 -0.226124 0.113907 0.174309
11 -29.407022 -11.090812 19.989798 -0.813697 0.535504 -0.226124 0.113907 0.187291
horse_atlas.bmp
12 -27.900000 -13.000000 16.340000 0.338776 0.000000 -0.940867 0.119600 0.180800
12 -26.369999 -11.400000 17.119095 0.512328 0.493984 -0.702496 0.125380 0.186240
12 -25.736254 -13.000000 17.119095 0.715354 0.000000 -0.698763 0.127774 0.180800
horse_atlas.bmp
12 -27.900000 -13.000000 16.340000 0.239943 0.229826 -0.943190 0.119600 0.180800
12 -27.900000 -10.737258 17.119095 0.000000 0.707973 -0.706239 0.119600 0.188493
12 -26.369999 -11.400000 17.119095 0.512328 0.493984 -0.702496 0.125380 0.186240
horse_atlas.bmp
12 -27.900000 -13.000000 16.340000 0.000000 0.325557 -0.945522 0.119600 0.180800
12 -29.430000 -11.400000 17.119095 -0.512328 0.493984 -0.702496 0.113820 0.186240
12 -27.900000 -10.737258 17.119095 0.000000 0.707973 -0.706239 0.119600 0.188493
horse_atlas.bmp
12 -27.900000 -13.000000 16.340000 -0.239943 0.229826 -0.943190 0.119600 0.180800
12 -30.063747 -13.000000 17.119095 -0.715353 0.000000 -0.698763 0.111426 0.180800
12 -29.430000 -11.400000 17.119095 -0.512328 0.493984 -0.702496 0.113820 0.186240
horse_atlas.bmp
12 -27.900000 -13.000000 16.340000 -0.338775 0.000000 -0.940867 0.119600 0.180800
12 -29.430000 -14.600000 17.119095 -0.512328 -0.493984 -0.702496 0.113820 0.175360
12 -30.063747 -13.000000 17.119095 -0.715353 0.000000 -0.698763 0.111426 0.180800
horse_atlas.bmp
12 -27.900000 -13.000000 16.340000 -0.239943 -0.229826 -0.943190 0.119600 0.180800
12 -27.900000 -15.262742 17.119095 0.000000 -0.707974 -0.706239 0.119600 0.173107
12 -29.430000 -14.600000 17.119095 -0.512328 -0.493984 -0.702496 0.113820 0.175360
horse_atlas.bmp
12 -27.900000 -13.000000 16.340000 0.000000 -0.325557 -0.945522 0.119600 0.180800
12 -26.369999 -14.600000 17.119095 0.512328 -0.493984 -0.702496 0.125380 0.175360
12 -27.900000 -15.262742 17.119095 0.000000 -0.707974 -0.706239 0.119600 0.173107
horse_atlas.bmp
12 -27.900000 -13.000000 16.340000 0.239943 -0.229826 -0.943190 0.119600 0.180800
12 -25.736254 -13.000000 17.119095 0.715354 0.000000 -0.698763 0.127774 0.180800
12 -26.369999 -14.600000 17.119095 0.512328 -0.493984 -0.702496 0.125380 0.175360
horse_atlas.bmp
12 -25.736254 -13.000000 17.119095 0.715354 0.000000 -0.698763 0.180800 0.101585
12 -26.369999 -11.400000 17.119095 0.512328 0.493984 -0.702496 0.186240 0.101585
12 -25.736254 -10.737258 19.000000 0.715744 0.698363 0.000000 0.188493 0.110000
horse_atlas.bmp
12 -25.736254 -13.000000 17.119095 0.715354 0.000000 -0.698763 0.180800 0.101585
12 -25.736254 -10.737258 19.000000 0.715744 0.698363 0.000000 0.188493 0.110000
12 -24.840000 -13.000000 19.000000 1.000000 -0.000000 0.000000 0.180800 0.110000
horse_atlas.bmp
12 -26.369999 -11.400000 17.119095 0.512328 0.493984 -0.702496 0.125380 0.101585
12 -27.900000 -10.737258 17.119095 0.000000 0.707973 -0.706239 0.119600 0.101585
12 -27.900000 -9.800000 19.000000 0.000000 1.000000 0.000000 0.119600 0.110000
horse_atlas.bmp
12 -26.369999 -11.400000 17.119095 0.512328 0.493984 -0.702496 0.125380 0.101585
12 -27.900000 -9.800000 19.000000 0.000000 1.000000 0.000000 0.119600 0.110000
12 -25.736254 -10.737258 19.000000 0.715744 0.698363 0.000000 0.127774 0.110000
horse_atlas.bmp
12 -27.900000 -10.737258 17.119095 0.000000 0.707973 -0.706239 0.119600 0.101585
12 -29.430000 -11.400000 17.119095 -0.512328 0.493984 -0.702496 0.113820 0.101585
12 -30.063747 -10.737258 19.000000 -0.715744 0.698363 0.000000 0.111426 0.110000
horse_atlas.bmp
12 -27.900000 -10.737258 17.119095 0.000000 0.707973 -0.706239 0.119600 0.101585
12 -30.063747 -10.737258 19.000000 -0.715744 0.698363 0.000000 0.111426 0.110000
12 -27.900000 -9.800000 19.000000 0.000000 1.000000 0.000000 0.119600 0.110000
horse_atlas.bmp
12 -29.430000 -11.400000 17.119095 -0.512328 0.493984 -0.702496 0.186240 0.101585
12 -30.063747 -13.000000 17.119095 -0.715353 0.000000 -0.698763 0.180800 0.101585
12 -30.960001 -13.000000 19.000000 -1.000000 -0.000000 0.000000 0.180800 0.110000
horse_atlas.bmp
12 -29.430000 -11.400000 17.119095 -0.512328 0.493984 -0.702496 0.186240 0.101585
12 -30.960001 -13.000000 19.000000 -1.000000 -0.000000 0.000000 0.180800 0.110000
12 -30.063747 -10.737258 19.000000 -0.715744 0.698363 0.000000 0.188493 0.110000
horse_atlas.bmp
12 -30.063747 -13.000000 17.119095 -0.715353 0.000000 -0.698763 0.180800 0.101585
12 -29.430000 -14.600000 17.119095 -0.512328 -0.493984 -0.702496 0.175360 0.101585
12 -30.063747 -15.262742 19.000000 -0.715744 -0.698363 0.000000 0.173107 0.110000
horse_atlas.bmp
12 -30.063747 -13.000000 17.119095 -0.715353 0.000000 -0.698763 0.180800 0.101585
12 -30.063747 -15.262742 19.000000 -0.715744 -0.698363 0.000000 0.173107 0.110000
12 -30.960001 -13.000000 19.000000 -1.000000 -0.000000 0.000000 0.180800 0.110000
horse_atlas.bmp
12 -29.430000 -14.600000 17.119095 -0.512328 -0.493984 -0.702496 0.113820 0.101585
12 -27.900000 -15.262742 17.119095 0.000000 -0.707974 -0.706239 0.119600 0.101585
12 -27.900000 -16.200001 19.000000 0.000000 -1.000000 0.000000 0.119600 0.110000
horse_atlas.bmp
12 -29.430000 -14.600000 17.119095 -0.512328 -0.493984 -0.702496 0.113820 0.101585
12 -27.900000 -16.200001 19.000000 0.000000 -1.000000 0.000000 0.119600 0.110000
12 -30.063747 -15.262742 19.000000 -0.715744 -0.698363 0.000000 0.111426 0.110000
horse_atlas.bmp
12 -27.900000 -15.262742 17.119095 0.000000 -0.707974 -0.706239 0.119600 0.101585
12 -26.369999 -14.600000 17.119095 0.512328 -0.493984 -0.702496 0.125380 0.101585
12 -25.736254 -15.262742 19.000000 0.715744 -0.698363 -0.000000 0.127774 0.110000
horse_atlas.bmp
12 -27.900000 -15.262742 17.119095 0.000000 -0.707974 -0.706239 0.119600 0.101585
12 -25.736254 -15.262742 19.000000 0.715744 -0.698363 -0.000000 0.127774 0.110000
12 -27.900000 -16.200001 19.000000 0.000000 -1.000000 0.000000 0.119600 0.110000
horse_atlas.bmp
12 -26.369999 -14.600000 17.119095 0.512328 -0.493984 -0.702496 0.175360 0.101585
12 -25.736254 -13.000000 17.119095 0.715354 0.000000 -0.698763 0.180800 0.101585
12 -24.840000 -13.000000 19.000000 1.000000 -0.000000 0.000000 0.180800 0.110000
horse_atlas.bmp
12 -26.369999 -14.600000 17.119095 0.512328 -0.493984 -0.702496 0.175360 0.101585
12 -24.840000 -13.000000 19.000000 1.000000 -0.000000 0.000000 0.180800 0.110000
12 -25.736254 -15.262742 19.000000 0.715744 -0.698363 -0.000000 0.173107 0.110000
horse_atlas.bmp
12 -24.840000 -13.000000 19.000000 1.000000 -0.000000 0.000000 0.180800 0.110000
12 -25.736254 -10.737258 19.000000 0.715744 0.698363 0.000000 0.188493 0.110000
12 -26.369999 -11.400000 20.880905 0.512328 0.493984 0.702496 0.186240 0.118415
horse_atlas.bmp
12 -24.840000 -13.000000 19.000000 1.000000 -0.000000 0.000000 0.180800 0.110000
12 -26.369999 -11.400000 20.880905 0.512328 0.493984 0.702496 0.186240 0.118415
12 -25.736254 -13.000000 20.880905 0.715354 -0.000000 0.698762 0.180800 0.118415
horse_atlas.bmp
12 -25.736254 -10.737258 19.000000 0.715744 0.698363 0.000000 0.127774 0.110000
12 -27.900000 -9.800000 19.000000 0.000000 1.000000 0.000000 0.119600 0.110000
12 -27.900000 -10.737258 20.880905 0.000000 0.707973 0.706239 0.119600 0.118415
horse_atlas.bmp
12 -25.736254 -10.737258 19.000000 0.715744 0.698363 0.000000 0.127774 0.110000
12 -27.900000 -10.737258 20.880905 0.000000 0.707973 0.706239 0.119600 0.118415
12 -26.369999 -11.400000 20.880905 0.512328 0.493984 0.702496 0.125380 0.118415
horse_atlas.bmp
12 -27.900000 -9.800000 19.000000 0.000000 1.000000 0.000000 0.119600 0.110000
12 -30.063747 -10.737258 19.000000 -0.715744 0.698363 0.000000 0.111426 0.110000
12 -29.430000 -11.400000 20.880905 -0.512328 0.493984 0.702496 0.113820 0.118415
horse_atlas.bmp
12 -27.900000 -9.800000 19.000000 0.000000 1.000000 0.000000 0.119600 0.110000
12 -29.430000 -11.400000 20.880905 -0.512328 0.493984 0.702496 0.113820 0.118415
12 -27.900000 -10.737258 20.880905 0.000000 0.707973 0.706239 0.119600 0.118415
horse_atlas.bmp
12 -30.063747 -10.737258 19.000000 -0.715744 0.698363 0.000000 0.188493 0.110000
12 -30.960001 -13.000000 19.000000 -1.000000 -0.000000 0.000000 0.180800 0.110000
12 -30.063747 -13.000000 20.880905 -0.715354 -0.000000 0.698762 0.180800 0.118415
horse_atlas.bmp
12 -30.063747 -10.737258 19.000000 -0.715744 0.698363 0.000000 0.188493 0.110000
12 -30.063747 -13.000000 20.880905 -0.715354 -0.000000 0.698762 0.180800 0.118415
12 -29.430000 -11.400000 20.880905 -0.512328 0.493984 0.702496 0.186240 0.118415
horse_atlas.bmp
12 -30.960001 -13.000000 19.000000 -1.000000 -0.000000 0.000000 0.180800 0.110000
12 -30.063747 -15.262742 19.000000 -0.715744 -0.698363 0.000000 0.173107 0.110000
12 -29.430000 -14.600000 20.880905 -0.512328 -0.493984 0.702496 0.175360 0.118415
horse_atlas.bmp
12 -30.960001 -13.000000 19.000000 -1.000000 -0.000000 0.000000 0.180800 0.110000
12 -29.430000 -14.600000 20.880905 -0.512328 -0.493984 0.702496 0.175360 0.118415
12 -30.063747 -13.000000 20.880905 -0.715354 -0.000000 0.698762 0.180800 0.118415
horse_atlas.bmp
12 -30.063747 -15.262742 19.000000 -0.715744 -0.698363 0.000000 0.111426 0.110000
12 -27.900000 -16.200001 19.000000 0.000000 -1.000000 0.000000 0.119600 0.110000
12 -27.900000 -15.262742 20.880905 0.000000 -0.707973 0.706239 0.119600 0.118415
horse_atlas.bmp
12 -30.063747 -15.262742 19.000000 -0.715744 -0.698363 0.000000 0.111426 0.110000
12 -27.900000 -15.262742 20.880905 0.000000 -0.707973 0.706239 0.119600 0.118415
12 -29.430000 -14.600000 20.880905 -0.512328 -0.493984 0.702496 0.113820 0.118415
horse_atlas.bmp
12 -27.900000 -16.200001 19.000000 0.000000 -1.000000 0.000000 0.119600 0.110000
12 -25.736254 -15.262742 19.000000 0.715744 -0.698363 -0.000000 0.127774 0.110000
12 -26.369999 -14.600000 20.880905 0.512328 -0.493984 0.702496 0.125380 0.118415
horse_atlas.bmp
12 -27.900000 -16.200001 19.000000 0.000000 -1.000000 0.000000 0.119600 0.110000
12 -26.369999 -14.600000 20.880905 0.512328 -0.493984 0.702496 0.125380 0.118415
12 -27.900000 -15.262742 20.880905 0.000000 -0.707973 0.706239 0.119600 0.118415
horse_atlas.bmp
12 -25.736254 -15.262742 19.000000 0.715744 -0.698363 -0.000000 0.173107 0.110000
12 -24.840000 -13.000000 19.000000 1.000000 -0.000000 0.000000 0.180800 0.110000
12 -25.736254 -13.000000 20.880905 0.715354 -0.000000 0.698762 0.180800 0.118415
horse_atlas.bmp
12 -25.736254 -15.262742 19.000000 0.715744 -0.698363 -0.000000 0.173107 0.110000
12 -25.736254 -13.000000 20.880905 0.715354 -0.000000 0.698762 0.180800 0.118415
12 -26.369999 -14.600000 20.880905 0.512328 -0.493984 0.702496 0.175360 0.118415
horse_atlas.bmp
12 -25.736254 -13.000000 20.880905 0.715354 -0.000000 0.698762 0.127774 0.180800
12 -26.369999 -11.400000 20.880905 0.512328 0.493984 0.702496 0.125380 0.186240
12 -27.900000 -13.000000 21.660000 0.239943 0.229827 0.943190 0.119600 0.180800
horse_atlas.bmp
12 -26.369999 -11.400000 20.880905 0.512328 0.493984 0.702496 0.125380 0.186240
12 -27.900000 -10.737258 20.880905 0.000000 0.707973 0.706239 0.119600 0.188493
12 -27.900000 -13.000000 21.660000 0.000000 0.325557 0.945522 0.119600 0.180800
horse_atlas.bmp
12 -27.900000 -10.737258 20.880905 0.000000 0.707973 0.706239 0.119600 0.188493
12 -29.430000 -11.400000 20.880905 -0.512328 0.493984 0.702496 0.113820 0.186240
12 -27.900000 -13.000000 21.660000 -0.239943 0.229826 0.943190 0.119600 0.180800
horse_atlas.bmp
12 -29.430000 -11.400000 20.880905 -0.512328 0.493984 0.702496 0.113820 0.186240
12 -30.063747 -13.000000 20.880905 -0.715354 -0.000000 0.698762 0.111426 0.180800
12 -27.900000 -13.000000 21.660000 -0.338777 0.000000 0.940867 0.119600 0.180800
horse_atlas.bmp
12 -30.063747 -13.000000 20.880905 -0.715354 -0.000000 0.698762 0.111426 0.180800
12 -29.430000 -14.600000 20.880905 -0.512328 -0.493984 0.702496 0.113820 0.175360
12 -27.900000 -13.000000 21.660000 -0.239943 -0.229826 0.943190 0.119600 0.180800
horse_atlas.bmp
12 -29.430000 -14.600000 20.880905 -0.512328 -0.493984 0.702496 0.113820 0.175360
12 -27.900000 -15.262742 20.880905 0.000000 -0.707973 0.706239 0.119600 0.173107
12 -27.900000 -13.000000 21.660000 0.000000 -0.325557 0.945522 0.119600 0.180800
horse_atlas.bmp
12 -27.900000 -15.262742 20.880905 0.000000 -0.707973 0.706239 0.119600 0.173107
12 -26.369999 -14.600000 20.880905 0.512328 -0.493984 0.702496 0.125380 0.175360
12 -27.900000 -13.000000 21.660000 0.239943 -0.229827 0.943190 0.119600 0.180800
horse_atlas.bmp
12 -26.369999 -14.600000 20.880905 0.512328 -0.493984 0.702496 0.125380 0.175360
12 -25.736254 -13.000000 20.880905 0.715354 -0.000000 0.698762 0.127774 0.180800
12 -27.900000 -13.000000 21.660000 0.338778 0.000000 0.940867 0.119600 0.180800
horse_atlas.bmp
12 -27.900000 -10.600000 19.000000 -0.096412 0.783922 0.613327 0.119600 0.110000
12 -26.142336 -11.302944 19.247375 0.440345 0.561324 0.700722 0.126240 0.111107
12 -24.833103 -11.472650 11.698638 0.675717 0.718606 0.164353 0.131186 0.077336
horse_atlas.bmp
12 -27.900000 -10.600000 19.000000 -0.096412 0.783922 0.613327 0.119600 0.110000
12 -24.833103 -11.472650 11.698638 0.675717 0.718606 0.164353 0.131186 0.077336
12 -26.415001 -10.840000 11.476000 -0.004046 0.999603 0.027881 0.125210 0.076340
horse_atlas.bmp
12 -26.142336 -11.302944 19.247375 0.440345 0.561324 0.700722 0.186570 0.111107
12 -25.414288 -13.000000 19.349842 0.675540 -0.000000 0.737323 0.180800 0.111565
12 -24.177860 -13.000000 11.790857 0.974226 0.000000 0.225575 0.180800 0.077749
horse_atlas.bmp
12 -26.142336 -11.302944 19.247375 0.440345 0.561324 0.700722 0.186570 0.111107
12 -24.177860 -13.000000 11.790857 0.974226 0.000000 0.225575 0.180800 0.077749
12 -24.833103 -11.472650 11.698638 0.675717 0.718606 0.164353 0.185993 0.077336
horse_atlas.bmp
12 -25.414288 -13.000000 19.349842 0.675540 -0.000000 0.737323 0.180800 0.111565
12 -26.142336 -14.697056 19.247375 0.440345 -0.561324 0.700722 0.175030 0.111107
12 -24.833103 -14.527350 11.698638 0.675717 -0.718606 0.164353 0.175607 0.077336
horse_atlas.bmp
12 -25.414288 -13.000000 19.349842 0.675540 -0.000000 0.737323 0.180800 0.111565
12 -24.833103 -14.527350 11.698638 0.675717 -0.718606 0.164353 0.175607 0.077336
12 -24.177860 -13.000000 11.790857 0.974226 0.000000 0.225575 0.180800 0.077749
horse_atlas.bmp
12 -26.142336 -14.697056 19.247375 0.440345 -0.561324 0.700722 0.126240 0.111107
12 -27.900000 -15.400000 19.000000 -0.096412 -0.783922 0.613328 0.119600 0.110000
12 -26.415001 -15.160000 11.476000 -0.004046 -0.999603 0.027881 0.125210 0.076340
horse_atlas.bmp
12 -26.142336 -14.697056 19.247375 0.440345 -0.561324 0.700722 0.126240 0.111107
12 -26.415001 -15.160000 11.476000 -0.004046 -0.999603 0.027881 0.125210 0.076340
12 -24.833103 -14.527350 11.698638 0.675717 -0.718606 0.164353 0.131186 0.077336
horse_atlas.bmp
12 -27.900000 -15.400000 19.000000 -0.096412 -0.783922 0.613328 0.119600 0.110000
12 -29.657665 -14.697056 18.752625 -0.638912 -0.567272 0.519609 0.112960 0.108893
12 -27.996899 -14.527350 11.253363 -0.685931 -0.720036 -0.105108 0.119234 0.075344
horse_atlas.bmp
12 -27.900000 -15.400000 19.000000 -0.096412 -0.783922 0.613328 0.119600 0.110000
12 -27.996899 -14.527350 11.253363 -0.685931 -0.720036 -0.105108 0.119234 0.075344
12 -26.415001 -15.160000 11.476000 -0.004046 -0.999603 0.027881 0.125210 0.076340
horse_atlas.bmp
12 -29.657665 -14.697056 18.752625 -0.638912 -0.567272 0.519609 0.175030 0.108893
12 -30.385712 -13.000000 18.650158 -0.879144 -0.000000 0.476557 0.180800 0.108435
12 -28.652142 -13.000000 11.161143 -0.986672 0.000000 -0.162722 0.180800 0.074931
horse_atlas.bmp
12 -29.657665 -14.697056 18.752625 -0.638912 -0.567272 0.519609 0.175030 0.108893
12 -28.652142 -13.000000 11.161143 -0.986672 0.000000 -0.162722 0.180800 0.074931
12 -27.996899 -14.527350 11.253363 -0.685931 -0.720036 -0.105108 0.175607 0.075344
horse_atlas.bmp
12 -30.385712 -13.000000 18.650158 -0.879144 -0.000000 0.476557 0.180800 0.108435
12 -29.657665 -11.302944 18.752625 -0.638912 0.567272 0.519609 0.186570 0.108893
12 -27.996899 -11.472650 11.253363 -0.685931 0.720036 -0.105108 0.185993 0.075344
horse_atlas.bmp
12 -30.385712 -13.000000 18.650158 -0.879144 -0.000000 0.476557 0.180800 0.108435
12 -27.996899 -11.472650 11.253363 -0.685931 0.720036 -0.105108 0.185993 0.075344
12 -28.652142 -13.000000 11.161143 -0.986672 0.000000 -0.162722 0.180800 0.074931
horse_atlas.bmp
12 -29.657665 -11.302944 18.752625 -0.638912 0.567272 0.519609 0.112960 0.108893
12 -27.900000 -10.600000 19.000000 -0.096412 0.783922 0.613327 0.119600 0.110000
12 -26.415001 -10.840000 11.476000 -0.004046 0.999603 0.027881 0.125210 0.076340
horse_atlas.bmp
12 -29.657665 -11.302944 18.752625 -0.638912 0.567272 0.519609 0.112960 0.108893
12 -26.415001 -10.840000 11.476000 -0.004046 0.999603 0.027881 0.125210 0.076340
12 -27.996899 -11.472650 11.253363 -0.685931 0.720036 -0.105108 0.119234 0.075344
horse_atlas.bmp
12 -26.415001 -10.840000 11.476000 -0.004046 0.999603 0.027881 0.125210 0.076340
12 -24.833103 -11.472650 11.698638 0.675717 0.718606 0.164353 0.131186 0.077336
12 -23.191240 -11.090812 5.602715 0.646206 0.580126 -0.495854 0.137389 0.050065
horse_atlas.bmp
12 -26.415001 -10.840000 11.476000 -0.004046 0.999603 0.027881 0.125210 0.076340
12 -23.191240 -11.090812 5.602715 0.646206 0.580126 -0.495854 0.137389 0.050065
12 -25.200001 -10.300000 5.320000 0.093554 0.799246 -0.593678 0.129800 0.048800
horse_atlas.bmp
12 -24.833103 -11.472650 11.698638 0.675717 0.718606 0.164353 0.185993 0.077336
12 -24.177860 -13.000000 11.790857 0.974226 0.000000 0.225575 0.180800 0.077749
12 -22.359186 -13.000000 5.719819 0.893562 0.000000 -0.448939 0.180800 0.050589
horse_atlas.bmp
12 -24.833103 -11.472650 11.698638 0.675717 0.718606 0.164353 0.185993 0.077336
12 -22.359186 -13.000000 5.719819 0.893562 0.000000 -0.448939 0.180800 0.050589
12 -23.191240 -11.090812 5.602715 0.646206 0.580126 -0.495854 0.187291 0.050065
horse_atlas.bmp
12 -24.177860 -13.000000 11.790857 0.974226 0.000000 0.225575 0.180800 0.077749
12 -24.833103 -14.527350 11.698638 0.675717 -0.718606 0.164353 0.175607 0.077336
12 -23.191240 -14.909188 5.602715 0.646206 -0.580126 -0.495854 0.174309 0.050065
horse_atlas.bmp
12 -24.177860 -13.000000 11.790857 0.974226 0.000000 0.225575 0.180800 0.077749
12 -23.191240 -14.909188 5.602715 0.646206 -0.580126 -0.495854 0.174309 0.050065
12 -22.359186 -13.000000 5.719819 0.893562 0.000000 -0.448939 0.180800 0.050589
horse_atlas.bmp
12 -24.833103 -14.527350 11.698638 0.675717 -0.718606 0.164353 0.131186 0.077336
12 -26.415001 -15.160000 11.476000 -0.004046 -0.999603 0.027881 0.125210 0.076340
12 -25.200001 -15.700000 5.320000 0.093554 -0.799246 -0.593678 0.129800 0.048800
horse_atlas.bmp
12 -24.833103 -14.527350 11.698638 0.675717 -0.718606 0.164353 0.131186 0.077336
12 -25.200001 -15.700000 5.320000 0.093554 -0.799246 -0.593678 0.129800 0.048800
12 -23.191240 -14.909188 5.602715 0.646206 -0.580126 -0.495854 0.137389 0.050065
horse_atlas.bmp
12 -26.415001 -15.160000 11.476000 -0.004046 -0.999603 0.027881 0.125210 0.076340
12 -27.996899 -14.527350 11.253363 -0.685931 -0.720036 -0.105108 0.119234 0.075344
12 -27.208759 -14.909188 5.037286 -0.454755 -0.574996 -0.680130 0.122211 0.047535
horse_atlas.bmp
12 -26.415001 -15.160000 11.476000 -0.004046 -0.999603 0.027881 0.125210 0.076340
12 -27.208759 -14.909188 5.037286 -0.454755 -0.574996 -0.680130 0.122211 0.047535
12 -25.200001 -15.700000 5.320000 0.093554 -0.799246 -0.593678 0.129800 0.048800
horse_atlas.bmp
12 -27.996899 -14.527350 11.253363 -0.685931 -0.720036 -0.105108 0.175607 0.075344
12 -28.652142 -13.000000 11.161143 -0.986672 0.000000 -0.162722 0.180800 0.074931
12 -28.040813 -13.000000 4.920182 -0.698963 0.000000 -0.715157 0.180800 0.047011
horse_atlas.bmp
12 -27.996899 -14.527350 11.253363 -0.685931 -0.720036 -0.105108 0.175607 0.075344
12 -28.040813 -13.000000 4.920182 -0.698963 0.000000 -0.715157 0.180800 0.047011
12 -27.208759 -14.909188 5.037286 -0.454755 -0.574996 -0.680130 0.174309 0.047535
horse_atlas.bmp
12 -28.652142 -13.000000 11.161143 -0.986672 0.000000 -0.162722 0.180800 0.074931
12 -27.996899 -11.472650 11.253363 -0.685931 0.720036 -0.105108 0.185993 0.075344
12 -27.208759 -11.090812 5.037286 -0.454755 0.574996 -0.680130 0.187291 0.047535
horse_atlas.bmp
12 -28.652142 -13.000000 11.161143 -0.986672 0.000000 -0.162722 0.180800 0.074931
12 -27.208759 -11.090812 5.037286 -0.454755 0.574996 -0.680130 0.187291 0.047535
12 -28.040813 -13.000000 4.920182 -0.698963 0.000000 -0.715157 0.180800 0.047011
horse_atlas.bmp
12 -27.996899 -11.472650 11.253363 -0.685931 0.720036 -0.105108 0.119234 0.075344
12 -26.415001 -10.840000 11.476000 -0.004046 0.999603 0.027881 0.125210 0.076340
12 -25.200001 -10.300000 5.320000 0.093554 0.799246 -0.593678 0.129800 0.048800
horse_atlas.bmp
12 -27.996899 -11.472650 11.253363 -0.685931 0.720036 -0.105108 0.119234 0.075344
12 -25.200001 -10.300000 5.320000 0.093554 0.799246 -0.593678 0.129800 0.048800
12 -27.208759 -11.090812 5.037286 -0.454755 0.574996 -0.680130 0.122211 0.047535
horse_atlas.bmp
12 -27.900000 -10.600000 19.000000 -0.096412 0.783922 0.613327 0.119600 0.188960
12 -29.657665 -11.302944 18.752625 -0.638912 0.567272 0.519609 0.112960 0.186570
12 -30.385712 -13.000000 18.650158 -0.879144 -0.000000 0.476557 0.110210 0.180800
horse_atlas.bmp
12 -30.385712 -13.000000 18.650158 -0.879144 -0.000000 0.476557 0.110210 0.180800
12 -29.657665 -14.697056 18.752625 -0.638912 -0.567272 0.519609 0.112960 0.175030
12 -27.900000 -15.400000 19.000000 -0.096412 -0.783922 0.613328 0.119600 0.172640
horse_atlas.bmp
12 -27.900000 -15.400000 19.000000 -0.096412 -0.783922 0.613328 0.119600 0.172640
12 -26.142336 -14.697056 19.247375 0.440345 -0.561324 0.700722 0.126240 0.175030
12 -25.414288 -13.000000 19.349842 0.675540 -0.000000 0.737323 0.128990 0.180800
horse_atlas.bmp
12 -25.414288 -13.000000 19.349842 0.675540 -0.000000 0.737323 0.128990 0.180800
12 -26.142336 -11.302944 19.247375 0.440345 0.561324 0.700722 0.126240 0.186570
12 -27.900000 -10.600000 19.000000 -0.096412 0.783922 0.613327 0.119600 0.188960
horse_atlas.bmp
12 -27.900000 -10.600000 19.000000 -0.096412 0.783922 0.613327 0.119600 0.188960
12 -30.385712 -13.000000 18.650158 -0.879144 -0.000000 0.476557 0.110210 0.180800
12 -27.900000 -15.400000 19.000000 -0.096412 -0.783922 0.613328 0.119600 0.172640
horse_atlas.bmp
12 -27.900000 -15.400000 19.000000 -0.096412 -0.783922 0.613328 0.119600 0.172640
12 -25.414288 -13.000000 19.349842 0.675540 -0.000000 0.737323 0.128990 0.180800
12 -27.900000 -10.600000 19.000000 -0.096412 0.783922 0.613327 0.119600 0.188960
horse_atlas.bmp
12 -27.208759 -11.090812 5.037286 -0.454755 0.574996 -0.680130 0.122211 0.187291
12 -25.200001 -10.300000 5.320000 0.093554 0.799246 -0.593678 0.129800 0.189980
12 -23.191240 -11.090812 5.602715 0.646206 0.580126 -0.495854 0.137389 0.187291
horse_atlas.bmp
12 -23.191240 -11.090812 5.602715 0.646206 0.580126 -0.495854 0.137389 0.187291
12 -22.359186 -13.000000 5.719819 0.893562 0.000000 -0.448939 0.140532 0.180800
12 -23.191240 -14.909188 5.602715 0.646206 -0.580126 -0.495854 0.137389 0.174309
horse_atlas.bmp
12 -23.191240 -14.909188 5.602715 0.646206 -0.580126 -0.495854 0.137389 0.174309
12 -25.200001 -15.700000 5.320000 0.093554 -0.799246 -0.593678 0.129800 0.171620
12 -27.208759 -14.909188 5.037286 -0.454755 -0.574996 -0.680130 0.122211 0.174309
horse_atlas.bmp
12 -27.208759 -14.909188 5.037286 -0.454755 -0.574996 -0.680130 0.122211 0.174309
12 -28.040813 -13.000000 4.920182 -0.698963 0.000000 -0.715157 0.119068 0.180800
12 -27.208759 -11.090812 5.037286 -0.454755 0.574996 -0.680130 0.122211 0.187291
horse_atlas.bmp
12 -27.208759 -11.090812 5.037286 -0.454755 0.574996 -0.680130 0.122211 0.187291
12 -23.191240 -11.090812 5.602715 0.646206 0.580126 -0.495854 0.137389 0.187291
12 -23.191240 -14.909188 5.602715 0.646206 -0.580126 -0.495854 0.137389 0.174309
horse_atlas.bmp
12 -23.191240 -14.909188 5.602715 0.646206 -0.580126 -0.495854 0.137389 0.174309
12 -27.208759 -14.909188 5.037286 -0.454755 -0.574996 -0.680130 0.122211 0.174309
12 -27.208759 -11.090812 5.037286 -0.454755 0.574996 -0.680130 0.122211 0.187291
horse_atlas.bmp
13 -25.200001 -13.000000 2.660000 0.338776 0.000000 -0.940867 0.129800 0.180800
13 -23.670000 -11.400000 3.439096 0.512328 0.493984 -0.702496 0.135580 0.186240
13 -23.036253 -13.000000 3.439096 0.715354 0.000000 -0.698762 0.137974 0.180800
horse_atlas.bmp
13 -25.200001 -13.000000 2.660000 0.239943 0.229827 -0.943190 0.129800 0.180800
13 -25.200001 -10.737258 3.439096 -0.000000 0.707973 -0.706239 0.129800 0.188493
13 -23.670000 -11.400000 3.439096 0.512328 0.493984 -0.702496 0.135580 0.186240
horse_atlas.bmp
13 -25.200001 -13.000000 2.660000 0.000000 0.325557 -0.945522 0.129800 0.180800
13 -26.730001 -11.400000 3.439096 -0.512328 0.493984 -0.702496 0.124020 0.186240
13 -25.200001 -10.737258 3.439096 -0.000000 0.707973 -0.706239 0.129800 0.188493
horse_atlas.bmp
13 -25.200001 -13.000000 2.660000 -0.239943 0.229827 -0.943190 0.129800 0.180800
13 -27.363747 -13.000000 3.439096 -0.715354 0.000000 -0.698762 0.121626 0.180800
13 -26.730001 -11.400000 3.439096 -0.512328 0.493984 -0.702496 0.124020 0.186240
horse_atlas.bmp
13 -25.200001 -13.000000 2.660000 -0.338776 0.000000 -0.940867 0.129800 0.180800
13 -26.730001 -14.600000 3.439096 -0.512328 -0.493984 -0.702496 0.124020 0.175360
13 -27.363747 -13.000000 3.439096 -0.715354 0.000000 -0.698762 0.121626 0.180800
horse_atlas.bmp
13 -25.200001 -13.000000 2.660000 -0.239943 -0.229827 -0.943190 0.129800 0.180800
13 -25.200001 -15.262742 3.439096 0.000000 -0.707973 -0.706239 0.129800 0.173107
13 -26.730001 -14.600000 3.439096 -0.512328 -0.493984 -0.702496 0.124020 0.175360
horse_atlas.bmp
13 -25.200001 -13.000000 2.660000 0.000000 -0.325557 -0.945522 0.129800 0.180800
13 -23.670000 -14.600000 3.439096 0.512328 -0.493984 -0.702496 0.135580 0.175360
13 -25.200001 -15.262742 3.439096 0.000000 -0.707973 -0.706239 0.129800 0.173107
horse_atlas.bmp
13 -25.200001 -13.000000 2.660000 0.239943 -0.229827 -0.943190 0.129800 0.180800
13 -23.036253 -13.000000 3.439096 0.715354 0.000000 -0.698762 0.137974 0.180800
13 -23.670000 -14.600000 3.439096 0.512328 -0.493984 -0.702496 0.135580 0.175360
horse_atlas.bmp
13 -23.036253 -13.000000 3.439096 0.715354 0.000000 -0.698762 0.180800 0.040385
13 -23.670000 -11.400000 3.439096 0.512328 0.493984 -0.702496 0.186240 0.040385
13 -23.036253 -10.737258 5.320000 0.715744 0.698363 0.000000 0.188493 0.048800
horse_atlas.bmp
13 -23.036253 -13.000000 3.439096 0.715354 0.000000 -0.698762 0.180800 0.040385
13 -23.036253 -10.737258 5.320000 0.715744 0.698363 0.000000 0.188493 0.048800
13 -22.139999 -13.000000 5.320000 1.000000 0.000000 0.000000 0.180800 0.048800
horse_atlas.bmp
13 -23.670000 -11.400000 3.439096 0.512328 0.493984 -0.702496 0.135580 0.040385
13 -25.200001 -10.737258 3.439096 -0.000000 0.707973 -0.706239 0.129800 0.040385
13 -25.200001 -9.800000 5.320000 -0.000000 1.000000 0.000000 0.129800 0.048800
horse_atlas.bmp
13 -23.670000 -11.400000 3.439096 0.512328 0.493984 -0.702496 0.135580 0.040385
13 -25.200001 -9.800000 5.320000 -0.000000 1.000000 0.000000 0.129800 0.048800
13 -23.036253 -10.737258 5.320000 0.715744 0.698363 0.000000 0.137974 0.048800
horse_atlas.bmp
13 -25.200001 -10.737258 3.439096 -0.000000 0.707973 -0.706239 0.129800 0.040385
13 -26.730001 -11.400000 3.439096 -0.512328 0.493984 -0.702496 0.124020 0.040385
13 -27.363747 -10.737258 5.320000 -0.715744 0.698363 0.000000 0.121626 0.048800
horse_atlas.bmp
13 -25.200001 -10.737258 3.439096 -0.000000 0.707973 -0.706239 0.129800 0.040385
13 -27.363747 -10.737258 5.320000 -0.715744 0.698363 0.000000 0.121626 0.048800
13 -25.200001 -9.800000 5.320000 -0.000000 1.000000 0.000000 0.129800 0.048800
horse_atlas.bmp
13 -26.730001 -11.400000 3.439096 -0.512328 0.493984 -0.702496 0.186240 0.040385
13 -27.363747 -13.000000 3.439096 -0.715354 0.000000 -0.698762 0.180800 0.040385
13 -28.260000 -13.000000 5.320000 -1.000000 -0.000000 0.000000 0.180800 0.048800
horse_atlas.bmp
13 -26.730001 -11.400000 3.439096 -0.512328 0.493984 -0.702496 0.186240 0.040385
13 -28.260000 -13.000000 5.320000 -1.000000 -0.000000 0.000000 0.180800 0.048800
13 -27.363747 -10.737258 5.320000 -0.715744 0.698363 0.000000 0.188493 0.048800
horse_atlas.bmp
13 -27.363747 -13.000000 3.439096 -0.715354 0.000000 -0.698762 0.180800 0.040385
13 -26.730001 -14.600000 3.439096 -0.512328 -0.493984 -0.702496 0.175360 0.040385
13 -27.363747 -15.262742 5.320000 -0.715744 -0.698363 0.000000 0.173107 0.048800
horse_atlas.bmp
13 -27.363747 -13.000000 3.439096 -0.715354 0.000000 -0.698762 0.180800 0.040385
13 -27.363747 -15.262742 5.320000 -0.715744 -0.698363 0.000000 0.173107 0.048800
13 -28.260000 -13.000000 5.320000 -1.000000 -0.000000 0.000000 0.180800 0.048800
horse_atlas.bmp
13 -26.730001 -14.600000 3.439096 -0.512328 -0.493984 -0.702496 0.124020 0.040385
13 -25.200001 -15.262742 3.439096 0.000000 -0.707973 -0.706239 0.129800 0.040385
13 -25.200001 -16.200001 5.320000 -0.000000 -1.000000 0.000000 0.129800 0.048800
horse_atlas.bmp
13 -26.730001 -14.600000 3.439096 -0.512328 -0.493984 -0.702496 0.124020 0.040385
13 -25.200001 -16.200001 5.320000 -0.000000 -1.000000 0.000000 0.129800 0.048800
13 -27.363747 -15.262742 5.320000 -0.715744 -0.698363 0.000000 0.121626 0.048800
horse_atlas.bmp
13 -25.200001 -15.262742 3.439096 0.000000 -0.707973 -0.706239 0.129800 0.040385
13 -23.670000 -14.600000 3.439096 0.512328 -0.493984 -0.702496 0.135580 0.040385
13 -23.036253 -15.262742 5.320000 0.715744 -0.698363 0.000000 0.137974 0.048800
horse_atlas.bmp
13 -25.200001 -15.262742 3.439096 0.000000 -0.707973 -0.706239 0.129800 0.040385
13 -23.036253 -15.262742 5.320000 0.715744 -0.698363 0.000000 0.137974 0.048800
13 -25.200001 -16.200001 5.320000 -0.000000 -1.000000 0.000000 0.129800 0.048800
horse_atlas.bmp
13 -23.670000 -14.600000 3.439096 0.512328 -0.493984 -0.702496 0.175360 0.040385
13 -23.036253 -13.000000 3.439096 0.715354 0.000000 -0.698762 0.180800 0.040385
13 -22.139999 -13.000000 5.320000 1.000000 0.000000 0.000000 0.180800 0.048800
horse_atlas.bmp
13 -23.670000 -14.600000 3.439096 0.512328 -0.493984 -0.702496 0.175360 0.040385
13 -22.139999 -13.000000 5.320000 1.000000 0.000000 0.000000 0.180800 0.048800
13 -23.036253 -15.262742 5.320000 0.715744 -0.698363 0.000000 0.173107 0.048800
horse_atlas.bmp
13 -22.139999 -13.000000 5.320000 1.000000 0.000000 0.000000 0.180800 0.048800
13 -23.036253 -10.737258 5.320000 0.715744 0.698363 0.000000 0.188493 0.048800
13 -23.670000 -11.400000 7.200904 0.512328 0.493984 0.702496 0.186240 0.057215
horse_atlas.bmp
13 -22.139999 -13.000000 5.320000 1.000000 0.000000 0.000000 0.180800 0.048800
13 -23.670000 -11.400000 7.200904 0.512328 0.493984 0.702496 0.186240 0.057215
13 -23.036253 -13.000000 7.200904 0.715354 0.000000 0.698763 0.180800 0.057215
horse_atlas.bmp
13 -23.036253 -10.737258 5.320000 0.715744 0.698363 0.000000 0.137974 0.048800
13 -25.200001 -9.800000 5.320000 -0.000000 1.000000 0.000000 0.129800 0.048800
13 -25.200001 -10.737258 7.200904 0.000000 0.707973 0.706239 0.129800 0.057215
horse_atlas.bmp
13 -23.036253 -10.737258 5.320000 0.715744 0.698363 0.000000 0.137974 0.048800
13 -25.200001 -10.737258 7.200904 0.000000 0.707973 0.706239 0.129800 0.057215
13 -23.670000 -11.400000 7.200904 0.512328 0.493984 0.702496 0.135580 0.057215
horse_atlas.bmp
13 -25.200001 -9.800000 5.320000 -0.000000 1.000000 0.000000 0.129800 0.048800
13 -27.363747 -10.737258 5.320000 -0.715744 0.698363 0.000000 0.121626 0.048800
13 -26.730001 -11.400000 7.200904 -0.512328 0.493984 0.702496 0.124020 0.057215
horse_atlas.bmp
13 -25.200001 -9.800000 5.320000 -0.000000 1.000000 0.000000 0.129800 0.048800
13 -26.730001 -11.400000 7.200904 -0.512328 0.493984 0.702496 0.124020 0.057215
13 -25.200001 -10.737258 7.200904 0.000000 0.707973 0.706239 0.129800 0.057215
horse_atlas.bmp
13 -27.363747 -10.737258 5.320000 -0.715744 0.698363 0.000000 0.188493 0.048800
13 -28.260000 -13.000000 5.320000 -1.000000 -0.000000 0.000000 0.180800 0.048800
13 -27.363747 -13.000000 7.200904 -0.715354 -0.000000 0.698762 0.180800 0.057215
horse_atlas.bmp
13 -27.363747 -10.737258 5.320000 -0.715744 0.698363 0.000000 0.188493 0.048800
13 -27.363747 -13.000000 7.200904 -0.715354 -0.000000 0.698762 0.180800 0.057215
13 -26.730001 -11.400000 7.200904 -0.512328 0.493984 0.702496 0.186240 0.057215
horse_atlas.bmp
13 -28.260000 -13.000000 5.320000 -1.000000 -0.000000 0.000000 0.180800 0.048800
13 -27.363747 -15.262742 5.320000 -0.715744 -0.698363 0.000000 0.173107 0.048800
13 -26.730001 -14.600000 7.200904 -0.512328 -0.493984 0.702495 0.175360 0.057215
horse_atlas.bmp
13 -28.260000 -13.000000 5.320000 -1.000000 -0.000000 0.000000 0.180800 0.048800
13 -26.730001 -14.600000 7.200904 -0.512328 -0.493984 0.702495 0.175360 0.057215
13 -27.363747 -13.000000 7.200904 -0.715354 -0.000000 0.698762 0.180800 0.057215
horse_atlas.bmp
13 -27.363747 -15.262742 5.320000 -0.715744 -0.698363 0.000000 0.121626 0.048800
13 -25.200001 -16.200001 5.320000 -0.000000 -1.000000 0.000000 0.129800 0.048800
13 -25.200001 -15.262742 7.200904 -0.000000 -0.707973 0.706239 0.129800 0.057215
horse_atlas.bmp
13 -27.363747 -15.262742 5.320000 -0.715744 -0.698363 0.000000 0.121626 0.048800
13 -25.200001 -15.262742 7.200904 -0.000000 -0.707973 0.706239 0.129800 0.057215
13 -26.730001 -14.600000 7.200904 -0.512328 -0.493984 0.702495 0.124020 0.057215
horse_atlas.bmp
13 -25.200001 -16.200001 5.320000 -0.000000 -1.000000 0.000000 0.129800 0.048800
13 -23.036253 -15.262742 5.320000 0.715744 -0.698363 0.000000 0.137974 0.048800
13 -23.670000 -14.600000 7.200904 0.512328 -0.493984 0.702496 0.135580 0.057215
horse_atlas.bmp
13 -25.200001 -16.200001 5.320000 -0.000000 -1.000000 0.000000 0.129800 0.048800
13 -23.670000 -14.600000 7.200904 0.512328 -0.493984 0.702496 0.135580 0.057215
13 -25.200001 -15.262742 7.200904 -0.000000 -0.707973 0.706239 0.129800 0.057215
horse_atlas.bmp
13 -23.036253 -15.262742 5.320000 0.715744 -0.698363 0.000000 0.173107 0.048800
13 -22.139999 -13.000000 5.320000 1.000000 0.000000 0.000000 0.180800 0.048800
13 -23.036253 -13.000000 7.200904 0.715354 0.000000 0.698763 0.180800 0.057215
horse_atlas.bmp
13 -23.036253 -15.262742 5.320000 0.715744 -0.698363 0.000000 0.173107 0.048800
13 -23.036253 -13.000000 7.200904 0.715354 0.000000 0.698763 0.180800 0.057215
13 -23.670000 -14.600000 7.200904 0.512328 -0.493984 0.702496 0.175360 0.057215
horse_atlas.bmp
13 -23.036253 -13.000000 7.200904 0.715354 0.000000 0.698763 0.137974 0.180800
13 -23.670000 -11.400000 7.200904 0.512328 0.493984 0.702496 0.135580 0.186240
13 -25.200001 -13.000000 7.980000 0.239943 0.229827 0.943190 0.129800 0.180800
horse_atlas.bmp
13 -23.670000 -11.400000 7.200904 0.512328 0.493984 0.702496 0.135580 0.186240
13 -25.200001 -10.737258 7.200904 0.000000 0.707973 0.706239 0.129800 0.188493
13 -25.200001 -13.000000 7.980000 0.000000 0.325557 0.945522 0.129800 0.180800
horse_atlas.bmp
13 -25.200001 -10.737258 7.200904 0.000000 0.707973 0.706239 0.129800 0.188493
13 -26.730001 -11.400000 7.200904 -0.512328 0.493984 0.702496 0.124020 0.186240
13 -25.200001 -13.000000 7.980000 -0.239943 0.229827 0.943190 0.129800 0.180800
horse_atlas.bmp
13 -26.730001 -11.400000 7.200904 -0.512328 0.493984 0.702496 0.124020 0.186240
13 -27.363747 -13.000000 7.200904 -0.715354 -0.000000 0.698762 0.121626 0.180800
13 -25.200001 -13.000000 7.980000 -0.338777 0.000000 0.940867 0.129800 0.180800
horse_atlas.bmp
13 -27.363747 -13.000000 7.200904 -0.715354 -0.000000 0.698762 0.121626 0.180800
13 -26.730001 -14.600000 7.200904 -0.512328 -0.493984 0.702495 0.124020 0.175360
13 -25.200001 -13.000000 7.980000 -0.239943 -0.229827 0.943190 0.129800 0.180800
horse_atlas.bmp
13 -26.730001 -14.600000 7.200904 -0.512328 -0.493984 0.702495 0.124020 0.175360
13 -25.200001 -15.262742 7.200904 -0.000000 -0.707973 0.706239 0.129800 0.173107
13 -25.200001 -13.000000 7.980000 -0.000000 -0.325557 0.945522 0.129800 0.180800
horse_atlas.bmp
13 -25.200001 -15.262742 7.200904 -0.000000 -0.707973 0.706239 0.129800 0.173107
13 -23.670000 -14.600000 7.200904 0.512328 -0.493984 0.702496 0.135580 0.175360
13 -25.200001 -13.000000 7.980000 0.239943 -0.229827 0.943190 0.129800 0.180800
horse_atlas.bmp
13 -23.670000 -14.600000 7.200904 0.512328 -0.493984 0.702496 0.135580 0.175360
13 -23.036253 -13.000000 7.200904 0.715354 0.000000 0.698763 0.137974 0.180800
13 -25.200001 -13.000000 7.980000 0.338776 0.000000 0.940867 0.129800 0.180800
horse_atlas.bmp
13 -23.400000 -9.100000 4.560000 -0.075304 0.697614 0.712505 0.040600 0.351400
13 -20.931103 -9.844833 4.808196 0.296686 0.575762 0.761889 0.049927 0.352510
13 -19.947990 -9.359424 1.607154 0.543380 0.817511 0.190824 0.053641 0.338190
horse_atlas.bmp
13 -23.400000 -9.100000 4.560000 -0.075304 0.697614 0.712505 0.040600 0.351400
13 -19.947990 -9.359424 1.607154 0.543380 0.817511 0.190824 0.053641 0.338190
13 -22.950001 -8.500000 1.368000 0.001683 0.988047 0.154142 0.042300 0.337120
horse_atlas.bmp
13 -20.931103 -9.844833 4.808196 0.296686 0.575762 0.761889 0.095528 0.352510
13 -19.405239 -11.794834 4.961590 0.551061 0.228897 0.802458 0.088898 0.353197
13 -18.092648 -11.609424 1.754959 0.917116 0.325233 0.230483 0.089528 0.338851
horse_atlas.bmp
13 -20.931103 -9.844833 4.808196 0.296686 0.575762 0.761889 0.095528 0.352510
13 -18.092648 -11.609424 1.754959 0.917116 0.325233 0.230483 0.089528 0.338851
13 -19.947990 -9.359424 1.607154 0.543380 0.817511 0.190824 0.097178 0.338190
horse_atlas.bmp
13 -19.405239 -11.794834 4.961590 0.551061 0.228897 0.802458 0.088898 0.353197
13 -19.405239 -14.205166 4.961590 0.551061 -0.228897 0.802458 0.080702 0.353197
13 -18.092648 -14.390576 1.754959 0.917116 -0.325233 0.230483 0.080072 0.338851
horse_atlas.bmp
13 -19.405239 -11.794834 4.961590 0.551061 0.228897 0.802458 0.088898 0.353197
13 -18.092648 -14.390576 1.754959 0.917116 -0.325233 0.230483 0.080072 0.338851
13 -18.092648 -11.609424 1.754959 0.917116 0.325233 0.230483 0.089528 0.338851
horse_atlas.bmp
13 -19.405239 -14.205166 4.961590 0.551061 -0.228897 0.802458 0.080702 0.353197
13 -20.931103 -16.155167 4.808196 0.296687 -0.575762 0.761889 0.074072 0.352510
13 -19.947990 -16.640575 1.607154 0.543380 -0.817511 0.190823 0.072422 0.338190
horse_atlas.bmp
13 -19.405239 -14.205166 4.961590 0.551061 -0.228897 0.802458 0.080702 0.353197
13 -19.947990 -16.640575 1.607154 0.543380 -0.817511 0.190823 0.072422 0.338190
13 -18.092648 -14.390576 1.754959 0.917116 -0.325233 0.230483 0.080072 0.338851
horse_atlas.bmp
13 -20.931103 -16.155167 4.808196 0.296687 -0.575762 0.761889 0.049927 0.352510
13 -23.400000 -16.900000 4.560000 -0.075304 -0.697614 0.712505 0.040600 0.351400
13 -22.950001 -17.500000 1.368000 0.001684 -0.988047 0.154141 0.042300 0.337120
horse_atlas.bmp
13 -20.931103 -16.155167 4.808196 0.296687 -0.575762 0.761889 0.049927 0.352510
13 -22.950001 -17.500000 1.368000 0.001684 -0.988047 0.154141 0.042300 0.337120
13 -19.947990 -16.640575 1.607154 0.543380 -0.817511 0.190823 0.053641 0.338190
horse_atlas.bmp
13 -23.400000 -16.900000 4.560000 -0.075304 -0.697614 0.712505 0.040600 0.351400
13 -25.868896 -16.155167 4.311804 -0.452896 -0.582587 0.674891 0.031273 0.350290
13 -25.952009 -16.640575 1.128846 -0.544410 -0.824286 0.155470 0.030959 0.336050
horse_atlas.bmp
13 -23.400000 -16.900000 4.560000 -0.075304 -0.697614 0.712505 0.040600 0.351400
13 -25.952009 -16.640575 1.128846 -0.544410 -0.824286 0.155470 0.030959 0.336050
13 -22.950001 -17.500000 1.368000 0.001684 -0.988047 0.154141 0.042300 0.337120
horse_atlas.bmp
13 -25.868896 -16.155167 4.311804 -0.452896 -0.582587 0.674891 0.074072 0.350290
13 -27.394760 -14.205166 4.158410 -0.718150 -0.233652 0.655489 0.080702 0.349603
13 -27.807352 -14.390576 0.981041 -0.926138 -0.330312 0.182104 0.080072 0.335389
horse_atlas.bmp
13 -25.868896 -16.155167 4.311804 -0.452896 -0.582587 0.674891 0.074072 0.350290
13 -27.807352 -14.390576 0.981041 -0.926138 -0.330312 0.182104 0.080072 0.335389
13 -25.952009 -16.640575 1.128846 -0.544410 -0.824286 0.155470 0.072422 0.336050
horse_atlas.bmp
13 -27.394760 -14.205166 4.158410 -0.718150 -0.233652 0.655489 0.080702 0.349603
13 -27.394760 -11.794834 4.158410 -0.718150 0.233652 0.655490 0.088898 0.349603
13 -27.807352 -11.609424 0.981041 -0.926139 0.330312 0.182104 0.089528 0.335389
horse_atlas.bmp
13 -27.394760 -14.205166 4.158410 -0.718150 -0.233652 0.655489 0.080702 0.349603
13 -27.807352 -11.609424 0.981041 -0.926139 0.330312 0.182104 0.089528 0.335389
13 -27.807352 -14.390576 0.981041 -0.926138 -0.330312 0.182104 0.080072 0.335389
horse_atlas.bmp
13 -27.394760 -11.794834 4.158410 -0.718150 0.233652 0.655490 0.088898 0.349603
13 -25.868896 -9.844833 4.311804 -0.452896 0.582586 0.674892 0.095528 0.350290
13 -25.952009 -9.359424 1.128846 -0.544410 0.824286 0.155470 0.097178 0.336050
horse_atlas.bmp
13 -27.394760 -11.794834 4.158410 -0.718150 0.233652 0.655490 0.088898 0.349603
13 -25.952009 -9.359424 1.128846 -0.544410 0.824286 0.155470 0.097178 0.336050
13 -27.807352 -11.609424 0.981041 -0.926139 0.330312 0.182104 0.089528 0.335389
horse_atlas.bmp
13 -25.868896 -9.844833 4.311804 -0.452896 0.582586 0.674892 0.031273 0.350290
13 -23.400000 -9.100000 4.560000 -0.075304 0.697614 0.712505 0.040600 0.351400
13 -22.950001 -8.500000 1.368000 0.001683 0.988047 0.154142 0.042300 0.337120
horse_atlas.bmp
13 -25.868896 -9.844833 4.311804 -0.452896 0.582586 0.674892 0.031273 0.350290
13 -22.950001 -8.500000 1.368000 0.001683 0.988047 0.154142 0.042300 0.337120
13 -25.952009 -9.359424 1.128846 -0.544410 0.824286 0.155470 0.030959 0.336050
horse_atlas.bmp
13 -22.950001 -8.500000 1.368000 0.001683 0.988047 0.154142 0.042300 0.337120
13 -19.947990 -9.359424 1.607154 0.543380 0.817511 0.190824 0.053641 0.338190
13 -19.881760 -9.278522 0.532000 0.434343 0.664136 -0.608497 0.053891 0.333380
horse_atlas.bmp
13 -22.950001 -8.500000 1.368000 0.001683 0.988047 0.154142 0.042300 0.337120
13 -19.881760 -9.278522 0.532000 0.434343 0.664136 -0.608497 0.053891 0.333380
13 -22.950001 -8.400000 0.532000 -0.003097 0.796954 -0.604031 0.042300 0.333380
horse_atlas.bmp
13 -19.947990 -9.359424 1.607154 0.543380 0.817511 0.190824 0.097178 0.338190
13 -18.092648 -11.609424 1.754959 0.917116 0.325233 0.230483 0.089528 0.338851
13 -17.985485 -11.578522 0.532000 0.750991 0.269525 -0.602801 0.089633 0.333380
horse_atlas.bmp
13 -19.947990 -9.359424 1.607154 0.543380 0.817511 0.190824 0.097178 0.338190
13 -17.985485 -11.578522 0.532000 0.750991 0.269525 -0.602801 0.089633 0.333380
13 -19.881760 -9.278522 0.532000 0.434343 0.664136 -0.608497 0.097453 0.333380
horse_atlas.bmp
13 -18.092648 -11.609424 1.754959 0.917116 0.325233 0.230483 0.089528 0.338851
13 -18.092648 -14.390576 1.754959 0.917116 -0.325233 0.230483 0.080072 0.338851
13 -17.985485 -14.421478 0.532000 0.750991 -0.269525 -0.602801 0.079967 0.333380
horse_atlas.bmp
13 -18.092648 -11.609424 1.754959 0.917116 0.325233 0.230483 0.089528 0.338851
13 -17.985485 -14.421478 0.532000 0.750991 -0.269525 -0.602801 0.079967 0.333380
13 -17.985485 -11.578522 0.532000 0.750991 0.269525 -0.602801 0.089633 0.333380
horse_atlas.bmp
13 -18.092648 -14.390576 1.754959 0.917116 -0.325233 0.230483 0.080072 0.338851
13 -19.947990 -16.640575 1.607154 0.543380 -0.817511 0.190823 0.072422 0.338190
13 -19.881760 -16.721478 0.532000 0.434343 -0.664136 -0.608498 0.072147 0.333380
horse_atlas.bmp
13 -18.092648 -14.390576 1.754959 0.917116 -0.325233 0.230483 0.080072 0.338851
13 -19.881760 -16.721478 0.532000 0.434343 -0.664136 -0.608498 0.072147 0.333380
13 -17.985485 -14.421478 0.532000 0.750991 -0.269525 -0.602801 0.079967 0.333380
horse_atlas.bmp
13 -19.947990 -16.640575 1.607154 0.543380 -0.817511 0.190823 0.053641 0.338190
13 -22.950001 -17.500000 1.368000 0.001684 -0.988047 0.154141 0.042300 0.337120
13 -22.950001 -17.600000 0.532000 -0.003097 -0.796954 -0.604032 0.042300 0.333380
horse_atlas.bmp
13 -19.947990 -16.640575 1.607154 0.543380 -0.817511 0.190823 0.053641 0.338190
13 -22.950001 -17.600000 0.532000 -0.003097 -0.796954 -0.604032 0.042300 0.333380
13 -19.881760 -16.721478 0.532000 0.434343 -0.664136 -0.608498 0.053891 0.333380
horse_atlas.bmp
13 -22.950001 -17.500000 1.368000 0.001684 -0.988047 0.154141 0.042300 0.337120
13 -25.952009 -16.640575 1.128846 -0.544410 -0.824286 0.155470 0.030959 0.336050
13 -26.018240 -16.721478 0.532000 -0.450847 -0.677626 -0.580999 0.030709 0.333380
horse_atlas.bmp
13 -22.950001 -17.500000 1.368000 0.001684 -0.988047 0.154141 0.042300 0.337120
13 -26.018240 -16.721478 0.532000 -0.450847 -0.677626 -0.580999 0.030709 0.333380
13 -22.950001 -17.600000 0.532000 -0.003097 -0.796954 -0.604032 0.042300 0.333380
horse_atlas.bmp
13 -25.952009 -16.640575 1.128846 -0.544410 -0.824286 0.155470 0.072422 0.336050
13 -27.807352 -14.390576 0.981041 -0.926138 -0.330312 0.182104 0.080072 0.335389
13 -27.914516 -14.421478 0.532000 -0.785417 -0.278182 -0.552933 0.079967 0.333380
horse_atlas.bmp
13 -25.952009 -16.640575 1.128846 -0.544410 -0.824286 0.155470 0.072422 0.336050
13 -27.914516 -14.421478 0.532000 -0.785417 -0.278182 -0.552933 0.079967 0.333380
13 -26.018240 -16.721478 0.532000 -0.450847 -0.677626 -0.580999 0.072147 0.333380
horse_atlas.bmp
13 -27.807352 -14.390576 0.981041 -0.926138 -0.330312 0.182104 0.080072 0.335389
13 -27.807352 -11.609424 0.981041 -0.926139 0.330312 0.182104 0.089528 0.335389
13 -27.914516 -11.578522 0.532000 -0.785417 0.278182 -0.552933 0.089633 0.333380
horse_atlas.bmp
13 -27.807352 -14.390576 0.981041 -0.926138 -0.330312 0.182104 0.080072 0.335389
13 -27.914516 -11.578522 0.532000 -0.785417 0.278182 -0.552933 0.089633 0.333380
13 -27.914516 -14.421478 0.532000 -0.785417 -0.278182 -0.552933 0.079967 0.333380
horse_atlas.bmp
13 -27.807352 -11.609424 0.981041 -0.926139 0.330312 0.182104 0.089528 0.335389
13 -25.952009 -9.359424 1.128846 -0.544410 0.824286 0.155470 0.097178 0.336050
13 -26.018240 -9.278522 0.532000 -0.450847 0.677626 -0.580999 0.097453 0.333380
horse_atlas.bmp
13 -27.807352 -11.609424 0.981041 -0.926139 0.330312 0.182104 0.089528 0.335389
13 -26.018240 -9.278522 0.532000 -0.450847 0.677626 -0.580999 0.097453 0.333380
13 -27.914516 -11.578522 0.532000 -0.785417 0.278182 -0.552933 0.089633 0.333380
horse_atlas.bmp
13 -25.952009 -9.359424 1.128846 -0.544410 0.824286 0.155470 0.030959 0.336050
13 -22.950001 -8.500000 1.368000 0.001683 0.988047 0.154142 0.042300 0.337120
13 -22.950001 -8.400000 0.532000 -0.003097 0.796954 -0.604031 0.042300 0.333380
horse_atlas.bmp
13 -25.952009 -9.359424 1.128846 -0.544410 0.824286 0.155470 0.030959 0.336050
13 -22.950001 -8.400000 0.532000 -0.003097 0.796954 -0.604031 0.042300 0.333380
13 -26.018240 -9.278522 0.532000 -0.450847 0.677626 -0.580999 0.030709 0.333380
horse_atlas.bmp
13 -23.400000 -9.100000 4.560000 -0.075304 0.697614 0.712505 0.040600 0.300060
13 -25.868896 -9.844833 4.311804 -0.452896 0.582586 0.674892 0.031273 0.297528
13 -27.394760 -11.794834 4.158410 -0.718150 0.233652 0.655490 0.025509 0.290898
horse_atlas.bmp
13 -27.394760 -11.794834 4.158410 -0.718150 0.233652 0.655490 0.025509 0.290898
13 -27.394760 -14.205166 4.158410 -0.718150 -0.233652 0.655489 0.025509 0.282702
13 -25.868896 -16.155167 4.311804 -0.452896 -0.582587 0.674891 0.031273 0.276072
horse_atlas.bmp
13 -25.868896 -16.155167 4.311804 -0.452896 -0.582587 0.674891 0.031273 0.276072
13 -23.400000 -16.900000 4.560000 -0.075304 -0.697614 0.712505 0.040600 0.473540
13 -20.931103 -16.155167 4.808196 0.296687 -0.575762 0.761889 0.049927 0.276072
horse_atlas.bmp
13 -20.931103 -16.155167 4.808196 0.296687 -0.575762 0.761889 0.049927 0.276072
13 -19.405239 -14.205166 4.961590 0.551061 -0.228897 0.802458 0.055691 0.282702
13 -19.405239 -11.794834 4.961590 0.551061 0.228897 0.802458 0.055691 0.290898
horse_atlas.bmp
13 -19.405239 -11.794834 4.961590 0.551061 0.228897 0.802458 0.055691 0.290898
13 -20.931103 -9.844833 4.808196 0.296686 0.575762 0.761889 0.049927 0.297528
13 -23.400000 -9.100000 4.560000 -0.075304 0.697614 0.712505 0.040600 0.300060
horse_atlas.bmp
13 -23.400000 -9.100000 4.560000 -0.075304 0.697614 0.712505 0.040600 0.300060
13 -27.394760 -11.794834 4.158410 -0.718150 0.233652 0.655490 0.025509 0.290898
13 -25.868896 -16.155167 4.311804 -0.452896 -0.582587 0.674891 0.031273 0.276072
horse_atlas.bmp
13 -25.868896 -16.155167 4.311804 -0.452896 -0.582587 0.674891 0.031273 0.276072
13 -20.931103 -16.155167 4.808196 0.296687 -0.575762 0.761889 0.049927 0.276072
13 -19.405239 -11.794834 4.961590 0.551061 0.228897 0.802458 0.055691 0.290898
horse_atlas.bmp
13 -25.868896 -16.155167 4.311804 -0.452896 -0.582587 0.674891 0.031273 0.276072
13 -19.405239 -11.794834 4.961590 0.551061 0.228897 0.802458 0.055691 0.290898
13 -23.400000 -9.100000 4.560000 -0.075304 0.697614 0.712505 0.040600 0.300060
horse_atlas.bmp
13 -26.018240 -9.278522 0.532000 -0.450847 0.677626 -0.580999 0.030709 0.299453
13 -22.950001 -8.400000 0.532000 -0.003097 0.796954 -0.604031 0.042300 0.302440
13 -19.881760 -9.278522 0.532000 0.434343 0.664136 -0.608497 0.053891 0.299453
horse_atlas.bmp
13 -19.881760 -9.278522 0.532000 0.434343 0.664136 -0.608497 0.053891 0.299453
13 -17.985485 -11.578522 0.532000 0.750991 0.269525 -0.602801 0.061055 0.291633
13 -17.985485 -14.421478 0.532000 0.750991 -0.269525 -0.602801 0.061055 0.281967
horse_atlas.bmp
13 -17.985485 -14.421478 0.532000 0.750991 -0.269525 -0.602801 0.061055 0.281967
13 -19.881760 -16.721478 0.532000 0.434343 -0.664136 -0.608498 0.053891 0.474147
13 -22.950001 -17.600000 0.532000 -0.003097 -0.796954 -0.604032 0.042300 0.471160
horse_atlas.bmp
13 -22.950001 -17.600000 0.532000 -0.003097 -0.796954 -0.604032 0.042300 0.471160
13 -26.018240 -16.721478 0.532000 -0.450847 -0.677626 -0.580999 0.030709 0.474147
13 -27.914516 -14.421478 0.532000 -0.785417 -0.278182 -0.552933 0.223545 0.281967
horse_atlas.bmp
13 -27.914516 -14.421478 0.532000 -0.785417 -0.278182 -0.552933 0.223545 0.281967
13 -27.914516 -11.578522 0.532000 -0.785417 0.278182 -0.552933 0.223545 0.291633
13 -26.018240 -9.278522 0.532000 -0.450847 0.677626 -0.580999 0.030709 0.299453
horse_atlas.bmp
13 -26.018240 -9.278522 0.532000 -0.450847 0.677626 -0.580999 0.030709 0.299453
13 -19.881760 -9.278522 0.532000 0.434343 0.664136 -0.608497 0.053891 0.299453
13 -17.985485 -14.421478 0.532000 0.750991 -0.269525 -0.602801 0.061055 0.281967
horse_atlas.bmp
13 -17.985485 -14.421478 0.532000 0.750991 -0.269525 -0.602801 0.061055 0.281967
13 -22.950001 -17.600000 0.532000 -0.003097 -0.796954 -0.604032 0.042300 0.471160
13 -27.914516 -14.421478 0.532000 -0.785417 -0.278182 -0.552933 0.223545 0.281967
horse_atlas.bmp
13 -17.985485 -14.421478 0.532000 0.750991 -0.269525 -0.602801 0.061055 0.281967
13 -27.914516 -14.421478 0.532000 -0.785417 -0.278182 -0.552933 0.223545 0.281967
13 -26.018240 -9.278522 0.532000 -0.450847 0.677626 -0.580999 0.030709 0.299453
horse_atlas.bmp
14 21.600000 18.900000 47.119999 0.026126 0.791291 0.610881 0.106600 0.035800
14 26.177326 17.171930 46.944305 0.571043 0.581314 0.579641 0.123892 0.035014
14 25.224594 16.754738 37.765873 0.674525 0.716112 -0.179440 0.120293 0.193953
horse_atlas.bmp
14 21.600000 18.900000 47.119999 0.026126 0.791291 0.610881 0.106600 0.035800
14 25.224594 16.754738 37.765873 0.674525 0.716112 -0.179440 0.120293 0.193953
14 21.105001 18.309999 37.924000 -0.005306 0.991320 -0.131367 0.104730 0.194660
horse_atlas.bmp
14 26.177326 17.171930 46.944305 0.571043 0.581314 0.579641 0.083385 0.035014
14 28.073317 13.000000 46.871529 0.827821 0.000000 0.560992 0.069200 0.034688
14 26.930984 13.000000 37.700378 0.978300 -0.000000 -0.207193 0.069200 0.193660
horse_atlas.bmp
14 26.177326 17.171930 46.944305 0.571043 0.581314 0.579641 0.083385 0.035014
14 26.930984 13.000000 37.700378 0.978300 -0.000000 -0.207193 0.069200 0.193660
14 25.224594 16.754738 37.765873 0.674525 0.716112 -0.179440 0.081966 0.193953
horse_atlas.bmp
14 28.073317 13.000000 46.871529 0.827821 0.000000 0.560992 0.069200 0.034688
14 26.177326 8.828070 46.944305 0.571043 -0.581314 0.579641 0.055015 0.035014
14 25.224594 9.245263 37.765873 0.674525 -0.716112 -0.179440 0.056434 0.193953
horse_atlas.bmp
14 28.073317 13.000000 46.871529 0.827821 0.000000 0.560992 0.069200 0.034688
14 25.224594 9.245263 37.765873 0.674525 -0.716112 -0.179440 0.056434 0.193953
14 26.930984 13.000000 37.700378 0.978300 -0.000000 -0.207193 0.069200 0.193660
horse_atlas.bmp
14 26.177326 8.828070 46.944305 0.571043 -0.581314 0.579641 0.123892 0.035014
14 21.600000 7.100000 47.119999 0.026125 -0.791291 0.610881 0.106600 0.035800
14 21.105001 7.690000 37.924000 -0.005306 -0.991320 -0.131368 0.104730 0.194660
horse_atlas.bmp
14 26.177326 8.828070 46.944305 0.571043 -0.581314 0.579641 0.123892 0.035014
14 21.105001 7.690000 37.924000 -0.005306 -0.991320 -0.131368 0.104730 0.194660
14 25.224594 9.245263 37.765873 0.674525 -0.716112 -0.179440 0.120293 0.193953
horse_atlas.bmp
14 21.600000 7.100000 47.119999 0.026125 -0.791291 0.610881 0.106600 0.035800
14 17.022673 8.828070 47.295696 -0.517389 -0.579778 0.629418 0.089308 0.036586
14 16.985407 9.245263 38.082127 -0.688033 -0.717757 -0.106942 0.089167 0.195367
horse_atlas.bmp
14 21.600000 7.100000 47.119999 0.026125 -0.791291 0.610881 0.106600 0.035800
14 16.985407 9.245263 38.082127 -0.688033 -0.717757 -0.106942 0.089167 0.195367
14 21.105001 7.690000 37.924000 -0.005306 -0.991320 -0.131368 0.104730 0.194660
horse_atlas.bmp
14 17.022673 8.828070 47.295696 -0.517389 -0.579778 0.629418 0.055015 0.036586
14 15.126684 13.000000 47.368469 -0.773240 0.000000 0.634113 0.069200 0.036912
14 15.279016 13.000000 38.147625 -0.994721 -0.000000 -0.102616 0.069200 0.195660
horse_atlas.bmp
14 17.022673 8.828070 47.295696 -0.517389 -0.579778 0.629418 0.055015 0.036586
14 15.279016 13.000000 38.147625 -0.994721 -0.000000 -0.102616 0.069200 0.195660
14 16.985407 9.245263 38.082127 -0.688033 -0.717757 -0.106942 0.056434 0.195367
horse_atlas.bmp
14 15.126684 13.000000 47.368469 -0.773240 0.000000 0.634113 0.069200 0.036912
14 17.022673 17.171930 47.295696 -0.517389 0.579778 0.629418 0.083385 0.036586
14 16.985407 16.754738 38.082127 -0.688033 0.717757 -0.106942 0.081966 0.195367
horse_atlas.bmp
14 15.126684 13.000000 47.368469 -0.773240 0.000000 0.634113 0.069200 0.036912
14 16.985407 16.754738 38.082127 -0.688033 0.717757 -0.106942 0.081966 0.195367
14 15.279016 13.000000 38.147625 -0.994721 -0.000000 -0.102616 0.069200 0.195660
horse_atlas.bmp
14 17.022673 17.171930 47.295696 -0.517389 0.579778 0.629418 0.089308 0.036586
14 21.600000 18.900000 47.119999 0.026126 0.791291 0.610881 0.106600 0.035800
14 21.105001 18.309999 37.924000 -0.005306 0.991320 -0.131367 0.104730 0.194660
horse_atlas.bmp
14 17.022673 17.171930 47.295696 -0.517389 0.579778 0.629418 0.089308 0.036586
14 21.105001 18.309999 37.924000 -0.005306 0.991320 -0.131367 0.104730 0.194660
14 16.985407 16.754738 38.082127 -0.688033 0.717757 -0.106942 0.089167 0.195367
horse_atlas.bmp
14 21.105001 18.309999 37.924000 -0.005306 0.991320 -0.131367 0.104730 0.194660
14 25.224594 16.754738 37.765873 0.674525 0.716112 -0.179440 0.120293 0.193953
14 23.433680 15.687006 30.295071 0.448718 0.509848 -0.733966 0.113527 0.160531
horse_atlas.bmp
14 21.105001 18.309999 37.924000 -0.005306 0.991320 -0.131367 0.104730 0.194660
14 23.433680 15.687006 30.295071 0.448718 0.509848 -0.733966 0.113527 0.160531
14 20.700001 16.799999 30.400000 -0.029675 0.709343 -0.704239 0.103200 0.161000
horse_atlas.bmp
14 25.224594 16.754738 37.765873 0.674525 0.716112 -0.179440 0.081966 0.193953
14 26.930984 13.000000 37.700378 0.978300 -0.000000 -0.207193 0.069200 0.193660
14 24.566008 13.000000 30.251610 0.659041 -0.000000 -0.752107 0.069200 0.160336
horse_atlas.bmp
14 25.224594 16.754738 37.765873 0.674525 0.716112 -0.179440 0.081966 0.193953
14 24.566008 13.000000 30.251610 0.659041 -0.000000 -0.752107 0.069200 0.160336
14 23.433680 15.687006 30.295071 0.448718 0.509848 -0.733966 0.078336 0.160531
horse_atlas.bmp
14 26.930984 13.000000 37.700378 0.978300 -0.000000 -0.207193 0.069200 0.193660
14 25.224594 9.245263 37.765873 0.674525 -0.716112 -0.179440 0.056434 0.193953
14 23.433680 10.312994 30.295071 0.448718 -0.509848 -0.733967 0.060064 0.160531
horse_atlas.bmp
14 26.930984 13.000000 37.700378 0.978300 -0.000000 -0.207193 0.069200 0.193660
14 23.433680 10.312994 30.295071 0.448718 -0.509848 -0.733967 0.060064 0.160531
14 24.566008 13.000000 30.251610 0.659041 -0.000000 -0.752107 0.069200 0.160336
horse_atlas.bmp
14 25.224594 9.245263 37.765873 0.674525 -0.716112 -0.179440 0.120293 0.193953
14 21.105001 7.690000 37.924000 -0.005306 -0.991320 -0.131368 0.104730 0.194660
14 20.700001 9.200000 30.400000 -0.029675 -0.709343 -0.704239 0.103200 0.161000
horse_atlas.bmp
14 25.224594 9.245263 37.765873 0.674525 -0.716112 -0.179440 0.120293 0.193953
14 20.700001 9.200000 30.400000 -0.029675 -0.709343 -0.704239 0.103200 0.161000
14 23.433680 10.312994 30.295071 0.448718 -0.509848 -0.733967 0.113527 0.160531
horse_atlas.bmp
14 21.105001 7.690000 37.924000 -0.005306 -0.991320 -0.131368 0.104730 0.194660
14 16.985407 9.245263 38.082127 -0.688033 -0.717757 -0.106942 0.089167 0.195367
14 17.966320 10.312994 30.504930 -0.511193 -0.512280 -0.690110 0.092873 0.161469
horse_atlas.bmp
14 21.105001 7.690000 37.924000 -0.005306 -0.991320 -0.131368 0.104730 0.194660
14 17.966320 10.312994 30.504930 -0.511193 -0.512280 -0.690110 0.092873 0.161469
14 20.700001 9.200000 30.400000 -0.029675 -0.709343 -0.704239 0.103200 0.161000
horse_atlas.bmp
14 16.985407 9.245263 38.082127 -0.688033 -0.717757 -0.106942 0.056434 0.195367
14 15.279016 13.000000 38.147625 -0.994721 -0.000000 -0.102616 0.069200 0.195660
14 16.833992 13.000000 30.548391 -0.724933 -0.000000 -0.688819 0.069200 0.161664
horse_atlas.bmp
14 16.985407 9.245263 38.082127 -0.688033 -0.717757 -0.106942 0.056434 0.195367
14 16.833992 13.000000 30.548391 -0.724933 -0.000000 -0.688819 0.069200 0.161664
14 17.966320 10.312994 30.504930 -0.511193 -0.512280 -0.690110 0.060064 0.161469
horse_atlas.bmp
14 15.279016 13.000000 38.147625 -0.994721 -0.000000 -0.102616 0.069200 0.195660
14 16.985407 16.754738 38.082127 -0.688033 0.717757 -0.106942 0.081966 0.195367
14 17.966320 15.687006 30.504930 -0.511193 0.512280 -0.690110 0.078336 0.161469
horse_atlas.bmp
14 15.279016 13.000000 38.147625 -0.994721 -0.000000 -0.102616 0.069200 0.195660
14 17.966320 15.687006 30.504930 -0.511193 0.512280 -0.690110 0.078336 0.161469
14 16.833992 13.000000 30.548391 -0.724933 -0.000000 -0.688819 0.069200 0.161664
horse_atlas.bmp
14 16.985407 16.754738 38.082127 -0.688033 0.717757 -0.106942 0.089167 0.195367
14 21.105001 18.309999 37.924000 -0.005306 0.991320 -0.131367 0.104730 0.194660
14 20.700001 16.799999 30.400000 -0.029675 0.709343 -0.704239 0.103200 0.161000
horse_atlas.bmp
14 16.985407 16.754738 38.082127 -0.688033 0.717757 -0.106942 0.089167 0.195367
14 20.700001 16.799999 30.400000 -0.029675 0.709343 -0.704239 0.103200 0.161000
14 17.966320 15.687006 30.504930 -0.511193 0.512280 -0.690110 0.092873 0.161469
horse_atlas.bmp
14 21.600000 18.900000 47.119999 0.026126 0.791291 0.610881 0.106600 0.089260
14 17.022673 17.171930 47.295696 -0.517389 0.579778 0.629418 0.089308 0.083385
14 15.126684 13.000000 47.368469 -0.773240 0.000000 0.634113 0.082145 0.069200
horse_atlas.bmp
14 15.126684 13.000000 47.368469 -0.773240 0.000000 0.634113 0.082145 0.069200
14 17.022673 8.828070 47.295696 -0.517389 -0.579778 0.629418 0.089308 0.055015
14 21.600000 7.100000 47.119999 0.026125 -0.791291 0.610881 0.106600 0.049140
horse_atlas.bmp
14 21.600000 7.100000 47.119999 0.026125 -0.791291 0.610881 0.106600 0.049140
14 26.177326 8.828070 46.944305 0.571043 -0.581314 0.579641 0.123892 0.055015
14 28.073317 13.000000 46.871529 0.827821 0.000000 0.560992 0.131055 0.069200
horse_atlas.bmp
14 28.073317 13.000000 46.871529 0.827821 0.000000 0.560992 0.131055 0.069200
14 26.177326 17.171930 46.944305 0.571043 0.581314 0.579641 0.123892 0.083385
14 21.600000 18.900000 47.119999 0.026126 0.791291 0.610881 0.106600 0.089260
horse_atlas.bmp
14 21.600000 18.900000 47.119999 0.026126 0.791291 0.610881 0.106600 0.089260
14 15.126684 13.000000 47.368469 -0.773240 0.000000 0.634113 0.082145 0.069200
14 21.600000 7.100000 47.119999 0.026125 -0.791291 0.610881 0.106600 0.049140
horse_atlas.bmp
14 21.600000 7.100000 47.119999 0.026125 -0.791291 0.610881 0.106600 0.049140
14 28.073317 13.000000 46.871529 0.827821 0.000000 0.560992 0.131055 0.069200
14 21.600000 18.900000 47.119999 0.026126 0.791291 0.610881 0.106600 0.089260
horse_atlas.bmp
14 17.966320 15.687006 30.504930 -0.511193 0.512280 -0.690110 0.092873 0.078336
14 20.700001 16.799999 30.400000 -0.029675 0.709343 -0.704239 0.103200 0.082120
14 23.433680 15.687006 30.295071 0.448718 0.509848 -0.733966 0.113527 0.078336
horse_atlas.bmp
14 23.433680 15.687006 30.295071 0.448718 0.509848 -0.733966 0.113527 0.078336
14 24.566008 13.000000 30.251610 0.659041 -0.000000 -0.752107 0.117805 0.069200
14 23.433680 10.312994 30.295071 0.448718 -0.509848 -0.733967 0.113527 0.060064
horse_atlas.bmp
14 23.433680 10.312994 30.295071 0.448718 -0.509848 -0.733967 0.113527 0.060064
14 20.700001 9.200000 30.400000 -0.029675 -0.709343 -0.704239 0.103200 0.056280
14 17.966320 10.312994 30.504930 -0.511193 -0.512280 -0.690110 0.092873 0.060064
horse_atlas.bmp
14 17.966320 10.312994 30.504930 -0.511193 -0.512280 -0.690110 0.092873 0.060064
14 16.833992 13.000000 30.548391 -0.724933 -0.000000 -0.688819 0.088595 0.069200
14 17.966320 15.687006 30.504930 -0.511193 0.512280 -0.690110 0.092873 0.078336
horse_atlas.bmp
14 17.966320 15.687006 30.504930 -0.511193 0.512280 -0.690110 0.092873 0.078336
14 23.433680 15.687006 30.295071 0.448718 0.509848 -0.733966 0.113527 0.078336
14 23.433680 10.312994 30.295071 0.448718 -0.509848 -0.733967 0.113527 0.060064
horse_atlas.bmp
14 23.433680 10.312994 30.295071 0.448718 -0.509848 -0.733967 0.113527 0.060064
14 17.966320 10.312994 30.504930 -0.511193 -0.512280 -0.690110 0.092873 0.060064
14 17.966320 15.687006 30.504930 -0.511193 0.512280 -0.690110 0.092873 0.078336
horse_atlas.bmp
15 20.700001 13.000000 27.740000 0.338777 0.000000 -0.940866 0.103200 0.069200
15 22.230001 14.600000 28.519096 0.512328 0.493984 -0.702495 0.108980 0.074640
15 22.863747 13.000000 28.519096 0.715354 0.000000 -0.698762 0.111374 0.069200
horse_atlas.bmp
15 20.700001 13.000000 27.740000 0.239943 0.229827 -0.943190 0.103200 0.069200
15 20.700001 15.262742 28.519096 0.000000 0.707973 -0.706239 0.103200 0.076893
15 22.230001 14.600000 28.519096 0.512328 0.493984 -0.702495 0.108980 0.074640
horse_atlas.bmp
15 20.700001 13.000000 27.740000 0.000000 0.325557 -0.945522 0.103200 0.069200
15 19.170000 14.600000 28.519096 -0.512328 0.493984 -0.702496 0.097420 0.074640
15 20.700001 15.262742 28.519096 0.000000 0.707973 -0.706239 0.103200 0.076893
horse_atlas.bmp
15 20.700001 13.000000 27.740000 -0.239943 0.229827 -0.943190 0.103200 0.069200
15 18.536253 13.000000 28.519096 -0.715354 0.000000 -0.698762 0.095026 0.069200
15 19.170000 14.600000 28.519096 -0.512328 0.493984 -0.702496 0.097420 0.074640
horse_atlas.bmp
15 20.700001 13.000000 27.740000 -0.338777 -0.000000 -0.940867 0.103200 0.069200
15 19.170000 11.400000 28.519096 -0.512328 -0.493984 -0.702496 0.097420 0.063760
15 18.536253 13.000000 28.519096 -0.715354 0.000000 -0.698762 0.095026 0.069200
horse_atlas.bmp
15 20.700001 13.000000 27.740000 -0.239943 -0.229827 -0.943190 0.103200 0.069200
15 20.700001 10.737258 28.519096 -0.000000 -0.707973 -0.706239 0.103200 0.061507
15 19.170000 11.400000 28.519096 -0.512328 -0.493984 -0.702496 0.097420 0.063760
horse_atlas.bmp
15 20.700001 13.000000 27.740000 0.000000 -0.325557 -0.945522 0.103200 0.069200
15 22.230001 11.400000 28.519096 0.512328 -0.493984 -0.702496 0.108980 0.063760
15 20.700001 10.737258 28.519096 -0.000000 -0.707973 -0.706239 0.103200 0.061507
horse_atlas.bmp
15 20.700001 13.000000 27.740000 0.239943 -0.229827 -0.943190 0.103200 0.069200
15 22.863747 13.000000 28.519096 0.715354 0.000000 -0.698762 0.111374 0.069200
15 22.230001 11.400000 28.519096 0.512328 -0.493984 -0.702496 0.108980 0.063760
horse_atlas.bmp
15 22.863747 13.000000 28.519096 0.715354 0.000000 -0.698762 0.069200 0.152585
15 22.230001 14.600000 28.519096 0.512328 0.493984 -0.702495 0.074640 0.152585
15 22.863747 15.262742 30.400000 0.715744 0.698363 -0.000000 0.076893 0.161000
horse_atlas.bmp
15 22.863747 13.000000 28.519096 0.715354 0.000000 -0.698762 0.069200 0.152585
15 22.863747 15.262742 30.400000 0.715744 0.698363 -0.000000 0.076893 0.161000
15 23.760000 13.000000 30.400000 1.000000 0.000000 -0.000000 0.069200 0.161000
horse_atlas.bmp
15 22.230001 14.600000 28.519096 0.512328 0.493984 -0.702495 0.108980 0.152585
15 20.700001 15.262742 28.519096 0.000000 0.707973 -0.706239 0.103200 0.152585
15 20.700001 16.200001 30.400000 0.000000 1.000000 0.000000 0.103200 0.161000
horse_atlas.bmp
15 22.230001 14.600000 28.519096 0.512328 0.493984 -0.702495 0.108980 0.152585
15 20.700001 16.200001 30.400000 0.000000 1.000000 0.000000 0.103200 0.161000
15 22.863747 15.262742 30.400000 0.715744 0.698363 -0.000000 0.111374 0.161000
horse_atlas.bmp
15 20.700001 15.262742 28.519096 0.000000 0.707973 -0.706239 0.103200 0.152585
15 19.170000 14.600000 28.519096 -0.512328 0.493984 -0.702496 0.097420 0.152585
15 18.536253 15.262742 30.400000 -0.715744 0.698363 0.000000 0.095026 0.161000
horse_atlas.bmp
15 20.700001 15.262742 28.519096 0.000000 0.707973 -0.706239 0.103200 0.152585
15 18.536253 15.262742 30.400000 -0.715744 0.698363 0.000000 0.095026 0.161000
15 20.700001 16.200001 30.400000 0.000000 1.000000 0.000000 0.103200 0.161000
horse_atlas.bmp
15 19.170000 14.600000 28.519096 -0.512328 0.493984 -0.702496 0.074640 0.152585
15 18.536253 13.000000 28.519096 -0.715354 0.000000 -0.698762 0.069200 0.152585
15 17.639999 13.000000 30.400000 -1.000000 0.000000 -0.000000 0.069200 0.161000
horse_atlas.bmp
15 19.170000 14.600000 28.519096 -0.512328 0.493984 -0.702496 0.074640 0.152585
15 17.639999 13.000000 30.400000 -1.000000 0.000000 -0.000000 0.069200 0.161000
15 18.536253 15.262742 30.400000 -0.715744 0.698363 0.000000 0.076893 0.161000
horse_atlas.bmp
15 18.536253 13.000000 28.519096 -0.715354 0.000000 -0.698762 0.069200 0.152585
15 19.170000 11.400000 28.519096 -0.512328 -0.493984 -0.702496 0.063760 0.152585
15 18.536253 10.737258 30.400000 -0.715744 -0.698363 0.000000 0.061507 0.161000
horse_atlas.bmp
15 18.536253 13.000000 28.519096 -0.715354 0.000000 -0.698762 0.069200 0.152585
15 18.536253 10.737258 30.400000 -0.715744 -0.698363 0.000000 0.061507 0.161000
15 17.639999 13.000000 30.400000 -1.000000 0.000000 -0.000000 0.069200 0.161000
horse_atlas.bmp
15 19.170000 11.400000 28.519096 -0.512328 -0.493984 -0.702496 0.097420 0.152585
15 20.700001 10.737258 28.519096 -0.000000 -0.707973 -0.706239 0.103200 0.152585
15 20.700001 9.800000 30.400000 0.000000 -1.000000 0.000000 0.103200 0.161000
horse_atlas.bmp
15 19.170000 11.400000 28.519096 -0.512328 -0.493984 -0.702496 0.097420 0.152585
15 20.700001 9.800000 30.400000 0.000000 -1.000000 0.000000 0.103200 0.161000
15 18.536253 10.737258 30.400000 -0.715744 -0.698363 0.000000 0.095026 0.161000
horse_atlas.bmp
15 20.700001 10.737258 28.519096 -0.000000 -0.707973 -0.706239 0.103200 0.152585
15 22.230001 11.400000 28.519096 0.512328 -0.493984 -0.702496 0.108980 0.152585
15 22.863747 10.737258 30.400000 0.715744 -0.698363 -0.000000 0.111374 0.161000
horse_atlas.bmp
15 20.700001 10.737258 28.519096 -0.000000 -0.707973 -0.706239 0.103200 0.152585
15 22.863747 10.737258 30.400000 0.715744 -0.698363 -0.000000 0.111374 0.161000
15 20.700001 9.800000 30.400000 0.000000 -1.000000 0.000000 0.103200 0.161000
horse_atlas.bmp
15 22.230001 11.400000 28.519096 0.512328 -0.493984 -0.702496 0.063760 0.152585
15 22.863747 13.000000 28.519096 0.715354 0.000000 -0.698762 0.069200 0.152585
15 23.760000 13.000000 30.400000 1.000000 0.000000 -0.000000 0.069200 0.161000
horse_atlas.bmp
15 22.230001 11.400000 28.519096 0.512328 -0.493984 -0.702496 0.063760 0.152585
15 23.760000 13.000000 30.400000 1.000000 0.000000 -0.000000 0.069200 0.161000
15 22.863747 10.737258 30.400000 0.715744 -0.698363 -0.000000 0.061507 0.161000
horse_atlas.bmp
15 23.760000 13.000000 30.400000 1.000000 0.000000 -0.000000 0.069200 0.161000
15 22.863747 15.262742 30.400000 0.715744 0.698363 -0.000000 0.076893 0.161000
15 22.230001 14.600000 32.280903 0.512328 0.493984 0.702495 0.074640 0.169415
horse_atlas.bmp
15 23.760000 13.000000 30.400000 1.000000 0.000000 -0.000000 0.069200 0.161000
15 22.230001 14.600000 32.280903 0.512328 0.493984 0.702495 0.074640 0.169415
15 22.863747 13.000000 32.280903 0.715354 0.000000 0.698762 0.069200 0.169415
horse_atlas.bmp
15 22.863747 15.262742 30.400000 0.715744 0.698363 -0.000000 0.111374 0.161000
15 20.700001 16.200001 30.400000 0.000000 1.000000 0.000000 0.103200 0.161000
15 20.700001 15.262742 32.280903 0.000000 0.707973 0.706239 0.103200 0.169415
horse_atlas.bmp
15 22.863747 15.262742 30.400000 0.715744 0.698363 -0.000000 0.111374 0.161000
15 20.700001 15.262742 32.280903 0.000000 0.707973 0.706239 0.103200 0.169415
15 22.230001 14.600000 32.280903 0.512328 0.493984 0.702495 0.108980 0.169415
horse_atlas.bmp
15 20.700001 16.200001 30.400000 0.000000 1.000000 0.000000 0.103200 0.161000
15 18.536253 15.262742 30.400000 -0.715744 0.698363 0.000000 0.095026 0.161000
15 19.170000 14.600000 32.280903 -0.512328 0.493984 0.702495 0.097420 0.169415
horse_atlas.bmp
15 20.700001 16.200001 30.400000 0.000000 1.000000 0.000000 0.103200 0.161000
15 19.170000 14.600000 32.280903 -0.512328 0.493984 0.702495 0.097420 0.169415
15 20.700001 15.262742 32.280903 0.000000 0.707973 0.706239 0.103200 0.169415
horse_atlas.bmp
15 18.536253 15.262742 30.400000 -0.715744 0.698363 0.000000 0.076893 0.161000
15 17.639999 13.000000 30.400000 -1.000000 0.000000 -0.000000 0.069200 0.161000
15 18.536253 13.000000 32.280903 -0.715354 0.000000 0.698762 0.069200 0.169415
horse_atlas.bmp
15 18.536253 15.262742 30.400000 -0.715744 0.698363 0.000000 0.076893 0.161000
15 18.536253 13.000000 32.280903 -0.715354 0.000000 0.698762 0.069200 0.169415
15 19.170000 14.600000 32.280903 -0.512328 0.493984 0.702495 0.074640 0.169415
horse_atlas.bmp
15 17.639999 13.000000 30.400000 -1.000000 0.000000 -0.000000 0.069200 0.161000
15 18.536253 10.737258 30.400000 -0.715744 -0.698363 0.000000 0.061507 0.161000
15 19.170000 11.400000 32.280903 -0.512328 -0.493984 0.702496 0.063760 0.169415
horse_atlas.bmp
15 17.639999 13.000000 30.400000 -1.000000 0.000000 -0.000000 0.069200 0.161000
15 19.170000 11.400000 32.280903 -0.512328 -0.493984 0.702496 0.063760 0.169415
15 18.536253 13.000000 32.280903 -0.715354 0.000000 0.698762 0.069200 0.169415
horse_atlas.bmp
15 18.536253 10.737258 30.400000 -0.715744 -0.698363 0.000000 0.095026 0.161000
15 20.700001 9.800000 30.400000 0.000000 -1.000000 0.000000 0.103200 0.161000
15 20.700001 10.737258 32.280903 0.000000 -0.707974 0.706239 0.103200 0.169415
horse_atlas.bmp
15 18.536253 10.737258 30.400000 -0.715744 -0.698363 0.000000 0.095026 0.161000
15 20.700001 10.737258 32.280903 0.000000 -0.707974 0.706239 0.103200 0.169415
15 19.170000 11.400000 32.280903 -0.512328 -0.493984 0.702496 0.097420 0.169415
horse_atlas.bmp
15 20.700001 9.800000 30.400000 0.000000 -1.000000 0.000000 0.103200 0.161000
15 22.863747 10.737258 30.400000 0.715744 -0.698363 -0.000000 0.111374 0.161000
15 22.230001 11.400000 32.280903 0.512328 -0.493984 0.702495 0.108980 0.169415
horse_atlas.bmp
15 20.700001 9.800000 30.400000 0.000000 -1.000000 0.000000 0.103200 0.161000
15 22.230001 11.400000 32.280903 0.512328 -0.493984 0.702495 0.108980 0.169415
15 20.700001 10.737258 32.280903 0.000000 -0.707974 0.706239 0.103200 0.169415
horse_atlas.bmp
15 22.863747 10.737258 30.400000 0.715744 -0.698363 -0.000000 0.061507 0.161000
15 23.760000 13.000000 30.400000 1.000000 0.000000 -0.000000 0.069200 0.161000
15 22.863747 13.000000 32.280903 0.715354 0.000000 0.698762 0.069200 0.169415
horse_atlas.bmp
15 22.863747 10.737258 30.400000 0.715744 -0.698363 -0.000000 0.061507 0.161000
15 22.863747 13.000000 32.280903 0.715354 0.000000 0.698762 0.069200 0.169415
15 22.230001 11.400000 32.280903 0.512328 -0.493984 0.702495 0.063760 0.169415
horse_atlas.bmp
15 22.863747 13.000000 32.280903 0.715354 0.000000 0.698762 0.111374 0.069200
15 22.230001 14.600000 32.280903 0.512328 0.493984 0.702495 0.108980 0.074640
15 20.700001 13.000000 33.060001 0.239944 0.229827 0.943189 0.103200 0.069200
horse_atlas.bmp
15 22.230001 14.600000 32.280903 0.512328 0.493984 0.702495 0.108980 0.074640
15 20.700001 15.262742 32.280903 0.000000 0.707973 0.706239 0.103200 0.076893
15 20.700001 13.000000 33.060001 0.000000 0.325558 0.945522 0.103200 0.069200
horse_atlas.bmp
15 20.700001 15.262742 32.280903 0.000000 0.707973 0.706239 0.103200 0.076893
15 19.170000 14.600000 32.280903 -0.512328 0.493984 0.702495 0.097420 0.074640
15 20.700001 13.000000 33.060001 -0.239944 0.229828 0.943189 0.103200 0.069200
horse_atlas.bmp
15 19.170000 14.600000 32.280903 -0.512328 0.493984 0.702495 0.097420 0.074640
15 18.536253 13.000000 32.280903 -0.715354 0.000000 0.698762 0.095026 0.069200
15 20.700001 13.000000 33.060001 -0.338777 0.000000 0.940867 0.103200 0.069200
horse_atlas.bmp
15 18.536253 13.000000 32.280903 -0.715354 0.000000 0.698762 0.095026 0.069200
15 19.170000 11.400000 32.280903 -0.512328 -0.493984 0.702496 0.097420 0.063760
15 20.700001 13.000000 33.060001 -0.239944 -0.229828 0.943189 0.103200 0.069200
horse_atlas.bmp
15 19.170000 11.400000 32.280903 -0.512328 -0.493984 0.702496 0.097420 0.063760
15 20.700001 10.737258 32.280903 0.000000 -0.707974 0.706239 0.103200 0.061507
15 20.700001 13.000000 33.060001 0.000000 -0.325558 0.945522 0.103200 0.069200
horse_atlas.bmp
15 20.700001 10.737258 32.280903 0.000000 -0.707974 0.706239 0.103200 0.061507
15 22.230001 11.400000 32.280903 0.512328 -0.493984 0.702495 0.108980 0.063760
15 20.700001 13.000000 33.060001 0.239944 -0.229827 0.943189 0.103200 0.069200
horse_atlas.bmp
15 22.230001 11.400000 32.280903 0.512328 -0.493984 0.702495 0.108980 0.063760
15 22.863747 13.000000 32.280903 0.715354 0.000000 0.698762 0.111374 0.069200
15 20.700001 13.000000 33.060001 0.338777 0.000000 0.940866 0.103200 0.069200
horse_atlas.bmp
15 20.700001 16.600000 30.400000 -0.076380 0.789262 0.609288 0.103200 0.161000
15 23.475578 15.545585 30.712511 0.460111 0.576582 0.675168 0.113686 0.162398
15 24.188021 15.291026 24.411261 0.693021 0.720814 0.012168 0.116377 0.134208
horse_atlas.bmp
15 20.700001 16.600000 30.400000 -0.076380 0.789262 0.609288 0.103200 0.161000
15 24.188021 15.291026 24.411261 0.693021 0.720814 0.012168 0.116377 0.134208
15 21.689999 16.240000 24.129999 0.009664 0.996514 -0.082868 0.106940 0.132950
horse_atlas.bmp
15 23.475578 15.545585 30.712511 0.460111 0.576582 0.675168 0.077855 0.162398
15 24.625263 13.000000 30.841955 0.712043 0.000000 0.702136 0.069200 0.162977
15 25.222734 13.000000 24.527760 0.998872 0.000000 0.047492 0.069200 0.134729
horse_atlas.bmp
15 23.475578 15.545585 30.712511 0.460111 0.576582 0.675168 0.077855 0.162398
15 25.222734 13.000000 24.527760 0.998872 0.000000 0.047492 0.069200 0.134729
15 24.188021 15.291026 24.411261 0.693021 0.720814 0.012168 0.076989 0.134208
horse_atlas.bmp
15 24.625263 13.000000 30.841955 0.712043 0.000000 0.702136 0.069200 0.162977
15 23.475578 10.454415 30.712511 0.460111 -0.576582 0.675168 0.060545 0.162398
15 24.188021 10.708974 24.411261 0.693021 -0.720814 0.012168 0.061411 0.134208
horse_atlas.bmp
15 24.625263 13.000000 30.841955 0.712043 0.000000 0.702136 0.069200 0.162977
15 24.188021 10.708974 24.411261 0.693021 -0.720814 0.012168 0.061411 0.134208
15 25.222734 13.000000 24.527760 0.998872 0.000000 0.047492 0.069200 0.134729
horse_atlas.bmp
15 23.475578 10.454415 30.712511 0.460111 -0.576582 0.675168 0.113686 0.162398
15 20.700001 9.400000 30.400000 -0.076380 -0.789262 0.609288 0.103200 0.161000
15 21.689999 9.760000 24.129999 0.009664 -0.996514 -0.082868 0.106940 0.132950
horse_atlas.bmp
15 23.475578 10.454415 30.712511 0.460111 -0.576582 0.675168 0.113686 0.162398
15 21.689999 9.760000 24.129999 0.009664 -0.996514 -0.082868 0.106940 0.132950
15 24.188021 10.708974 24.411261 0.693021 -0.720814 0.012168 0.116377 0.134208
horse_atlas.bmp
15 20.700001 9.400000 30.400000 -0.076380 -0.789262 0.609288 0.103200 0.161000
15 17.924421 10.454415 30.087490 -0.617005 -0.581104 0.530682 0.092714 0.159602
15 19.191977 10.708974 23.848742 -0.666654 -0.717570 -0.201658 0.097503 0.131692
horse_atlas.bmp
15 20.700001 9.400000 30.400000 -0.076380 -0.789262 0.609288 0.103200 0.161000
15 19.191977 10.708974 23.848742 -0.666654 -0.717570 -0.201658 0.097503 0.131692
15 21.689999 9.760000 24.129999 0.009664 -0.996514 -0.082868 0.106940 0.132950
horse_atlas.bmp
15 17.924421 10.454415 30.087490 -0.617005 -0.581104 0.530682 0.060545 0.159602
15 16.774738 13.000000 29.958044 -0.871745 -0.000000 0.489960 0.069200 0.159023
15 18.157263 13.000000 23.732239 -0.965510 -0.000000 -0.260367 0.069200 0.131171
horse_atlas.bmp
15 17.924421 10.454415 30.087490 -0.617005 -0.581104 0.530682 0.060545 0.159602
15 18.157263 13.000000 23.732239 -0.965510 -0.000000 -0.260367 0.069200 0.131171
15 19.191977 10.708974 23.848742 -0.666654 -0.717570 -0.201658 0.061411 0.131692
horse_atlas.bmp
15 16.774738 13.000000 29.958044 -0.871745 -0.000000 0.489960 0.069200 0.159023
15 17.924421 15.545585 30.087490 -0.617005 0.581104 0.530682 0.077855 0.159602
15 19.191977 15.291026 23.848742 -0.666654 0.717570 -0.201658 0.076989 0.131692
horse_atlas.bmp
15 16.774738 13.000000 29.958044 -0.871745 -0.000000 0.489960 0.069200 0.159023
15 19.191977 15.291026 23.848742 -0.666654 0.717570 -0.201658 0.076989 0.131692
15 18.157263 13.000000 23.732239 -0.965510 -0.000000 -0.260367 0.069200 0.131171
horse_atlas.bmp
15 17.924421 15.545585 30.087490 -0.617005 0.581104 0.530682 0.092714 0.159602
15 20.700001 16.600000 30.400000 -0.076380 0.789262 0.609288 0.103200 0.161000
15 21.689999 16.240000 24.129999 0.009664 0.996514 -0.082868 0.106940 0.132950
horse_atlas.bmp
15 17.924421 15.545585 30.087490 -0.617005 0.581104 0.530682 0.092714 0.159602
15 21.689999 16.240000 24.129999 0.009664 0.996514 -0.082868 0.106940 0.132950
15 19.191977 15.291026 23.848742 -0.666654 0.717570 -0.201658 0.097503 0.131692
horse_atlas.bmp
15 21.689999 16.240000 24.129999 0.009664 0.996514 -0.082868 0.106940 0.132950
15 24.188021 15.291026 24.411261 0.693021 0.720814 0.012168 0.116377 0.134208
15 24.392439 14.909188 19.213074 0.587776 0.535212 -0.606685 0.117149 0.110953
horse_atlas.bmp
15 21.689999 16.240000 24.129999 0.009664 0.996514 -0.082868 0.106940 0.132950
15 24.392439 14.909188 19.213074 0.587776 0.535212 -0.606685 0.117149 0.110953
15 22.500000 15.700000 19.000000 0.082772 0.742758 -0.664424 0.110000 0.110000
horse_atlas.bmp
15 24.188021 15.291026 24.411261 0.693021 0.720814 0.012168 0.076989 0.134208
15 25.222734 13.000000 24.527760 0.998872 0.000000 0.047492 0.069200 0.134729
15 25.176315 13.000000 19.301334 0.809318 0.000000 -0.587370 0.069200 0.111348
horse_atlas.bmp
15 24.188021 15.291026 24.411261 0.693021 0.720814 0.012168 0.076989 0.134208
15 25.176315 13.000000 19.301334 0.809318 0.000000 -0.587370 0.069200 0.111348
15 24.392439 14.909188 19.213074 0.587776 0.535212 -0.606685 0.075691 0.110953
horse_atlas.bmp
15 25.222734 13.000000 24.527760 0.998872 0.000000 0.047492 0.069200 0.134729
15 24.188021 10.708974 24.411261 0.693021 -0.720814 0.012168 0.061411 0.134208
15 24.392439 11.090812 19.213074 0.587776 -0.535212 -0.606685 0.062709 0.110953
horse_atlas.bmp
15 25.222734 13.000000 24.527760 0.998872 0.000000 0.047492 0.069200 0.134729
15 24.392439 11.090812 19.213074 0.587776 -0.535212 -0.606685 0.062709 0.110953
15 25.176315 13.000000 19.301334 0.809318 0.000000 -0.587370 0.069200 0.111348
horse_atlas.bmp
15 24.188021 10.708974 24.411261 0.693021 -0.720814 0.012168 0.116377 0.134208
15 21.689999 9.760000 24.129999 0.009664 -0.996514 -0.082868 0.106940 0.132950
15 22.500000 10.300000 19.000000 0.082772 -0.742758 -0.664424 0.110000 0.110000
horse_atlas.bmp
15 24.188021 10.708974 24.411261 0.693021 -0.720814 0.012168 0.116377 0.134208
15 22.500000 10.300000 19.000000 0.082772 -0.742758 -0.664424 0.110000 0.110000
15 24.392439 11.090812 19.213074 0.587776 -0.535212 -0.606685 0.117149 0.110953
horse_atlas.bmp
15 21.689999 9.760000 24.129999 0.009664 -0.996514 -0.082868 0.106940 0.132950
15 19.191977 10.708974 23.848742 -0.666654 -0.717570 -0.201658 0.097503 0.131692
15 20.607561 11.090812 18.786926 -0.413516 -0.528923 -0.741111 0.102851 0.109047
horse_atlas.bmp
15 21.689999 9.760000 24.129999 0.009664 -0.996514 -0.082868 0.106940 0.132950
15 20.607561 11.090812 18.786926 -0.413516 -0.528923 -0.741111 0.102851 0.109047
15 22.500000 10.300000 19.000000 0.082772 -0.742758 -0.664424 0.110000 0.110000
horse_atlas.bmp
15 19.191977 10.708974 23.848742 -0.666654 -0.717570 -0.201658 0.061411 0.131692
15 18.157263 13.000000 23.732239 -0.965510 -0.000000 -0.260367 0.069200 0.131171
15 19.823685 13.000000 18.698666 -0.625413 0.000000 -0.780294 0.069200 0.108652
horse_atlas.bmp
15 19.191977 10.708974 23.848742 -0.666654 -0.717570 -0.201658 0.061411 0.131692
15 19.823685 13.000000 18.698666 -0.625413 0.000000 -0.780294 0.069200 0.108652
15 20.607561 11.090812 18.786926 -0.413516 -0.528923 -0.741111 0.062709 0.109047
horse_atlas.bmp
15 18.157263 13.000000 23.732239 -0.965510 -0.000000 -0.260367 0.069200 0.131171
15 19.191977 15.291026 23.848742 -0.666654 0.717570 -0.201658 0.076989 0.131692
15 20.607561 14.909188 18.786926 -0.413516 0.528923 -0.741110 0.075691 0.109047
horse_atlas.bmp
15 18.157263 13.000000 23.732239 -0.965510 -0.000000 -0.260367 0.069200 0.131171
15 20.607561 14.909188 18.786926 -0.413516 0.528923 -0.741110 0.075691 0.109047
15 19.823685 13.000000 18.698666 -0.625413 0.000000 -0.780294 0.069200 0.108652
horse_atlas.bmp
15 19.191977 15.291026 23.848742 -0.666654 0.717570 -0.201658 0.097503 0.131692
15 21.689999 16.240000 24.129999 0.009664 0.996514 -0.082868 0.106940 0.132950
15 22.500000 15.700000 19.000000 0.082772 0.742758 -0.664424 0.110000 0.110000
horse_atlas.bmp
15 19.191977 15.291026 23.848742 -0.666654 0.717570 -0.201658 0.097503 0.131692
15 22.500000 15.700000 19.000000 0.082772 0.742758 -0.664424 0.110000 0.110000
15 20.607561 14.909188 18.786926 -0.413516 0.528923 -0.741110 0.102851 0.109047
horse_atlas.bmp
15 20.700001 16.600000 30.400000 -0.076380 0.789262 0.609288 0.103200 0.081440
15 17.924421 15.545585 30.087490 -0.617005 0.581104 0.530682 0.092714 0.077855
15 16.774738 13.000000 29.958044 -0.871745 -0.000000 0.489960 0.088371 0.069200
horse_atlas.bmp
15 16.774738 13.000000 29.958044 -0.871745 -0.000000 0.489960 0.088371 0.069200
15 17.924421 10.454415 30.087490 -0.617005 -0.581104 0.530682 0.092714 0.060545
15 20.700001 9.400000 30.400000 -0.076380 -0.789262 0.609288 0.103200 0.056960
horse_atlas.bmp
15 20.700001 9.400000 30.400000 -0.076380 -0.789262 0.609288 0.103200 0.056960
15 23.475578 10.454415 30.712511 0.460111 -0.576582 0.675168 0.113686 0.060545
15 24.625263 13.000000 30.841955 0.712043 0.000000 0.702136 0.118029 0.069200
horse_atlas.bmp
15 24.625263 13.000000 30.841955 0.712043 0.000000 0.702136 0.118029 0.069200
15 23.475578 15.545585 30.712511 0.460111 0.576582 0.675168 0.113686 0.077855
15 20.700001 16.600000 30.400000 -0.076380 0.789262 0.609288 0.103200 0.081440
horse_atlas.bmp
15 20.700001 16.600000 30.400000 -0.076380 0.789262 0.609288 0.103200 0.081440
15 16.774738 13.000000 29.958044 -0.871745 -0.000000 0.489960 0.088371 0.069200
15 20.700001 9.400000 30.400000 -0.076380 -0.789262 0.609288 0.103200 0.056960
horse_atlas.bmp
15 20.700001 9.400000 30.400000 -0.076380 -0.789262 0.609288 0.103200 0.056960
15 24.625263 13.000000 30.841955 0.712043 0.000000 0.702136 0.118029 0.069200
15 20.700001 16.600000 30.400000 -0.076380 0.789262 0.609288 0.103200 0.081440
horse_atlas.bmp
15 20.607561 14.909188 18.786926 -0.413516 0.528923 -0.741110 0.102851 0.075691
15 22.500000 15.700000 19.000000 0.082772 0.742758 -0.664424 0.110000 0.078380
15 24.392439 14.909188 19.213074 0.587776 0.535212 -0.606685 0.117149 0.075691
horse_atlas.bmp
15 24.392439 14.909188 19.213074 0.587776 0.535212 -0.606685 0.117149 0.075691
15 25.176315 13.000000 19.301334 0.809318 0.000000 -0.587370 0.120111 0.069200
15 24.392439 11.090812 19.213074 0.587776 -0.535212 -0.606685 0.117149 0.062709
horse_atlas.bmp
15 24.392439 11.090812 19.213074 0.587776 -0.535212 -0.606685 0.117149 0.062709
15 22.500000 10.300000 19.000000 0.082772 -0.742758 -0.664424 0.110000 0.060020
15 20.607561 11.090812 18.786926 -0.413516 -0.528923 -0.741111 0.102851 0.062709
horse_atlas.bmp
15 20.607561 11.090812 18.786926 -0.413516 -0.528923 -0.741111 0.102851 0.062709
15 19.823685 13.000000 18.698666 -0.625413 0.000000 -0.780294 0.099889 0.069200
15 20.607561 14.909188 18.786926 -0.413516 0.528923 -0.741110 0.102851 0.075691
horse_atlas.bmp
15 20.607561 14.909188 18.786926 -0.413516 0.528923 -0.741110 0.102851 0.075691
15 24.392439 14.909188 19.213074 0.587776 0.535212 -0.606685 0.117149 0.075691
15 24.392439 11.090812 19.213074 0.587776 -0.535212 -0.606685 0.117149 0.062709
horse_atlas.bmp
15 24.392439 11.090812 19.213074 0.587776 -0.535212 -0.606685 0.117149 0.062709
15 20.607561 11.090812 18.786926 -0.413516 -0.528923 -0.741111 0.102851 0.062709
15 20.607561 14.909188 18.786926 -0.413516 0.528923 -0.741110 0.102851 0.075691
horse_atlas.bmp
16 22.500000 13.000000 16.340000 0.338775 -0.000000 -0.940867 0.110000 0.069200
16 24.030001 14.600000 17.119095 0.512328 0.493984 -0.702496 0.115780 0.074640
16 24.663748 13.000000 17.119095 0.715354 -0.000000 -0.698762 0.118174 0.069200
horse_atlas.bmp
16 22.500000 13.000000 16.340000 0.239943 0.229826 -0.943190 0.110000 0.069200
16 22.500000 15.262742 17.119095 0.000000 0.707973 -0.706239 0.110000 0.076893
16 24.030001 14.600000 17.119095 0.512328 0.493984 -0.702496 0.115780 0.074640
horse_atlas.bmp
16 22.500000 13.000000 16.340000 0.000000 0.325556 -0.945523 0.110000 0.069200
16 20.969999 14.600000 17.119095 -0.512328 0.493984 -0.702496 0.104220 0.074640
16 22.500000 15.262742 17.119095 0.000000 0.707973 -0.706239 0.110000 0.076893
horse_atlas.bmp
16 22.500000 13.000000 16.340000 -0.239943 0.229826 -0.943190 0.110000 0.069200
16 20.336252 13.000000 17.119095 -0.715354 -0.000000 -0.698762 0.101826 0.069200
16 20.969999 14.600000 17.119095 -0.512328 0.493984 -0.702496 0.104220 0.074640
horse_atlas.bmp
16 22.500000 13.000000 16.340000 -0.338775 -0.000000 -0.940867 0.110000 0.069200
16 20.969999 11.400000 17.119095 -0.512328 -0.493984 -0.702496 0.104220 0.063760
16 20.336252 13.000000 17.119095 -0.715354 -0.000000 -0.698762 0.101826 0.069200
horse_atlas.bmp
16 22.500000 13.000000 16.340000 -0.239943 -0.229826 -0.943190 0.110000 0.069200
16 22.500000 10.737258 17.119095 0.000000 -0.707973 -0.706239 0.110000 0.061507
16 20.969999 11.400000 17.119095 -0.512328 -0.493984 -0.702496 0.104220 0.063760
horse_atlas.bmp
16 22.500000 13.000000 16.340000 0.000000 -0.325556 -0.945523 0.110000 0.069200
16 24.030001 11.400000 17.119095 0.512328 -0.493984 -0.702496 0.115780 0.063760
16 22.500000 10.737258 17.119095 0.000000 -0.707973 -0.706239 0.110000 0.061507
horse_atlas.bmp
16 22.500000 13.000000 16.340000 0.239943 -0.229826 -0.943190 0.110000 0.069200
16 24.663748 13.000000 17.119095 0.715354 -0.000000 -0.698762 0.118174 0.069200
16 24.030001 11.400000 17.119095 0.512328 -0.493984 -0.702496 0.115780 0.063760
horse_atlas.bmp
16 24.663748 13.000000 17.119095 0.715354 -0.000000 -0.698762 0.069200 0.101585
16 24.030001 14.600000 17.119095 0.512328 0.493984 -0.702496 0.074640 0.101585
16 24.663748 15.262742 19.000000 0.715744 0.698363 0.000000 0.076893 0.110000
horse_atlas.bmp
16 24.663748 13.000000 17.119095 0.715354 -0.000000 -0.698762 0.069200 0.101585
16 24.663748 15.262742 19.000000 0.715744 0.698363 0.000000 0.076893 0.110000
16 25.559999 13.000000 19.000000 1.000000 0.000000 0.000000 0.069200 0.110000
horse_atlas.bmp
16 24.030001 14.600000 17.119095 0.512328 0.493984 -0.702496 0.115780 0.101585
16 22.500000 15.262742 17.119095 0.000000 0.707973 -0.706239 0.110000 0.101585
16 22.500000 16.200001 19.000000 0.000000 1.000000 0.000000 0.110000 0.110000
horse_atlas.bmp
16 24.030001 14.600000 17.119095 0.512328 0.493984 -0.702496 0.115780 0.101585
16 22.500000 16.200001 19.000000 0.000000 1.000000 0.000000 0.110000 0.110000
16 24.663748 15.262742 19.000000 0.715744 0.698363 0.000000 0.118174 0.110000
horse_atlas.bmp
16 22.500000 15.262742 17.119095 0.000000 0.707973 -0.706239 0.110000 0.101585
16 20.969999 14.600000 17.119095 -0.512328 0.493984 -0.702496 0.104220 0.101585
16 20.336252 15.262742 19.000000 -0.715744 0.698363 0.000000 0.101826 0.110000
horse_atlas.bmp
16 22.500000 15.262742 17.119095 0.000000 0.707973 -0.706239 0.110000 0.101585
16 20.336252 15.262742 19.000000 -0.715744 0.698363 0.000000 0.101826 0.110000
16 22.500000 16.200001 19.000000 0.000000 1.000000 0.000000 0.110000 0.110000
horse_atlas.bmp
16 20.969999 14.600000 17.119095 -0.512328 0.493984 -0.702496 0.074640 0.101585
16 20.336252 13.000000 17.119095 -0.715354 -0.000000 -0.698762 0.069200 0.101585
16 19.440001 13.000000 19.000000 -1.000000 0.000000 0.000000 0.069200 0.110000
horse_atlas.bmp
16 20.969999 14.600000 17.119095 -0.512328 0.493984 -0.702496 0.074640 0.101585
16 19.440001 13.000000 19.000000 -1.000000 0.000000 0.000000 0.069200 0.110000
16 20.336252 15.262742 19.000000 -0.715744 0.698363 0.000000 0.076893 0.110000
horse_atlas.bmp
16 20.336252 13.000000 17.119095 -0.715354 -0.000000 -0.698762 0.069200 0.101585
16 20.969999 11.400000 17.119095 -0.512328 -0.493984 -0.702496 0.063760 0.101585
16 20.336252 10.737258 19.000000 -0.715744 -0.698363 0.000000 0.061507 0.110000
horse_atlas.bmp
16 20.336252 13.000000 17.119095 -0.715354 -0.000000 -0.698762 0.069200 0.101585
16 20.336252 10.737258 19.000000 -0.715744 -0.698363 0.000000 0.061507 0.110000
16 19.440001 13.000000 19.000000 -1.000000 0.000000 0.000000 0.069200 0.110000
horse_atlas.bmp
16 20.969999 11.400000 17.119095 -0.512328 -0.493984 -0.702496 0.104220 0.101585
16 22.500000 10.737258 17.119095 0.000000 -0.707973 -0.706239 0.110000 0.101585
16 22.500000 9.800000 19.000000 0.000000 -1.000000 0.000000 0.110000 0.110000
horse_atlas.bmp
16 20.969999 11.400000 17.119095 -0.512328 -0.493984 -0.702496 0.104220 0.101585
16 22.500000 9.800000 19.000000 0.000000 -1.000000 0.000000 0.110000 0.110000
16 20.336252 10.737258 19.000000 -0.715744 -0.698363 0.000000 0.101826 0.110000
horse_atlas.bmp
16 22.500000 10.737258 17.119095 0.000000 -0.707973 -0.706239 0.110000 0.101585
16 24.030001 11.400000 17.119095 0.512328 -0.493984 -0.702496 0.115780 0.101585
16 24.663748 10.737258 19.000000 0.715744 -0.698363 0.000000 0.118174 0.110000
horse_atlas.bmp
16 22.500000 10.737258 17.119095 0.000000 -0.707973 -0.706239 0.110000 0.101585
16 24.663748 10.737258 19.000000 0.715744 -0.698363 0.000000 0.118174 0.110000
16 22.500000 9.800000 19.000000 0.000000 -1.000000 0.000000 0.110000 0.110000
horse_atlas.bmp
16 24.030001 11.400000 17.119095 0.512328 -0.493984 -0.702496 0.063760 0.101585
16 24.663748 13.000000 17.119095 0.715354 -0.000000 -0.698762 0.069200 0.101585
16 25.559999 13.000000 19.000000 1.000000 0.000000 0.000000 0.069200 0.110000
horse_atlas.bmp
16 24.030001 11.400000 17.119095 0.512328 -0.493984 -0.702496 0.063760 0.101585
16 25.559999 13.000000 19.000000 1.000000 0.000000 0.000000 0.069200 0.110000
16 24.663748 10.737258 19.000000 0.715744 -0.698363 0.000000 0.061507 0.110000
horse_atlas.bmp
16 25.559999 13.000000 19.000000 1.000000 0.000000 0.000000 0.069200 0.110000
16 24.663748 15.262742 19.000000 0.715744 0.698363 0.000000 0.076893 0.110000
16 24.030001 14.600000 20.880905 0.512328 0.493984 0.702496 0.074640 0.118415
horse_atlas.bmp
16 25.559999 13.000000 19.000000 1.000000 0.000000 0.000000 0.069200 0.110000
16 24.030001 14.600000 20.880905 0.512328 0.493984 0.702496 0.074640 0.118415
16 24.663748 13.000000 20.880905 0.715354 0.000000 0.698762 0.069200 0.118415
horse_atlas.bmp
16 24.663748 15.262742 19.000000 0.715744 0.698363 0.000000 0.118174 0.110000
16 22.500000 16.200001 19.000000 0.000000 1.000000 0.000000 0.110000 0.110000
16 22.500000 15.262742 20.880905 0.000000 0.707973 0.706239 0.110000 0.118415
horse_atlas.bmp
16 24.663748 15.262742 19.000000 0.715744 0.698363 0.000000 0.118174 0.110000
16 22.500000 15.262742 20.880905 0.000000 0.707973 0.706239 0.110000 0.118415
16 24.030001 14.600000 20.880905 0.512328 0.493984 0.702496 0.115780 0.118415
horse_atlas.bmp
16 22.500000 16.200001 19.000000 0.000000 1.000000 0.000000 0.110000 0.110000
16 20.336252 15.262742 19.000000 -0.715744 0.698363 0.000000 0.101826 0.110000
16 20.969999 14.600000 20.880905 -0.512328 0.493984 0.702496 0.104220 0.118415
horse_atlas.bmp
16 22.500000 16.200001 19.000000 0.000000 1.000000 0.000000 0.110000 0.110000
16 20.969999 14.600000 20.880905 -0.512328 0.493984 0.702496 0.104220 0.118415
16 22.500000 15.262742 20.880905 0.000000 0.707973 0.706239 0.110000 0.118415
horse_atlas.bmp
16 20.336252 15.262742 19.000000 -0.715744 0.698363 0.000000 0.076893 0.110000
16 19.440001 13.000000 19.000000 -1.000000 0.000000 0.000000 0.069200 0.110000
16 20.336252 13.000000 20.880905 -0.715354 0.000000 0.698762 0.069200 0.118415
horse_atlas.bmp
16 20.336252 15.262742 19.000000 -0.715744 0.698363 0.000000 0.076893 0.110000
16 20.336252 13.000000 20.880905 -0.715354 0.000000 0.698762 0.069200 0.118415
16 20.969999 14.600000 20.880905 -0.512328 0.493984 0.702496 0.074640 0.118415
horse_atlas.bmp
16 19.440001 13.000000 19.000000 -1.000000 0.000000 0.000000 0.069200 0.110000
16 20.336252 10.737258 19.000000 -0.715744 -0.698363 0.000000 0.061507 0.110000
16 20.969999 11.400000 20.880905 -0.512328 -0.493984 0.702496 0.063760 0.118415
horse_atlas.bmp
16 19.440001 13.000000 19.000000 -1.000000 0.000000 0.000000 0.069200 0.110000
16 20.969999 11.400000 20.880905 -0.512328 -0.493984 0.702496 0.063760 0.118415
16 20.336252 13.000000 20.880905 -0.715354 0.000000 0.698762 0.069200 0.118415
horse_atlas.bmp
16 20.336252 10.737258 19.000000 -0.715744 -0.698363 0.000000 0.101826 0.110000
16 22.500000 9.800000 19.000000 0.000000 -1.000000 0.000000 0.110000 0.110000
16 22.500000 10.737258 20.880905 0.000000 -0.707973 0.706239 0.110000 0.118415
horse_atlas.bmp
16 20.336252 10.737258 19.000000 -0.715744 -0.698363 0.000000 0.101826 0.110000
16 22.500000 10.737258 20.880905 0.000000 -0.707973 0.706239 0.110000 0.118415
16 20.969999 11.400000 20.880905 -0.512328 -0.493984 0.702496 0.104220 0.118415
horse_atlas.bmp
16 22.500000 9.800000 19.000000 0.000000 -1.000000 0.000000 0.110000 0.110000
16 24.663748 10.737258 19.000000 0.715744 -0.698363 0.000000 0.118174 0.110000
16 24.030001 11.400000 20.880905 0.512328 -0.493984 0.702496 0.115780 0.118415
horse_atlas.bmp
16 22.500000 9.800000 19.000000 0.000000 -1.000000 0.000000 0.110000 0.110000
16 24.030001 11.400000 20.880905 0.512328 -0.493984 0.702496 0.115780 0.118415
16 22.500000 10.737258 20.880905 0.000000 -0.707973 0.706239 0.110000 0.118415
horse_atlas.bmp
16 24.663748 10.737258 19.000000 0.715744 -0.698363 0.000000 0.061507 0.110000
16 25.559999 13.000000 19.000000 1.000000 0.000000 0.000000 0.069200 0.110000
16 24.663748 13.000000 20.880905 0.715354 0.000000 0.698762 0.069200 0.118415
horse_atlas.bmp
16 24.663748 10.737258 19.000000 0.715744 -0.698363 0.000000 0.061507 0.110000
16 24.663748 13.000000 20.880905 0.715354 0.000000 0.698762 0.069200 0.118415
16 24.030001 11.400000 20.880905 0.512328 -0.493984 0.702496 0.063760 0.118415
horse_atlas.bmp
16 24.663748 13.000000 20.880905 0.715354 0.000000 0.698762 0.118174 0.069200
16 24.030001 14.600000 20.880905 0.512328 0.493984 0.702496 0.115780 0.074640
16 22.500000 13.000000 21.660000 0.239943 0.229826 0.943190 0.110000 0.069200
horse_atlas.bmp
16 24.030001 14.600000 20.880905 0.512328 0.493984 0.702496 0.115780 0.074640
16 22.500000 15.262742 20.880905 0.000000 0.707973 0.706239 0.110000 0.076893
16 22.500000 13.000000 21.660000 0.000000 0.325556 0.945523 0.110000 0.069200
horse_atlas.bmp
16 22.500000 15.262742 20.880905 0.000000 0.707973 0.706239 0.110000 0.076893
16 20.969999 14.600000 20.880905 -0.512328 0.493984 0.702496 0.104220 0.074640
16 22.500000 13.000000 21.660000 -0.239943 0.229826 0.943190 0.110000 0.069200
horse_atlas.bmp
16 20.969999 14.600000 20.880905 -0.512328 0.493984 0.702496 0.104220 0.074640
16 20.336252 13.000000 20.880905 -0.715354 0.000000 0.698762 0.101826 0.069200
16 22.500000 13.000000 21.660000 -0.338777 0.000000 0.940867 0.110000 0.069200
horse_atlas.bmp
16 20.336252 13.000000 20.880905 -0.715354 0.000000 0.698762 0.101826 0.069200
16 20.969999 11.400000 20.880905 -0.512328 -0.493984 0.702496 0.104220 0.063760
16 22.500000 13.000000 21.660000 -0.239943 -0.229826 0.943190 0.110000 0.069200
horse_atlas.bmp
16 20.969999 11.400000 20.880905 -0.512328 -0.493984 0.702496 0.104220 0.063760
16 22.500000 10.737258 20.880905 0.000000 -0.707973 0.706239 0.110000 0.061507
16 22.500000 13.000000 21.660000 0.000000 -0.325556 0.945523 0.110000 0.069200
horse_atlas.bmp
16 22.500000 10.737258 20.880905 0.000000 -0.707973 0.706239 0.110000 0.061507
16 24.030001 11.400000 20.880905 0.512328 -0.493984 0.702496 0.115780 0.063760
16 22.500000 13.000000 21.660000 0.239943 -0.229826 0.943190 0.110000 0.069200
horse_atlas.bmp
16 24.030001 11.400000 20.880905 0.512328 -0.493984 0.702496 0.115780 0.063760
16 24.663748 13.000000 20.880905 0.715354 0.000000 0.698762 0.118174 0.069200
16 22.500000 13.000000 21.660000 0.338777 0.000000 0.940867 0.110000 0.069200
horse_atlas.bmp
16 22.500000 15.400000 19.000000 -0.032503 0.783774 0.620195 0.110000 0.110000
16 24.279165 14.697056 19.083467 0.512166 0.564118 0.647656 0.116721 0.110373
16 24.596249 14.527350 11.551121 0.689454 0.720312 0.076186 0.117919 0.076676
horse_atlas.bmp
16 22.500000 15.400000 19.000000 -0.032503 0.783774 0.620195 0.110000 0.110000
16 24.596249 14.527350 11.551121 0.689454 0.720312 0.076186 0.117919 0.076676
16 22.994999 15.160000 11.476000 -0.001383 0.999590 0.028588 0.111870 0.076340
horse_atlas.bmp
16 24.279165 14.697056 19.083467 0.512166 0.564118 0.647656 0.074970 0.110373
16 25.016119 13.000000 19.118040 0.753077 -0.000000 0.657932 0.069200 0.110528
16 25.259508 13.000000 11.582236 0.995136 0.000000 0.098509 0.069200 0.076815
horse_atlas.bmp
16 24.279165 14.697056 19.083467 0.512166 0.564118 0.647656 0.074970 0.110373
16 25.259508 13.000000 11.582236 0.995136 0.000000 0.098509 0.069200 0.076815
16 24.596249 14.527350 11.551121 0.689454 0.720312 0.076186 0.074393 0.076676
horse_atlas.bmp
16 25.016119 13.000000 19.118040 0.753077 -0.000000 0.657932 0.069200 0.110528
16 24.279165 11.302944 19.083467 0.512166 -0.564118 0.647656 0.063430 0.110373
16 24.596249 11.472650 11.551121 0.689454 -0.720312 0.076186 0.064007 0.076676
horse_atlas.bmp
16 25.016119 13.000000 19.118040 0.753077 -0.000000 0.657932 0.069200 0.110528
16 24.596249 11.472650 11.551121 0.689454 -0.720312 0.076186 0.064007 0.076676
16 25.259508 13.000000 11.582236 0.995136 0.000000 0.098509 0.069200 0.076815
horse_atlas.bmp
16 24.279165 11.302944 19.083467 0.512166 -0.564118 0.647656 0.116721 0.110373
16 22.500000 10.600000 19.000000 -0.032503 -0.783774 0.620195 0.110000 0.110000
16 22.994999 10.840000 11.476000 -0.001383 -0.999590 0.028588 0.111870 0.076340
horse_atlas.bmp
16 24.279165 11.302944 19.083467 0.512166 -0.564118 0.647656 0.116721 0.110373
16 22.994999 10.840000 11.476000 -0.001383 -0.999590 0.028588 0.111870 0.076340
16 24.596249 11.472650 11.551121 0.689454 -0.720312 0.076186 0.117919 0.076676
horse_atlas.bmp
16 22.500000 10.600000 19.000000 -0.032503 -0.783774 0.620195 0.110000 0.110000
16 20.720835 11.302944 18.916533 -0.579148 -0.566148 0.586570 0.103279 0.109627
16 21.393751 11.472650 11.400880 -0.692971 -0.720809 -0.015004 0.105821 0.076004
horse_atlas.bmp
16 22.500000 10.600000 19.000000 -0.032503 -0.783774 0.620195 0.110000 0.110000
16 21.393751 11.472650 11.400880 -0.692971 -0.720809 -0.015004 0.105821 0.076004
16 22.994999 10.840000 11.476000 -0.001383 -0.999590 0.028588 0.111870 0.076340
horse_atlas.bmp
16 20.720835 11.302944 18.916533 -0.579148 -0.566148 0.586570 0.063430 0.109627
16 19.983881 13.000000 18.881960 -0.821763 -0.000000 0.569829 0.069200 0.109472
16 20.730490 13.000000 11.369763 -0.999450 0.000000 -0.033151 0.069200 0.075865
horse_atlas.bmp
16 20.720835 11.302944 18.916533 -0.579148 -0.566148 0.586570 0.063430 0.109627
16 20.730490 13.000000 11.369763 -0.999450 0.000000 -0.033151 0.069200 0.075865
16 21.393751 11.472650 11.400880 -0.692971 -0.720809 -0.015004 0.064007 0.076004
horse_atlas.bmp
16 19.983881 13.000000 18.881960 -0.821763 -0.000000 0.569829 0.069200 0.109472
16 20.720835 14.697056 18.916533 -0.579148 0.566148 0.586570 0.074970 0.109627
16 21.393751 14.527350 11.400880 -0.692971 0.720809 -0.015004 0.074393 0.076004
horse_atlas.bmp
16 19.983881 13.000000 18.881960 -0.821763 -0.000000 0.569829 0.069200 0.109472
16 21.393751 14.527350 11.400880 -0.692971 0.720809 -0.015004 0.074393 0.076004
16 20.730490 13.000000 11.369763 -0.999450 0.000000 -0.033151 0.069200 0.075865
horse_atlas.bmp
16 20.720835 14.697056 18.916533 -0.579148 0.566148 0.586570 0.103279 0.109627
16 22.500000 15.400000 19.000000 -0.032503 0.783774 0.620195 0.110000 0.110000
16 22.994999 15.160000 11.476000 -0.001383 0.999590 0.028588 0.111870 0.076340
horse_atlas.bmp
16 20.720835 14.697056 18.916533 -0.579148 0.566148 0.586570 0.103279 0.109627
16 22.994999 15.160000 11.476000 -0.001383 0.999590 0.028588 0.111870 0.076340
16 21.393751 14.527350 11.400880 -0.692971 0.720809 -0.015004 0.105821 0.076004
horse_atlas.bmp
16 22.994999 15.160000 11.476000 -0.001383 0.999590 0.028588 0.111870 0.076340
16 24.596249 14.527350 11.551121 0.689454 0.720312 0.076186 0.117919 0.076676
16 25.433332 14.909188 5.415391 0.589127 0.579452 -0.563174 0.121081 0.049227
horse_atlas.bmp
16 22.994999 15.160000 11.476000 -0.001383 0.999590 0.028588 0.111870 0.076340
16 25.433332 14.909188 5.415391 0.589127 0.579452 -0.563174 0.121081 0.049227
16 23.400000 15.700000 5.320000 0.031526 0.799367 -0.600015 0.113400 0.048800
horse_atlas.bmp
16 24.596249 14.527350 11.551121 0.689454 0.720312 0.076186 0.074393 0.076676
16 25.259508 13.000000 11.582236 0.995136 0.000000 0.098509 0.069200 0.076815
16 26.275564 13.000000 5.454904 0.839653 -0.000000 -0.543123 0.069200 0.049404
horse_atlas.bmp
16 24.596249 14.527350 11.551121 0.689454 0.720312 0.076186 0.074393 0.076676
16 26.275564 13.000000 5.454904 0.839653 -0.000000 -0.543123 0.069200 0.049404
16 25.433332 14.909188 5.415391 0.589127 0.579452 -0.563174 0.075691 0.049227
horse_atlas.bmp
16 25.259508 13.000000 11.582236 0.995136 0.000000 0.098509 0.069200 0.076815
16 24.596249 11.472650 11.551121 0.689454 -0.720312 0.076186 0.064007 0.076676
16 25.433332 11.090812 5.415391 0.589127 -0.579452 -0.563174 0.062709 0.049227
horse_atlas.bmp
16 25.259508 13.000000 11.582236 0.995136 0.000000 0.098509 0.069200 0.076815
16 25.433332 11.090812 5.415391 0.589127 -0.579452 -0.563174 0.062709 0.049227
16 26.275564 13.000000 5.454904 0.839653 -0.000000 -0.543123 0.069200 0.049404
horse_atlas.bmp
16 24.596249 11.472650 11.551121 0.689454 -0.720312 0.076186 0.117919 0.076676
16 22.994999 10.840000 11.476000 -0.001383 -0.999590 0.028588 0.111870 0.076340
16 23.400000 10.300000 5.320000 0.031526 -0.799367 -0.600015 0.113400 0.048800
horse_atlas.bmp
16 24.596249 11.472650 11.551121 0.689454 -0.720312 0.076186 0.117919 0.076676
16 23.400000 10.300000 5.320000 0.031526 -0.799367 -0.600015 0.113400 0.048800
16 25.433332 11.090812 5.415391 0.589127 -0.579452 -0.563174 0.121081 0.049227
horse_atlas.bmp
16 22.994999 10.840000 11.476000 -0.001383 -0.999590 0.028588 0.111870 0.076340
16 21.393751 11.472650 11.400880 -0.692971 -0.720809 -0.015004 0.105821 0.076004
16 21.366667 11.090812 5.224609 -0.524591 -0.577707 -0.625347 0.105719 0.048373
horse_atlas.bmp
16 22.994999 10.840000 11.476000 -0.001383 -0.999590 0.028588 0.111870 0.076340
16 21.366667 11.090812 5.224609 -0.524591 -0.577707 -0.625347 0.105719 0.048373
16 23.400000 10.300000 5.320000 0.031526 -0.799367 -0.600015 0.113400 0.048800
horse_atlas.bmp
16 21.393751 11.472650 11.400880 -0.692971 -0.720809 -0.015004 0.064007 0.076004
16 20.730490 13.000000 11.369763 -0.999450 0.000000 -0.033151 0.069200 0.075865
16 20.524435 13.000000 5.185097 -0.774077 -0.000000 -0.633091 0.069200 0.048196
horse_atlas.bmp
16 21.393751 11.472650 11.400880 -0.692971 -0.720809 -0.015004 0.064007 0.076004
16 20.524435 13.000000 5.185097 -0.774077 -0.000000 -0.633091 0.069200 0.048196
16 21.366667 11.090812 5.224609 -0.524591 -0.577707 -0.625347 0.062709 0.048373
horse_atlas.bmp
16 20.730490 13.000000 11.369763 -0.999450 0.000000 -0.033151 0.069200 0.075865
16 21.393751 14.527350 11.400880 -0.692971 0.720809 -0.015004 0.074393 0.076004
16 21.366667 14.909188 5.224609 -0.524591 0.577707 -0.625347 0.075691 0.048373
horse_atlas.bmp
16 20.730490 13.000000 11.369763 -0.999450 0.000000 -0.033151 0.069200 0.075865
16 21.366667 14.909188 5.224609 -0.524591 0.577707 -0.625347 0.075691 0.048373
16 20.524435 13.000000 5.185097 -0.774077 -0.000000 -0.633091 0.069200 0.048196
horse_atlas.bmp
16 21.393751 14.527350 11.400880 -0.692971 0.720809 -0.015004 0.105821 0.076004
16 22.994999 15.160000 11.476000 -0.001383 0.999590 0.028588 0.111870 0.076340
16 23.400000 15.700000 5.320000 0.031526 0.799367 -0.600015 0.113400 0.048800
horse_atlas.bmp
16 21.393751 14.527350 11.400880 -0.692971 0.720809 -0.015004 0.105821 0.076004
16 23.400000 15.700000 5.320000 0.031526 0.799367 -0.600015 0.113400 0.048800
16 21.366667 14.909188 5.224609 -0.524591 0.577707 -0.625347 0.105719 0.048373
horse_atlas.bmp
16 22.500000 15.400000 19.000000 -0.032503 0.783774 0.620195 0.110000 0.077360
16 20.720835 14.697056 18.916533 -0.579148 0.566148 0.586570 0.103279 0.074970
16 19.983881 13.000000 18.881960 -0.821763 -0.000000 0.569829 0.100495 0.069200
horse_atlas.bmp
16 19.983881 13.000000 18.881960 -0.821763 -0.000000 0.569829 0.100495 0.069200
16 20.720835 11.302944 18.916533 -0.579148 -0.566148 0.586570 0.103279 0.063430
16 22.500000 10.600000 19.000000 -0.032503 -0.783774 0.620195 0.110000 0.061040
horse_atlas.bmp
16 22.500000 10.600000 19.000000 -0.032503 -0.783774 0.620195 0.110000 0.061040
16 24.279165 11.302944 19.083467 0.512166 -0.564118 0.647656 0.116721 0.063430
16 25.016119 13.000000 19.118040 0.753077 -0.000000 0.657932 0.119505 0.069200
horse_atlas.bmp
16 25.016119 13.000000 19.118040 0.753077 -0.000000 0.657932 0.119505 0.069200
16 24.279165 14.697056 19.083467 0.512166 0.564118 0.647656 0.116721 0.074970
16 22.500000 15.400000 19.000000 -0.032503 0.783774 0.620195 0.110000 0.077360
horse_atlas.bmp
16 22.500000 15.400000 19.000000 -0.032503 0.783774 0.620195 0.110000 0.077360
16 19.983881 13.000000 18.881960 -0.821763 -0.000000 0.569829 0.100495 0.069200
16 22.500000 10.600000 19.000000 -0.032503 -0.783774 0.620195 0.110000 0.061040
horse_atlas.bmp
16 22.500000 10.600000 19.000000 -0.032503 -0.783774 0.620195 0.110000 0.061040
16 25.016119 13.000000 19.118040 0.753077 -0.000000 0.657932 0.119505 0.069200
16 22.500000 15.400000 19.000000 -0.032503 0.783774 0.620195 0.110000 0.077360
horse_atlas.bmp
16 21.366667 14.909188 5.224609 -0.524591 0.577707 -0.625347 0.105719 0.075691
16 23.400000 15.700000 5.320000 0.031526 0.799367 -0.600015 0.113400 0.078380
16 25.433332 14.909188 5.415391 0.589127 0.579452 -0.563174 0.121081 0.075691
horse_atlas.bmp
16 25.433332 14.909188 5.415391 0.589127 0.579452 -0.563174 0.121081 0.075691
16 26.275564 13.000000 5.454904 0.839653 -0.000000 -0.543123 0.124263 0.069200
16 25.433332 11.090812 5.415391 0.589127 -0.579452 -0.563174 0.121081 0.062709
horse_atlas.bmp
16 25.433332 11.090812 5.415391 0.589127 -0.579452 -0.563174 0.121081 0.062709
16 23.400000 10.300000 5.320000 0.031526 -0.799367 -0.600015 0.113400 0.060020
16 21.366667 11.090812 5.224609 -0.524591 -0.577707 -0.625347 0.105719 0.062709
horse_atlas.bmp
16 21.366667 11.090812 5.224609 -0.524591 -0.577707 -0.625347 0.105719 0.062709
16 20.524435 13.000000 5.185097 -0.774077 -0.000000 -0.633091 0.102537 0.069200
16 21.366667 14.909188 5.224609 -0.524591 0.577707 -0.625347 0.105719 0.075691
horse_atlas.bmp
16 21.366667 14.909188 5.224609 -0.524591 0.577707 -0.625347 0.105719 0.075691
16 25.433332 14.909188 5.415391 0.589127 0.579452 -0.563174 0.121081 0.075691
16 25.433332 11.090812 5.415391 0.589127 -0.579452 -0.563174 0.121081 0.062709
horse_atlas.bmp
16 25.433332 11.090812 5.415391 0.589127 -0.579452 -0.563174 0.121081 0.062709
16 21.366667 11.090812 5.224609 -0.524591 -0.577707 -0.625347 0.105719 0.062709
16 21.366667 14.909188 5.224609 -0.524591 0.577707 -0.625347 0.105719 0.075691
horse_atlas.bmp
17 23.400000 13.000000 2.660000 0.338776 -0.000000 -0.940867 0.113400 0.069200
17 24.930000 14.600000 3.439096 0.512328 0.493984 -0.702496 0.119180 0.074640
17 25.563747 13.000000 3.439096 0.715354 0.000000 -0.698762 0.121574 0.069200
horse_atlas.bmp
17 23.400000 13.000000 2.660000 0.239943 0.229827 -0.943190 0.113400 0.069200
17 23.400000 15.262742 3.439096 -0.000000 0.707974 -0.706239 0.113400 0.076893
17 24.930000 14.600000 3.439096 0.512328 0.493984 -0.702496 0.119180 0.074640
horse_atlas.bmp
17 23.400000 13.000000 2.660000 -0.000000 0.325558 -0.945522 0.113400 0.069200
17 21.869999 14.600000 3.439096 -0.512328 0.493984 -0.702496 0.107620 0.074640
17 23.400000 15.262742 3.439096 -0.000000 0.707974 -0.706239 0.113400 0.076893
horse_atlas.bmp
17 23.400000 13.000000 2.660000 -0.239943 0.229827 -0.943190 0.113400 0.069200
17 21.236254 13.000000 3.439096 -0.715354 0.000000 -0.698762 0.105226 0.069200
17 21.869999 14.600000 3.439096 -0.512328 0.493984 -0.702496 0.107620 0.074640
horse_atlas.bmp
17 23.400000 13.000000 2.660000 -0.338776 0.000000 -0.940867 0.113400 0.069200
17 21.869999 11.400000 3.439096 -0.512328 -0.493984 -0.702496 0.107620 0.063760
17 21.236254 13.000000 3.439096 -0.715354 0.000000 -0.698762 0.105226 0.069200
horse_atlas.bmp
17 23.400000 13.000000 2.660000 -0.239943 -0.229827 -0.943190 0.113400 0.069200
17 23.400000 10.737258 3.439096 -0.000000 -0.707973 -0.706239 0.113400 0.061507
17 21.869999 11.400000 3.439096 -0.512328 -0.493984 -0.702496 0.107620 0.063760
horse_atlas.bmp
17 23.400000 13.000000 2.660000 -0.000000 -0.325558 -0.945522 0.113400 0.069200
17 24.930000 11.400000 3.439096 0.512328 -0.493984 -0.702496 0.119180 0.063760
17 23.400000 10.737258 3.439096 -0.000000 -0.707973 -0.706239 0.113400 0.061507
horse_atlas.bmp
17 23.400000 13.000000 2.660000 0.239943 -0.229827 -0.943190 0.113400 0.069200
17 25.563747 13.000000 3.439096 0.715354 0.000000 -0.698762 0.121574 0.069200
17 24.930000 11.400000 3.439096 0.512328 -0.493984 -0.702496 0.119180 0.063760
horse_atlas.bmp
17 25.563747 13.000000 3.439096 0.715354 0.000000 -0.698762 0.069200 0.040385
17 24.930000 14.600000 3.439096 0.512328 0.493984 -0.702496 0.074640 0.040385
17 25.563747 15.262742 5.320000 0.715744 0.698363 0.000000 0.076893 0.048800
horse_atlas.bmp
17 25.563747 13.000000 3.439096 0.715354 0.000000 -0.698762 0.069200 0.040385
17 25.563747 15.262742 5.320000 0.715744 0.698363 0.000000 0.076893 0.048800
17 26.459999 13.000000 5.320000 1.000000 0.000000 -0.000000 0.069200 0.048800
horse_atlas.bmp
17 24.930000 14.600000 3.439096 0.512328 0.493984 -0.702496 0.119180 0.040385
17 23.400000 15.262742 3.439096 -0.000000 0.707974 -0.706239 0.113400 0.040385
17 23.400000 16.200001 5.320000 -0.000000 1.000000 0.000000 0.113400 0.048800
horse_atlas.bmp
17 24.930000 14.600000 3.439096 0.512328 0.493984 -0.702496 0.119180 0.040385
17 23.400000 16.200001 5.320000 -0.000000 1.000000 0.000000 0.113400 0.048800
17 25.563747 15.262742 5.320000 0.715744 0.698363 0.000000 0.121574 0.048800
horse_atlas.bmp
17 23.400000 15.262742 3.439096 -0.000000 0.707974 -0.706239 0.113400 0.040385
17 21.869999 14.600000 3.439096 -0.512328 0.493984 -0.702496 0.107620 0.040385
17 21.236254 15.262742 5.320000 -0.715744 0.698363 0.000000 0.105226 0.048800
horse_atlas.bmp
17 23.400000 15.262742 3.439096 -0.000000 0.707974 -0.706239 0.113400 0.040385
17 21.236254 15.262742 5.320000 -0.715744 0.698363 0.000000 0.105226 0.048800
17 23.400000 16.200001 5.320000 -0.000000 1.000000 0.000000 0.113400 0.048800
horse_atlas.bmp
17 21.869999 14.600000 3.439096 -0.512328 0.493984 -0.702496 0.074640 0.040385
17 21.236254 13.000000 3.439096 -0.715354 0.000000 -0.698762 0.069200 0.040385
17 20.340000 13.000000 5.320000 -1.000000 0.000000 0.000000 0.069200 0.048800
horse_atlas.bmp
17 21.869999 14.600000 3.439096 -0.512328 0.493984 -0.702496 0.074640 0.040385
17 20.340000 13.000000 5.320000 -1.000000 0.000000 0.000000 0.069200 0.048800
17 21.236254 15.262742 5.320000 -0.715744 0.698363 0.000000 0.076893 0.048800
horse_atlas.bmp
17 21.236254 13.000000 3.439096 -0.715354 0.000000 -0.698762 0.069200 0.040385
17 21.869999 11.400000 3.439096 -0.512328 -0.493984 -0.702496 0.063760 0.040385
17 21.236254 10.737258 5.320000 -0.715744 -0.698363 0.000000 0.061507 0.048800
horse_atlas.bmp
17 21.236254 13.000000 3.439096 -0.715354 0.000000 -0.698762 0.069200 0.040385
17 21.236254 10.737258 5.320000 -0.715744 -0.698363 0.000000 0.061507 0.048800
17 20.340000 13.000000 5.320000 -1.000000 0.000000 0.000000 0.069200 0.048800
horse_atlas.bmp
17 21.869999 11.400000 3.439096 -0.512328 -0.493984 -0.702496 0.107620 0.040385
17 23.400000 10.737258 3.439096 -0.000000 -0.707973 -0.706239 0.113400 0.040385
17 23.400000 9.800000 5.320000 -0.000000 -1.000000 -0.000000 0.113400 0.048800
horse_atlas.bmp
17 21.869999 11.400000 3.439096 -0.512328 -0.493984 -0.702496 0.107620 0.040385
17 23.400000 9.800000 5.320000 -0.000000 -1.000000 -0.000000 0.113400 0.048800
17 21.236254 10.737258 5.320000 -0.715744 -0.698363 0.000000 0.105226 0.048800
horse_atlas.bmp
17 23.400000 10.737258 3.439096 -0.000000 -0.707973 -0.706239 0.113400 0.040385
17 24.930000 11.400000 3.439096 0.512328 -0.493984 -0.702496 0.119180 0.040385
17 25.563747 10.737258 5.320000 0.715744 -0.698363 -0.000000 0.121574 0.048800
horse_atlas.bmp
17 23.400000 10.737258 3.439096 -0.000000 -0.707973 -0.706239 0.113400 0.040385
17 25.563747 10.737258 5.320000 0.715744 -0.698363 -0.000000 0.121574 0.048800
17 23.400000 9.800000 5.320000 -0.000000 -1.000000 -0.000000 0.113400 0.048800
horse_atlas.bmp
17 24.930000 11.400000 3.439096 0.512328 -0.493984 -0.702496 0.063760 0.040385
17 25.563747 13.000000 3.439096 0.715354 0.000000 -0.698762 0.069200 0.040385
17 26.459999 13.000000 5.320000 1.000000 0.000000 -0.000000 0.069200 0.048800
horse_atlas.bmp
17 24.930000 11.400000 3.439096 0.512328 -0.493984 -0.702496 0.063760 0.040385
17 26.459999 13.000000 5.320000 1.000000 0.000000 -0.000000 0.069200 0.048800
17 25.563747 10.737258 5.320000 0.715744 -0.698363 -0.000000 0.061507 0.048800
horse_atlas.bmp
17 26.459999 13.000000 5.320000 1.000000 0.000000 -0.000000 0.069200 0.048800
17 25.563747 15.262742 5.320000 0.715744 0.698363 0.000000 0.076893 0.048800
17 24.930000 14.600000 7.200904 0.512328 0.493984 0.702496 0.074640 0.057215
horse_atlas.bmp
17 26.459999 13.000000 5.320000 1.000000 0.000000 -0.000000 0.069200 0.048800
17 24.930000 14.600000 7.200904 0.512328 0.493984 0.702496 0.074640 0.057215
17 25.563747 13.000000 7.200904 0.715354 0.000000 0.698762 0.069200 0.057215
horse_atlas.bmp
17 25.563747 15.262742 5.320000 0.715744 0.698363 0.000000 0.121574 0.048800
17 23.400000 16.200001 5.320000 -0.000000 1.000000 0.000000 0.113400 0.048800
17 23.400000 15.262742 7.200904 0.000000 0.707973 0.706239 0.113400 0.057215
horse_atlas.bmp
17 25.563747 15.262742 5.320000 0.715744 0.698363 0.000000 0.121574 0.048800
17 23.400000 15.262742 7.200904 0.000000 0.707973 0.706239 0.113400 0.057215
17 24.930000 14.600000 7.200904 0.512328 0.493984 0.702496 0.119180 0.057215
horse_atlas.bmp
17 23.400000 16.200001 5.320000 -0.000000 1.000000 0.000000 0.113400 0.048800
17 21.236254 15.262742 5.320000 -0.715744 0.698363 0.000000 0.105226 0.048800
17 21.869999 14.600000 7.200904 -0.512328 0.493984 0.702496 0.107620 0.057215
horse_atlas.bmp
17 23.400000 16.200001 5.320000 -0.000000 1.000000 0.000000 0.113400 0.048800
17 21.869999 14.600000 7.200904 -0.512328 0.493984 0.702496 0.107620 0.057215
17 23.400000 15.262742 7.200904 0.000000 0.707973 0.706239 0.113400 0.057215
horse_atlas.bmp
17 21.236254 15.262742 5.320000 -0.715744 0.698363 0.000000 0.076893 0.048800
17 20.340000 13.000000 5.320000 -1.000000 0.000000 0.000000 0.069200 0.048800
17 21.236254 13.000000 7.200904 -0.715354 0.000000 0.698762 0.069200 0.057215
horse_atlas.bmp
17 21.236254 15.262742 5.320000 -0.715744 0.698363 0.000000 0.076893 0.048800
17 21.236254 13.000000 7.200904 -0.715354 0.000000 0.698762 0.069200 0.057215
17 21.869999 14.600000 7.200904 -0.512328 0.493984 0.702496 0.074640 0.057215
horse_atlas.bmp
17 20.340000 13.000000 5.320000 -1.000000 0.000000 0.000000 0.069200 0.048800
17 21.236254 10.737258 5.320000 -0.715744 -0.698363 0.000000 0.061507 0.048800
17 21.869999 11.400000 7.200904 -0.512328 -0.493984 0.702496 0.063760 0.057215
horse_atlas.bmp
17 20.340000 13.000000 5.320000 -1.000000 0.000000 0.000000 0.069200 0.048800
17 21.869999 11.400000 7.200904 -0.512328 -0.493984 0.702496 0.063760 0.057215
17 21.236254 13.000000 7.200904 -0.715354 0.000000 0.698762 0.069200 0.057215
horse_atlas.bmp
17 21.236254 10.737258 5.320000 -0.715744 -0.698363 0.000000 0.105226 0.048800
17 23.400000 9.800000 5.320000 -0.000000 -1.000000 -0.000000 0.113400 0.048800
17 23.400000 10.737258 7.200904 -0.000000 -0.707973 0.706239 0.113400 0.057215
horse_atlas.bmp
17 21.236254 10.737258 5.320000 -0.715744 -0.698363 0.000000 0.105226 0.048800
17 23.400000 10.737258 7.200904 -0.000000 -0.707973 0.706239 0.113400 0.057215
17 21.869999 11.400000 7.200904 -0.512328 -0.493984 0.702496 0.107620 0.057215
horse_atlas.bmp
17 23.400000 9.800000 5.320000 -0.000000 -1.000000 -0.000000 0.113400 0.048800
17 25.563747 10.737258 5.320000 0.715744 -0.698363 -0.000000 0.121574 0.048800
17 24.930000 11.400000 7.200904 0.512328 -0.493984 0.702496 0.119180 0.057215
horse_atlas.bmp
17 23.400000 9.800000 5.320000 -0.000000 -1.000000 -0.000000 0.113400 0.048800
17 24.930000 11.400000 7.200904 0.512328 -0.493984 0.702496 0.119180 0.057215
17 23.400000 10.737258 7.200904 -0.000000 -0.707973 0.706239 0.113400 0.057215
horse_atlas.bmp
17 25.563747 10.737258 5.320000 0.715744 -0.698363 -0.000000 0.061507 0.048800
17 26.459999 13.000000 5.320000 1.000000 0.000000 -0.000000 0.069200 0.048800
17 25.563747 13.000000 7.200904 0.715354 0.000000 0.698762 0.069200 0.057215
horse_atlas.bmp
17 25.563747 10.737258 5.320000 0.715744 -0.698363 -0.000000 0.061507 0.048800
17 25.563747 13.000000 7.200904 0.715354 0.000000 0.698762 0.069200 0.057215
17 24.930000 11.400000 7.200904 0.512328 -0.493984 0.702496 0.063760 0.057215
horse_atlas.bmp
17 25.563747 13.000000 7.200904 0.715354 0.000000 0.698762 0.121574 0.069200
17 24.930000 14.600000 7.200904 0.512328 0.493984 0.702496 0.119180 0.074640
17 23.400000 13.000000 7.980000 0.239943 0.229827 0.943190 0.113400 0.069200
horse_atlas.bmp
17 24.930000 14.600000 7.200904 0.512328 0.493984 0.702496 0.119180 0.074640
17 23.400000 15.262742 7.200904 0.000000 0.707973 0.706239 0.113400 0.076893
17 23.400000 13.000000 7.980000 0.000000 0.325558 0.945522 0.113400 0.069200
horse_atlas.bmp
17 23.400000 15.262742 7.200904 0.000000 0.707973 0.706239 0.113400 0.076893
17 21.869999 14.600000 7.200904 -0.512328 0.493984 0.702496 0.107620 0.074640
17 23.400000 13.000000 7.980000 -0.239943 0.229826 0.943190 0.113400 0.069200
horse_atlas.bmp
17 21.869999 14.600000 7.200904 -0.512328 0.493984 0.702496 0.107620 0.074640
17 21.236254 13.000000 7.200904 -0.715354 0.000000 0.698762 0.105226 0.069200
17 23.400000 13.000000 7.980000 -0.338777 0.000000 0.940867 0.113400 0.069200
horse_atlas.bmp
17 21.236254 13.000000 7.200904 -0.715354 0.000000 0.698762 0.105226 0.069200
17 21.869999 11.400000 7.200904 -0.512328 -0.493984 0.702496 0.107620 0.063760
17 23.400000 13.000000 7.980000 -0.239943 -0.229826 0.943190 0.113400 0.069200
horse_atlas.bmp
17 21.869999 11.400000 7.200904 -0.512328 -0.493984 0.702496 0.107620 0.063760
17 23.400000 10.737258 7.200904 -0.000000 -0.707973 0.706239 0.113400 0.061507
17 23.400000 13.000000 7.980000 -0.000000 -0.325558 0.945522 0.113400 0.069200
horse_atlas.bmp
17 23.400000 10.737258 7.200904 -0.000000 -0.707973 0.706239 0.113400 0.061507
17 24.930000 11.400000 7.200904 0.512328 -0.493984 0.702496 0.119180 0.063760
17 23.400000 13.000000 7.980000 0.239943 -0.229827 0.943190 0.113400 0.069200
horse_atlas.bmp
17 24.930000 11.400000 7.200904 0.512328 -0.493984 0.702496 0.119180 0.063760
17 25.563747 13.000000 7.200904 0.715354 0.000000 0.698762 0.121574 0.069200
17 23.400000 13.000000 7.980000 0.338776 0.000000 0.940867 0.113400 0.069200
horse_atlas.bmp
17 25.200001 16.900000 4.560000 -0.075304 0.697614 0.712505 0.224200 0.351400
17 27.668898 16.155167 4.808196 0.296687 0.575762 0.761889 0.033527 0.352510
17 28.652008 16.640575 1.607154 0.543381 0.817511 0.190824 0.037241 0.338190
horse_atlas.bmp
17 25.200001 16.900000 4.560000 -0.075304 0.697614 0.712505 0.224200 0.351400
17 28.652008 16.640575 1.607154 0.543381 0.817511 0.190824 0.037241 0.338190
17 25.650000 17.500000 1.368000 0.001683 0.988047 0.154142 0.025900 0.337120
horse_atlas.bmp
17 27.668898 16.155167 4.808196 0.296687 0.575762 0.761889 0.183928 0.352510
17 29.194759 14.205166 4.961590 0.551061 0.228897 0.802458 0.177298 0.353197
17 30.507351 14.390576 1.754959 0.917116 0.325233 0.230483 0.177928 0.338851
horse_atlas.bmp
17 27.668898 16.155167 4.808196 0.296687 0.575762 0.761889 0.183928 0.352510
17 30.507351 14.390576 1.754959 0.917116 0.325233 0.230483 0.177928 0.338851
17 28.652008 16.640575 1.607154 0.543381 0.817511 0.190824 0.185578 0.338190
horse_atlas.bmp
17 29.194759 14.205166 4.961590 0.551061 0.228897 0.802458 0.177298 0.353197
17 29.194759 11.794834 4.961590 0.551061 -0.228897 0.802458 0.169102 0.353197
17 30.507351 11.609424 1.754959 0.917116 -0.325233 0.230483 0.168472 0.338851
horse_atlas.bmp
17 29.194759 14.205166 4.961590 0.551061 0.228897 0.802458 0.177298 0.353197
17 30.507351 11.609424 1.754959 0.917116 -0.325233 0.230483 0.168472 0.338851
17 30.507351 14.390576 1.754959 0.917116 0.325233 0.230483 0.177928 0.338851
horse_atlas.bmp
17 29.194759 11.794834 4.961590 0.551061 -0.228897 0.802458 0.169102 0.353197
17 27.668898 9.844833 4.808196 0.296687 -0.575762 0.761889 0.162472 0.352510
17 28.652008 9.359424 1.607154 0.543381 -0.817511 0.190824 0.160822 0.338190
horse_atlas.bmp
17 29.194759 11.794834 4.961590 0.551061 -0.228897 0.802458 0.169102 0.353197
17 28.652008 9.359424 1.607154 0.543381 -0.817511 0.190824 0.160822 0.338190
17 30.507351 11.609424 1.754959 0.917116 -0.325233 0.230483 0.168472 0.338851
horse_atlas.bmp
17 27.668898 9.844833 4.808196 0.296687 -0.575762 0.761889 0.033527 0.352510
17 25.200001 9.100000 4.560000 -0.075304 -0.697614 0.712506 0.224200 0.351400
17 25.650000 8.500000 1.368000 0.001683 -0.988047 0.154142 0.025900 0.337120
horse_atlas.bmp
17 27.668898 9.844833 4.808196 0.296687 -0.575762 0.761889 0.033527 0.352510
17 25.650000 8.500000 1.368000 0.001683 -0.988047 0.154142 0.025900 0.337120
17 28.652008 9.359424 1.607154 0.543381 -0.817511 0.190824 0.037241 0.338190
horse_atlas.bmp
17 25.200001 9.100000 4.560000 -0.075304 -0.697614 0.712506 0.224200 0.351400
17 22.731102 9.844833 4.311804 -0.452896 -0.582586 0.674891 0.214873 0.350290
17 22.647991 9.359424 1.128846 -0.544410 -0.824286 0.155470 0.214559 0.336050
horse_atlas.bmp
17 25.200001 9.100000 4.560000 -0.075304 -0.697614 0.712506 0.224200 0.351400
17 22.647991 9.359424 1.128846 -0.544410 -0.824286 0.155470 0.214559 0.336050
17 25.650000 8.500000 1.368000 0.001683 -0.988047 0.154142 0.025900 0.337120
horse_atlas.bmp
17 22.731102 9.844833 4.311804 -0.452896 -0.582586 0.674891 0.162472 0.350290
17 21.205238 11.794834 4.158410 -0.718151 -0.233652 0.655489 0.169102 0.349603
17 20.792648 11.609424 0.981041 -0.926139 -0.330312 0.182103 0.168472 0.335389
horse_atlas.bmp
17 22.731102 9.844833 4.311804 -0.452896 -0.582586 0.674891 0.162472 0.350290
17 20.792648 11.609424 0.981041 -0.926139 -0.330312 0.182103 0.168472 0.335389
17 22.647991 9.359424 1.128846 -0.544410 -0.824286 0.155470 0.160822 0.336050
horse_atlas.bmp
17 21.205238 11.794834 4.158410 -0.718151 -0.233652 0.655489 0.169102 0.349603
17 21.205238 14.205166 4.158410 -0.718151 0.233652 0.655489 0.177298 0.349603
17 20.792648 14.390576 0.981041 -0.926139 0.330312 0.182104 0.177928 0.335389
horse_atlas.bmp
17 21.205238 11.794834 4.158410 -0.718151 -0.233652 0.655489 0.169102 0.349603
17 20.792648 14.390576 0.981041 -0.926139 0.330312 0.182104 0.177928 0.335389
17 20.792648 11.609424 0.981041 -0.926139 -0.330312 0.182103 0.168472 0.335389
horse_atlas.bmp
17 21.205238 14.205166 4.158410 -0.718151 0.233652 0.655489 0.177298 0.349603
17 22.731102 16.155167 4.311804 -0.452896 0.582586 0.674891 0.183928 0.350290
17 22.647991 16.640575 1.128846 -0.544410 0.824286 0.155470 0.185578 0.336050
horse_atlas.bmp
17 21.205238 14.205166 4.158410 -0.718151 0.233652 0.655489 0.177298 0.349603
17 22.647991 16.640575 1.128846 -0.544410 0.824286 0.155470 0.185578 0.336050
17 20.792648 14.390576 0.981041 -0.926139 0.330312 0.182104 0.177928 0.335389
horse_atlas.bmp
17 22.731102 16.155167 4.311804 -0.452896 0.582586 0.674891 0.214873 0.350290
17 25.200001 16.900000 4.560000 -0.075304 0.697614 0.712505 0.224200 0.351400
17 25.650000 17.500000 1.368000 0.001683 0.988047 0.154142 0.025900 0.337120
horse_atlas.bmp
17 22.731102 16.155167 4.311804 -0.452896 0.582586 0.674891 0.214873 0.350290
17 25.650000 17.500000 1.368000 0.001683 0.988047 0.154142 0.025900 0.337120
17 22.647991 16.640575 1.128846 -0.544410 0.824286 0.155470 0.214559 0.336050
horse_atlas.bmp
17 25.650000 17.500000 1.368000 0.001683 0.988047 0.154142 0.025900 0.337120
17 28.652008 16.640575 1.607154 0.543381 0.817511 0.190824 0.037241 0.338190
17 28.718239 16.721478 0.532000 0.434344 0.664136 -0.608497 0.037491 0.333380
horse_atlas.bmp
17 25.650000 17.500000 1.368000 0.001683 0.988047 0.154142 0.025900 0.337120
17 28.718239 16.721478 0.532000 0.434344 0.664136 -0.608497 0.037491 0.333380
17 25.650000 17.600000 0.532000 -0.003097 0.796955 -0.604031 0.025900 0.333380
horse_atlas.bmp
17 28.652008 16.640575 1.607154 0.543381 0.817511 0.190824 0.185578 0.338190
17 30.507351 14.390576 1.754959 0.917116 0.325233 0.230483 0.177928 0.338851
17 30.614515 14.421478 0.532000 0.750991 0.269525 -0.602800 0.178033 0.333380
horse_atlas.bmp
17 28.652008 16.640575 1.607154 0.543381 0.817511 0.190824 0.185578 0.338190
17 30.614515 14.421478 0.532000 0.750991 0.269525 -0.602800 0.178033 0.333380
17 28.718239 16.721478 0.532000 0.434344 0.664136 -0.608497 0.185853 0.333380
horse_atlas.bmp
17 30.507351 14.390576 1.754959 0.917116 0.325233 0.230483 0.177928 0.338851
17 30.507351 11.609424 1.754959 0.917116 -0.325233 0.230483 0.168472 0.338851
17 30.614515 11.578522 0.532000 0.750991 -0.269525 -0.602800 0.168367 0.333380
horse_atlas.bmp
17 30.507351 14.390576 1.754959 0.917116 0.325233 0.230483 0.177928 0.338851
17 30.614515 11.578522 0.532000 0.750991 -0.269525 -0.602800 0.168367 0.333380
17 30.614515 14.421478 0.532000 0.750991 0.269525 -0.602800 0.178033 0.333380
horse_atlas.bmp
17 30.507351 11.609424 1.754959 0.917116 -0.325233 0.230483 0.168472 0.338851
17 28.652008 9.359424 1.607154 0.543381 -0.817511 0.190824 0.160822 0.338190
17 28.718239 9.278522 0.532000 0.434343 -0.664136 -0.608498 0.160547 0.333380
horse_atlas.bmp
17 30.507351 11.609424 1.754959 0.917116 -0.325233 0.230483 0.168472 0.338851
17 28.718239 9.278522 0.532000 0.434343 -0.664136 -0.608498 0.160547 0.333380
17 30.614515 11.578522 0.532000 0.750991 -0.269525 -0.602800 0.168367 0.333380
horse_atlas.bmp
17 28.652008 9.359424 1.607154 0.543381 -0.817511 0.190824 0.037241 0.338190
17 25.650000 8.500000 1.368000 0.001683 -0.988047 0.154142 0.025900 0.337120
17 25.650000 8.400000 0.532000 -0.003097 -0.796954 -0.604031 0.025900 0.333380
horse_atlas.bmp
17 28.652008 9.359424 1.607154 0.543381 -0.817511 0.190824 0.037241 0.338190
17 25.650000 8.400000 0.532000 -0.003097 -0.796954 -0.604031 0.025900 0.333380
17 28.718239 9.278522 0.532000 0.434343 -0.664136 -0.608498 0.037491 0.333380
horse_atlas.bmp
17 25.650000 8.500000 1.368000 0.001683 -0.988047 0.154142 0.025900 0.337120
17 22.647991 9.359424 1.128846 -0.544410 -0.824286 0.155470 0.214559 0.336050
17 22.581760 9.278522 0.532000 -0.450847 -0.677626 -0.580999 0.214309 0.333380
horse_atlas.bmp
17 25.650000 8.500000 1.368000 0.001683 -0.988047 0.154142 0.025900 0.337120
17 22.581760 9.278522 0.532000 -0.450847 -0.677626 -0.580999 0.214309 0.333380
17 25.650000 8.400000 0.532000 -0.003097 -0.796954 -0.604031 0.025900 0.333380
horse_atlas.bmp
17 22.647991 9.359424 1.128846 -0.544410 -0.824286 0.155470 0.160822 0.336050
17 20.792648 11.609424 0.981041 -0.926139 -0.330312 0.182103 0.168472 0.335389
17 20.685484 11.578522 0.532000 -0.785417 -0.278181 -0.552933 0.168367 0.333380
horse_atlas.bmp
17 22.647991 9.359424 1.128846 -0.544410 -0.824286 0.155470 0.160822 0.336050
17 20.685484 11.578522 0.532000 -0.785417 -0.278181 -0.552933 0.168367 0.333380
17 22.581760 9.278522 0.532000 -0.450847 -0.677626 -0.580999 0.160547 0.333380
horse_atlas.bmp
17 20.792648 11.609424 0.981041 -0.926139 -0.330312 0.182103 0.168472 0.335389
17 20.792648 14.390576 0.981041 -0.926139 0.330312 0.182104 0.177928 0.335389
17 20.685484 14.421478 0.532000 -0.785417 0.278181 -0.552933 0.178033 0.333380
horse_atlas.bmp
17 20.792648 11.609424 0.981041 -0.926139 -0.330312 0.182103 0.168472 0.335389
17 20.685484 14.421478 0.532000 -0.785417 0.278181 -0.552933 0.178033 0.333380
17 20.685484 11.578522 0.532000 -0.785417 -0.278181 -0.552933 0.168367 0.333380
horse_atlas.bmp
17 20.792648 14.390576 0.981041 -0.926139 0.330312 0.182104 0.177928 0.335389
17 22.647991 16.640575 1.128846 -0.544410 0.824286 0.155470 0.185578 0.336050
17 22.581760 16.721478 0.532000 -0.450847 0.677626 -0.580999 0.185853 0.333380
horse_atlas.bmp
17 20.792648 14.390576 0.981041 -0.926139 0.330312 0.182104 0.177928 0.335389
17 22.581760 16.721478 0.532000 -0.450847 0.677626 -0.580999 0.185853 0.333380
17 20.685484 14.421478 0.532000 -0.785417 0.278181 -0.552933 0.178033 0.333380
horse_atlas.bmp
17 22.647991 16.640575 1.128846 -0.544410 0.824286 0.155470 0.214559 0.336050
17 25.650000 17.500000 1.368000 0.001683 0.988047 0.154142 0.025900 0.337120
17 25.650000 17.600000 0.532000 -0.003097 0.796955 -0.604031 0.025900 0.333380
horse_atlas.bmp
17 22.647991 16.640575 1.128846 -0.544410 0.824286 0.155470 0.214559 0.336050
17 25.650000 17.600000 0.532000 -0.003097 0.796955 -0.604031 0.025900 0.333380
17 22.581760 16.721478 0.532000 -0.450847 0.677626 -0.580999 0.214309 0.333380
horse_atlas.bmp
17 25.200001 16.900000 4.560000 -0.075304 0.697614 0.712505 0.224200 0.388460
17 22.731102 16.155167 4.311804 -0.452896 0.582586 0.674891 0.214873 0.385928
17 21.205238 14.205166 4.158410 -0.718151 0.233652 0.655489 0.209109 0.379298
horse_atlas.bmp
17 21.205238 14.205166 4.158410 -0.718151 0.233652 0.655489 0.209109 0.379298
17 21.205238 11.794834 4.158410 -0.718151 -0.233652 0.655489 0.209109 0.371102
17 22.731102 9.844833 4.311804 -0.452896 -0.582586 0.674891 0.214873 0.364472
horse_atlas.bmp
17 22.731102 9.844833 4.311804 -0.452896 -0.582586 0.674891 0.214873 0.364472
17 25.200001 9.100000 4.560000 -0.075304 -0.697614 0.712506 0.224200 0.361940
17 27.668898 9.844833 4.808196 0.296687 -0.575762 0.761889 0.033527 0.364472
horse_atlas.bmp
17 27.668898 9.844833 4.808196 0.296687 -0.575762 0.761889 0.033527 0.364472
17 29.194759 11.794834 4.961590 0.551061 -0.228897 0.802458 0.039291 0.371102
17 29.194759 14.205166 4.961590 0.551061 0.228897 0.802458 0.039291 0.379298
horse_atlas.bmp
17 29.194759 14.205166 4.961590 0.551061 0.228897 0.802458 0.039291 0.379298
17 27.668898 16.155167 4.808196 0.296687 0.575762 0.761889 0.033527 0.385928
17 25.200001 16.900000 4.560000 -0.075304 0.697614 0.712505 0.224200 0.388460
horse_atlas.bmp
17 25.200001 16.900000 4.560000 -0.075304 0.697614 0.712505 0.224200 0.388460
17 21.205238 14.205166 4.158410 -0.718151 0.233652 0.655489 0.209109 0.379298
17 22.731102 9.844833 4.311804 -0.452896 -0.582586 0.674891 0.214873 0.364472
horse_atlas.bmp
17 22.731102 9.844833 4.311804 -0.452896 -0.582586 0.674891 0.214873 0.364472
17 27.668898 9.844833 4.808196 0.296687 -0.575762 0.761889 0.033527 0.364472
17 29.194759 14.205166 4.961590 0.551061 0.228897 0.802458 0.039291 0.379298
horse_atlas.bmp
17 22.731102 9.844833 4.311804 -0.452896 -0.582586 0.674891 0.214873 0.364472
17 29.194759 14.205166 4.961590 0.551061 0.228897 0.802458 0.039291 0.379298
17 25.200001 16.900000 4.560000 -0.075304 0.697614 0.712505 0.224200 0.388460
horse_atlas.bmp
17 22.581760 16.721478 0.532000 -0.450847 0.677626 -0.580999 0.214309 0.387853
17 25.650000 17.600000 0.532000 -0.003097 0.796955 -0.604031 0.025900 0.390840
17 28.718239 16.721478 0.532000 0.434344 0.664136 -0.608497 0.037491 0.387853
horse_atlas.bmp
17 28.718239 16.721478 0.532000 0.434344 0.664136 -0.608497 0.037491 0.387853
17 30.614515 14.421478 0.532000 0.750991 0.269525 -0.602800 0.044655 0.380033
17 30.614515 11.578522 0.532000 0.750991 -0.269525 -0.602800 0.044655 0.370367
horse_atlas.bmp
17 30.614515 11.578522 0.532000 0.750991 -0.269525 -0.602800 0.044655 0.370367
17 28.718239 9.278522 0.532000 0.434343 -0.664136 -0.608498 0.037491 0.362547
17 25.650000 8.400000 0.532000 -0.003097 -0.796954 -0.604031 0.025900 0.359560
horse_atlas.bmp
17 25.650000 8.400000 0.532000 -0.003097 -0.796954 -0.604031 0.025900 0.359560
17 22.581760 9.278522 0.532000 -0.450847 -0.677626 -0.580999 0.214309 0.362547
17 20.685484 11.578522 0.532000 -0.785417 -0.278181 -0.552933 0.207145 0.370367
horse_atlas.bmp
17 20.685484 11.578522 0.532000 -0.785417 -0.278181 -0.552933 0.207145 0.370367
17 20.685484 14.421478 0.532000 -0.785417 0.278181 -0.552933 0.207145 0.380033
17 22.581760 16.721478 0.532000 -0.450847 0.677626 -0.580999 0.214309 0.387853
horse_atlas.bmp
17 22.581760 16.721478 0.532000 -0.450847 0.677626 -0.580999 0.214309 0.387853
17 28.718239 16.721478 0.532000 0.434344 0.664136 -0.608497 0.037491 0.387853
17 30.614515 11.578522 0.532000 0.750991 -0.269525 -0.602800 0.044655 0.370367
horse_atlas.bmp
17 30.614515 11.578522 0.532000 0.750991 -0.269525 -0.602800 0.044655 0.370367
17 25.650000 8.400000 0.532000 -0.003097 -0.796954 -0.604031 0.025900 0.359560
17 20.685484 11.578522 0.532000 -0.785417 -0.278181 -0.552933 0.207145 0.370367
horse_atlas.bmp
17 30.614515 11.578522 0.532000 0.750991 -0.269525 -0.602800 0.044655 0.370367
17 20.685484 11.578522 0.532000 -0.785417 -0.278181 -0.552933 0.207145 0.370367
17 22.581760 16.721478 0.532000 -0.450847 0.677626 -0.580999 0.214309 0.387853
horse_atlas.bmp
18 -26.100000 21.000000 48.639999 -0.284706 0.806275 0.518520 0.126400 0.042600
18 -21.679626 18.656855 50.773006 0.219289 0.527952 0.820475 0.143099 0.052142
18 -16.181664 18.091169 41.781704 0.699519 0.676114 0.231394 0.163869 0.211918
horse_atlas.bmp
18 -26.100000 21.000000 48.639999 -0.284706 0.806275 0.518520 0.126400 0.042600
18 -16.181664 18.091169 41.781704 0.699519 0.676114 0.231394 0.163869 0.211918
18 -20.160000 20.200001 39.862000 0.098834 0.977395 -0.186896 0.148840 0.203330
horse_atlas.bmp
18 -21.679626 18.656855 50.773006 0.219289 0.527952 0.820475 0.088433 0.052142
18 -19.848648 13.000000 51.656521 0.379892 -0.000000 0.925031 0.069200 0.056095
18 -14.533784 13.000000 42.576870 0.915910 -0.000000 0.401383 0.069200 0.215475
horse_atlas.bmp
18 -21.679626 18.656855 50.773006 0.219289 0.527952 0.820475 0.088433 0.052142
18 -14.533784 13.000000 42.576870 0.915910 -0.000000 0.401383 0.069200 0.215475
18 -16.181664 18.091169 41.781704 0.699519 0.676114 0.231394 0.086510 0.211918
horse_atlas.bmp
18 -19.848648 13.000000 51.656521 0.379892 -0.000000 0.925031 0.069200 0.056095
18 -21.679626 7.343146 50.773006 0.219289 -0.527952 0.820475 0.049967 0.052142
18 -16.181664 7.908831 41.781704 0.699519 -0.676114 0.231394 0.051890 0.211918
horse_atlas.bmp
18 -19.848648 13.000000 51.656521 0.379892 -0.000000 0.925031 0.069200 0.056095
18 -16.181664 7.908831 41.781704 0.699519 -0.676114 0.231394 0.051890 0.211918
18 -14.533784 13.000000 42.576870 0.915910 -0.000000 0.401383 0.069200 0.215475
horse_atlas.bmp
18 -21.679626 7.343146 50.773006 0.219289 -0.527952 0.820475 0.143099 0.052142
18 -26.100000 5.000000 48.639999 -0.284706 -0.806275 0.518520 0.126400 0.042600
18 -20.160000 5.800000 39.862000 0.098834 -0.977395 -0.186896 0.148840 0.203330
horse_atlas.bmp
18 -21.679626 7.343146 50.773006 0.219289 -0.527952 0.820475 0.143099 0.052142
18 -20.160000 5.800000 39.862000 0.098834 -0.977395 -0.186896 0.148840 0.203330
18 -16.181664 7.908831 41.781704 0.699519 -0.676114 0.231394 0.163869 0.211918
horse_atlas.bmp
18 -26.100000 5.000000 48.639999 -0.284706 -0.806275 0.518520 0.126400 0.042600
18 -30.520372 7.343146 46.506992 -0.806647 -0.542278 0.235063 0.109701 0.033058
18 -24.138336 7.908831 37.942291 -0.505665 -0.654286 -0.562328 0.133811 0.194742
horse_atlas.bmp
18 -26.100000 5.000000 48.639999 -0.284706 -0.806275 0.518520 0.126400 0.042600
18 -24.138336 7.908831 37.942291 -0.505665 -0.654286 -0.562328 0.133811 0.194742
18 -20.160000 5.800000 39.862000 0.098834 -0.977395 -0.186896 0.148840 0.203330
horse_atlas.bmp
18 -30.520372 7.343146 46.506992 -0.806647 -0.542278 0.235063 0.049967 0.033058
18 -32.351353 13.000000 45.623474 -0.989850 -0.000000 0.142119 0.069200 0.029105
18 -25.786215 13.000000 37.147125 -0.725942 -0.000000 -0.687756 0.069200 0.191185
horse_atlas.bmp
18 -30.520372 7.343146 46.506992 -0.806647 -0.542278 0.235063 0.049967 0.033058
18 -25.786215 13.000000 37.147125 -0.725942 -0.000000 -0.687756 0.069200 0.191185
18 -24.138336 7.908831 37.942291 -0.505665 -0.654286 -0.562328 0.051890 0.194742
horse_atlas.bmp
18 -32.351353 13.000000 45.623474 -0.989850 -0.000000 0.142119 0.069200 0.029105
18 -30.520372 18.656855 46.506992 -0.806647 0.542278 0.235063 0.088433 0.033058
18 -24.138336 18.091169 37.942291 -0.505665 0.654286 -0.562328 0.086510 0.194742
horse_atlas.bmp
18 -32.351353 13.000000 45.623474 -0.989850 -0.000000 0.142119 0.069200 0.029105
18 -24.138336 18.091169 37.942291 -0.505665 0.654286 -0.562328 0.086510 0.194742
18 -25.786215 13.000000 37.147125 -0.725942 -0.000000 -0.687756 0.069200 0.191185
horse_atlas.bmp
18 -30.520372 18.656855 46.506992 -0.806647 0.542278 0.235063 0.109701 0.033058
18 -26.100000 21.000000 48.639999 -0.284706 0.806275 0.518520 0.126400 0.042600
18 -20.160000 20.200001 39.862000 0.098834 0.977395 -0.186896 0.148840 0.203330
horse_atlas.bmp
18 -30.520372 18.656855 46.506992 -0.806647 0.542278 0.235063 0.109701 0.033058
18 -20.160000 20.200001 39.862000 0.098834 0.977395 -0.186896 0.148840 0.203330
18 -24.138336 18.091169 37.942291 -0.505665 0.654286 -0.562328 0.133811 0.194742
horse_atlas.bmp
18 -20.160000 20.200001 39.862000 0.098834 0.977395 -0.186896 0.148840 0.203330
18 -16.181664 18.091169 41.781704 0.699519 0.676114 0.231394 0.163869 0.211918
18 -12.924050 15.687006 33.826492 0.788999 0.457705 -0.409863 0.176176 0.176329
horse_atlas.bmp
18 -20.160000 20.200001 39.862000 0.098834 0.977395 -0.186896 0.148840 0.203330
18 -12.924050 15.687006 33.826492 0.788999 0.457705 -0.409863 0.176176 0.176329
18 -15.300000 16.799999 32.680000 0.355440 0.647778 -0.673829 0.167200 0.171200
horse_atlas.bmp
18 -16.181664 18.091169 41.781704 0.699519 0.676114 0.231394 0.086510 0.211918
18 -14.533784 13.000000 42.576870 0.915910 -0.000000 0.401383 0.069200 0.215475
18 -11.939899 13.000000 34.301380 0.953346 -0.000000 -0.301881 0.069200 0.178454
horse_atlas.bmp
18 -16.181664 18.091169 41.781704 0.699519 0.676114 0.231394 0.086510 0.211918
18 -11.939899 13.000000 34.301380 0.953346 -0.000000 -0.301881 0.069200 0.178454
18 -12.924050 15.687006 33.826492 0.788999 0.457705 -0.409863 0.078336 0.176329
horse_atlas.bmp
18 -14.533784 13.000000 42.576870 0.915910 -0.000000 0.401383 0.069200 0.215475
18 -16.181664 7.908831 41.781704 0.699519 -0.676114 0.231394 0.051890 0.211918
18 -12.924050 10.312994 33.826492 0.788999 -0.457705 -0.409863 0.060064 0.176329
horse_atlas.bmp
18 -14.533784 13.000000 42.576870 0.915910 -0.000000 0.401383 0.069200 0.215475
18 -12.924050 10.312994 33.826492 0.788999 -0.457705 -0.409863 0.060064 0.176329
18 -11.939899 13.000000 34.301380 0.953346 -0.000000 -0.301881 0.069200 0.178454
horse_atlas.bmp
18 -16.181664 7.908831 41.781704 0.699519 -0.676114 0.231394 0.163869 0.211918
18 -20.160000 5.800000 39.862000 0.098834 -0.977395 -0.186896 0.148840 0.203330
18 -15.300000 9.200000 32.680000 0.355440 -0.647778 -0.673829 0.167200 0.171200
horse_atlas.bmp
18 -16.181664 7.908831 41.781704 0.699519 -0.676114 0.231394 0.163869 0.211918
18 -15.300000 9.200000 32.680000 0.355440 -0.647778 -0.673829 0.167200 0.171200
18 -12.924050 10.312994 33.826492 0.788999 -0.457705 -0.409863 0.176176 0.176329
horse_atlas.bmp
18 -20.160000 5.800000 39.862000 0.098834 -0.977395 -0.186896 0.148840 0.203330
18 -24.138336 7.908831 37.942291 -0.505665 -0.654286 -0.562328 0.133811 0.194742
18 -17.675949 10.312994 31.533508 -0.068209 -0.431340 -0.899607 0.158224 0.166071
horse_atlas.bmp
18 -20.160000 5.800000 39.862000 0.098834 -0.977395 -0.186896 0.148840 0.203330
18 -17.675949 10.312994 31.533508 -0.068209 -0.431340 -0.899607 0.158224 0.166071
18 -15.300000 9.200000 32.680000 0.355440 -0.647778 -0.673829 0.167200 0.171200
horse_atlas.bmp
18 -24.138336 7.908831 37.942291 -0.505665 -0.654286 -0.562328 0.133811 0.051890
18 -25.786215 13.000000 37.147125 -0.725942 -0.000000 -0.687756 0.127585 0.069200
18 -18.660099 13.000000 31.058619 -0.224774 0.000000 -0.974411 0.154506 0.069200
horse_atlas.bmp
18 -24.138336 7.908831 37.942291 -0.505665 -0.654286 -0.562328 0.133811 0.051890
18 -18.660099 13.000000 31.058619 -0.224774 0.000000 -0.974411 0.154506 0.069200
18 -17.675949 10.312994 31.533508 -0.068209 -0.431340 -0.899607 0.158224 0.060064
horse_atlas.bmp
18 -25.786215 13.000000 37.147125 -0.725942 -0.000000 -0.687756 0.127585 0.069200
18 -24.138336 18.091169 37.942291 -0.505665 0.654286 -0.562328 0.133811 0.086510
18 -17.675949 15.687006 31.533508 -0.068209 0.431340 -0.899607 0.158224 0.078336
horse_atlas.bmp
18 -25.786215 13.000000 37.147125 -0.725942 -0.000000 -0.687756 0.127585 0.069200
18 -17.675949 15.687006 31.533508 -0.068209 0.431340 -0.899607 0.158224 0.078336
18 -18.660099 13.000000 31.058619 -0.224774 0.000000 -0.974411 0.154506 0.069200
horse_atlas.bmp
18 -24.138336 18.091169 37.942291 -0.505665 0.654286 -0.562328 0.133811 0.194742
18 -20.160000 20.200001 39.862000 0.098834 0.977395 -0.186896 0.148840 0.203330
18 -15.300000 16.799999 32.680000 0.355440 0.647778 -0.673829 0.167200 0.171200
horse_atlas.bmp
18 -24.138336 18.091169 37.942291 -0.505665 0.654286 -0.562328 0.133811 0.194742
18 -15.300000 16.799999 32.680000 0.355440 0.647778 -0.673829 0.167200 0.171200
18 -17.675949 15.687006 31.533508 -0.068209 0.431340 -0.899607 0.158224 0.166071
horse_atlas.bmp
18 -26.100000 21.000000 48.639999 -0.284706 0.806275 0.518520 0.126400 0.096400
18 -30.520372 18.656855 46.506992 -0.806647 0.542278 0.235063 0.109701 0.088433
18 -32.351353 13.000000 45.623474 -0.989850 -0.000000 0.142119 0.102784 0.069200
horse_atlas.bmp
18 -32.351353 13.000000 45.623474 -0.989850 -0.000000 0.142119 0.102784 0.069200
18 -30.520372 7.343146 46.506992 -0.806647 -0.542278 0.235063 0.109701 0.049967
18 -26.100000 5.000000 48.639999 -0.284706 -0.806275 0.518520 0.126400 0.042000
horse_atlas.bmp
18 -26.100000 5.000000 48.639999 -0.284706 -0.806275 0.518520 0.126400 0.042000
18 -21.679626 7.343146 50.773006 0.219289 -0.527952 0.820475 0.143099 0.049967
18 -19.848648 13.000000 51.656521 0.379892 -0.000000 0.925031 0.150016 0.069200
horse_atlas.bmp
18 -19.848648 13.000000 51.656521 0.379892 -0.000000 0.925031 0.150016 0.069200
18 -21.679626 18.656855 50.773006 0.219289 0.527952 0.820475 0.143099 0.088433
18 -26.100000 21.000000 48.639999 -0.284706 0.806275 0.518520 0.126400 0.096400
horse_atlas.bmp
18 -26.100000 21.000000 48.639999 -0.284706 0.806275 0.518520 0.126400 0.096400
18 -32.351353 13.000000 45.623474 -0.989850 -0.000000 0.142119 0.102784 0.069200
18 -26.100000 5.000000 48.639999 -0.284706 -0.806275 0.518520 0.126400 0.042000
horse_atlas.bmp
18 -26.100000 5.000000 48.639999 -0.284706 -0.806275 0.518520 0.126400 0.042000
18 -19.848648 13.000000 51.656521 0.379892 -0.000000 0.925031 0.150016 0.069200
18 -26.100000 21.000000 48.639999 -0.284706 0.806275 0.518520 0.126400 0.096400
horse_atlas.bmp
18 -17.675949 15.687006 31.533508 -0.068209 0.431340 -0.899607 0.158224 0.078336
18 -15.300000 16.799999 32.680000 0.355440 0.647778 -0.673829 0.167200 0.082120
18 -12.924050 15.687006 33.826492 0.788999 0.457705 -0.409863 0.176176 0.078336
horse_atlas.bmp
18 -12.924050 15.687006 33.826492 0.788999 0.457705 -0.409863 0.176176 0.078336
18 -11.939899 13.000000 34.301380 0.953346 -0.000000 -0.301881 0.179894 0.069200
18 -12.924050 10.312994 33.826492 0.788999 -0.457705 -0.409863 0.176176 0.060064
horse_atlas.bmp
18 -12.924050 10.312994 33.826492 0.788999 -0.457705 -0.409863 0.176176 0.060064
18 -15.300000 9.200000 32.680000 0.355440 -0.647778 -0.673829 0.167200 0.056280
18 -17.675949 10.312994 31.533508 -0.068209 -0.431340 -0.899607 0.158224 0.060064
horse_atlas.bmp
18 -17.675949 10.312994 31.533508 -0.068209 -0.431340 -0.899607 0.158224 0.060064
18 -18.660099 13.000000 31.058619 -0.224774 0.000000 -0.974411 0.154506 0.069200
18 -17.675949 15.687006 31.533508 -0.068209 0.431340 -0.899607 0.158224 0.078336
horse_atlas.bmp
18 -17.675949 15.687006 31.533508 -0.068209 0.431340 -0.899607 0.158224 0.078336
18 -12.924050 15.687006 33.826492 0.788999 0.457705 -0.409863 0.176176 0.078336
18 -12.924050 10.312994 33.826492 0.788999 -0.457705 -0.409863 0.176176 0.060064
horse_atlas.bmp
18 -12.924050 10.312994 33.826492 0.788999 -0.457705 -0.409863 0.176176 0.060064
18 -17.675949 10.312994 31.533508 -0.068209 -0.431340 -0.899607 0.158224 0.060064
18 -17.675949 15.687006 31.533508 -0.068209 0.431340 -0.899607 0.158224 0.078336
horse_atlas.bmp
19 -15.300000 13.000000 30.020000 0.338776 -0.000000 -0.940867 0.167200 0.069200
19 -13.770000 14.600000 30.799097 0.512328 0.493984 -0.702496 0.172980 0.074640
19 -13.136253 13.000000 30.799097 0.715354 -0.000000 -0.698763 0.175374 0.069200
horse_atlas.bmp
19 -15.300000 13.000000 30.020000 0.239942 0.229827 -0.943190 0.167200 0.069200
19 -15.300000 15.262742 30.799097 -0.000000 0.707973 -0.706239 0.167200 0.076893
19 -13.770000 14.600000 30.799097 0.512328 0.493984 -0.702496 0.172980 0.074640
horse_atlas.bmp
19 -15.300000 13.000000 30.020000 0.000000 0.325558 -0.945522 0.167200 0.069200
19 -16.830000 14.600000 30.799097 -0.512328 0.493984 -0.702496 0.161420 0.074640
19 -15.300000 15.262742 30.799097 -0.000000 0.707973 -0.706239 0.167200 0.076893
horse_atlas.bmp
19 -15.300000 13.000000 30.020000 -0.239942 0.229827 -0.943190 0.167200 0.069200
19 -17.463747 13.000000 30.799097 -0.715353 -0.000000 -0.698763 0.159026 0.069200
19 -16.830000 14.600000 30.799097 -0.512328 0.493984 -0.702496 0.161420 0.074640
horse_atlas.bmp
19 -15.300000 13.000000 30.020000 -0.338776 -0.000000 -0.940867 0.167200 0.069200
19 -16.830000 11.400000 30.799097 -0.512327 -0.493984 -0.702496 0.161420 0.063760
19 -17.463747 13.000000 30.799097 -0.715353 -0.000000 -0.698763 0.159026 0.069200
horse_atlas.bmp
19 -15.300000 13.000000 30.020000 -0.239942 -0.229827 -0.943190 0.167200 0.069200
19 -15.300000 10.737258 30.799097 0.000000 -0.707974 -0.706239 0.167200 0.061507
19 -16.830000 11.400000 30.799097 -0.512327 -0.493984 -0.702496 0.161420 0.063760
horse_atlas.bmp
19 -15.300000 13.000000 30.020000 0.000000 -0.325558 -0.945522 0.167200 0.069200
19 -13.770000 11.400000 30.799097 0.512327 -0.493984 -0.702496 0.172980 0.063760
19 -15.300000 10.737258 30.799097 0.000000 -0.707974 -0.706239 0.167200 0.061507
horse_atlas.bmp
19 -15.300000 13.000000 30.020000 0.239942 -0.229827 -0.943190 0.167200 0.069200
19 -13.136253 13.000000 30.799097 0.715354 -0.000000 -0.698763 0.175374 0.069200
19 -13.770000 11.400000 30.799097 0.512327 -0.493984 -0.702496 0.172980 0.063760
horse_atlas.bmp
19 -13.136253 13.000000 30.799097 0.715354 -0.000000 -0.698763 0.069200 0.162785
19 -13.770000 14.600000 30.799097 0.512328 0.493984 -0.702496 0.074640 0.162785
19 -13.136253 15.262742 32.680000 0.715744 0.698363 0.000000 0.076893 0.171200
horse_atlas.bmp
19 -13.136253 13.000000 30.799097 0.715354 -0.000000 -0.698763 0.069200 0.162785
19 -13.136253 15.262742 32.680000 0.715744 0.698363 0.000000 0.076893 0.171200
19 -12.240001 13.000000 32.680000 1.000000 0.000000 0.000000 0.069200 0.171200
horse_atlas.bmp
19 -13.770000 14.600000 30.799097 0.512328 0.493984 -0.702496 0.172980 0.162785
19 -15.300000 15.262742 30.799097 -0.000000 0.707973 -0.706239 0.167200 0.162785
19 -15.300000 16.200001 32.680000 -0.000000 1.000000 0.000000 0.167200 0.171200
horse_atlas.bmp
19 -13.770000 14.600000 30.799097 0.512328 0.493984 -0.702496 0.172980 0.162785
19 -15.300000 16.200001 32.680000 -0.000000 1.000000 0.000000 0.167200 0.171200
19 -13.136253 15.262742 32.680000 0.715744 0.698363 0.000000 0.175374 0.171200
horse_atlas.bmp
19 -15.300000 15.262742 30.799097 -0.000000 0.707973 -0.706239 0.167200 0.162785
19 -16.830000 14.600000 30.799097 -0.512328 0.493984 -0.702496 0.161420 0.162785
19 -17.463747 15.262742 32.680000 -0.715744 0.698363 0.000000 0.159026 0.171200
horse_atlas.bmp
19 -15.300000 15.262742 30.799097 -0.000000 0.707973 -0.706239 0.167200 0.162785
19 -17.463747 15.262742 32.680000 -0.715744 0.698363 0.000000 0.159026 0.171200
19 -15.300000 16.200001 32.680000 -0.000000 1.000000 0.000000 0.167200 0.171200
horse_atlas.bmp
19 -16.830000 14.600000 30.799097 -0.512328 0.493984 -0.702496 0.074640 0.162785
19 -17.463747 13.000000 30.799097 -0.715353 -0.000000 -0.698763 0.069200 0.162785
19 -18.360001 13.000000 32.680000 -1.000000 0.000000 0.000000 0.069200 0.171200
horse_atlas.bmp
19 -16.830000 14.600000 30.799097 -0.512328 0.493984 -0.702496 0.074640 0.162785
19 -18.360001 13.000000 32.680000 -1.000000 0.000000 0.000000 0.069200 0.171200
19 -17.463747 15.262742 32.680000 -0.715744 0.698363 0.000000 0.076893 0.171200
horse_atlas.bmp
19 -17.463747 13.000000 30.799097 -0.715353 -0.000000 -0.698763 0.069200 0.162785
19 -16.830000 11.400000 30.799097 -0.512327 -0.493984 -0.702496 0.063760 0.162785
19 -17.463747 10.737258 32.680000 -0.715744 -0.698363 0.000000 0.061507 0.171200
horse_atlas.bmp
19 -17.463747 13.000000 30.799097 -0.715353 -0.000000 -0.698763 0.069200 0.162785
19 -17.463747 10.737258 32.680000 -0.715744 -0.698363 0.000000 0.061507 0.171200
19 -18.360001 13.000000 32.680000 -1.000000 0.000000 0.000000 0.069200 0.171200
horse_atlas.bmp
19 -16.830000 11.400000 30.799097 -0.512327 -0.493984 -0.702496 0.161420 0.162785
19 -15.300000 10.737258 30.799097 0.000000 -0.707974 -0.706239 0.167200 0.162785
19 -15.300000 9.800000 32.680000 0.000000 -1.000000 0.000000 0.167200 0.171200
horse_atlas.bmp
19 -16.830000 11.400000 30.799097 -0.512327 -0.493984 -0.702496 0.161420 0.162785
19 -15.300000 9.800000 32.680000 0.000000 -1.000000 0.000000 0.167200 0.171200
19 -17.463747 10.737258 32.680000 -0.715744 -0.698363 0.000000 0.159026 0.171200
horse_atlas.bmp
19 -15.300000 10.737258 30.799097 0.000000 -0.707974 -0.706239 0.167200 0.162785
19 -13.770000 11.400000 30.799097 0.512327 -0.493984 -0.702496 0.172980 0.162785
19 -13.136253 10.737258 32.680000 0.715744 -0.698363 0.000000 0.175374 0.171200
horse_atlas.bmp
19 -15.300000 10.737258 30.799097 0.000000 -0.707974 -0.706239 0.167200 0.162785
19 -13.136253 10.737258 32.680000 0.715744 -0.698363 0.000000 0.175374 0.171200
19 -15.300000 9.800000 32.680000 0.000000 -1.000000 0.000000 0.167200 0.171200
horse_atlas.bmp
19 -13.770000 11.400000 30.799097 0.512327 -0.493984 -0.702496 0.063760 0.162785
19 -13.136253 13.000000 30.799097 0.715354 -0.000000 -0.698763 0.069200 0.162785
19 -12.240001 13.000000 32.680000 1.000000 0.000000 0.000000 0.069200 0.171200
horse_atlas.bmp
19 -13.770000 11.400000 30.799097 0.512327 -0.493984 -0.702496 0.063760 0.162785
19 -12.240001 13.000000 32.680000 1.000000 0.000000 0.000000 0.069200 0.171200
19 -13.136253 10.737258 32.680000 0.715744 -0.698363 0.000000 0.061507 0.171200
horse_atlas.bmp
19 -12.240001 13.000000 32.680000 1.000000 0.000000 0.000000 0.069200 0.171200
19 -13.136253 15.262742 32.680000 0.715744 0.698363 0.000000 0.076893 0.171200
19 -13.770000 14.600000 34.560902 0.512328 0.493984 0.702496 0.074640 0.179615
horse_atlas.bmp
19 -12.240001 13.000000 32.680000 1.000000 0.000000 0.000000 0.069200 0.171200
19 -13.770000 14.600000 34.560902 0.512328 0.493984 0.702496 0.074640 0.179615
19 -13.136253 13.000000 34.560902 0.715354 -0.000000 0.698762 0.069200 0.179615
horse_atlas.bmp
19 -13.136253 15.262742 32.680000 0.715744 0.698363 0.000000 0.175374 0.171200
19 -15.300000 16.200001 32.680000 -0.000000 1.000000 0.000000 0.167200 0.171200
19 -15.300000 15.262742 34.560902 -0.000000 0.707973 0.706239 0.167200 0.179615
horse_atlas.bmp
19 -13.136253 15.262742 32.680000 0.715744 0.698363 0.000000 0.175374 0.171200
19 -15.300000 15.262742 34.560902 -0.000000 0.707973 0.706239 0.167200 0.179615
19 -13.770000 14.600000 34.560902 0.512328 0.493984 0.702496 0.172980 0.179615
horse_atlas.bmp
19 -15.300000 16.200001 32.680000 -0.000000 1.000000 0.000000 0.167200 0.171200
19 -17.463747 15.262742 32.680000 -0.715744 0.698363 0.000000 0.159026 0.171200
19 -16.830000 14.600000 34.560902 -0.512328 0.493984 0.702496 0.161420 0.179615
horse_atlas.bmp
19 -15.300000 16.200001 32.680000 -0.000000 1.000000 0.000000 0.167200 0.171200
19 -16.830000 14.600000 34.560902 -0.512328 0.493984 0.702496 0.161420 0.179615
19 -15.300000 15.262742 34.560902 -0.000000 0.707973 0.706239 0.167200 0.179615
horse_atlas.bmp
19 -17.463747 15.262742 32.680000 -0.715744 0.698363 0.000000 0.076893 0.171200
19 -18.360001 13.000000 32.680000 -1.000000 0.000000 0.000000 0.069200 0.171200
19 -17.463747 13.000000 34.560902 -0.715354 -0.000000 0.698762 0.069200 0.179615
horse_atlas.bmp
19 -17.463747 15.262742 32.680000 -0.715744 0.698363 0.000000 0.076893 0.171200
19 -17.463747 13.000000 34.560902 -0.715354 -0.000000 0.698762 0.069200 0.179615
19 -16.830000 14.600000 34.560902 -0.512328 0.493984 0.702496 0.074640 0.179615
horse_atlas.bmp
19 -18.360001 13.000000 32.680000 -1.000000 0.000000 0.000000 0.069200 0.171200
19 -17.463747 10.737258 32.680000 -0.715744 -0.698363 0.000000 0.061507 0.171200
19 -16.830000 11.400000 34.560902 -0.512328 -0.493984 0.702496 0.063760 0.179615
horse_atlas.bmp
19 -18.360001 13.000000 32.680000 -1.000000 0.000000 0.000000 0.069200 0.171200
19 -16.830000 11.400000 34.560902 -0.512328 -0.493984 0.702496 0.063760 0.179615
19 -17.463747 13.000000 34.560902 -0.715354 -0.000000 0.698762 0.069200 0.179615
horse_atlas.bmp
19 -17.463747 10.737258 32.680000 -0.715744 -0.698363 0.000000 0.159026 0.171200
19 -15.300000 9.800000 32.680000 0.000000 -1.000000 0.000000 0.167200 0.171200
19 -15.300000 10.737258 34.560902 0.000000 -0.707973 0.706239 0.167200 0.179615
horse_atlas.bmp
19 -17.463747 10.737258 32.680000 -0.715744 -0.698363 0.000000 0.159026 0.171200
19 -15.300000 10.737258 34.560902 0.000000 -0.707973 0.706239 0.167200 0.179615
19 -16.830000 11.400000 34.560902 -0.512328 -0.493984 0.702496 0.161420 0.179615
horse_atlas.bmp
19 -15.300000 9.800000 32.680000 0.000000 -1.000000 0.000000 0.167200 0.171200
19 -13.136253 10.737258 32.680000 0.715744 -0.698363 0.000000 0.175374 0.171200
19 -13.770000 11.400000 34.560902 0.512328 -0.493984 0.702496 0.172980 0.179615
horse_atlas.bmp
19 -15.300000 9.800000 32.680000 0.000000 -1.000000 0.000000 0.167200 0.171200
19 -13.770000 11.400000 34.560902 0.512328 -0.493984 0.702496 0.172980 0.179615
19 -15.300000 10.737258 34.560902 0.000000 -0.707973 0.706239 0.167200 0.179615
horse_atlas.bmp
19 -13.136253 10.737258 32.680000 0.715744 -0.698363 0.000000 0.061507 0.171200
19 -12.240001 13.000000 32.680000 1.000000 0.000000 0.000000 0.069200 0.171200
19 -13.136253 13.000000 34.560902 0.715354 -0.000000 0.698762 0.069200 0.179615
horse_atlas.bmp
19 -13.136253 10.737258 32.680000 0.715744 -0.698363 0.000000 0.061507 0.171200
19 -13.136253 13.000000 34.560902 0.715354 -0.000000 0.698762 0.069200 0.179615
19 -13.770000 11.400000 34.560902 0.512328 -0.493984 0.702496 0.063760 0.179615
horse_atlas.bmp
19 -13.136253 13.000000 34.560902 0.715354 -0.000000 0.698762 0.175374 0.069200
19 -13.770000 14.600000 34.560902 0.512328 0.493984 0.702496 0.172980 0.074640
19 -15.300000 13.000000 35.340000 0.239944 0.229827 0.943190 0.167200 0.069200
horse_atlas.bmp
19 -13.770000 14.600000 34.560902 0.512328 0.493984 0.702496 0.172980 0.074640
19 -15.300000 15.262742 34.560902 -0.000000 0.707973 0.706239 0.167200 0.076893
19 -15.300000 13.000000 35.340000 0.000000 0.325558 0.945522 0.167200 0.069200
horse_atlas.bmp
19 -15.300000 15.262742 34.560902 -0.000000 0.707973 0.706239 0.167200 0.076893
19 -16.830000 14.600000 34.560902 -0.512328 0.493984 0.702496 0.161420 0.074640
19 -15.300000 13.000000 35.340000 -0.239944 0.229828 0.943190 0.167200 0.069200
horse_atlas.bmp
19 -16.830000 14.600000 34.560902 -0.512328 0.493984 0.702496 0.161420 0.074640
19 -17.463747 13.000000 34.560902 -0.715354 -0.000000 0.698762 0.159026 0.069200
19 -15.300000 13.000000 35.340000 -0.338777 -0.000000 0.940867 0.167200 0.069200
horse_atlas.bmp
19 -17.463747 13.000000 34.560902 -0.715354 -0.000000 0.698762 0.159026 0.069200
19 -16.830000 11.400000 34.560902 -0.512328 -0.493984 0.702496 0.161420 0.063760
19 -15.300000 13.000000 35.340000 -0.239944 -0.229828 0.943189 0.167200 0.069200
horse_atlas.bmp
19 -16.830000 11.400000 34.560902 -0.512328 -0.493984 0.702496 0.161420 0.063760
19 -15.300000 10.737258 34.560902 0.000000 -0.707973 0.706239 0.167200 0.061507
19 -15.300000 13.000000 35.340000 0.000000 -0.325558 0.945522 0.167200 0.069200
horse_atlas.bmp
19 -15.300000 10.737258 34.560902 0.000000 -0.707973 0.706239 0.167200 0.061507
19 -13.770000 11.400000 34.560902 0.512328 -0.493984 0.702496 0.172980 0.063760
19 -15.300000 13.000000 35.340000 0.239944 -0.229827 0.943189 0.167200 0.069200
horse_atlas.bmp
19 -13.770000 11.400000 34.560902 0.512328 -0.493984 0.702496 0.172980 0.063760
19 -13.136253 13.000000 34.560902 0.715354 -0.000000 0.698762 0.175374 0.069200
19 -15.300000 13.000000 35.340000 0.338777 -0.000000 0.940867 0.167200 0.069200
horse_atlas.bmp
19 -15.300000 17.000000 32.680000 0.362834 0.786901 0.499137 0.167200 0.171200
19 -12.788297 15.828427 31.030338 0.801533 0.577182 0.156224 0.176689 0.163820
19 -19.969467 15.545585 23.671303 0.463891 0.703782 -0.538049 0.149560 0.130898
horse_atlas.bmp
19 -15.300000 17.000000 32.680000 0.362834 0.786901 0.499137 0.167200 0.171200
19 -19.969467 15.545585 23.671303 0.463891 0.703782 -0.538049 0.149560 0.130898
19 -22.230001 16.600000 25.155998 -0.042763 0.997092 -0.063082 0.141020 0.137540
horse_atlas.bmp
19 -12.788297 15.828427 31.030338 0.801533 0.577182 0.156224 0.078817 0.163820
19 -11.747915 13.000000 30.347027 1.000000 0.000000 -0.000168 0.069200 0.160763
19 -19.033123 13.000000 23.056322 0.673724 0.000000 -0.738983 0.069200 0.128147
horse_atlas.bmp
19 -12.788297 15.828427 31.030338 0.801533 0.577182 0.156224 0.078817 0.163820
19 -19.033123 13.000000 23.056322 0.673724 0.000000 -0.738983 0.069200 0.128147
19 -19.969467 15.545585 23.671303 0.463891 0.703782 -0.538049 0.077855 0.130898
horse_atlas.bmp
19 -11.747915 13.000000 30.347027 1.000000 0.000000 -0.000168 0.069200 0.160763
19 -12.788297 10.171573 31.030338 0.801533 -0.577182 0.156224 0.059583 0.163820
19 -19.969467 10.454415 23.671303 0.463891 -0.703782 -0.538049 0.060545 0.130898
horse_atlas.bmp
19 -11.747915 13.000000 30.347027 1.000000 0.000000 -0.000168 0.069200 0.160763
19 -19.969467 10.454415 23.671303 0.463891 -0.703782 -0.538049 0.060545 0.130898
19 -19.033123 13.000000 23.056322 0.673724 0.000000 -0.738983 0.069200 0.128147
horse_atlas.bmp
19 -12.788297 10.171573 31.030338 0.801533 -0.577182 0.156224 0.176689 0.163820
19 -15.300000 9.000000 32.680000 0.362834 -0.786901 0.499138 0.167200 0.171200
19 -22.230001 9.400000 25.155998 -0.042763 -0.997092 -0.063082 0.141020 0.137540
horse_atlas.bmp
19 -12.788297 10.171573 31.030338 0.801533 -0.577182 0.156224 0.176689 0.163820
19 -22.230001 9.400000 25.155998 -0.042763 -0.997092 -0.063082 0.141020 0.137540
19 -19.969467 10.454415 23.671303 0.463891 -0.703782 -0.538049 0.149560 0.130898
horse_atlas.bmp
19 -15.300000 9.000000 32.680000 0.362834 -0.786901 0.499138 0.167200 0.171200
19 -17.811703 10.171573 34.329662 -0.062755 -0.559765 0.826272 0.157711 0.178580
19 -24.490534 10.454415 26.640696 -0.568628 -0.714171 0.408194 0.132480 0.144182
horse_atlas.bmp
19 -15.300000 9.000000 32.680000 0.362834 -0.786901 0.499138 0.167200 0.171200
19 -24.490534 10.454415 26.640696 -0.568628 -0.714171 0.408194 0.132480 0.144182
19 -22.230001 9.400000 25.155998 -0.042763 -0.997092 -0.063082 0.141020 0.137540
horse_atlas.bmp
19 -17.811703 10.171573 34.329662 -0.062755 -0.559765 0.826272 0.059583 0.178580
19 -18.852085 13.000000 35.012974 -0.250137 -0.000000 0.968210 0.069200 0.181637
19 -25.426878 13.000000 27.255676 -0.796447 -0.000000 0.604708 0.069200 0.146933
horse_atlas.bmp
19 -17.811703 10.171573 34.329662 -0.062755 -0.559765 0.826272 0.059583 0.178580
19 -25.426878 13.000000 27.255676 -0.796447 -0.000000 0.604708 0.069200 0.146933
19 -24.490534 10.454415 26.640696 -0.568628 -0.714171 0.408194 0.060545 0.144182
horse_atlas.bmp
19 -18.852085 13.000000 35.012974 -0.250137 -0.000000 0.968210 0.069200 0.181637
19 -17.811703 15.828427 34.329662 -0.062755 0.559765 0.826272 0.078817 0.178580
19 -24.490534 15.545585 26.640696 -0.568628 0.714171 0.408194 0.077855 0.144182
horse_atlas.bmp
19 -18.852085 13.000000 35.012974 -0.250137 -0.000000 0.968210 0.069200 0.181637
19 -24.490534 15.545585 26.640696 -0.568628 0.714171 0.408194 0.077855 0.144182
19 -25.426878 13.000000 27.255676 -0.796447 -0.000000 0.604708 0.069200 0.146933
horse_atlas.bmp
19 -17.811703 15.828427 34.329662 -0.062755 0.559765 0.826272 0.157711 0.178580
19 -15.300000 17.000000 32.680000 0.362834 0.786901 0.499137 0.167200 0.171200
19 -22.230001 16.600000 25.155998 -0.042763 0.997092 -0.063082 0.141020 0.137540
horse_atlas.bmp
19 -17.811703 15.828427 34.329662 -0.062755 0.559765 0.826272 0.157711 0.178580
19 -22.230001 16.600000 25.155998 -0.042763 0.997092 -0.063082 0.141020 0.137540
19 -24.490534 15.545585 26.640696 -0.568628 0.714171 0.408194 0.132480 0.144182
horse_atlas.bmp
19 -22.230001 16.600000 25.155998 -0.042763 0.997092 -0.063082 0.141020 0.137540
19 -19.969467 15.545585 23.671303 0.463891 0.703782 -0.538049 0.149560 0.130898
19 -26.392979 14.909188 18.010202 0.001984 0.511981 -0.858994 0.125293 0.105572
horse_atlas.bmp
19 -22.230001 16.600000 25.155998 -0.042763 0.997092 -0.063082 0.141020 0.137540
19 -26.392979 14.909188 18.010202 0.001984 0.511981 -0.858994 0.125293 0.105572
19 -27.900000 15.700000 19.000000 -0.389739 0.747078 -0.538497 0.119600 0.110000
horse_atlas.bmp
19 -19.969467 15.545585 23.671303 0.463891 0.703782 -0.538049 0.149560 0.077855
19 -19.033123 13.000000 23.056322 0.673724 0.000000 -0.738983 0.153097 0.069200
19 -25.768749 13.000000 17.600216 0.148777 0.000000 -0.988871 0.127651 0.069200
horse_atlas.bmp
19 -19.969467 15.545585 23.671303 0.463891 0.703782 -0.538049 0.149560 0.077855
19 -25.768749 13.000000 17.600216 0.148777 0.000000 -0.988871 0.127651 0.069200
19 -26.392979 14.909188 18.010202 0.001984 0.511981 -0.858994 0.125293 0.075691
horse_atlas.bmp
19 -19.033123 13.000000 23.056322 0.673724 0.000000 -0.738983 0.153097 0.069200
19 -19.969467 10.454415 23.671303 0.463891 -0.703782 -0.538049 0.149560 0.060545
19 -26.392979 11.090812 18.010202 0.001984 -0.511981 -0.858994 0.125293 0.062709
horse_atlas.bmp
19 -19.033123 13.000000 23.056322 0.673724 0.000000 -0.738983 0.153097 0.069200
19 -26.392979 11.090812 18.010202 0.001984 -0.511981 -0.858994 0.125293 0.062709
19 -25.768749 13.000000 17.600216 0.148777 0.000000 -0.988871 0.127651 0.069200
horse_atlas.bmp
19 -19.969467 10.454415 23.671303 0.463891 -0.703782 -0.538049 0.149560 0.130898
19 -22.230001 9.400000 25.155998 -0.042763 -0.997092 -0.063082 0.141020 0.137540
19 -27.900000 10.300000 19.000000 -0.389739 -0.747078 -0.538497 0.119600 0.110000
horse_atlas.bmp
19 -19.969467 10.454415 23.671303 0.463891 -0.703782 -0.538049 0.149560 0.130898
19 -27.900000 10.300000 19.000000 -0.389739 -0.747078 -0.538497 0.119600 0.110000
19 -26.392979 11.090812 18.010202 0.001984 -0.511981 -0.858994 0.125293 0.105572
horse_atlas.bmp
19 -22.230001 9.400000 25.155998 -0.042763 -0.997092 -0.063082 0.141020 0.137540
19 -24.490534 10.454415 26.640696 -0.568628 -0.714171 0.408194 0.132480 0.144182
19 -29.407022 11.090812 19.989798 -0.813697 -0.535504 -0.226124 0.113907 0.114428
horse_atlas.bmp
19 -22.230001 9.400000 25.155998 -0.042763 -0.997092 -0.063082 0.141020 0.137540
19 -29.407022 11.090812 19.989798 -0.813697 -0.535504 -0.226124 0.113907 0.114428
19 -27.900000 10.300000 19.000000 -0.389739 -0.747078 -0.538497 0.119600 0.110000
horse_atlas.bmp
19 -24.490534 10.454415 26.640696 -0.568628 -0.714171 0.408194 0.060545 0.144182
19 -25.426878 13.000000 27.255676 -0.796447 -0.000000 0.604708 0.069200 0.146933
19 -30.031252 13.000000 20.399784 -0.994903 -0.000000 -0.100840 0.069200 0.116262
horse_atlas.bmp
19 -24.490534 10.454415 26.640696 -0.568628 -0.714171 0.408194 0.060545 0.144182
19 -30.031252 13.000000 20.399784 -0.994903 -0.000000 -0.100840 0.069200 0.116262
19 -29.407022 11.090812 19.989798 -0.813697 -0.535504 -0.226124 0.062709 0.114428
horse_atlas.bmp
19 -25.426878 13.000000 27.255676 -0.796447 -0.000000 0.604708 0.069200 0.146933
19 -24.490534 15.545585 26.640696 -0.568628 0.714171 0.408194 0.077855 0.144182
19 -29.407022 14.909188 19.989798 -0.813697 0.535504 -0.226124 0.075691 0.114428
horse_atlas.bmp
19 -25.426878 13.000000 27.255676 -0.796447 -0.000000 0.604708 0.069200 0.146933
19 -29.407022 14.909188 19.989798 -0.813697 0.535504 -0.226124 0.075691 0.114428
19 -30.031252 13.000000 20.399784 -0.994903 -0.000000 -0.100840 0.069200 0.116262
horse_atlas.bmp
19 -24.490534 15.545585 26.640696 -0.568628 0.714171 0.408194 0.132480 0.144182
19 -22.230001 16.600000 25.155998 -0.042763 0.997092 -0.063082 0.141020 0.137540
19 -27.900000 15.700000 19.000000 -0.389739 0.747078 -0.538497 0.119600 0.110000
horse_atlas.bmp
19 -24.490534 15.545585 26.640696 -0.568628 0.714171 0.408194 0.132480 0.144182
19 -27.900000 15.700000 19.000000 -0.389739 0.747078 -0.538497 0.119600 0.110000
19 -29.407022 14.909188 19.989798 -0.813697 0.535504 -0.226124 0.113907 0.114428
horse_atlas.bmp
19 -15.300000 17.000000 32.680000 0.362834 0.786901 0.499137 0.167200 0.082800
19 -17.811703 15.828427 34.329662 -0.062755 0.559765 0.826272 0.157711 0.078817
19 -18.852085 13.000000 35.012974 -0.250137 -0.000000 0.968210 0.153781 0.069200
horse_atlas.bmp
19 -18.852085 13.000000 35.012974 -0.250137 -0.000000 0.968210 0.153781 0.069200
19 -17.811703 10.171573 34.329662 -0.062755 -0.559765 0.826272 0.157711 0.059583
19 -15.300000 9.000000 32.680000 0.362834 -0.786901 0.499138 0.167200 0.055600
horse_atlas.bmp
19 -15.300000 9.000000 32.680000 0.362834 -0.786901 0.499138 0.167200 0.055600
19 -12.788297 10.171573 31.030338 0.801533 -0.577182 0.156224 0.176689 0.059583
19 -11.747915 13.000000 30.347027 1.000000 0.000000 -0.000168 0.180619 0.069200
horse_atlas.bmp
19 -11.747915 13.000000 30.347027 1.000000 0.000000 -0.000168 0.180619 0.069200
19 -12.788297 15.828427 31.030338 0.801533 0.577182 0.156224 0.176689 0.078817
19 -15.300000 17.000000 32.680000 0.362834 0.786901 0.499137 0.167200 0.082800
horse_atlas.bmp
19 -15.300000 17.000000 32.680000 0.362834 0.786901 0.499137 0.167200 0.082800
19 -18.852085 13.000000 35.012974 -0.250137 -0.000000 0.968210 0.153781 0.069200
19 -15.300000 9.000000 32.680000 0.362834 -0.786901 0.499138 0.167200 0.055600
horse_atlas.bmp
19 -15.300000 9.000000 32.680000 0.362834 -0.786901 0.499138 0.167200 0.055600
19 -11.747915 13.000000 30.347027 1.000000 0.000000 -0.000168 0.180619 0.069200
19 -15.300000 17.000000 32.680000 0.362834 0.786901 0.499137 0.167200 0.082800
horse_atlas.bmp
19 -29.407022 14.909188 19.989798 -0.813697 0.535504 -0.226124 0.113907 0.075691
19 -27.900000 15.700000 19.000000 -0.389739 0.747078 -0.538497 0.119600 0.078380
19 -26.392979 14.909188 18.010202 0.001984 0.511981 -0.858994 0.125293 0.075691
horse_atlas.bmp
19 -26.392979 14.909188 18.010202 0.001984 0.511981 -0.858994 0.125293 0.075691
19 -25.768749 13.000000 17.600216 0.148777 0.000000 -0.988871 0.127651 0.069200
19 -26.392979 11.090812 18.010202 0.001984 -0.511981 -0.858994 0.125293 0.062709
horse_atlas.bmp
19 -26.392979 11.090812 18.010202 0.001984 -0.511981 -0.858994 0.125293 0.062709
19 -27.900000 10.300000 19.000000 -0.389739 -0.747078 -0.538497 0.119600 0.060020
19 -29.407022 11.090812 19.989798 -0.813697 -0.535504 -0.226124 0.113907 0.062709
horse_atlas.bmp
19 -29.407022 11.090812 19.989798 -0.813697 -0.535504 -0.226124 0.113907 0.062709
19 -30.031252 13.000000 20.399784 -0.994903 -0.000000 -0.100840 0.111549 0.069200
19 -29.407022 14.909188 19.989798 -0.813697 0.535504 -0.226124 0.113907 0.075691
horse_atlas.bmp
19 -29.407022 14.909188 19.989798 -0.813697 0.535504 -0.226124 0.113907 0.075691
19 -26.392979 14.909188 18.010202 0.001984 0.511981 -0.858994 0.125293 0.075691
19 -26.392979 11.090812 18.010202 0.001984 -0.511981 -0.858994 0.125293 0.062709
horse_atlas.bmp
19 -26.392979 11.090812 18.010202 0.001984 -0.511981 -0.858994 0.125293 0.062709
19 -29.407022 11.090812 19.989798 -0.813697 -0.535504 -0.226124 0.113907 0.062709
19 -29.407022 14.909188 19.989798 -0.813697 0.535504 -0.226124 0.113907 0.075691
horse_atlas.bmp
20 -27.900000 13.000000 16.340000 0.338776 0.000000 -0.940867 0.119600 0.069200
20 -26.369999 14.600000 17.119095 0.512328 0.493984 -0.702496 0.125380 0.074640
20 -25.736254 13.000000 17.119095 0.715354 0.000000 -0.698763 0.127774 0.069200
horse_atlas.bmp
20 -27.900000 13.000000 16.340000 0.239943 0.229826 -0.943190 0.119600 0.069200
20 -27.900000 15.262742 17.119095 0.000000 0.707974 -0.706239 0.119600 0.076893
20 -26.369999 14.600000 17.119095 0.512328 0.493984 -0.702496 0.125380 0.074640
horse_atlas.bmp
20 -27.900000 13.000000 16.340000 0.000000 0.325557 -0.945522 0.119600 0.069200
20 -29.430000 14.600000 17.119095 -0.512328 0.493984 -0.702496 0.113820 0.074640
20 -27.900000 15.262742 17.119095 0.000000 0.707974 -0.706239 0.119600 0.076893
horse_atlas.bmp
20 -27.900000 13.000000 16.340000 -0.239943 0.229826 -0.943190 0.119600 0.069200
20 -30.063747 13.000000 17.119095 -0.715354 -0.000000 -0.698763 0.111426 0.069200
20 -29.430000 14.600000 17.119095 -0.512328 0.493984 -0.702496 0.113820 0.074640
horse_atlas.bmp
20 -27.900000 13.000000 16.340000 -0.338775 -0.000000 -0.940867 0.119600 0.069200
20 -29.430000 11.400000 17.119095 -0.512328 -0.493984 -0.702496 0.113820 0.063760
20 -30.063747 13.000000 17.119095 -0.715354 -0.000000 -0.698763 0.111426 0.069200
horse_atlas.bmp
20 -27.900000 13.000000 16.340000 -0.239943 -0.229826 -0.943190 0.119600 0.069200
20 -27.900000 10.737258 17.119095 0.000000 -0.707973 -0.706239 0.119600 0.061507
20 -29.430000 11.400000 17.119095 -0.512328 -0.493984 -0.702496 0.113820 0.063760
horse_atlas.bmp
20 -27.900000 13.000000 16.340000 0.000000 -0.325557 -0.945522 0.119600 0.069200
20 -26.369999 11.400000 17.119095 0.512328 -0.493984 -0.702496 0.125380 0.063760
20 -27.900000 10.737258 17.119095 0.000000 -0.707973 -0.706239 0.119600 0.061507
horse_atlas.bmp
20 -27.900000 13.000000 16.340000 0.239943 -0.229826 -0.943190 0.119600 0.069200
20 -25.736254 13.000000 17.119095 0.715354 0.000000 -0.698763 0.127774 0.069200
20 -26.369999 11.400000 17.119095 0.512328 -0.493984 -0.702496 0.125380 0.063760
horse_atlas.bmp
20 -25.736254 13.000000 17.119095 0.715354 0.000000 -0.698763 0.069200 0.101585
20 -26.369999 14.600000 17.119095 0.512328 0.493984 -0.702496 0.074640 0.101585
20 -25.736254 15.262742 19.000000 0.715744 0.698363 0.000000 0.076893 0.110000
horse_atlas.bmp
20 -25.736254 13.000000 17.119095 0.715354 0.000000 -0.698763 0.069200 0.101585
20 -25.736254 15.262742 19.000000 0.715744 0.698363 0.000000 0.076893 0.110000
20 -24.840000 13.000000 19.000000 1.000000 0.000000 0.000000 0.069200 0.110000
horse_atlas.bmp
20 -26.369999 14.600000 17.119095 0.512328 0.493984 -0.702496 0.125380 0.101585
20 -27.900000 15.262742 17.119095 0.000000 0.707974 -0.706239 0.119600 0.101585
20 -27.900000 16.200001 19.000000 0.000000 1.000000 0.000000 0.119600 0.110000
horse_atlas.bmp
20 -26.369999 14.600000 17.119095 0.512328 0.493984 -0.702496 0.125380 0.101585
20 -27.900000 16.200001 19.000000 0.000000 1.000000 0.000000 0.119600 0.110000
20 -25.736254 15.262742 19.000000 0.715744 0.698363 0.000000 0.127774 0.110000
horse_atlas.bmp
20 -27.900000 15.262742 17.119095 0.000000 0.707974 -0.706239 0.119600 0.101585
20 -29.430000 14.600000 17.119095 -0.512328 0.493984 -0.702496 0.113820 0.101585
20 -30.063747 15.262742 19.000000 -0.715744 0.698363 0.000000 0.111426 0.110000
horse_atlas.bmp
20 -27.900000 15.262742 17.119095 0.000000 0.707974 -0.706239 0.119600 0.101585
20 -30.063747 15.262742 19.000000 -0.715744 0.698363 0.000000 0.111426 0.110000
20 -27.900000 16.200001 19.000000 0.000000 1.000000 0.000000 0.119600 0.110000
horse_atlas.bmp
20 -29.430000 14.600000 17.119095 -0.512328 0.493984 -0.702496 0.074640 0.101585
20 -30.063747 13.000000 17.119095 -0.715354 -0.000000 -0.698763 0.069200 0.101585
20 -30.960001 13.000000 19.000000 -1.000000 0.000000 0.000000 0.069200 0.110000
horse_atlas.bmp
20 -29.430000 14.600000 17.119095 -0.512328 0.493984 -0.702496 0.074640 0.101585
20 -30.960001 13.000000 19.000000 -1.000000 0.000000 0.000000 0.069200 0.110000
20 -30.063747 15.262742 19.000000 -0.715744 0.698363 0.000000 0.076893 0.110000
horse_atlas.bmp
20 -30.063747 13.000000 17.119095 -0.715354 -0.000000 -0.698763 0.069200 0.101585
20 -29.430000 11.400000 17.119095 -0.512328 -0.493984 -0.702496 0.063760 0.101585
20 -30.063747 10.737258 19.000000 -0.715744 -0.698363 0.000000 0.061507 0.110000
horse_atlas.bmp
20 -30.063747 13.000000 17.119095 -0.715354 -0.000000 -0.698763 0.069200 0.101585
20 -30.063747 10.737258 19.000000 -0.715744 -0.698363 0.000000 0.061507 0.110000
20 -30.960001 13.000000 19.000000 -1.000000 0.000000 0.000000 0.069200 0.110000
horse_atlas.bmp
20 -29.430000 11.400000 17.119095 -0.512328 -0.493984 -0.702496 0.113820 0.101585
20 -27.900000 10.737258 17.119095 0.000000 -0.707973 -0.706239 0.119600 0.101585
20 -27.900000 9.800000 19.000000 0.000000 -1.000000 0.000000 0.119600 0.110000
horse_atlas.bmp
20 -29.430000 11.400000 17.119095 -0.512328 -0.493984 -0.702496 0.113820 0.101585
20 -27.900000 9.800000 19.000000 0.000000 -1.000000 0.000000 0.119600 0.110000
20 -30.063747 10.737258 19.000000 -0.715744 -0.698363 0.000000 0.111426 0.110000
horse_atlas.bmp
20 -27.900000 10.737258 17.119095 0.000000 -0.707973 -0.706239 0.119600 0.101585
20 -26.369999 11.400000 17.119095 0.512328 -0.493984 -0.702496 0.125380 0.101585
20 -25.736254 10.737258 19.000000 0.715744 -0.698363 0.000000 0.127774 0.110000
horse_atlas.bmp
20 -27.900000 10.737258 17.119095 0.000000 -0.707973 -0.706239 0.119600 0.101585
20 -25.736254 10.737258 19.000000 0.715744 -0.698363 0.000000 0.127774 0.110000
20 -27.900000 9.800000 19.000000 0.000000 -1.000000 0.000000 0.119600 0.110000
horse_atlas.bmp
20 -26.369999 11.400000 17.119095 0.512328 -0.493984 -0.702496 0.063760 0.101585
20 -25.736254 13.000000 17.119095 0.715354 0.000000 -0.698763 0.069200 0.101585
20 -24.840000 13.000000 19.000000 1.000000 0.000000 0.000000 0.069200 0.110000
horse_atlas.bmp
20 -26.369999 11.400000 17.119095 0.512328 -0.493984 -0.702496 0.063760 0.101585
20 -24.840000 13.000000 19.000000 1.000000 0.000000 0.000000 0.069200 0.110000
20 -25.736254 10.737258 19.000000 0.715744 -0.698363 0.000000 0.061507 0.110000
horse_atlas.bmp
20 -24.840000 13.000000 19.000000 1.000000 0.000000 0.000000 0.069200 0.110000
20 -25.736254 15.262742 19.000000 0.715744 0.698363 0.000000 0.076893 0.110000
20 -26.369999 14.600000 20.880905 0.512328 0.493984 0.702496 0.074640 0.118415
horse_atlas.bmp
20 -24.840000 13.000000 19.000000 1.000000 0.000000 0.000000 0.069200 0.110000
20 -26.369999 14.600000 20.880905 0.512328 0.493984 0.702496 0.074640 0.118415
20 -25.736254 13.000000 20.880905 0.715354 0.000000 0.698762 0.069200 0.118415
horse_atlas.bmp
20 -25.736254 15.262742 19.000000 0.715744 0.698363 0.000000 0.127774 0.110000
20 -27.900000 16.200001 19.000000 0.000000 1.000000 0.000000 0.119600 0.110000
20 -27.900000 15.262742 20.880905 0.000000 0.707973 0.706239 0.119600 0.118415
horse_atlas.bmp
20 -25.736254 15.262742 19.000000 0.715744 0.698363 0.000000 0.127774 0.110000
20 -27.900000 15.262742 20.880905 0.000000 0.707973 0.706239 0.119600 0.118415
20 -26.369999 14.600000 20.880905 0.512328 0.493984 0.702496 0.125380 0.118415
horse_atlas.bmp
20 -27.900000 16.200001 19.000000 0.000000 1.000000 0.000000 0.119600 0.110000
20 -30.063747 15.262742 19.000000 -0.715744 0.698363 0.000000 0.111426 0.110000
20 -29.430000 14.600000 20.880905 -0.512328 0.493984 0.702496 0.113820 0.118415
horse_atlas.bmp
20 -27.900000 16.200001 19.000000 0.000000 1.000000 0.000000 0.119600 0.110000
20 -29.430000 14.600000 20.880905 -0.512328 0.493984 0.702496 0.113820 0.118415
20 -27.900000 15.262742 20.880905 0.000000 0.707973 0.706239 0.119600 0.118415
horse_atlas.bmp
20 -30.063747 15.262742 19.000000 -0.715744 0.698363 0.000000 0.076893 0.110000
20 -30.960001 13.000000 19.000000 -1.000000 0.000000 0.000000 0.069200 0.110000
20 -30.063747 13.000000 20.880905 -0.715354 0.000000 0.698762 0.069200 0.118415
horse_atlas.bmp
20 -30.063747 15.262742 19.000000 -0.715744 0.698363 0.000000 0.076893 0.110000
20 -30.063747 13.000000 20.880905 -0.715354 0.000000 0.698762 0.069200 0.118415
20 -29.430000 14.600000 20.880905 -0.512328 0.493984 0.702496 0.074640 0.118415
horse_atlas.bmp
20 -30.960001 13.000000 19.000000 -1.000000 0.000000 0.000000 0.069200 0.110000
20 -30.063747 10.737258 19.000000 -0.715744 -0.698363 0.000000 0.061507 0.110000
20 -29.430000 11.400000 20.880905 -0.512328 -0.493984 0.702496 0.063760 0.118415
horse_atlas.bmp
20 -30.960001 13.000000 19.000000 -1.000000 0.000000 0.000000 0.069200 0.110000
20 -29.430000 11.400000 20.880905 -0.512328 -0.493984 0.702496 0.063760 0.118415
20 -30.063747 13.000000 20.880905 -0.715354 0.000000 0.698762 0.069200 0.118415
horse_atlas.bmp
20 -30.063747 10.737258 19.000000 -0.715744 -0.698363 0.000000 0.111426 0.110000
20 -27.900000 9.800000 19.000000 0.000000 -1.000000 0.000000 0.119600 0.110000
20 -27.900000 10.737258 20.880905 0.000000 -0.707973 0.706239 0.119600 0.118415
horse_atlas.bmp
20 -30.063747 10.737258 19.000000 -0.715744 -0.698363 0.000000 0.111426 0.110000
20 -27.900000 10.737258 20.880905 0.000000 -0.707973 0.706239 0.119600 0.118415
20 -29.430000 11.400000 20.880905 -0.512328 -0.493984 0.702496 0.113820 0.118415
horse_atlas.bmp
20 -27.900000 9.800000 19.000000 0.000000 -1.000000 0.000000 0.119600 0.110000
20 -25.736254 10.737258 19.000000 0.715744 -0.698363 0.000000 0.127774 0.110000
20 -26.369999 11.400000 20.880905 0.512328 -0.493984 0.702496 0.125380 0.118415
horse_atlas.bmp
20 -27.900000 9.800000 19.000000 0.000000 -1.000000 0.000000 0.119600 0.110000
20 -26.369999 11.400000 20.880905 0.512328 -0.493984 0.702496 0.125380 0.118415
20 -27.900000 10.737258 20.880905 0.000000 -0.707973 0.706239 0.119600 0.118415
horse_atlas.bmp
20 -25.736254 10.737258 19.000000 0.715744 -0.698363 0.000000 0.061507 0.110000
20 -24.840000 13.000000 19.000000 1.000000 0.000000 0.000000 0.069200 0.110000
20 -25.736254 13.000000 20.880905 0.715354 0.000000 0.698762 0.069200 0.118415
horse_atlas.bmp
20 -25.736254 10.737258 19.000000 0.715744 -0.698363 0.000000 0.061507 0.110000
20 -25.736254 13.000000 20.880905 0.715354 0.000000 0.698762 0.069200 0.118415
20 -26.369999 11.400000 20.880905 0.512328 -0.493984 0.702496 0.063760 0.118415
horse_atlas.bmp
20 -25.736254 13.000000 20.880905 0.715354 0.000000 0.698762 0.127774 0.069200
20 -26.369999 14.600000 20.880905 0.512328 0.493984 0.702496 0.125380 0.074640
20 -27.900000 13.000000 21.660000 0.239943 0.229827 0.943190 0.119600 0.069200
horse_atlas.bmp
20 -26.369999 14.600000 20.880905 0.512328 0.493984 0.702496 0.125380 0.074640
20 -27.900000 15.262742 20.880905 0.000000 0.707973 0.706239 0.119600 0.076893
20 -27.900000 13.000000 21.660000 0.000000 0.325557 0.945522 0.119600 0.069200
horse_atlas.bmp
20 -27.900000 15.262742 20.880905 0.000000 0.707973 0.706239 0.119600 0.076893
20 -29.430000 14.600000 20.880905 -0.512328 0.493984 0.702496 0.113820 0.074640
20 -27.900000 13.000000 21.660000 -0.239943 0.229826 0.943190 0.119600 0.069200
horse_atlas.bmp
20 -29.430000 14.600000 20.880905 -0.512328 0.493984 0.702496 0.113820 0.074640
20 -30.063747 13.000000 20.880905 -0.715354 0.000000 0.698762 0.111426 0.069200
20 -27.900000 13.000000 21.660000 -0.338777 0.000000 0.940867 0.119600 0.069200
horse_atlas.bmp
20 -30.063747 13.000000 20.880905 -0.715354 0.000000 0.698762 0.111426 0.069200
20 -29.430000 11.400000 20.880905 -0.512328 -0.493984 0.702496 0.113820 0.063760
20 -27.900000 13.000000 21.660000 -0.239943 -0.229826 0.943190 0.119600 0.069200
horse_atlas.bmp
20 -29.430000 11.400000 20.880905 -0.512328 -0.493984 0.702496 0.113820 0.063760
20 -27.900000 10.737258 20.880905 0.000000 -0.707973 0.706239 0.119600 0.061507
20 -27.900000 13.000000 21.660000 0.000000 -0.325557 0.945522 0.119600 0.069200
horse_atlas.bmp
20 -27.900000 10.737258 20.880905 0.000000 -0.707973 0.706239 0.119600 0.061507
20 -26.369999 11.400000 20.880905 0.512328 -0.493984 0.702496 0.125380 0.063760
20 -27.900000 13.000000 21.660000 0.239943 -0.229827 0.943190 0.119600 0.069200
horse_atlas.bmp
20 -26.369999 11.400000 20.880905 0.512328 -0.493984 0.702496 0.125380 0.063760
20 -25.736254 13.000000 20.880905 0.715354 0.000000 0.698762 0.127774 0.069200
20 -27.900000 13.000000 21.660000 0.338778 0.000000 0.940867 0.119600 0.069200
horse_atlas.bmp
20 -27.900000 15.400000 19.000000 -0.096412 0.783922 0.613327 0.679600 0.550000
20 -26.142336 14.697056 19.247375 0.440345 0.561324 0.700722 0.686240 0.551107
20 -24.833103 14.527350 11.698638 0.675717 0.718606 0.164353 0.691186 0.717336
horse_atlas.bmp
20 -27.900000 15.400000 19.000000 -0.096412 0.783922 0.613327 0.679600 0.550000
20 -24.833103 14.527350 11.698638 0.675717 0.718606 0.164353 0.691186 0.717336
20 -26.415001 15.160000 11.476000 -0.004046 0.999603 0.027881 0.685210 0.716340
horse_atlas.bmp
20 -26.142336 14.697056 19.247375 0.440345 0.561324 0.700722 0.634970 0.551107
20 -25.414288 13.000000 19.349842 0.675540 -0.000000 0.737323 0.629200 0.551565
20 -24.177860 13.000000 11.790857 0.974226 0.000000 0.225575 0.629200 0.717749
horse_atlas.bmp
20 -26.142336 14.697056 19.247375 0.440345 0.561324 0.700722 0.634970 0.551107
20 -24.177860 13.000000 11.790857 0.974226 0.000000 0.225575 0.629200 0.717749
20 -24.833103 14.527350 11.698638 0.675717 0.718606 0.164353 0.634393 0.717336
horse_atlas.bmp
20 -25.414288 13.000000 19.349842 0.675540 -0.000000 0.737323 0.629200 0.551565
20 -26.142336 11.302944 19.247375 0.440345 -0.561324 0.700722 0.623430 0.551107
20 -24.833103 11.472650 11.698638 0.675717 -0.718606 0.164353 0.624007 0.717336
horse_atlas.bmp
20 -25.414288 13.000000 19.349842 0.675540 -0.000000 0.737323 0.629200 0.551565
20 -24.833103 11.472650 11.698638 0.675717 -0.718606 0.164353 0.624007 0.717336
20 -24.177860 13.000000 11.790857 0.974226 0.000000 0.225575 0.629200 0.717749
horse_atlas.bmp
20 -26.142336 11.302944 19.247375 0.440345 -0.561324 0.700722 0.686240 0.551107
20 -27.900000 10.600000 19.000000 -0.096412 -0.783922 0.613328 0.679600 0.550000
20 -26.415001 10.840000 11.476000 -0.004046 -0.999603 0.027881 0.685210 0.716340
horse_atlas.bmp
20 -26.142336 11.302944 19.247375 0.440345 -0.561324 0.700722 0.686240 0.551107
20 -26.415001 10.840000 11.476000 -0.004046 -0.999603 0.027881 0.685210 0.716340
20 -24.833103 11.472650 11.698638 0.675717 -0.718606 0.164353 0.691186 0.717336
horse_atlas.bmp
20 -27.900000 10.600000 19.000000 -0.096412 -0.783922 0.613328 0.679600 0.550000
20 -29.657665 11.302944 18.752625 -0.638912 -0.567272 0.519609 0.672960 0.548893
20 -27.996899 11.472650 11.253363 -0.685931 -0.720036 -0.105108 0.679234 0.715344
horse_atlas.bmp
20 -27.900000 10.600000 19.000000 -0.096412 -0.783922 0.613328 0.679600 0.550000
20 -27.996899 11.472650 11.253363 -0.685931 -0.720036 -0.105108 0.679234 0.715344
20 -26.415001 10.840000 11.476000 -0.004046 -0.999603 0.027881 0.685210 0.716340
horse_atlas.bmp
20 -29.657665 11.302944 18.752625 -0.638912 -0.567272 0.519609 0.623430 0.548893
20 -30.385712 13.000000 18.650158 -0.879144 -0.000000 0.476557 0.629200 0.548435
20 -28.652142 13.000000 11.161143 -0.986672 0.000000 -0.162722 0.629200 0.714931
horse_atlas.bmp
20 -29.657665 11.302944 18.752625 -0.638912 -0.567272 0.519609 0.623430 0.548893
20 -28.652142 13.000000 11.161143 -0.986672 0.000000 -0.162722 0.629200 0.714931
20 -27.996899 11.472650 11.253363 -0.685931 -0.720036 -0.105108 0.624007 0.715344
horse_atlas.bmp
20 -30.385712 13.000000 18.650158 -0.879144 -0.000000 0.476557 0.629200 0.548435
20 -29.657665 14.697056 18.752625 -0.638912 0.567272 0.519609 0.634970 0.548893
20 -27.996899 14.527350 11.253363 -0.685931 0.720036 -0.105108 0.634393 0.715344
horse_atlas.bmp
20 -30.385712 13.000000 18.650158 -0.879144 -0.000000 0.476557 0.629200 0.548435
20 -27.996899 14.527350 11.253363 -0.685931 0.720036 -0.105108 0.634393 0.715344
20 -28.652142 13.000000 11.161143 -0.986672 0.000000 -0.162722 0.629200 0.714931
horse_atlas.bmp
20 -29.657665 14.697056 18.752625 -0.638912 0.567272 0.519609 0.672960 0.548893
20 -27.900000 15.400000 19.000000 -0.096412 0.783922 0.613327 0.679600 0.550000
20 -26.415001 15.160000 11.476000 -0.004046 0.999603 0.027881 0.685210 0.716340
horse_atlas.bmp
20 -29.657665 14.697056 18.752625 -0.638912 0.567272 0.519609 0.672960 0.548893
20 -26.415001 15.160000 11.476000 -0.004046 0.999603 0.027881 0.685210 0.716340
20 -27.996899 14.527350 11.253363 -0.685931 0.720036 -0.105108 0.679234 0.715344
horse_atlas.bmp
20 -26.415001 15.160000 11.476000 -0.004046 0.999603 0.027881 0.685210 0.716340
20 -24.833103 14.527350 11.698638 0.675717 0.718606 0.164353 0.691186 0.717336
20 -23.191240 14.909188 5.602715 0.646206 0.580126 -0.495854 0.697389 0.690065
horse_atlas.bmp
20 -26.415001 15.160000 11.476000 -0.004046 0.999603 0.027881 0.685210 0.716340
20 -23.191240 14.909188 5.602715 0.646206 0.580126 -0.495854 0.697389 0.690065
20 -25.200001 15.700000 5.320000 0.093554 0.799246 -0.593678 0.689800 0.688800
horse_atlas.bmp
20 -24.833103 14.527350 11.698638 0.675717 0.718606 0.164353 0.634393 0.717336
20 -24.177860 13.000000 11.790857 0.974226 0.000000 0.225575 0.629200 0.717749
20 -22.359186 13.000000 5.719819 0.893562 0.000000 -0.448939 0.629200 0.690589
horse_atlas.bmp
20 -24.833103 14.527350 11.698638 0.675717 0.718606 0.164353 0.634393 0.717336
20 -22.359186 13.000000 5.719819 0.893562 0.000000 -0.448939 0.629200 0.690589
20 -23.191240 14.909188 5.602715 0.646206 0.580126 -0.495854 0.635691 0.690065
horse_atlas.bmp
20 -24.177860 13.000000 11.790857 0.974226 0.000000 0.225575 0.629200 0.717749
20 -24.833103 11.472650 11.698638 0.675717 -0.718606 0.164353 0.624007 0.717336
20 -23.191240 11.090812 5.602715 0.646206 -0.580126 -0.495854 0.622709 0.690065
horse_atlas.bmp
20 -24.177860 13.000000 11.790857 0.974226 0.000000 0.225575 0.629200 0.717749
20 -23.191240 11.090812 5.602715 0.646206 -0.580126 -0.495854 0.622709 0.690065
20 -22.359186 13.000000 5.719819 0.893562 0.000000 -0.448939 0.629200 0.690589
horse_atlas.bmp
20 -24.833103 11.472650 11.698638 0.675717 -0.718606 0.164353 0.691186 0.717336
20 -26.415001 10.840000 11.476000 -0.004046 -0.999603 0.027881 0.685210 0.716340
20 -25.200001 10.300000 5.320000 0.093554 -0.799246 -0.593678 0.689800 0.688800
horse_atlas.bmp
20 -24.833103 11.472650 11.698638 0.675717 -0.718606 0.164353 0.691186 0.717336
20 -25.200001 10.300000 5.320000 0.093554 -0.799246 -0.593678 0.689800 0.688800
20 -23.191240 11.090812 5.602715 0.646206 -0.580126 -0.495854 0.697389 0.690065
horse_atlas.bmp
20 -26.415001 10.840000 11.476000 -0.004046 -0.999603 0.027881 0.685210 0.716340
20 -27.996899 11.472650 11.253363 -0.685931 -0.720036 -0.105108 0.679234 0.715344
20 -27.208759 11.090812 5.037286 -0.454755 -0.574996 -0.680130 0.682211 0.687535
horse_atlas.bmp
20 -26.415001 10.840000 11.476000 -0.004046 -0.999603 0.027881 0.685210 0.716340
20 -27.208759 11.090812 5.037286 -0.454755 -0.574996 -0.680130 0.682211 0.687535
20 -25.200001 10.300000 5.320000 0.093554 -0.799246 -0.593678 0.689800 0.688800
horse_atlas.bmp
20 -27.996899 11.472650 11.253363 -0.685931 -0.720036 -0.105108 0.624007 0.715344
20 -28.652142 13.000000 11.161143 -0.986672 0.000000 -0.162722 0.629200 0.714931
20 -28.040813 13.000000 4.920182 -0.698963 0.000000 -0.715157 0.629200 0.687011
horse_atlas.bmp
20 -27.996899 11.472650 11.253363 -0.685931 -0.720036 -0.105108 0.624007 0.715344
20 -28.040813 13.000000 4.920182 -0.698963 0.000000 -0.715157 0.629200 0.687011
20 -27.208759 11.090812 5.037286 -0.454755 -0.574996 -0.680130 0.622709 0.687535
horse_atlas.bmp
20 -28.652142 13.000000 11.161143 -0.986672 0.000000 -0.162722 0.629200 0.714931
20 -27.996899 14.527350 11.253363 -0.685931 0.720036 -0.105108 0.634393 0.715344
20 -27.208759 14.909188 5.037286 -0.454755 0.574996 -0.680130 0.635691 0.687535
horse_atlas.bmp
20 -28.652142 13.000000 11.161143 -0.986672 0.000000 -0.162722 0.629200 0.714931
20 -27.208759 14.909188 5.037286 -0.454755 0.574996 -0.680130 0.635691 0.687535
20 -28.040813 13.000000 4.920182 -0.698963 0.000000 -0.715157 0.629200 0.687011
horse_atlas.bmp
20 -27.996899 14.527350 11.253363 -0.685931 0.720036 -0.105108 0.679234 0.715344
20 -26.415001 15.160000 11.476000 -0.004046 0.999603 0.027881 0.685210 0.716340
20 -25.200001 15.700000 5.320000 0.093554 0.799246 -0.593678 0.689800 0.688800
horse_atlas.bmp
20 -27.996899 14.527350 11.253363 -0.685931 0.720036 -0.105108 0.679234 0.715344
20 -25.200001 15.700000 5.320000 0.093554 0.799246 -0.593678 0.689800 0.688800
20 -27.208759 14.909188 5.037286 -0.454755 0.574996 -0.680130 0.682211 0.687535
horse_atlas.bmp
20 -27.900000 15.400000 19.000000 -0.096412 0.783922 0.613327 0.679600 0.717360
20 -29.657665 14.697056 18.752625 -0.638912 0.567272 0.519609 0.672960 0.714970
20 -30.385712 13.000000 18.650158 -0.879144 -0.000000 0.476557 0.670210 0.709200
horse_atlas.bmp
20 -30.385712 13.000000 18.650158 -0.879144 -0.000000 0.476557 0.670210 0.709200
20 -29.657665 11.302944 18.752625 -0.638912 -0.567272 0.519609 0.672960 0.703430
20 -27.900000 10.600000 19.000000 -0.096412 -0.783922 0.613328 0.679600 0.701040
horse_atlas.bmp
20 -27.900000 10.600000 19.000000 -0.096412 -0.783922 0.613328 0.679600 0.701040
20 -26.142336 11.302944 19.247375 0.440345 -0.561324 0.700722 0.686240 0.703430
20 -25.414288 13.000000 19.349842 0.675540 -0.000000 0.737323 0.688990 0.709200
horse_atlas.bmp
20 -25.414288 13.000000 19.349842 0.675540 -0.000000 0.737323 0.688990 0.709200
20 -26.142336 14.697056 19.247375 0.440345 0.561324 0.700722 0.686240 0.714970
20 -27.900000 15.400000 19.000000 -0.096412 0.783922 0.613327 0.679600 0.717360
horse_atlas.bmp
20 -27.900000 15.400000 19.000000 -0.096412 0.783922 0.613327 0.679600 0.717360
20 -30.385712 13.000000 18.650158 -0.879144 -0.000000 0.476557 0.670210 0.709200
20 -27.900000 10.600000 19.000000 -0.096412 -0.783922 0.613328 0.679600 0.701040
horse_atlas.bmp
20 -27.900000 10.600000 19.000000 -0.096412 -0.783922 0.613328 0.679600 0.701040
20 -25.414288 13.000000 19.349842 0.675540 -0.000000 0.737323 0.688990 0.709200
20 -27.900000 15.400000 19.000000 -0.096412 0.783922 0.613327 0.679600 0.717360
horse_atlas.bmp
20 -27.208759 14.909188 5.037286 -0.454755 0.574996 -0.680130 0.682211 0.715691
20 -25.200001 15.700000 5.320000 0.093554 0.799246 -0.593678 0.689800 0.718380
20 -23.191240 14.909188 5.602715 0.646206 0.580126 -0.495854 0.697389 0.715691
horse_atlas.bmp
20 -23.191240 14.909188 5.602715 0.646206 0.580126 -0.495854 0.697389 0.715691
20 -22.359186 13.000000 5.719819 0.893562 0.000000 -0.448939 0.700532 0.709200
20 -23.191240 11.090812 5.602715 0.646206 -0.580126 -0.495854 0.697389 0.702709
horse_atlas.bmp
20 -23.191240 11.090812 5.602715 0.646206 -0.580126 -0.495854 0.697389 0.702709
20 -25.200001 10.300000 5.320000 0.093554 -0.799246 -0.593678 0.689800 0.700020
20 -27.208759 11.090812 5.037286 -0.454755 -0.574996 -0.680130 0.682211 0.702709
horse_atlas.bmp
20 -27.208759 11.090812 5.037286 -0.454755 -0.574996 -0.680130 0.682211 0.702709
20 -28.040813 13.000000 4.920182 -0.698963 0.000000 -0.715157 0.679068 0.709200
20 -27.208759 14.909188 5.037286 -0.454755 0.574996 -0.680130 0.682211 0.715691
horse_atlas.bmp
20 -27.208759 14.909188 5.037286 -0.454755 0.574996 -0.680130 0.682211 0.715691
20 -23.191240 14.909188 5.602715 0.646206 0.580126 -0.495854 0.697389 0.715691
20 -23.191240 11.090812 5.602715 0.646206 -0.580126 -0.495854 0.697389 0.702709
horse_atlas.bmp
20 -23.191240 11.090812 5.602715 0.646206 -0.580126 -0.495854 0.697389 0.702709
20 -27.208759 11.090812 5.037286 -0.454755 -0.574996 -0.680130 0.682211 0.702709
20 -27.208759 14.909188 5.037286 -0.454755 0.574996 -0.680130 0.682211 0.715691
horse_atlas.bmp
21 -25.200001 13.000000 2.660000 0.338776 -0.000000 -0.940867 0.689800 0.709200
21 -23.670000 14.600000 3.439096 0.512328 0.493984 -0.702496 0.695580 0.714640
21 -23.036253 13.000000 3.439096 0.715354 -0.000000 -0.698762 0.697974 0.709200
horse_atlas.bmp
21 -25.200001 13.000000 2.660000 0.239943 0.229827 -0.943190 0.689800 0.709200
21 -25.200001 15.262742 3.439096 -0.000000 0.707973 -0.706239 0.689800 0.716893
21 -23.670000 14.600000 3.439096 0.512328 0.493984 -0.702496 0.695580 0.714640
horse_atlas.bmp
21 -25.200001 13.000000 2.660000 0.000000 0.325557 -0.945522 0.689800 0.709200
21 -26.730001 14.600000 3.439096 -0.512328 0.493984 -0.702496 0.684020 0.714640
21 -25.200001 15.262742 3.439096 -0.000000 0.707973 -0.706239 0.689800 0.716893
horse_atlas.bmp
21 -25.200001 13.000000 2.660000 -0.239943 0.229827 -0.943190 0.689800 0.709200
21 -27.363747 13.000000 3.439096 -0.715354 0.000000 -0.698762 0.681626 0.709200
21 -26.730001 14.600000 3.439096 -0.512328 0.493984 -0.702496 0.684020 0.714640
horse_atlas.bmp
21 -25.200001 13.000000 2.660000 -0.338776 0.000000 -0.940867 0.689800 0.709200
21 -26.730001 11.400000 3.439096 -0.512328 -0.493984 -0.702496 0.684020 0.703760
21 -27.363747 13.000000 3.439096 -0.715354 0.000000 -0.698762 0.681626 0.709200
horse_atlas.bmp
21 -25.200001 13.000000 2.660000 -0.239943 -0.229827 -0.943190 0.689800 0.709200
21 -25.200001 10.737258 3.439096 -0.000000 -0.707973 -0.706239 0.689800 0.701507
21 -26.730001 11.400000 3.439096 -0.512328 -0.493984 -0.702496 0.684020 0.703760
horse_atlas.bmp
21 -25.200001 13.000000 2.660000 0.000000 -0.325557 -0.945522 0.689800 0.709200
21 -23.670000 11.400000 3.439096 0.512328 -0.493984 -0.702496 0.695580 0.703760
21 -25.200001 10.737258 3.439096 -0.000000 -0.707973 -0.706239 0.689800 0.701507
horse_atlas.bmp
21 -25.200001 13.000000 2.660000 0.239943 -0.229827 -0.943190 0.689800 0.709200
21 -23.036253 13.000000 3.439096 0.715354 -0.000000 -0.698762 0.697974 0.709200
21 -23.670000 11.400000 3.439096 0.512328 -0.493984 -0.702496 0.695580 0.703760
horse_atlas.bmp
21 -23.036253 13.000000 3.439096 0.715354 -0.000000 -0.698762 0.629200 0.680385
21 -23.670000 14.600000 3.439096 0.512328 0.493984 -0.702496 0.634640 0.680385
21 -23.036253 15.262742 5.320000 0.715744 0.698363 0.000000 0.636893 0.688800
horse_atlas.bmp
21 -23.036253 13.000000 3.439096 0.715354 -0.000000 -0.698762 0.629200 0.680385
21 -23.036253 15.262742 5.320000 0.715744 0.698363 0.000000 0.636893 0.688800
21 -22.139999 13.000000 5.320000 1.000000 0.000000 -0.000000 0.629200 0.688800
horse_atlas.bmp
21 -23.670000 14.600000 3.439096 0.512328 0.493984 -0.702496 0.695580 0.680385
21 -25.200001 15.262742 3.439096 -0.000000 0.707973 -0.706239 0.689800 0.680385
21 -25.200001 16.200001 5.320000 -0.000000 1.000000 0.000000 0.689800 0.688800
horse_atlas.bmp
21 -23.670000 14.600000 3.439096 0.512328 0.493984 -0.702496 0.695580 0.680385
21 -25.200001 16.200001 5.320000 -0.000000 1.000000 0.000000 0.689800 0.688800
21 -23.036253 15.262742 5.320000 0.715744 0.698363 0.000000 0.697974 0.688800
horse_atlas.bmp
21 -25.200001 15.262742 3.439096 -0.000000 0.707973 -0.706239 0.689800 0.680385
21 -26.730001 14.600000 3.439096 -0.512328 0.493984 -0.702496 0.684020 0.680385
21 -27.363747 15.262742 5.320000 -0.715744 0.698363 0.000000 0.681626 0.688800
horse_atlas.bmp
21 -25.200001 15.262742 3.439096 -0.000000 0.707973 -0.706239 0.689800 0.680385
21 -27.363747 15.262742 5.320000 -0.715744 0.698363 0.000000 0.681626 0.688800
21 -25.200001 16.200001 5.320000 -0.000000 1.000000 0.000000 0.689800 0.688800
horse_atlas.bmp
21 -26.730001 14.600000 3.439096 -0.512328 0.493984 -0.702496 0.634640 0.680385
21 -27.363747 13.000000 3.439096 -0.715354 0.000000 -0.698762 0.629200 0.680385
21 -28.260000 13.000000 5.320000 -1.000000 0.000000 0.000000 0.629200 0.688800
horse_atlas.bmp
21 -26.730001 14.600000 3.439096 -0.512328 0.493984 -0.702496 0.634640 0.680385
21 -28.260000 13.000000 5.320000 -1.000000 0.000000 0.000000 0.629200 0.688800
21 -27.363747 15.262742 5.320000 -0.715744 0.698363 0.000000 0.636893 0.688800
horse_atlas.bmp
21 -27.363747 13.000000 3.439096 -0.715354 0.000000 -0.698762 0.629200 0.680385
21 -26.730001 11.400000 3.439096 -0.512328 -0.493984 -0.702496 0.623760 0.680385
21 -27.363747 10.737258 5.320000 -0.715744 -0.698363 0.000000 0.621507 0.688800
horse_atlas.bmp
21 -27.363747 13.000000 3.439096 -0.715354 0.000000 -0.698762 0.629200 0.680385
21 -27.363747 10.737258 5.320000 -0.715744 -0.698363 0.000000 0.621507 0.688800
21 -28.260000 13.000000 5.320000 -1.000000 0.000000 0.000000 0.629200 0.688800
horse_atlas.bmp
21 -26.730001 11.400000 3.439096 -0.512328 -0.493984 -0.702496 0.684020 0.680385
21 -25.200001 10.737258 3.439096 -0.000000 -0.707973 -0.706239 0.689800 0.680385
21 -25.200001 9.800000 5.320000 -0.000000 -1.000000 0.000000 0.689800 0.688800
horse_atlas.bmp
21 -26.730001 11.400000 3.439096 -0.512328 -0.493984 -0.702496 0.684020 0.680385
21 -25.200001 9.800000 5.320000 -0.000000 -1.000000 0.000000 0.689800 0.688800
21 -27.363747 10.737258 5.320000 -0.715744 -0.698363 0.000000 0.681626 0.688800
horse_atlas.bmp
21 -25.200001 10.737258 3.439096 -0.000000 -0.707973 -0.706239 0.689800 0.680385
21 -23.670000 11.400000 3.439096 0.512328 -0.493984 -0.702496 0.695580 0.680385
21 -23.036253 10.737258 5.320000 0.715744 -0.698363 -0.000000 0.697974 0.688800
horse_atlas.bmp
21 -25.200001 10.737258 3.439096 -0.000000 -0.707973 -0.706239 0.689800 0.680385
21 -23.036253 10.737258 5.320000 0.715744 -0.698363 -0.000000 0.697974 0.688800
21 -25.200001 9.800000 5.320000 -0.000000 -1.000000 0.000000 0.689800 0.688800
horse_atlas.bmp
21 -23.670000 11.400000 3.439096 0.512328 -0.493984 -0.702496 0.623760 0.680385
21 -23.036253 13.000000 3.439096 0.715354 -0.000000 -0.698762 0.629200 0.680385
21 -22.139999 13.000000 5.320000 1.000000 0.000000 -0.000000 0.629200 0.688800
horse_atlas.bmp
21 -23.670000 11.400000 3.439096 0.512328 -0.493984 -0.702496 0.623760 0.680385
21 -22.139999 13.000000 5.320000 1.000000 0.000000 -0.000000 0.629200 0.688800
21 -23.036253 10.737258 5.320000 0.715744 -0.698363 -0.000000 0.621507 0.688800
horse_atlas.bmp
21 -22.139999 13.000000 5.320000 1.000000 0.000000 -0.000000 0.629200 0.688800
21 -23.036253 15.262742 5.320000 0.715744 0.698363 0.000000 0.636893 0.688800
21 -23.670000 14.600000 7.200904 0.512328 0.493984 0.702496 0.634640 0.697215
horse_atlas.bmp
21 -22.139999 13.000000 5.320000 1.000000 0.000000 -0.000000 0.629200 0.688800
21 -23.670000 14.600000 7.200904 0.512328 0.493984 0.702496 0.634640 0.697215
21 -23.036253 13.000000 7.200904 0.715354 0.000000 0.698763 0.629200 0.697215
horse_atlas.bmp
21 -23.036253 15.262742 5.320000 0.715744 0.698363 0.000000 0.697974 0.688800
21 -25.200001 16.200001 5.320000 -0.000000 1.000000 0.000000 0.689800 0.688800
21 -25.200001 15.262742 7.200904 0.000000 0.707973 0.706239 0.689800 0.697215
horse_atlas.bmp
21 -23.036253 15.262742 5.320000 0.715744 0.698363 0.000000 0.697974 0.688800
21 -25.200001 15.262742 7.200904 0.000000 0.707973 0.706239 0.689800 0.697215
21 -23.670000 14.600000 7.200904 0.512328 0.493984 0.702496 0.695580 0.697215
horse_atlas.bmp
21 -25.200001 16.200001 5.320000 -0.000000 1.000000 0.000000 0.689800 0.688800
21 -27.363747 15.262742 5.320000 -0.715744 0.698363 0.000000 0.681626 0.688800
21 -26.730001 14.600000 7.200904 -0.512328 0.493984 0.702495 0.684020 0.697215
horse_atlas.bmp
21 -25.200001 16.200001 5.320000 -0.000000 1.000000 0.000000 0.689800 0.688800
21 -26.730001 14.600000 7.200904 -0.512328 0.493984 0.702495 0.684020 0.697215
21 -25.200001 15.262742 7.200904 0.000000 0.707973 0.706239 0.689800 0.697215
horse_atlas.bmp
21 -27.363747 15.262742 5.320000 -0.715744 0.698363 0.000000 0.636893 0.688800
21 -28.260000 13.000000 5.320000 -1.000000 0.000000 0.000000 0.629200 0.688800
21 -27.363747 13.000000 7.200904 -0.715354 0.000000 0.698762 0.629200 0.697215
horse_atlas.bmp
21 -27.363747 15.262742 5.320000 -0.715744 0.698363 0.000000 0.636893 0.688800
21 -27.363747 13.000000 7.200904 -0.715354 0.000000 0.698762 0.629200 0.697215
21 -26.730001 14.600000 7.200904 -0.512328 0.493984 0.702495 0.634640 0.697215
horse_atlas.bmp
21 -28.260000 13.000000 5.320000 -1.000000 0.000000 0.000000 0.629200 0.688800
21 -27.363747 10.737258 5.320000 -0.715744 -0.698363 0.000000 0.621507 0.688800
21 -26.730001 11.400000 7.200904 -0.512328 -0.493984 0.702496 0.623760 0.697215
horse_atlas.bmp
21 -28.260000 13.000000 5.320000 -1.000000 0.000000 0.000000 0.629200 0.688800
21 -26.730001 11.400000 7.200904 -0.512328 -0.493984 0.702496 0.623760 0.697215
21 -27.363747 13.000000 7.200904 -0.715354 0.000000 0.698762 0.629200 0.697215
horse_atlas.bmp
21 -27.363747 10.737258 5.320000 -0.715744 -0.698363 0.000000 0.681626 0.688800
21 -25.200001 9.800000 5.320000 -0.000000 -1.000000 0.000000 0.689800 0.688800
21 -25.200001 10.737258 7.200904 -0.000000 -0.707973 0.706239 0.689800 0.697215
horse_atlas.bmp
21 -27.363747 10.737258 5.320000 -0.715744 -0.698363 0.000000 0.681626 0.688800
21 -25.200001 10.737258 7.200904 -0.000000 -0.707973 0.706239 0.689800 0.697215
21 -26.730001 11.400000 7.200904 -0.512328 -0.493984 0.702496 0.684020 0.697215
horse_atlas.bmp
21 -25.200001 9.800000 5.320000 -0.000000 -1.000000 0.000000 0.689800 0.688800
21 -23.036253 10.737258 5.320000 0.715744 -0.698363 -0.000000 0.697974 0.688800
21 -23.670000 11.400000 7.200904 0.512327 -0.493984 0.702496 0.695580 0.697215
horse_atlas.bmp
21 -25.200001 9.800000 5.320000 -0.000000 -1.000000 0.000000 0.689800 0.688800
21 -23.670000 11.400000 7.200904 0.512327 -0.493984 0.702496 0.695580 0.697215
21 -25.200001 10.737258 7.200904 -0.000000 -0.707973 0.706239 0.689800 0.697215
horse_atlas.bmp
21 -23.036253 10.737258 5.320000 0.715744 -0.698363 -0.000000 0.621507 0.688800
21 -22.139999 13.000000 5.320000 1.000000 0.000000 -0.000000 0.629200 0.688800
21 -23.036253 13.000000 7.200904 0.715354 0.000000 0.698763 0.629200 0.697215
horse_atlas.bmp
21 -23.036253 10.737258 5.320000 0.715744 -0.698363 -0.000000 0.621507 0.688800
21 -23.036253 13.000000 7.200904 0.715354 0.000000 0.698763 0.629200 0.697215
21 -23.670000 11.400000 7.200904 0.512327 -0.493984 0.702496 0.623760 0.697215
horse_atlas.bmp
21 -23.036253 13.000000 7.200904 0.715354 0.000000 0.698763 0.697974 0.709200
21 -23.670000 14.600000 7.200904 0.512328 0.493984 0.702496 0.695580 0.714640
21 -25.200001 13.000000 7.980000 0.239943 0.229827 0.943190 0.689800 0.709200
horse_atlas.bmp
21 -23.670000 14.600000 7.200904 0.512328 0.493984 0.702496 0.695580 0.714640
21 -25.200001 15.262742 7.200904 0.000000 0.707973 0.706239 0.689800 0.716893
21 -25.200001 13.000000 7.980000 0.000000 0.325557 0.945522 0.689800 0.709200
horse_atlas.bmp
21 -25.200001 15.262742 7.200904 0.000000 0.707973 0.706239 0.689800 0.716893
21 -26.730001 14.600000 7.200904 -0.512328 0.493984 0.702495 0.684020 0.714640
21 -25.200001 13.000000 7.980000 -0.239943 0.229827 0.943190 0.689800 0.709200
horse_atlas.bmp
21 -26.730001 14.600000 7.200904 -0.512328 0.493984 0.702495 0.684020 0.714640
21 -27.363747 13.000000 7.200904 -0.715354 0.000000 0.698762 0.681626 0.709200
21 -25.200001 13.000000 7.980000 -0.338777 0.000000 0.940867 0.689800 0.709200
horse_atlas.bmp
21 -27.363747 13.000000 7.200904 -0.715354 0.000000 0.698762 0.681626 0.709200
21 -26.730001 11.400000 7.200904 -0.512328 -0.493984 0.702496 0.684020 0.703760
21 -25.200001 13.000000 7.980000 -0.239943 -0.229827 0.943190 0.689800 0.709200
horse_atlas.bmp
21 -26.730001 11.400000 7.200904 -0.512328 -0.493984 0.702496 0.684020 0.703760
21 -25.200001 10.737258 7.200904 -0.000000 -0.707973 0.706239 0.689800 0.701507
21 -25.200001 13.000000 7.980000 -0.000000 -0.325557 0.945522 0.689800 0.709200
horse_atlas.bmp
21 -25.200001 10.737258 7.200904 -0.000000 -0.707973 0.706239 0.689800 0.701507
21 -23.670000 11.400000 7.200904 0.512327 -0.493984 0.702496 0.695580 0.703760
21 -25.200001 13.000000 7.980000 0.239943 -0.229827 0.943190 0.689800 0.709200
horse_atlas.bmp
21 -23.670000 11.400000 7.200904 0.512327 -0.493984 0.702496 0.695580 0.703760
21 -23.036253 13.000000 7.200904 0.715354 0.000000 0.698763 0.697974 0.709200
21 -25.200001 13.000000 7.980000 0.338776 0.000000 0.940867 0.689800 0.709200
horse_atlas.bmp
21 -23.400000 16.900000 4.560000 -0.075304 0.697614 0.712505 0.040600 0.351400
21 -20.931103 16.155167 4.808196 0.296686 0.575762 0.761889 0.049927 0.352510
21 -19.947990 16.640575 1.607154 0.543380 0.817511 0.190824 0.053641 0.338190
horse_atlas.bmp
21 -23.400000 16.900000 4.560000 -0.075304 0.697614 0.712505 0.040600 0.351400
21 -19.947990 16.640575 1.607154 0.543380 0.817511 0.190824 0.053641 0.338190
21 -22.950001 17.500000 1.368000 0.001684 0.988047 0.154141 0.042300 0.337120
horse_atlas.bmp
21 -20.931103 16.155167 4.808196 0.296686 0.575762 0.761889 0.183928 0.352510
21 -19.405239 14.205166 4.961590 0.551061 0.228897 0.802458 0.177298 0.353197
21 -18.092648 14.390576 1.754959 0.917116 0.325233 0.230483 0.177928 0.338851
horse_atlas.bmp
21 -20.931103 16.155167 4.808196 0.296686 0.575762 0.761889 0.183928 0.352510
21 -18.092648 14.390576 1.754959 0.917116 0.325233 0.230483 0.177928 0.338851
21 -19.947990 16.640575 1.607154 0.543380 0.817511 0.190824 0.185578 0.338190
horse_atlas.bmp
21 -19.405239 14.205166 4.961590 0.551061 0.228897 0.802458 0.177298 0.353197
21 -19.405239 11.794834 4.961590 0.551061 -0.228897 0.802458 0.169102 0.353197
21 -18.092648 11.609424 1.754959 0.917116 -0.325233 0.230483 0.168472 0.338851
horse_atlas.bmp
21 -19.405239 14.205166 4.961590 0.551061 0.228897 0.802458 0.177298 0.353197
21 -18.092648 11.609424 1.754959 0.917116 -0.325233 0.230483 0.168472 0.338851
21 -18.092648 14.390576 1.754959 0.917116 0.325233 0.230483 0.177928 0.338851
horse_atlas.bmp
21 -19.405239 11.794834 4.961590 0.551061 -0.228897 0.802458 0.169102 0.353197
21 -20.931103 9.844833 4.808196 0.296687 -0.575762 0.761890 0.162472 0.352510
21 -19.947990 9.359424 1.607154 0.543380 -0.817511 0.190824 0.160822 0.338190
horse_atlas.bmp
21 -19.405239 11.794834 4.961590 0.551061 -0.228897 0.802458 0.169102 0.353197
21 -19.947990 9.359424 1.607154 0.543380 -0.817511 0.190824 0.160822 0.338190
21 -18.092648 11.609424 1.754959 0.917116 -0.325233 0.230483 0.168472 0.338851
horse_atlas.bmp
21 -20.931103 9.844833 4.808196 0.296687 -0.575762 0.761890 0.049927 0.352510
21 -23.400000 9.100000 4.560000 -0.075304 -0.697614 0.712506 0.040600 0.351400
21 -22.950001 8.500000 1.368000 0.001684 -0.988047 0.154142 0.042300 0.337120
horse_atlas.bmp
21 -20.931103 9.844833 4.808196 0.296687 -0.575762 0.761890 0.049927 0.352510
21 -22.950001 8.500000 1.368000 0.001684 -0.988047 0.154142 0.042300 0.337120
21 -19.947990 9.359424 1.607154 0.543380 -0.817511 0.190824 0.053641 0.338190
horse_atlas.bmp
21 -23.400000 9.100000 4.560000 -0.075304 -0.697614 0.712506 0.040600 0.351400
21 -25.868896 9.844833 4.311804 -0.452896 -0.582586 0.674891 0.031273 0.350290
21 -25.952009 9.359424 1.128846 -0.544410 -0.824286 0.155470 0.030959 0.336050
horse_atlas.bmp
21 -23.400000 9.100000 4.560000 -0.075304 -0.697614 0.712506 0.040600 0.351400
21 -25.952009 9.359424 1.128846 -0.544410 -0.824286 0.155470 0.030959 0.336050
21 -22.950001 8.500000 1.368000 0.001684 -0.988047 0.154142 0.042300 0.337120
horse_atlas.bmp
21 -25.868896 9.844833 4.311804 -0.452896 -0.582586 0.674891 0.162472 0.350290
21 -27.394760 11.794834 4.158410 -0.718150 -0.233652 0.655489 0.169102 0.349603
21 -27.807352 11.609424 0.981041 -0.926139 -0.330312 0.182104 0.168472 0.335389
horse_atlas.bmp
21 -25.868896 9.844833 4.311804 -0.452896 -0.582586 0.674891 0.162472 0.350290
21 -27.807352 11.609424 0.981041 -0.926139 -0.330312 0.182104 0.168472 0.335389
21 -25.952009 9.359424 1.128846 -0.544410 -0.824286 0.155470 0.160822 0.336050
horse_atlas.bmp
21 -27.394760 11.794834 4.158410 -0.718150 -0.233652 0.655489 0.169102 0.349603
21 -27.394760 14.205166 4.158410 -0.718150 0.233653 0.655489 0.177298 0.349603
21 -27.807352 14.390576 0.981041 -0.926138 0.330312 0.182104 0.177928 0.335389
horse_atlas.bmp
21 -27.394760 11.794834 4.158410 -0.718150 -0.233652 0.655489 0.169102 0.349603
21 -27.807352 14.390576 0.981041 -0.926138 0.330312 0.182104 0.177928 0.335389
21 -27.807352 11.609424 0.981041 -0.926139 -0.330312 0.182104 0.168472 0.335389
horse_atlas.bmp
21 -27.394760 14.205166 4.158410 -0.718150 0.233653 0.655489 0.177298 0.349603
21 -25.868896 16.155167 4.311804 -0.452896 0.582586 0.674891 0.183928 0.350290
21 -25.952009 16.640575 1.128846 -0.544410 0.824286 0.155470 0.185578 0.336050
horse_atlas.bmp
21 -27.394760 14.205166 4.158410 -0.718150 0.233653 0.655489 0.177298 0.349603
21 -25.952009 16.640575 1.128846 -0.544410 0.824286 0.155470 0.185578 0.336050
21 -27.807352 14.390576 0.981041 -0.926138 0.330312 0.182104 0.177928 0.335389
horse_atlas.bmp
21 -25.868896 16.155167 4.311804 -0.452896 0.582586 0.674891 0.031273 0.350290
21 -23.400000 16.900000 4.560000 -0.075304 0.697614 0.712505 0.040600 0.351400
21 -22.950001 17.500000 1.368000 0.001684 0.988047 0.154141 0.042300 0.337120
horse_atlas.bmp
21 -25.868896 16.155167 4.311804 -0.452896 0.582586 0.674891 0.031273 0.350290
21 -22.950001 17.500000 1.368000 0.001684 0.988047 0.154141 0.042300 0.337120
21 -25.952009 16.640575 1.128846 -0.544410 0.824286 0.155470 0.030959 0.336050
horse_atlas.bmp
21 -22.950001 17.500000 1.368000 0.001684 0.988047 0.154141 0.042300 0.337120
21 -19.947990 16.640575 1.607154 0.543380 0.817511 0.190824 0.053641 0.338190
21 -19.881760 16.721478 0.532000 0.434343 0.664136 -0.608498 0.053891 0.333380
horse_atlas.bmp
21 -22.950001 17.500000 1.368000 0.001684 0.988047 0.154141 0.042300 0.337120
21 -19.881760 16.721478 0.532000 0.434343 0.664136 -0.608498 0.053891 0.333380
21 -22.950001 17.600000 0.532000 -0.003097 0.796954 -0.604032 0.042300 0.333380
horse_atlas.bmp
21 -19.947990 16.640575 1.607154 0.543380 0.817511 0.190824 0.185578 0.338190
21 -18.092648 14.390576 1.754959 0.917116 0.325233 0.230483 0.177928 0.338851
21 -17.985485 14.421478 0.532000 0.750991 0.269525 -0.602801 0.178033 0.333380
horse_atlas.bmp
21 -19.947990 16.640575 1.607154 0.543380 0.817511 0.190824 0.185578 0.338190
21 -17.985485 14.421478 0.532000 0.750991 0.269525 -0.602801 0.178033 0.333380
21 -19.881760 16.721478 0.532000 0.434343 0.664136 -0.608498 0.185853 0.333380
horse_atlas.bmp
21 -18.092648 14.390576 1.754959 0.917116 0.325233 0.230483 0.177928 0.338851
21 -18.092648 11.609424 1.754959 0.917116 -0.325233 0.230483 0.168472 0.338851
21 -17.985485 11.578522 0.532000 0.750991 -0.269525 -0.602801 0.168367 0.333380
horse_atlas.bmp
21 -18.092648 14.390576 1.754959 0.917116 0.325233 0.230483 0.177928 0.338851
21 -17.985485 11.578522 0.532000 0.750991 -0.269525 -0.602801 0.168367 0.333380
21 -17.985485 14.421478 0.532000 0.750991 0.269525 -0.602801 0.178033 0.333380
horse_atlas.bmp
21 -18.092648 11.609424 1.754959 0.917116 -0.325233 0.230483 0.168472 0.338851
21 -19.947990 9.359424 1.607154 0.543380 -0.817511 0.190824 0.160822 0.338190
21 -19.881760 9.278522 0.532000 0.434343 -0.664136 -0.608497 0.160547 0.333380
horse_atlas.bmp
21 -18.092648 11.609424 1.754959 0.917116 -0.325233 0.230483 0.168472 0.338851
21 -19.881760 9.278522 0.532000 0.434343 -0.664136 -0.608497 0.160547 0.333380
21 -17.985485 11.578522 0.532000 0.750991 -0.269525 -0.602801 0.168367 0.333380
horse_atlas.bmp
21 -19.947990 9.359424 1.607154 0.543380 -0.817511 0.190824 0.053641 0.338190
21 -22.950001 8.500000 1.368000 0.001684 -0.988047 0.154142 0.042300 0.337120
21 -22.950001 8.400000 0.532000 -0.003097 -0.796954 -0.604031 0.042300 0.333380
horse_atlas.bmp
21 -19.947990 9.359424 1.607154 0.543380 -0.817511 0.190824 0.053641 0.338190
21 -22.950001 8.400000 0.532000 -0.003097 -0.796954 -0.604031 0.042300 0.333380
21 -19.881760 9.278522 0.532000 0.434343 -0.664136 -0.608497 0.053891 0.333380
horse_atlas.bmp
21 -22.950001 8.500000 1.368000 0.001684 -0.988047 0.154142 0.042300 0.337120
21 -25.952009 9.359424 1.128846 -0.544410 -0.824286 0.155470 0.030959 0.336050
21 -26.018240 9.278522 0.532000 -0.450847 -0.677626 -0.580999 0.030709 0.333380
horse_atlas.bmp
21 -22.950001 8.500000 1.368000 0.001684 -0.988047 0.154142 0.042300 0.337120
21 -26.018240 9.278522 0.532000 -0.450847 -0.677626 -0.580999 0.030709 0.333380
21 -22.950001 8.400000 0.532000 -0.003097 -0.796954 -0.604031 0.042300 0.333380
horse_atlas.bmp
21 -25.952009 9.359424 1.128846 -0.544410 -0.824286 0.155470 0.160822 0.336050
21 -27.807352 11.609424 0.981041 -0.926139 -0.330312 0.182104 0.168472 0.335389
21 -27.914516 11.578522 0.532000 -0.785417 -0.278182 -0.552933 0.168367 0.333380
horse_atlas.bmp
21 -25.952009 9.359424 1.128846 -0.544410 -0.824286 0.155470 0.160822 0.336050
21 -27.914516 11.578522 0.532000 -0.785417 -0.278182 -0.552933 0.168367 0.333380
21 -26.018240 9.278522 0.532000 -0.450847 -0.677626 -0.580999 0.160547 0.333380
horse_atlas.bmp
21 -27.807352 11.609424 0.981041 -0.926139 -0.330312 0.182104 0.168472 0.335389
21 -27.807352 14.390576 0.981041 -0.926138 0.330312 0.182104 0.177928 0.335389
21 -27.914516 14.421478 0.532000 -0.785417 0.278182 -0.552933 0.178033 0.333380
horse_atlas.bmp
21 -27.807352 11.609424 0.981041 -0.926139 -0.330312 0.182104 0.168472 0.335389
21 -27.914516 14.421478 0.532000 -0.785417 0.278182 -0.552933 0.178033 0.333380
21 -27.914516 11.578522 0.532000 -0.785417 -0.278182 -0.552933 0.168367 0.333380
horse_atlas.bmp
21 -27.807352 14.390576 0.981041 -0.926138 0.330312 0.182104 0.177928 0.335389
21 -25.952009 16.640575 1.128846 -0.544410 0.824286 0.155470 0.185578 0.336050
21 -26.018240 16.721478 0.532000 -0.450847 0.677626 -0.580999 0.185853 0.333380
horse_atlas.bmp
21 -27.807352 14.390576 0.981041 -0.926138 0.330312 0.182104 0.177928 0.335389
21 -26.018240 16.721478 0.532000 -0.450847 0.677626 -0.580999 0.185853 0.333380
21 -27.914516 14.421478 0.532000 -0.785417 0.278182 -0.552933 0.178033 0.333380
horse_atlas.bmp
21 -25.952009 16.640575 1.128846 -0.544410 0.824286 0.155470 0.030959 0.336050
21 -22.950001 17.500000 1.368000 0.001684 0.988047 0.154141 0.042300 0.337120
21 -22.950001 17.600000 0.532000 -0.003097 0.796954 -0.604032 0.042300 0.333380
horse_atlas.bmp
21 -25.952009 16.640575 1.128846 -0.544410 0.824286 0.155470 0.030959 0.336050
21 -22.950001 17.600000 0.532000 -0.003097 0.796954 -0.604032 0.042300 0.333380
21 -26.018240 16.721478 0.532000 -0.450847 0.677626 -0.580999 0.030709 0.333380
horse_atlas.bmp
21 -23.400000 16.900000 4.560000 -0.075304 0.697614 0.712505 0.040600 0.388460
21 -25.868896 16.155167 4.311804 -0.452896 0.582586 0.674891 0.031273 0.385928
21 -27.394760 14.205166 4.158410 -0.718150 0.233653 0.655489 0.025509 0.379298
horse_atlas.bmp
21 -27.394760 14.205166 4.158410 -0.718150 0.233653 0.655489 0.025509 0.379298
21 -27.394760 11.794834 4.158410 -0.718150 -0.233652 0.655489 0.025509 0.371102
21 -25.868896 9.844833 4.311804 -0.452896 -0.582586 0.674891 0.031273 0.364472
horse_atlas.bmp
21 -25.868896 9.844833 4.311804 -0.452896 -0.582586 0.674891 0.031273 0.364472
21 -23.400000 9.100000 4.560000 -0.075304 -0.697614 0.712506 0.040600 0.361940
21 -20.931103 9.844833 4.808196 0.296687 -0.575762 0.761890 0.049927 0.364472
horse_atlas.bmp
21 -20.931103 9.844833 4.808196 0.296687 -0.575762 0.761890 0.049927 0.364472
21 -19.405239 11.794834 4.961590 0.551061 -0.228897 0.802458 0.055691 0.371102
21 -19.405239 14.205166 4.961590 0.551061 0.228897 0.802458 0.055691 0.379298
horse_atlas.bmp
21 -19.405239 14.205166 4.961590 0.551061 0.228897 0.802458 0.055691 0.379298
21 -20.931103 16.155167 4.808196 0.296686 0.575762 0.761889 0.049927 0.385928
21 -23.400000 16.900000 4.560000 -0.075304 0.697614 0.712505 0.040600 0.388460
horse_atlas.bmp
21 -23.400000 16.900000 4.560000 -0.075304 0.697614 0.712505 0.040600 0.388460
21 -27.394760 14.205166 4.158410 -0.718150 0.233653 0.655489 0.025509 0.379298
21 -25.868896 9.844833 4.311804 -0.452896 -0.582586 0.674891 0.031273 0.364472
horse_atlas.bmp
21 -25.868896 9.844833 4.311804 -0.452896 -0.582586 0.674891 0.031273 0.364472
21 -20.931103 9.844833 4.808196 0.296687 -0.575762 0.761890 0.049927 0.364472
21 -19.405239 14.205166 4.961590 0.551061 0.228897 0.802458 0.055691 0.379298
horse_atlas.bmp
21 -25.868896 9.844833 4.311804 -0.452896 -0.582586 0.674891 0.031273 0.364472
21 -19.405239 14.205166 4.961590 0.551061 0.228897 0.802458 0.055691 0.379298
21 -23.400000 16.900000 4.560000 -0.075304 0.697614 0.712505 0.040600 0.388460
horse_atlas.bmp
21 -26.018240 16.721478 0.532000 -0.450847 0.677626 -0.580999 0.030709 0.387853
21 -22.950001 17.600000 0.532000 -0.003097 0.796954 -0.604032 0.042300 0.390840
21 -19.881760 16.721478 0.532000 0.434343 0.664136 -0.608498 0.053891 0.387853
horse_atlas.bmp
21 -19.881760 16.721478 0.532000 0.434343 0.664136 -0.608498 0.053891 0.387853
21 -17.985485 14.421478 0.532000 0.750991 0.269525 -0.602801 0.061055 0.380033
21 -17.985485 11.578522 0.532000 0.750991 -0.269525 -0.602801 0.061055 0.370367
horse_atlas.bmp
21 -17.985485 11.578522 0.532000 0.750991 -0.269525 -0.602801 0.061055 0.370367
21 -19.881760 9.278522 0.532000 0.434343 -0.664136 -0.608497 0.053891 0.362547
21 -22.950001 8.400000 0.532000 -0.003097 -0.796954 -0.604031 0.042300 0.359560
horse_atlas.bmp
21 -22.950001 8.400000 0.532000 -0.003097 -0.796954 -0.604031 0.042300 0.359560
21 -26.018240 9.278522 0.532000 -0.450847 -0.677626 -0.580999 0.030709 0.362547
21 -27.914516 11.578522 0.532000 -0.785417 -0.278182 -0.552933 0.223545 0.370367
horse_atlas.bmp
21 -27.914516 11.578522 0.532000 -0.785417 -0.278182 -0.552933 0.223545 0.370367
21 -27.914516 14.421478 0.532000 -0.785417 0.278182 -0.552933 0.223545 0.380033
21 -26.018240 16.721478 0.532000 -0.450847 0.677626 -0.580999 0.030709 0.387853
horse_atlas.bmp
21 -26.018240 16.721478 0.532000 -0.450847 0.677626 -0.580999 0.030709 0.387853
21 -19.881760 16.721478 0.532000 0.434343 0.664136 -0.608498 0.053891 0.387853
21 -17.985485 11.578522 0.532000 0.750991 -0.269525 -0.602801 0.061055 0.370367
horse_atlas.bmp
21 -17.985485 11.578522 0.532000 0.750991 -0.269525 -0.602801 0.061055 0.370367
21 -22.950001 8.400000 0.532000 -0.003097 -0.796954 -0.604031 0.042300 0.359560
21 -27.914516 11.578522 0.532000 -0.785417 -0.278182 -0.552933 0.223545 0.370367
horse_atlas.bmp
21 -17.985485 11.578522 0.532000 0.750991 -0.269525 -0.602801 0.061055 0.370367
21 -27.914516 11.578522 0.532000 -0.785417 -0.278182 -0.552933 0.223545 0.370367
21 -26.018240 16.721478 0.532000 -0.450847 0.677626 -0.580999 0.030709 0.387853
horse_atlas.bmp
1 -17.100000 18.000000 59.279999 -0.600775 0.739011 -0.304847 0.892400 0.434200
1 -17.285219 15.588457 59.540676 -0.970575 0.057148 0.233921 0.891700 0.426001
1 -12.709142 17.320509 61.928654 -0.289130 0.093906 0.952673 0.908988 0.431890
horse_atlas.bmp
1 -17.100000 18.000000 59.279999 -0.600775 0.739011 -0.304847 0.892400 0.434200
1 -12.709142 17.320509 61.928654 -0.289130 0.093906 0.952673 0.908988 0.431890
1 -12.600000 20.000000 61.560001 -0.189882 0.980217 0.055860 0.909400 0.441000
horse_atlas.bmp
1 -17.285219 15.588457 59.540676 -0.970575 0.057148 0.233921 0.891700 0.426001
1 -17.420807 9.000000 59.731506 -0.972643 0.016311 0.231733 0.891188 0.403600
1 -12.789038 10.000000 62.198532 -0.281357 0.024819 0.959282 0.908686 0.407000
horse_atlas.bmp
1 -17.285219 15.588457 59.540676 -0.970575 0.057148 0.233921 0.891700 0.426001
1 -12.789038 10.000000 62.198532 -0.281357 0.024819 0.959282 0.908686 0.407000
1 -12.709142 17.320509 61.928654 -0.289130 0.093906 0.952673 0.908988 0.431890
horse_atlas.bmp
1 -17.420807 9.000000 59.731506 -0.972643 0.016311 0.231733 0.891188 0.403600
1 -17.470436 0.000000 59.801357 -0.972843 -0.000000 0.231468 0.891001 0.373000
1 -12.818282 0.000000 62.297310 -0.280690 0.000000 0.959799 0.908575 0.373000
horse_atlas.bmp
1 -17.420807 9.000000 59.731506 -0.972643 0.016311 0.231733 0.891188 0.403600
1 -12.818282 0.000000 62.297310 -0.280690 0.000000 0.959799 0.908575 0.373000
1 -12.789038 10.000000 62.198532 -0.281357 0.024819 0.959282 0.908686 0.407000
horse_atlas.bmp
1 -17.470436 0.000000 59.801357 -0.972843 -0.000000 0.231468 0.891001 0.373000
1 -17.420807 -9.000000 59.731506 -0.972643 -0.016311 0.231733 0.891188 0.342400
1 -12.789038 -10.000000 62.198532 -0.281357 -0.024819 0.959282 0.908686 0.339000
horse_atlas.bmp
1 -17.470436 0.000000 59.801357 -0.972843 -0.000000 0.231468 0.891001 0.373000
1 -12.789038 -10.000000 62.198532 -0.281357 -0.024819 0.959282 0.908686 0.339000
1 -12.818282 0.000000 62.297310 -0.280690 0.000000 0.959799 0.908575 0.373000
horse_atlas.bmp
1 -17.420807 -9.000000 59.731506 -0.972643 -0.016311 0.231733 0.891188 0.342400
1 -17.285219 -15.588457 59.540676 -0.970575 -0.057148 0.233921 0.891700 0.319999
1 -12.709142 -17.320509 61.928654 -0.289131 -0.093906 0.952673 0.908988 0.314110
horse_atlas.bmp
1 -17.420807 -9.000000 59.731506 -0.972643 -0.016311 0.231733 0.891188 0.342400
1 -12.709142 -17.320509 61.928654 -0.289131 -0.093906 0.952673 0.908988 0.314110
1 -12.789038 -10.000000 62.198532 -0.281357 -0.024819 0.959282 0.908686 0.339000
horse_atlas.bmp
1 -17.285219 -15.588457 59.540676 -0.970575 -0.057148 0.233921 0.891700 0.319999
1 -17.100000 -18.000000 59.279999 -0.600775 -0.739011 -0.304848 0.892400 0.311800
1 -12.600000 -20.000000 61.560001 -0.189882 -0.980217 0.055860 0.909400 0.305000
horse_atlas.bmp
1 -17.285219 -15.588457 59.540676 -0.970575 -0.057148 0.233921 0.891700 0.319999
1 -12.600000 -20.000000 61.560001 -0.189882 -0.980217 0.055860 0.909400 0.305000
1 -12.709142 -17.320509 61.928654 -0.289131 -0.093906 0.952673 0.908988 0.314110
horse_atlas.bmp
1 -17.100000 -18.000000 59.279999 -0.600775 -0.739011 -0.304848 0.892400 0.311800
1 -16.914782 -15.588457 59.019325 -0.245305 -0.050125 -0.968149 0.893100 0.319999
1 -12.490858 -17.320509 61.191349 0.245862 -0.094541 -0.964683 0.909812 0.314110
horse_atlas.bmp
1 -17.100000 -18.000000 59.279999 -0.600775 -0.739011 -0.304848 0.892400 0.311800
1 -12.490858 -17.320509 61.191349 0.245862 -0.094541 -0.964683 0.909812 0.314110
1 -12.600000 -20.000000 61.560001 -0.189882 -0.980217 0.055860 0.909400 0.305000
horse_atlas.bmp
1 -16.914782 -15.588457 59.019325 -0.245305 -0.050125 -0.968149 0.893100 0.319999
1 -16.779192 -9.000000 58.828495 -0.248468 -0.014082 -0.968538 0.893612 0.342400
1 -12.410962 -10.000000 60.921471 0.256315 -0.024863 -0.966274 0.910114 0.339000
horse_atlas.bmp
1 -16.914782 -15.588457 59.019325 -0.245305 -0.050125 -0.968149 0.893100 0.319999
1 -12.410962 -10.000000 60.921471 0.256315 -0.024863 -0.966274 0.910114 0.339000
1 -12.490858 -17.320509 61.191349 0.245862 -0.094541 -0.964683 0.909812 0.314110
horse_atlas.bmp
1 -16.779192 -9.000000 58.828495 -0.248468 -0.014082 -0.968538 0.893612 0.342400
1 -16.729563 -0.000000 58.758644 -0.248897 -0.000000 -0.968530 0.893799 0.373000
1 -12.381718 -0.000000 60.822689 0.257078 0.000000 -0.966391 0.910225 0.373000
horse_atlas.bmp
1 -16.779192 -9.000000 58.828495 -0.248468 -0.014082 -0.968538 0.893612 0.342400
1 -12.381718 -0.000000 60.822689 0.257078 0.000000 -0.966391 0.910225 0.373000
1 -12.410962 -10.000000 60.921471 0.256315 -0.024863 -0.966274 0.910114 0.339000
horse_atlas.bmp
1 -16.729563 -0.000000 58.758644 -0.248897 -0.000000 -0.968530 0.893799 0.373000
1 -16.779192 9.000000 58.828495 -0.248468 0.014082 -0.968538 0.893612 0.403600
1 -12.410962 10.000000 60.921471 0.256315 0.024863 -0.966274 0.910114 0.407000
horse_atlas.bmp
1 -16.729563 -0.000000 58.758644 -0.248897 -0.000000 -0.968530 0.893799 0.373000
1 -12.410962 10.000000 60.921471 0.256315 0.024863 -0.966274 0.910114 0.407000
1 -12.381718 -0.000000 60.822689 0.257078 0.000000 -0.966391 0.910225 0.373000
horse_atlas.bmp
1 -16.779192 9.000000 58.828495 -0.248468 0.014082 -0.968538 0.893612 0.403600
1 -16.914782 15.588457 59.019325 -0.245306 0.050125 -0.968149 0.893100 0.426001
1 -12.490858 17.320509 61.191349 0.245861 0.094541 -0.964684 0.909812 0.431890
horse_atlas.bmp
1 -16.779192 9.000000 58.828495 -0.248468 0.014082 -0.968538 0.893612 0.403600
1 -12.490858 17.320509 61.191349 0.245861 0.094541 -0.964684 0.909812 0.431890
1 -12.410962 10.000000 60.921471 0.256315 0.024863 -0.966274 0.910114 0.407000
horse_atlas.bmp
1 -16.914782 15.588457 59.019325 -0.245306 0.050125 -0.968149 0.893100 0.426001
1 -17.100000 18.000000 59.279999 -0.600775 0.739011 -0.304847 0.892400 0.434200
1 -12.600000 20.000000 61.560001 -0.189882 0.980217 0.055860 0.909400 0.441000
horse_atlas.bmp
1 -16.914782 15.588457 59.019325 -0.245306 0.050125 -0.968149 0.893100 0.426001
1 -12.600000 20.000000 61.560001 -0.189882 0.980217 0.055860 0.909400 0.441000
1 -12.490858 17.320509 61.191349 0.245861 0.094541 -0.964684 0.909812 0.431890
horse_atlas.bmp
1 -12.600000 20.000000 61.560001 -0.189882 0.980217 0.055860 0.909400 0.441000
1 -12.709142 17.320509 61.928654 -0.289130 0.093906 0.952673 0.908988 0.431890
1 -2.700000 17.320509 62.700001 -0.002399 0.091167 0.995833 0.946800 0.431890
horse_atlas.bmp
1 -12.600000 20.000000 61.560001 -0.189882 0.980217 0.055860 0.909400 0.441000
1 -2.700000 17.320509 62.700001 -0.002399 0.091167 0.995833 0.946800 0.431890
1 -2.700000 20.000000 62.320000 0.038383 0.998354 0.042625 0.946800 0.441000
horse_atlas.bmp
1 -12.709142 17.320509 61.928654 -0.289130 0.093906 0.952673 0.908988 0.431890
1 -12.789038 10.000000 62.198532 -0.281357 0.024819 0.959282 0.908686 0.407000
1 -2.700000 10.000000 62.978180 -0.005300 0.024475 0.999686 0.946800 0.407000
horse_atlas.bmp
1 -12.709142 17.320509 61.928654 -0.289130 0.093906 0.952673 0.908988 0.431890
1 -2.700000 10.000000 62.978180 -0.005300 0.024475 0.999686 0.946800 0.407000
1 -2.700000 17.320509 62.700001 -0.002399 0.091167 0.995833 0.946800 0.431890
horse_atlas.bmp
1 -12.789038 10.000000 62.198532 -0.281357 0.024819 0.959282 0.908686 0.407000
1 -12.818282 0.000000 62.297310 -0.280690 0.000000 0.959799 0.908575 0.373000
1 -2.700000 0.000000 63.080002 -0.005825 0.000000 0.999983 0.946800 0.373000
horse_atlas.bmp
1 -12.789038 10.000000 62.198532 -0.281357 0.024819 0.959282 0.908686 0.407000
1 -2.700000 0.000000 63.080002 -0.005825 0.000000 0.999983 0.946800 0.373000
1 -2.700000 10.000000 62.978180 -0.005300 0.024475 0.999686 0.946800 0.407000
horse_atlas.bmp
1 -12.818282 0.000000 62.297310 -0.280690 0.000000 0.959799 0.908575 0.373000
1 -12.789038 -10.000000 62.198532 -0.281357 -0.024819 0.959282 0.908686 0.339000
1 -2.700000 -10.000000 62.978180 -0.005300 -0.024475 0.999686 0.946800 0.339000
horse_atlas.bmp
1 -12.818282 0.000000 62.297310 -0.280690 0.000000 0.959799 0.908575 0.373000
1 -2.700000 -10.000000 62.978180 -0.005300 -0.024475 0.999686 0.946800 0.339000
1 -2.700000 0.000000 63.080002 -0.005825 0.000000 0.999983 0.946800 0.373000
horse_atlas.bmp
1 -12.789038 -10.000000 62.198532 -0.281357 -0.024819 0.959282 0.908686 0.339000
1 -12.709142 -17.320509 61.928654 -0.289131 -0.093906 0.952673 0.908988 0.314110
1 -2.700000 -17.320509 62.700001 -0.002399 -0.091167 0.995833 0.946800 0.314110
horse_atlas.bmp
1 -12.789038 -10.000000 62.198532 -0.281357 -0.024819 0.959282 0.908686 0.339000
1 -2.700000 -17.320509 62.700001 -0.002399 -0.091167 0.995833 0.946800 0.314110
1 -2.700000 -10.000000 62.978180 -0.005300 -0.024475 0.999686 0.946800 0.339000
horse_atlas.bmp
1 -12.709142 -17.320509 61.928654 -0.289131 -0.093906 0.952673 0.908988 0.314110
1 -12.600000 -20.000000 61.560001 -0.189882 -0.980217 0.055860 0.909400 0.305000
1 -2.700000 -20.000000 62.320000 0.038383 -0.998354 0.042625 0.946800 0.305000
horse_atlas.bmp
1 -12.709142 -17.320509 61.928654 -0.289131 -0.093906 0.952673 0.908988 0.314110
1 -2.700000 -20.000000 62.320000 0.038383 -0.998354 0.042625 0.946800 0.305000
1 -2.700000 -17.320509 62.700001 -0.002399 -0.091167 0.995833 0.946800 0.314110
horse_atlas.bmp
1 -12.600000 -20.000000 61.560001 -0.189882 -0.980217 0.055860 0.909400 0.305000
1 -12.490858 -17.320509 61.191349 0.245862 -0.094541 -0.964683 0.909812 0.314110
1 -2.700000 -17.320509 61.939999 0.009402 -0.091487 -0.995762 0.946800 0.314110
horse_atlas.bmp
1 -12.600000 -20.000000 61.560001 -0.189882 -0.980217 0.055860 0.909400 0.305000
1 -2.700000 -17.320509 61.939999 0.009402 -0.091487 -0.995762 0.946800 0.314110
1 -2.700000 -20.000000 62.320000 0.038383 -0.998354 0.042625 0.946800 0.305000
horse_atlas.bmp
1 -12.490858 -17.320509 61.191349 0.245862 -0.094541 -0.964683 0.909812 0.314110
1 -12.410962 -10.000000 60.921471 0.256315 -0.024863 -0.966274 0.910114 0.339000
1 -2.700000 -10.000000 61.661819 0.006463 -0.024503 -0.999679 0.946800 0.339000
horse_atlas.bmp
1 -12.490858 -17.320509 61.191349 0.245862 -0.094541 -0.964683 0.909812 0.314110
1 -2.700000 -10.000000 61.661819 0.006463 -0.024503 -0.999679 0.946800 0.339000
1 -2.700000 -17.320509 61.939999 0.009402 -0.091487 -0.995762 0.946800 0.314110
horse_atlas.bmp
1 -12.410962 -10.000000 60.921471 0.256315 -0.024863 -0.966274 0.910114 0.339000
1 -12.381718 -0.000000 60.822689 0.257078 0.000000 -0.966391 0.910225 0.373000
1 -2.700000 -0.000000 61.560001 0.005925 0.000000 -0.999982 0.946800 0.373000
horse_atlas.bmp
1 -12.410962 -10.000000 60.921471 0.256315 -0.024863 -0.966274 0.910114 0.339000
1 -2.700000 -0.000000 61.560001 0.005925 0.000000 -0.999982 0.946800 0.373000
1 -2.700000 -10.000000 61.661819 0.006463 -0.024503 -0.999679 0.946800 0.339000
horse_atlas.bmp
1 -12.381718 -0.000000 60.822689 0.257078 0.000000 -0.966391 0.910225 0.373000
1 -12.410962 10.000000 60.921471 0.256315 0.024863 -0.966274 0.910114 0.407000
1 -2.700000 10.000000 61.661819 0.006463 0.024503 -0.999679 0.946800 0.407000
horse_atlas.bmp
1 -12.381718 -0.000000 60.822689 0.257078 0.000000 -0.966391 0.910225 0.373000
1 -2.700000 10.000000 61.661819 0.006463 0.024503 -0.999679 0.946800 0.407000
1 -2.700000 -0.000000 61.560001 0.005925 0.000000 -0.999982 0.946800 0.373000
horse_atlas.bmp
1 -12.410962 10.000000 60.921471 0.256315 0.024863 -0.966274 0.910114 0.407000
1 -12.490858 17.320509 61.191349 0.245861 0.094541 -0.964684 0.909812 0.431890
1 -2.700000 17.320509 61.939999 0.009402 0.091488 -0.995762 0.946800 0.431890
horse_atlas.bmp
1 -12.410962 10.000000 60.921471 0.256315 0.024863 -0.966274 0.910114 0.407000
1 -2.700000 17.320509 61.939999 0.009402 0.091488 -0.995762 0.946800 0.431890
1 -2.700000 10.000000 61.661819 0.006463 0.024503 -0.999679 0.946800 0.407000
horse_atlas.bmp
1 -12.490858 17.320509 61.191349 0.245861 0.094541 -0.964684 0.909812 0.431890
1 -12.600000 20.000000 61.560001 -0.189882 0.980217 0.055860 0.909400 0.441000
1 -2.700000 20.000000 62.320000 0.038383 0.998354 0.042625 0.946800 0.441000
horse_atlas.bmp
1 -12.490858 17.320509 61.191349 0.245861 0.094541 -0.964684 0.909812 0.431890
1 -2.700000 20.000000 62.320000 0.038383 0.998354 0.042625 0.946800 0.441000
1 -2.700000 17.320509 61.939999 0.009402 0.091488 -0.995762 0.946800 0.431890
horse_atlas.bmp
1 -2.700000 20.000000 62.320000 0.038383 0.998354 0.042625 0.946800 0.441000
1 -2.700000 17.320509 62.700001 -0.002399 0.091167 0.995833 0.946800 0.431890
1 9.097619 16.454483 61.930950 0.286790 0.096276 0.953143 0.791369 0.428945
horse_atlas.bmp
1 -2.700000 20.000000 62.320000 0.038383 0.998354 0.042625 0.946800 0.441000
1 9.097619 16.454483 61.930950 0.286790 0.096276 0.953143 0.791369 0.428945
1 9.000000 19.000000 61.560001 0.231644 0.971235 0.055167 0.791000 0.437600
horse_atlas.bmp
1 -2.700000 17.320509 62.700001 -0.002399 0.091167 0.995833 0.946800 0.431890
1 -2.700000 10.000000 62.978180 -0.005300 0.024475 0.999686 0.946800 0.407000
1 9.169081 9.500000 62.202507 0.275825 0.025609 0.960867 0.791639 0.405300
horse_atlas.bmp
1 -2.700000 17.320509 62.700001 -0.002399 0.091167 0.995833 0.946800 0.431890
1 9.169081 9.500000 62.202507 0.275825 0.025609 0.960867 0.791639 0.405300
1 9.097619 16.454483 61.930950 0.286790 0.096276 0.953143 0.791369 0.428945
horse_atlas.bmp
1 -2.700000 10.000000 62.978180 -0.005300 0.024475 0.999686 0.946800 0.407000
1 -2.700000 0.000000 63.080002 -0.005825 0.000000 0.999983 0.946800 0.373000
1 9.195237 0.000000 62.301903 0.274501 0.000000 0.961587 0.791738 0.373000
horse_atlas.bmp
1 -2.700000 10.000000 62.978180 -0.005300 0.024475 0.999686 0.946800 0.407000
1 9.195237 0.000000 62.301903 0.274501 0.000000 0.961587 0.791738 0.373000
1 9.169081 9.500000 62.202507 0.275825 0.025609 0.960867 0.791639 0.405300
horse_atlas.bmp
1 -2.700000 0.000000 63.080002 -0.005825 0.000000 0.999983 0.946800 0.373000
1 -2.700000 -10.000000 62.978180 -0.005300 -0.024475 0.999686 0.946800 0.339000
1 9.169081 -9.500000 62.202507 0.275825 -0.025609 0.960867 0.791639 0.340700
horse_atlas.bmp
1 -2.700000 0.000000 63.080002 -0.005825 0.000000 0.999983 0.946800 0.373000
1 9.169081 -9.500000 62.202507 0.275825 -0.025609 0.960867 0.791639 0.340700
1 9.195237 0.000000 62.301903 0.274501 0.000000 0.961587 0.791738 0.373000
horse_atlas.bmp
1 -2.700000 -10.000000 62.978180 -0.005300 -0.024475 0.999686 0.946800 0.339000
1 -2.700000 -17.320509 62.700001 -0.002399 -0.091167 0.995833 0.946800 0.314110
1 9.097619 -16.454483 61.930950 0.286790 -0.096276 0.953143 0.791369 0.317055
horse_atlas.bmp
1 -2.700000 -10.000000 62.978180 -0.005300 -0.024475 0.999686 0.946800 0.339000
1 9.097619 -16.454483 61.930950 0.286790 -0.096276 0.953143 0.791369 0.317055
1 9.169081 -9.500000 62.202507 0.275825 -0.025609 0.960867 0.791639 0.340700
horse_atlas.bmp
1 -2.700000 -17.320509 62.700001 -0.002399 -0.091167 0.995833 0.946800 0.314110
1 -2.700000 -20.000000 62.320000 0.038383 -0.998354 0.042625 0.946800 0.305000
1 9.000000 -19.000000 61.560001 0.231644 -0.971235 0.055167 0.791000 0.308400
horse_atlas.bmp
1 -2.700000 -17.320509 62.700001 -0.002399 -0.091167 0.995833 0.946800 0.314110
1 9.000000 -19.000000 61.560001 0.231644 -0.971235 0.055167 0.791000 0.308400
1 9.097619 -16.454483 61.930950 0.286790 -0.096276 0.953143 0.791369 0.317055
horse_atlas.bmp
1 -2.700000 -20.000000 62.320000 0.038383 -0.998354 0.042625 0.946800 0.305000
1 -2.700000 -17.320509 61.939999 0.009402 -0.091487 -0.995762 0.946800 0.314110
1 8.902381 -16.454483 61.189053 -0.236284 -0.097176 -0.966812 0.790631 0.317055
horse_atlas.bmp
1 -2.700000 -20.000000 62.320000 0.038383 -0.998354 0.042625 0.946800 0.305000
1 8.902381 -16.454483 61.189053 -0.236284 -0.097176 -0.966812 0.790631 0.317055
1 9.000000 -19.000000 61.560001 0.231644 -0.971235 0.055167 0.791000 0.308400
horse_atlas.bmp
1 -2.700000 -17.320509 61.939999 0.009402 -0.091487 -0.995762 0.946800 0.314110
1 -2.700000 -10.000000 61.661819 0.006463 -0.024503 -0.999679 0.946800 0.339000
1 8.830919 -9.500000 60.917492 -0.250419 -0.025679 -0.967797 0.790361 0.340700
horse_atlas.bmp
1 -2.700000 -17.320509 61.939999 0.009402 -0.091487 -0.995762 0.946800 0.314110
1 8.830919 -9.500000 60.917492 -0.250419 -0.025679 -0.967797 0.790361 0.340700
1 8.902381 -16.454483 61.189053 -0.236284 -0.097176 -0.966812 0.790631 0.317055
horse_atlas.bmp
1 -2.700000 -10.000000 61.661819 0.006463 -0.024503 -0.999679 0.946800 0.339000
1 -2.700000 -0.000000 61.560001 0.005925 0.000000 -0.999982 0.946800 0.373000
1 8.804763 -0.000000 60.818096 -0.251894 0.000000 -0.967755 0.790262 0.373000
horse_atlas.bmp
1 -2.700000 -10.000000 61.661819 0.006463 -0.024503 -0.999679 0.946800 0.339000
1 8.804763 -0.000000 60.818096 -0.251894 0.000000 -0.967755 0.790262 0.373000
1 8.830919 -9.500000 60.917492 -0.250419 -0.025679 -0.967797 0.790361 0.340700
horse_atlas.bmp
1 -2.700000 -0.000000 61.560001 0.005925 0.000000 -0.999982 0.946800 0.373000
1 -2.700000 10.000000 61.661819 0.006463 0.024503 -0.999679 0.946800 0.407000
1 8.830919 9.500000 60.917492 -0.250419 0.025679 -0.967797 0.790361 0.405300
horse_atlas.bmp
1 -2.700000 -0.000000 61.560001 0.005925 0.000000 -0.999982 0.946800 0.373000
1 8.830919 9.500000 60.917492 -0.250419 0.025679 -0.967797 0.790361 0.405300
1 8.804763 -0.000000 60.818096 -0.251894 0.000000 -0.967755 0.790262 0.373000
horse_atlas.bmp
1 -2.700000 10.000000 61.661819 0.006463 0.024503 -0.999679 0.946800 0.407000
1 -2.700000 17.320509 61.939999 0.009402 0.091488 -0.995762 0.946800 0.431890
1 8.902381 16.454483 61.189053 -0.236284 0.097176 -0.966813 0.790631 0.428945
horse_atlas.bmp
1 -2.700000 10.000000 61.661819 0.006463 0.024503 -0.999679 0.946800 0.407000
1 8.902381 16.454483 61.189053 -0.236284 0.097176 -0.966813 0.790631 0.428945
1 8.830919 9.500000 60.917492 -0.250419 0.025679 -0.967797 0.790361 0.405300
horse_atlas.bmp
1 -2.700000 17.320509 61.939999 0.009402 0.091488 -0.995762 0.946800 0.431890
1 -2.700000 20.000000 62.320000 0.038383 0.998354 0.042625 0.946800 0.441000
1 9.000000 19.000000 61.560001 0.231644 0.971235 0.055167 0.791000 0.437600
horse_atlas.bmp
1 -2.700000 17.320509 61.939999 0.009402 0.091488 -0.995762 0.946800 0.431890
1 9.000000 19.000000 61.560001 0.231644 0.971235 0.055167 0.791000 0.437600
1 8.902381 16.454483 61.189053 -0.236284 0.097176 -0.966813 0.790631 0.428945
horse_atlas.bmp
1 9.000000 19.000000 61.560001 0.231644 0.971235 0.055167 0.791000 0.437600
1 9.097619 16.454483 61.930950 0.286790 0.096276 0.953143 0.791369 0.428945
1 13.685219 14.722432 59.540676 0.970317 0.059987 0.234279 0.808700 0.423056
horse_atlas.bmp
1 9.000000 19.000000 61.560001 0.231644 0.971235 0.055167 0.791000 0.437600
1 13.685219 14.722432 59.540676 0.970317 0.059987 0.234279 0.808700 0.423056
1 13.500000 17.000000 59.279999 0.600718 0.739099 -0.304747 0.808000 0.430800
horse_atlas.bmp
1 9.097619 16.454483 61.930950 0.286790 0.096276 0.953143 0.791369 0.428945
1 9.169081 9.500000 62.202507 0.275825 0.025609 0.960867 0.791639 0.405300
1 13.820807 8.500000 59.731506 0.972481 0.017146 0.232351 0.809212 0.401900
horse_atlas.bmp
1 9.097619 16.454483 61.930950 0.286790 0.096276 0.953143 0.791369 0.428945
1 13.820807 8.500000 59.731506 0.972481 0.017146 0.232351 0.809212 0.401900
1 13.685219 14.722432 59.540676 0.970317 0.059987 0.234279 0.808700 0.423056
horse_atlas.bmp
1 9.169081 9.500000 62.202507 0.275825 0.025609 0.960867 0.791639 0.405300
1 9.195237 0.000000 62.301903 0.274501 0.000000 0.961587 0.791738 0.373000
1 13.870437 0.000000 59.801357 0.972668 0.000000 0.232199 0.809399 0.373000
horse_atlas.bmp
1 9.169081 9.500000 62.202507 0.275825 0.025609 0.960867 0.791639 0.405300
1 13.870437 0.000000 59.801357 0.972668 0.000000 0.232199 0.809399 0.373000
1 13.820807 8.500000 59.731506 0.972481 0.017146 0.232351 0.809212 0.401900
horse_atlas.bmp
1 9.195237 0.000000 62.301903 0.274501 0.000000 0.961587 0.791738 0.373000
1 9.169081 -9.500000 62.202507 0.275825 -0.025609 0.960867 0.791639 0.340700
1 13.820807 -8.500000 59.731506 0.972481 -0.017146 0.232351 0.809212 0.344100
horse_atlas.bmp
1 9.195237 0.000000 62.301903 0.274501 0.000000 0.961587 0.791738 0.373000
1 13.820807 -8.500000 59.731506 0.972481 -0.017146 0.232351 0.809212 0.344100
1 13.870437 0.000000 59.801357 0.972668 0.000000 0.232199 0.809399 0.373000
horse_atlas.bmp
1 9.169081 -9.500000 62.202507 0.275825 -0.025609 0.960867 0.791639 0.340700
1 9.097619 -16.454483 61.930950 0.286790 -0.096276 0.953143 0.791369 0.317055
1 13.685219 -14.722432 59.540676 0.970317 -0.059987 0.234279 0.808700 0.322944
horse_atlas.bmp
1 9.169081 -9.500000 62.202507 0.275825 -0.025609 0.960867 0.791639 0.340700
1 13.685219 -14.722432 59.540676 0.970317 -0.059987 0.234279 0.808700 0.322944
1 13.820807 -8.500000 59.731506 0.972481 -0.017146 0.232351 0.809212 0.344100
horse_atlas.bmp
1 9.097619 -16.454483 61.930950 0.286790 -0.096276 0.953143 0.791369 0.317055
1 9.000000 -19.000000 61.560001 0.231644 -0.971235 0.055167 0.791000 0.308400
1 13.500000 -17.000000 59.279999 0.600718 -0.739099 -0.304747 0.808000 0.315200
horse_atlas.bmp
1 9.097619 -16.454483 61.930950 0.286790 -0.096276 0.953143 0.791369 0.317055
1 13.500000 -17.000000 59.279999 0.600718 -0.739099 -0.304747 0.808000 0.315200
1 13.685219 -14.722432 59.540676 0.970317 -0.059987 0.234279 0.808700 0.322944
horse_atlas.bmp
1 9.000000 -19.000000 61.560001 0.231644 -0.971235 0.055167 0.791000 0.308400
1 8.902381 -16.454483 61.189053 -0.236284 -0.097176 -0.966812 0.790631 0.317055
1 13.314781 -14.722432 59.019325 0.244959 -0.052724 -0.968099 0.807300 0.322944
horse_atlas.bmp
1 9.000000 -19.000000 61.560001 0.231644 -0.971235 0.055167 0.791000 0.308400
1 13.314781 -14.722432 59.019325 0.244959 -0.052724 -0.968099 0.807300 0.322944
1 13.500000 -17.000000 59.279999 0.600718 -0.739099 -0.304747 0.808000 0.315200
horse_atlas.bmp
1 8.902381 -16.454483 61.189053 -0.236284 -0.097176 -0.966812 0.790631 0.317055
1 8.830919 -9.500000 60.917492 -0.250419 -0.025679 -0.967797 0.790361 0.340700
1 13.179193 -8.500000 58.828495 0.247895 -0.014808 -0.968674 0.806788 0.344100
horse_atlas.bmp
1 8.902381 -16.454483 61.189053 -0.236284 -0.097176 -0.966812 0.790631 0.317055
1 13.179193 -8.500000 58.828495 0.247895 -0.014808 -0.968674 0.806788 0.344100
1 13.314781 -14.722432 59.019325 0.244959 -0.052724 -0.968099 0.807300 0.322944
horse_atlas.bmp
1 8.830919 -9.500000 60.917492 -0.250419 -0.025679 -0.967797 0.790361 0.340700
1 8.804763 -0.000000 60.818096 -0.251894 0.000000 -0.967755 0.790262 0.373000
1 13.129563 -0.000000 58.758644 0.248211 0.000000 -0.968706 0.806601 0.373000
horse_atlas.bmp
1 8.830919 -9.500000 60.917492 -0.250419 -0.025679 -0.967797 0.790361 0.340700
1 13.129563 -0.000000 58.758644 0.248211 0.000000 -0.968706 0.806601 0.373000
1 13.179193 -8.500000 58.828495 0.247895 -0.014808 -0.968674 0.806788 0.344100
horse_atlas.bmp
1 8.804763 -0.000000 60.818096 -0.251894 0.000000 -0.967755 0.790262 0.373000
1 8.830919 9.500000 60.917492 -0.250419 0.025679 -0.967797 0.790361 0.405300
1 13.179193 8.500000 58.828495 0.247895 0.014808 -0.968674 0.806788 0.401900
horse_atlas.bmp
1 8.804763 -0.000000 60.818096 -0.251894 0.000000 -0.967755 0.790262 0.373000
1 13.179193 8.500000 58.828495 0.247895 0.014808 -0.968674 0.806788 0.401900
1 13.129563 -0.000000 58.758644 0.248211 0.000000 -0.968706 0.806601 0.373000
horse_atlas.bmp
1 8.830919 9.500000 60.917492 -0.250419 0.025679 -0.967797 0.790361 0.405300
1 8.902381 16.454483 61.189053 -0.236284 0.097176 -0.966813 0.790631 0.428945
1 13.314781 14.722432 59.019325 0.244959 0.052724 -0.968099 0.807300 0.423056
horse_atlas.bmp
1 8.830919 9.500000 60.917492 -0.250419 0.025679 -0.967797 0.790361 0.405300
1 13.314781 14.722432 59.019325 0.244959 0.052724 -0.968099 0.807300 0.423056
1 13.179193 8.500000 58.828495 0.247895 0.014808 -0.968674 0.806788 0.401900
horse_atlas.bmp
1 8.902381 16.454483 61.189053 -0.236284 0.097176 -0.966813 0.790631 0.428945
1 9.000000 19.000000 61.560001 0.231644 0.971235 0.055167 0.791000 0.437600
1 13.500000 17.000000 59.279999 0.600718 0.739099 -0.304747 0.808000 0.430800
horse_atlas.bmp
1 8.902381 16.454483 61.189053 -0.236284 0.097176 -0.966813 0.790631 0.428945
1 13.500000 17.000000 59.279999 0.600718 0.739099 -0.304747 0.808000 0.430800
1 13.314781 14.722432 59.019325 0.244959 0.052724 -0.968099 0.807300 0.423056
horse_atlas.bmp
1 -17.100000 18.000000 59.279999 -0.600775 0.739011 -0.304847 0.818200 0.438200
1 -16.914782 15.588457 59.019325 -0.245306 0.050125 -0.968149 0.810001 0.437034
1 -16.779192 9.000000 58.828495 -0.248468 0.014082 -0.968538 0.787600 0.436180
horse_atlas.bmp
1 -16.779192 9.000000 58.828495 -0.248468 0.014082 -0.968538 0.787600 0.436180
1 -16.729563 -0.000000 58.758644 -0.248897 -0.000000 -0.968530 0.957000 0.435868
1 -16.779192 -9.000000 58.828495 -0.248468 -0.014082 -0.968538 0.926400 0.436180
horse_atlas.bmp
1 -16.779192 -9.000000 58.828495 -0.248468 -0.014082 -0.968538 0.926400 0.436180
1 -16.914782 -15.588457 59.019325 -0.245305 -0.050125 -0.968149 0.903999 0.437034
1 -17.100000 -18.000000 59.279999 -0.600775 -0.739011 -0.304848 0.895800 0.438200
horse_atlas.bmp
1 -17.100000 -18.000000 59.279999 -0.600775 -0.739011 -0.304848 0.895800 0.438200
1 -17.285219 -15.588457 59.540676 -0.970575 -0.057148 0.233921 0.903999 0.439366
1 -17.420807 -9.000000 59.731506 -0.972643 -0.016311 0.231733 0.926400 0.440220
horse_atlas.bmp
1 -17.420807 -9.000000 59.731506 -0.972643 -0.016311 0.231733 0.926400 0.440220
1 -17.470436 0.000000 59.801357 -0.972843 -0.000000 0.231468 0.957000 0.440532
1 -17.420807 9.000000 59.731506 -0.972643 0.016311 0.231733 0.787600 0.440220
horse_atlas.bmp
1 -17.420807 9.000000 59.731506 -0.972643 0.016311 0.231733 0.787600 0.440220
1 -17.285219 15.588457 59.540676 -0.970575 0.057148 0.233921 0.810001 0.439366
1 -17.100000 18.000000 59.279999 -0.600775 0.739011 -0.304847 0.818200 0.438200
horse_atlas.bmp
1 -17.100000 18.000000 59.279999 -0.600775 0.739011 -0.304847 0.818200 0.438200
1 -16.779192 9.000000 58.828495 -0.248468 0.014082 -0.968538 0.787600 0.436180
1 -16.779192 -9.000000 58.828495 -0.248468 -0.014082 -0.968538 0.926400 0.436180
horse_atlas.bmp
1 -16.779192 -9.000000 58.828495 -0.248468 -0.014082 -0.968538 0.926400 0.436180
1 -17.100000 -18.000000 59.279999 -0.600775 -0.739011 -0.304848 0.895800 0.438200
1 -17.420807 -9.000000 59.731506 -0.972643 -0.016311 0.231733 0.926400 0.440220
horse_atlas.bmp
1 -17.420807 -9.000000 59.731506 -0.972643 -0.016311 0.231733 0.926400 0.440220
1 -17.420807 9.000000 59.731506 -0.972643 0.016311 0.231733 0.787600 0.440220
1 -17.100000 18.000000 59.279999 -0.600775 0.739011 -0.304847 0.818200 0.438200
horse_atlas.bmp
1 -16.779192 -9.000000 58.828495 -0.248468 -0.014082 -0.968538 0.926400 0.436180
1 -17.420807 -9.000000 59.731506 -0.972643 -0.016311 0.231733 0.926400 0.440220
1 -17.100000 18.000000 59.279999 -0.600775 0.739011 -0.304847 0.818200 0.438200
horse_atlas.bmp
1 13.314781 14.722432 59.019325 0.244959 0.052724 -0.968099 0.807056 0.437034
1 13.500000 17.000000 59.279999 0.600718 0.739099 -0.304747 0.814800 0.438200
1 13.685219 14.722432 59.540676 0.970317 0.059987 0.234279 0.807056 0.439366
horse_atlas.bmp
1 13.685219 14.722432 59.540676 0.970317 0.059987 0.234279 0.807056 0.439366
1 13.820807 8.500000 59.731506 0.972481 0.017146 0.232351 0.785900 0.440220
1 13.870437 0.000000 59.801357 0.972668 0.000000 0.232199 0.957000 0.440532
horse_atlas.bmp
1 13.870437 0.000000 59.801357 0.972668 0.000000 0.232199 0.957000 0.440532
1 13.820807 -8.500000 59.731506 0.972481 -0.017146 0.232351 0.928100 0.440220
1 13.685219 -14.722432 59.540676 0.970317 -0.059987 0.234279 0.906944 0.439366
horse_atlas.bmp
1 13.685219 -14.722432 59.540676 0.970317 -0.059987 0.234279 0.906944 0.439366
1 13.500000 -17.000000 59.279999 0.600718 -0.739099 -0.304747 0.899200 0.438200
1 13.314781 -14.722432 59.019325 0.244959 -0.052724 -0.968099 0.906944 0.437034
horse_atlas.bmp
1 13.314781 -14.722432 59.019325 0.244959 -0.052724 -0.968099 0.906944 0.437034
1 13.179193 -8.500000 58.828495 0.247895 -0.014808 -0.968674 0.928100 0.436180
1 13.129563 -0.000000 58.758644 0.248211 0.000000 -0.968706 0.957000 0.435868
horse_atlas.bmp
1 13.129563 -0.000000 58.758644 0.248211 0.000000 -0.968706 0.957000 0.435868
1 13.179193 8.500000 58.828495 0.247895 0.014808 -0.968674 0.785900 0.436180
1 13.314781 14.722432 59.019325 0.244959 0.052724 -0.968099 0.807056 0.437034
horse_atlas.bmp
1 13.314781 14.722432 59.019325 0.244959 0.052724 -0.968099 0.807056 0.437034
1 13.685219 14.722432 59.540676 0.970317 0.059987 0.234279 0.807056 0.439366
1 13.870437 0.000000 59.801357 0.972668 0.000000 0.232199 0.957000 0.440532
horse_atlas.bmp
1 13.870437 0.000000 59.801357 0.972668 0.000000 0.232199 0.957000 0.440532
1 13.685219 -14.722432 59.540676 0.970317 -0.059987 0.234279 0.906944 0.439366
1 13.314781 -14.722432 59.019325 0.244959 -0.052724 -0.968099 0.906944 0.437034
horse_atlas.bmp
1 13.314781 -14.722432 59.019325 0.244959 -0.052724 -0.968099 0.906944 0.437034
1 13.129563 -0.000000 58.758644 0.248211 0.000000 -0.968706 0.957000 0.435868
1 13.314781 14.722432 59.019325 0.244959 0.052724 -0.968099 0.807056 0.437034
horse_atlas.bmp
1 13.870437 0.000000 59.801357 0.972668 0.000000 0.232199 0.957000 0.440532
1 13.314781 -14.722432 59.019325 0.244959 -0.052724 -0.968099 0.906944 0.437034
1 13.314781 14.722432 59.019325 0.244959 0.052724 -0.968099 0.807056 0.437034
horse_atlas.bmp
1 -13.500000 9.000000 63.840000 -0.663229 0.748415 0.001557 0.354000 0.375600
1 -13.500000 7.794229 64.980003 -0.648259 0.289602 0.704195 0.354000 0.371500
1 -8.930973 8.660254 64.597763 0.054129 0.384536 0.921522 0.371261 0.374445
horse_atlas.bmp
1 -13.500000 9.000000 63.840000 -0.663229 0.748415 0.001557 0.354000 0.375600
1 -8.930973 8.660254 64.597763 0.054129 0.384536 0.921522 0.371261 0.374445
1 -9.000000 10.000000 63.840000 -0.046656 0.998608 0.024606 0.371000 0.379000
horse_atlas.bmp
1 -13.500000 7.794229 64.980003 -0.648259 0.289602 0.704195 0.354000 0.371500
1 -13.500000 4.500000 65.814537 -0.642970 0.091811 0.760369 0.354000 0.360300
1 -8.880442 5.000000 65.152481 0.111646 0.114462 0.987134 0.371452 0.362000
horse_atlas.bmp
1 -13.500000 7.794229 64.980003 -0.648259 0.289602 0.704195 0.354000 0.371500
1 -8.880442 5.000000 65.152481 0.111646 0.114462 0.987134 0.371452 0.362000
1 -8.930973 8.660254 64.597763 0.054129 0.384536 0.921522 0.371261 0.374445
horse_atlas.bmp
1 -13.500000 4.500000 65.814537 -0.642970 0.091811 0.760369 0.354000 0.360300
1 -13.500000 0.000000 66.120003 -0.636269 -0.000000 0.771467 0.354000 0.345000
1 -8.861946 0.000000 65.355522 0.128298 -0.000000 0.991736 0.371522 0.345000
horse_atlas.bmp
1 -13.500000 4.500000 65.814537 -0.642970 0.091811 0.760369 0.354000 0.360300
1 -8.861946 0.000000 65.355522 0.128298 -0.000000 0.991736 0.371522 0.345000
1 -8.880442 5.000000 65.152481 0.111646 0.114462 0.987134 0.371452 0.362000
horse_atlas.bmp
1 -13.500000 0.000000 66.120003 -0.636269 -0.000000 0.771467 0.354000 0.345000
1 -13.500000 -4.500000 65.814537 -0.642969 -0.091811 0.760369 0.354000 0.329700
1 -8.880442 -5.000000 65.152481 0.111647 -0.114462 0.987134 0.371452 0.328000
horse_atlas.bmp
1 -13.500000 0.000000 66.120003 -0.636269 -0.000000 0.771467 0.354000 0.345000
1 -8.880442 -5.000000 65.152481 0.111647 -0.114462 0.987134 0.371452 0.328000
1 -8.861946 0.000000 65.355522 0.128298 -0.000000 0.991736 0.371522 0.345000
horse_atlas.bmp
1 -13.500000 -4.500000 65.814537 -0.642969 -0.091811 0.760369 0.354000 0.329700
1 -13.500000 -7.794229 64.980003 -0.648259 -0.289602 0.704196 0.354000 0.318500
1 -8.930973 -8.660254 64.597763 0.054130 -0.384536 0.921522 0.371261 0.315555
horse_atlas.bmp
1 -13.500000 -4.500000 65.814537 -0.642969 -0.091811 0.760369 0.354000 0.329700
1 -8.930973 -8.660254 64.597763 0.054130 -0.384536 0.921522 0.371261 0.315555
1 -8.880442 -5.000000 65.152481 0.111647 -0.114462 0.987134 0.371452 0.328000
horse_atlas.bmp
1 -13.500000 -7.794229 64.980003 -0.648259 -0.289602 0.704196 0.354000 0.318500
1 -13.500000 -9.000000 63.840000 -0.663229 -0.748415 0.001557 0.354000 0.314400
1 -9.000000 -10.000000 63.840000 -0.046656 -0.998608 0.024606 0.371000 0.311000
horse_atlas.bmp
1 -13.500000 -7.794229 64.980003 -0.648259 -0.289602 0.704196 0.354000 0.318500
1 -9.000000 -10.000000 63.840000 -0.046656 -0.998608 0.024606 0.371000 0.311000
1 -8.930973 -8.660254 64.597763 0.054130 -0.384536 0.921522 0.371261 0.315555
horse_atlas.bmp
1 -13.500000 -9.000000 63.840000 -0.663229 -0.748415 0.001557 0.354000 0.314400
1 -13.500000 -7.794229 62.700001 -0.647850 -0.289861 -0.704465 0.354000 0.318500
1 -9.069027 -8.660254 63.082237 -0.046864 -0.389969 -0.919635 0.370739 0.315555
horse_atlas.bmp
1 -13.500000 -9.000000 63.840000 -0.663229 -0.748415 0.001557 0.354000 0.314400
1 -9.069027 -8.660254 63.082237 -0.046864 -0.389969 -0.919635 0.370739 0.315555
1 -9.000000 -10.000000 63.840000 -0.046656 -0.998608 0.024606 0.371000 0.311000
horse_atlas.bmp
1 -13.500000 -7.794229 62.700001 -0.647850 -0.289861 -0.704465 0.354000 0.318500
1 -13.500000 -4.500000 61.865463 -0.640494 -0.091179 -0.762531 0.354000 0.329700
1 -9.119558 -5.000000 62.527515 0.010243 -0.115294 -0.993279 0.370548 0.328000
horse_atlas.bmp
1 -13.500000 -7.794229 62.700001 -0.647850 -0.289861 -0.704465 0.354000 0.318500
1 -9.119558 -5.000000 62.527515 0.010243 -0.115294 -0.993279 0.370548 0.328000
1 -9.069027 -8.660254 63.082237 -0.046864 -0.389969 -0.919635 0.370739 0.315555
horse_atlas.bmp
1 -13.500000 -4.500000 61.865463 -0.640494 -0.091179 -0.762531 0.354000 0.329700
1 -13.500000 -0.000000 61.560001 -0.632934 0.000000 -0.774206 0.354000 0.345000
1 -9.138054 -0.000000 62.324478 0.028183 0.000000 -0.999603 0.370478 0.345000
horse_atlas.bmp
1 -13.500000 -4.500000 61.865463 -0.640494 -0.091179 -0.762531 0.354000 0.329700
1 -9.138054 -0.000000 62.324478 0.028183 0.000000 -0.999603 0.370478 0.345000
1 -9.119558 -5.000000 62.527515 0.010243 -0.115294 -0.993279 0.370548 0.328000
horse_atlas.bmp
1 -13.500000 -0.000000 61.560001 -0.632934 0.000000 -0.774206 0.354000 0.345000
1 -13.500000 4.500000 61.865463 -0.640494 0.091179 -0.762531 0.354000 0.360300
1 -9.119558 5.000000 62.527515 0.010243 0.115294 -0.993279 0.370548 0.362000
horse_atlas.bmp
1 -13.500000 -0.000000 61.560001 -0.632934 0.000000 -0.774206 0.354000 0.345000
1 -9.119558 5.000000 62.527515 0.010243 0.115294 -0.993279 0.370548 0.362000
1 -9.138054 -0.000000 62.324478 0.028183 0.000000 -0.999603 0.370478 0.345000
horse_atlas.bmp
1 -13.500000 4.500000 61.865463 -0.640494 0.091179 -0.762531 0.354000 0.360300
1 -13.500000 7.794229 62.700001 -0.647850 0.289861 -0.704465 0.354000 0.371500
1 -9.069027 8.660254 63.082237 -0.046864 0.389969 -0.919635 0.370739 0.374445
horse_atlas.bmp
1 -13.500000 4.500000 61.865463 -0.640494 0.091179 -0.762531 0.354000 0.360300
1 -9.069027 8.660254 63.082237 -0.046864 0.389969 -0.919635 0.370739 0.374445
1 -9.119558 5.000000 62.527515 0.010243 0.115294 -0.993279 0.370548 0.362000
horse_atlas.bmp
1 -13.500000 7.794229 62.700001 -0.647850 0.289861 -0.704465 0.354000 0.371500
1 -13.500000 9.000000 63.840000 -0.663229 0.748415 0.001557 0.354000 0.375600
1 -9.000000 10.000000 63.840000 -0.046656 0.998608 0.024606 0.371000 0.379000
horse_atlas.bmp
1 -13.500000 7.794229 62.700001 -0.647850 0.289861 -0.704465 0.354000 0.371500
1 -9.000000 10.000000 63.840000 -0.046656 0.998608 0.024606 0.371000 0.379000
1 -9.069027 8.660254 63.082237 -0.046864 0.389969 -0.919635 0.370739 0.374445
horse_atlas.bmp
1 -9.000000 10.000000 63.840000 -0.046656 0.998608 0.024606 0.371000 0.379000
1 -8.930973 8.660254 64.597763 0.054129 0.384536 0.921522 0.371261 0.374445
1 -1.800000 8.227242 63.840000 0.037059 0.352316 0.935147 0.398200 0.372973
horse_atlas.bmp
1 -9.000000 10.000000 63.840000 -0.046656 0.998608 0.024606 0.371000 0.379000
1 -1.800000 8.227242 63.840000 0.037059 0.352316 0.935147 0.398200 0.372973
1 -1.800000 9.500000 63.080002 0.087527 0.994813 -0.051831 0.398200 0.377300
horse_atlas.bmp
1 -8.930973 8.660254 64.597763 0.054129 0.384536 0.921522 0.371261 0.374445
1 -8.880442 5.000000 65.152481 0.111646 0.114462 0.987134 0.371452 0.362000
1 -1.800000 4.750000 64.396355 0.012099 0.103297 0.994577 0.398200 0.361150
horse_atlas.bmp
1 -8.930973 8.660254 64.597763 0.054129 0.384536 0.921522 0.371261 0.374445
1 -1.800000 4.750000 64.396355 0.012099 0.103297 0.994577 0.398200 0.361150
1 -1.800000 8.227242 63.840000 0.037059 0.352316 0.935147 0.398200 0.372973
horse_atlas.bmp
1 -8.880442 5.000000 65.152481 0.111646 0.114462 0.987134 0.371452 0.362000
1 -8.861946 0.000000 65.355522 0.128298 -0.000000 0.991736 0.371522 0.345000
1 -1.800000 0.000000 64.599998 0.007064 0.000000 0.999975 0.398200 0.345000
horse_atlas.bmp
1 -8.880442 5.000000 65.152481 0.111646 0.114462 0.987134 0.371452 0.362000
1 -1.800000 0.000000 64.599998 0.007064 0.000000 0.999975 0.398200 0.345000
1 -1.800000 4.750000 64.396355 0.012099 0.103297 0.994577 0.398200 0.361150
horse_atlas.bmp
1 -8.861946 0.000000 65.355522 0.128298 -0.000000 0.991736 0.371522 0.345000
1 -8.880442 -5.000000 65.152481 0.111647 -0.114462 0.987134 0.371452 0.328000
1 -1.800000 -4.750000 64.396355 0.012099 -0.103297 0.994577 0.398200 0.328850
horse_atlas.bmp
1 -8.861946 0.000000 65.355522 0.128298 -0.000000 0.991736 0.371522 0.345000
1 -1.800000 -4.750000 64.396355 0.012099 -0.103297 0.994577 0.398200 0.328850
1 -1.800000 0.000000 64.599998 0.007064 0.000000 0.999975 0.398200 0.345000
horse_atlas.bmp
1 -8.880442 -5.000000 65.152481 0.111647 -0.114462 0.987134 0.371452 0.328000
1 -8.930973 -8.660254 64.597763 0.054130 -0.384536 0.921522 0.371261 0.315555
1 -1.800000 -8.227242 63.840000 0.037059 -0.352316 0.935147 0.398200 0.317027
horse_atlas.bmp
1 -8.880442 -5.000000 65.152481 0.111647 -0.114462 0.987134 0.371452 0.328000
1 -1.800000 -8.227242 63.840000 0.037059 -0.352316 0.935147 0.398200 0.317027
1 -1.800000 -4.750000 64.396355 0.012099 -0.103297 0.994577 0.398200 0.328850
horse_atlas.bmp
1 -8.930973 -8.660254 64.597763 0.054130 -0.384536 0.921522 0.371261 0.315555
1 -9.000000 -10.000000 63.840000 -0.046656 -0.998608 0.024606 0.371000 0.311000
1 -1.800000 -9.500000 63.080002 0.087528 -0.994813 -0.051831 0.398200 0.312700
horse_atlas.bmp
1 -8.930973 -8.660254 64.597763 0.054130 -0.384536 0.921522 0.371261 0.315555
1 -1.800000 -9.500000 63.080002 0.087528 -0.994813 -0.051831 0.398200 0.312700
1 -1.800000 -8.227242 63.840000 0.037059 -0.352316 0.935147 0.398200 0.317027
horse_atlas.bmp
1 -9.000000 -10.000000 63.840000 -0.046656 -0.998608 0.024606 0.371000 0.311000
1 -9.069027 -8.660254 63.082237 -0.046864 -0.389969 -0.919635 0.370739 0.315555
1 -1.800000 -8.227242 62.320000 0.022567 -0.345526 -0.938138 0.398200 0.317027
horse_atlas.bmp
1 -9.000000 -10.000000 63.840000 -0.046656 -0.998608 0.024606 0.371000 0.311000
1 -1.800000 -8.227242 62.320000 0.022567 -0.345526 -0.938138 0.398200 0.317027
1 -1.800000 -9.500000 63.080002 0.087528 -0.994813 -0.051831 0.398200 0.312700
horse_atlas.bmp
1 -9.069027 -8.660254 63.082237 -0.046864 -0.389969 -0.919635 0.370739 0.315555
1 -9.119558 -5.000000 62.527515 0.010243 -0.115294 -0.993279 0.370548 0.328000
1 -1.800000 -4.750000 61.763645 0.000078 -0.102567 -0.994726 0.398200 0.328850
horse_atlas.bmp
1 -9.069027 -8.660254 63.082237 -0.046864 -0.389969 -0.919635 0.370739 0.315555
1 -1.800000 -4.750000 61.763645 0.000078 -0.102567 -0.994726 0.398200 0.328850
1 -1.800000 -8.227242 62.320000 0.022567 -0.345526 -0.938138 0.398200 0.317027
horse_atlas.bmp
1 -9.119558 -5.000000 62.527515 0.010243 -0.115294 -0.993279 0.370548 0.328000
1 -9.138054 -0.000000 62.324478 0.028183 0.000000 -0.999603 0.370478 0.345000
1 -1.800000 -0.000000 61.560001 -0.004612 0.000000 -0.999989 0.398200 0.345000
horse_atlas.bmp
1 -9.119558 -5.000000 62.527515 0.010243 -0.115294 -0.993279 0.370548 0.328000
1 -1.800000 -0.000000 61.560001 -0.004612 0.000000 -0.999989 0.398200 0.345000
1 -1.800000 -4.750000 61.763645 0.000078 -0.102567 -0.994726 0.398200 0.328850
horse_atlas.bmp
1 -9.138054 -0.000000 62.324478 0.028183 0.000000 -0.999603 0.370478 0.345000
1 -9.119558 5.000000 62.527515 0.010243 0.115294 -0.993279 0.370548 0.362000
1 -1.800000 4.750000 61.763645 0.000078 0.102567 -0.994726 0.398200 0.361150
horse_atlas.bmp
1 -9.138054 -0.000000 62.324478 0.028183 0.000000 -0.999603 0.370478 0.345000
1 -1.800000 4.750000 61.763645 0.000078 0.102567 -0.994726 0.398200 0.361150
1 -1.800000 -0.000000 61.560001 -0.004612 0.000000 -0.999989 0.398200 0.345000
horse_atlas.bmp
1 -9.119558 5.000000 62.527515 0.010243 0.115294 -0.993279 0.370548 0.362000
1 -9.069027 8.660254 63.082237 -0.046864 0.389969 -0.919635 0.370739 0.374445
1 -1.800000 8.227242 62.320000 0.022567 0.345526 -0.938138 0.398200 0.372973
horse_atlas.bmp
1 -9.119558 5.000000 62.527515 0.010243 0.115294 -0.993279 0.370548 0.362000
1 -1.800000 8.227242 62.320000 0.022567 0.345526 -0.938138 0.398200 0.372973
1 -1.800000 4.750000 61.763645 0.000078 0.102567 -0.994726 0.398200 0.361150
horse_atlas.bmp
1 -9.069027 8.660254 63.082237 -0.046864 0.389969 -0.919635 0.370739 0.374445
1 -9.000000 10.000000 63.840000 -0.046656 0.998608 0.024606 0.371000 0.379000
1 -1.800000 9.500000 63.080002 0.087527 0.994813 -0.051831 0.398200 0.377300
horse_atlas.bmp
1 -9.069027 8.660254 63.082237 -0.046864 0.389969 -0.919635 0.370739 0.374445
1 -1.800000 9.500000 63.080002 0.087527 0.994813 -0.051831 0.398200 0.377300
1 -1.800000 8.227242 62.320000 0.022567 0.345526 -0.938138 0.398200 0.372973
horse_atlas.bmp
1 -1.800000 9.500000 63.080002 0.087527 0.994813 -0.051831 0.398200 0.377300
1 -1.800000 8.227242 63.840000 0.037059 0.352316 0.935147 0.398200 0.372973
1 6.172721 7.361216 64.592361 0.036146 0.448527 0.893038 0.428319 0.370028
horse_atlas.bmp
1 -1.800000 9.500000 63.080002 0.087527 0.994813 -0.051831 0.398200 0.377300
1 6.172721 7.361216 64.592361 0.036146 0.448527 0.893038 0.428319 0.370028
1 6.300000 8.500000 63.840000 0.302081 0.952781 0.030924 0.428800 0.373900
horse_atlas.bmp
1 -1.800000 8.227242 63.840000 0.037059 0.352316 0.935147 0.398200 0.372973
1 -1.800000 4.750000 64.396355 0.012099 0.103297 0.994577 0.398200 0.361150
1 6.079546 4.250000 65.143127 -0.151523 0.147039 0.977456 0.427967 0.359450
horse_atlas.bmp
1 -1.800000 8.227242 63.840000 0.037059 0.352316 0.935147 0.398200 0.372973
1 6.079546 4.250000 65.143127 -0.151523 0.147039 0.977456 0.427967 0.359450
1 6.172721 7.361216 64.592361 0.036146 0.448527 0.893038 0.428319 0.370028
horse_atlas.bmp
1 -1.800000 4.750000 64.396355 0.012099 0.103297 0.994577 0.398200 0.361150
1 -1.800000 0.000000 64.599998 0.007064 0.000000 0.999975 0.398200 0.345000
1 6.045442 0.000000 65.344719 -0.202931 0.000000 0.979193 0.427838 0.345000
horse_atlas.bmp
1 -1.800000 4.750000 64.396355 0.012099 0.103297 0.994577 0.398200 0.361150
1 6.045442 0.000000 65.344719 -0.202931 0.000000 0.979193 0.427838 0.345000
1 6.079546 4.250000 65.143127 -0.151523 0.147039 0.977456 0.427967 0.359450
horse_atlas.bmp
1 -1.800000 0.000000 64.599998 0.007064 0.000000 0.999975 0.398200 0.345000
1 -1.800000 -4.750000 64.396355 0.012099 -0.103297 0.994577 0.398200 0.328850
1 6.079546 -4.250000 65.143127 -0.151523 -0.147039 0.977456 0.427967 0.330550
horse_atlas.bmp
1 -1.800000 0.000000 64.599998 0.007064 0.000000 0.999975 0.398200 0.345000
1 6.079546 -4.250000 65.143127 -0.151523 -0.147039 0.977456 0.427967 0.330550
1 6.045442 0.000000 65.344719 -0.202931 0.000000 0.979193 0.427838 0.345000
horse_atlas.bmp
1 -1.800000 -4.750000 64.396355 0.012099 -0.103297 0.994577 0.398200 0.328850
1 -1.800000 -8.227242 63.840000 0.037059 -0.352316 0.935147 0.398200 0.317027
1 6.172721 -7.361216 64.592361 0.036146 -0.448527 0.893038 0.428319 0.319972
horse_atlas.bmp
1 -1.800000 -4.750000 64.396355 0.012099 -0.103297 0.994577 0.398200 0.328850
1 6.172721 -7.361216 64.592361 0.036146 -0.448527 0.893038 0.428319 0.319972
1 6.079546 -4.250000 65.143127 -0.151523 -0.147039 0.977456 0.427967 0.330550
horse_atlas.bmp
1 -1.800000 -8.227242 63.840000 0.037059 -0.352316 0.935147 0.398200 0.317027
1 -1.800000 -9.500000 63.080002 0.087528 -0.994813 -0.051831 0.398200 0.312700
1 6.300000 -8.500000 63.840000 0.302081 -0.952781 0.030924 0.428800 0.316100
horse_atlas.bmp
1 -1.800000 -8.227242 63.840000 0.037059 -0.352316 0.935147 0.398200 0.317027
1 6.300000 -8.500000 63.840000 0.302081 -0.952781 0.030924 0.428800 0.316100
1 6.172721 -7.361216 64.592361 0.036146 -0.448527 0.893038 0.428319 0.319972
horse_atlas.bmp
1 -1.800000 -9.500000 63.080002 0.087528 -0.994813 -0.051831 0.398200 0.312700
1 -1.800000 -8.227242 62.320000 0.022567 -0.345526 -0.938138 0.398200 0.317027
1 6.427279 -7.361216 63.087635 0.259981 -0.455082 -0.851651 0.429281 0.319972
horse_atlas.bmp
1 -1.800000 -9.500000 63.080002 0.087528 -0.994813 -0.051831 0.398200 0.312700
1 6.427279 -7.361216 63.087635 0.259981 -0.455082 -0.851651 0.429281 0.319972
1 6.300000 -8.500000 63.840000 0.302081 -0.952781 0.030924 0.428800 0.316100
horse_atlas.bmp
1 -1.800000 -8.227242 62.320000 0.022567 -0.345526 -0.938138 0.398200 0.317027
1 -1.800000 -4.750000 61.763645 0.000078 -0.102567 -0.994726 0.398200 0.328850
1 6.520454 -4.250000 62.536869 0.106152 -0.145927 -0.983584 0.429633 0.330550
horse_atlas.bmp
1 -1.800000 -8.227242 62.320000 0.022567 -0.345526 -0.938138 0.398200 0.317027
1 6.520454 -4.250000 62.536869 0.106152 -0.145927 -0.983584 0.429633 0.330550
1 6.427279 -7.361216 63.087635 0.259981 -0.455082 -0.851651 0.429281 0.319972
horse_atlas.bmp
1 -1.800000 -4.750000 61.763645 0.000078 -0.102567 -0.994726 0.398200 0.328850
1 -1.800000 -0.000000 61.560001 -0.004612 0.000000 -0.999989 0.398200 0.345000
1 6.554558 -0.000000 62.335278 0.060713 0.000000 -0.998155 0.429762 0.345000
horse_atlas.bmp
1 -1.800000 -4.750000 61.763645 0.000078 -0.102567 -0.994726 0.398200 0.328850
1 6.554558 -0.000000 62.335278 0.060713 0.000000 -0.998155 0.429762 0.345000
1 6.520454 -4.250000 62.536869 0.106152 -0.145927 -0.983584 0.429633 0.330550
horse_atlas.bmp
1 -1.800000 -0.000000 61.560001 -0.004612 0.000000 -0.999989 0.398200 0.345000
1 -1.800000 4.750000 61.763645 0.000078 0.102567 -0.994726 0.398200 0.361150
1 6.520454 4.250000 62.536869 0.106152 0.145927 -0.983584 0.429633 0.359450
horse_atlas.bmp
1 -1.800000 -0.000000 61.560001 -0.004612 0.000000 -0.999989 0.398200 0.345000
1 6.520454 4.250000 62.536869 0.106152 0.145927 -0.983584 0.429633 0.359450
1 6.554558 -0.000000 62.335278 0.060713 0.000000 -0.998155 0.429762 0.345000
horse_atlas.bmp
1 -1.800000 4.750000 61.763645 0.000078 0.102567 -0.994726 0.398200 0.361150
1 -1.800000 8.227242 62.320000 0.022567 0.345526 -0.938138 0.398200 0.372973
1 6.427279 7.361216 63.087635 0.259981 0.455082 -0.851652 0.429281 0.370028
horse_atlas.bmp
1 -1.800000 4.750000 61.763645 0.000078 0.102567 -0.994726 0.398200 0.361150
1 6.427279 7.361216 63.087635 0.259981 0.455082 -0.851652 0.429281 0.370028
1 6.520454 4.250000 62.536869 0.106152 0.145927 -0.983584 0.429633 0.359450
horse_atlas.bmp
1 -1.800000 8.227242 62.320000 0.022567 0.345526 -0.938138 0.398200 0.372973
1 -1.800000 9.500000 63.080002 0.087527 0.994813 -0.051831 0.398200 0.377300
1 6.300000 8.500000 63.840000 0.302081 0.952781 0.030924 0.428800 0.373900
horse_atlas.bmp
1 -1.800000 8.227242 62.320000 0.022567 0.345526 -0.938138 0.398200 0.372973
1 6.300000 8.500000 63.840000 0.302081 0.952781 0.030924 0.428800 0.373900
1 6.427279 7.361216 63.087635 0.259981 0.455082 -0.851652 0.429281 0.370028
horse_atlas.bmp
1 6.300000 8.500000 63.840000 0.302081 0.952781 0.030924 0.428800 0.430600
1 6.172721 7.361216 64.592361 0.036146 0.448527 0.893038 0.428319 0.433966
1 10.535243 4.763140 65.717865 0.556042 0.308155 0.771918 0.444800 0.439001
horse_atlas.bmp
1 6.300000 8.500000 63.840000 0.302081 0.952781 0.030924 0.428800 0.430600
1 10.535243 4.763140 65.717865 0.556042 0.308155 0.771918 0.444800 0.439001
1 10.800000 5.500000 64.599998 0.794167 0.586875 0.157721 0.445800 0.434000
horse_atlas.bmp
1 6.172721 7.361216 64.592361 0.036146 0.448527 0.893038 0.428319 0.370028
1 6.079546 4.250000 65.143127 -0.151523 0.147039 0.977456 0.427967 0.359450
1 10.341428 2.750000 66.536194 0.478609 0.111036 0.870979 0.444068 0.354350
horse_atlas.bmp
1 6.172721 7.361216 64.592361 0.036146 0.448527 0.893038 0.428319 0.370028
1 10.341428 2.750000 66.536194 0.478609 0.111036 0.870979 0.444068 0.354350
1 10.535243 4.763140 65.717865 0.556042 0.308155 0.771918 0.444800 0.361195
horse_atlas.bmp
1 6.079546 4.250000 65.143127 -0.151523 0.147039 0.977456 0.427967 0.359450
1 6.045442 0.000000 65.344719 -0.202931 0.000000 0.979193 0.427838 0.345000
1 10.270487 0.000000 66.835724 0.459116 0.000000 0.888376 0.443800 0.345000
horse_atlas.bmp
1 6.079546 4.250000 65.143127 -0.151523 0.147039 0.977456 0.427967 0.359450
1 10.270487 0.000000 66.835724 0.459116 0.000000 0.888376 0.443800 0.345000
1 10.341428 2.750000 66.536194 0.478609 0.111036 0.870979 0.444068 0.354350
horse_atlas.bmp
1 6.045442 0.000000 65.344719 -0.202931 0.000000 0.979193 0.427838 0.345000
1 6.079546 -4.250000 65.143127 -0.151523 -0.147039 0.977456 0.427967 0.330550
1 10.341428 -2.750000 66.536194 0.478609 -0.111036 0.870979 0.444068 0.335650
horse_atlas.bmp
1 6.045442 0.000000 65.344719 -0.202931 0.000000 0.979193 0.427838 0.345000
1 10.341428 -2.750000 66.536194 0.478609 -0.111036 0.870979 0.444068 0.335650
1 10.270487 0.000000 66.835724 0.459116 0.000000 0.888376 0.443800 0.345000
horse_atlas.bmp
1 6.079546 -4.250000 65.143127 -0.151523 -0.147039 0.977456 0.427967 0.330550
1 6.172721 -7.361216 64.592361 0.036146 -0.448527 0.893038 0.428319 0.319972
1 10.535243 -4.763140 65.717865 0.556042 -0.308155 0.771918 0.444800 0.328805
horse_atlas.bmp
1 6.079546 -4.250000 65.143127 -0.151523 -0.147039 0.977456 0.427967 0.330550
1 10.535243 -4.763140 65.717865 0.556042 -0.308155 0.771918 0.444800 0.328805
1 10.341428 -2.750000 66.536194 0.478609 -0.111036 0.870979 0.444068 0.335650
horse_atlas.bmp
1 6.172721 -7.361216 64.592361 0.036146 -0.448527 0.893038 0.428319 0.433966
1 6.300000 -8.500000 63.840000 0.302081 -0.952781 0.030924 0.428800 0.430600
1 10.800000 -5.500000 64.599998 0.794167 -0.586875 0.157721 0.445800 0.434000
horse_atlas.bmp
1 6.172721 -7.361216 64.592361 0.036146 -0.448527 0.893038 0.428319 0.433966
1 10.800000 -5.500000 64.599998 0.794167 -0.586875 0.157721 0.445800 0.434000
1 10.535243 -4.763140 65.717865 0.556042 -0.308155 0.771918 0.444800 0.439001
horse_atlas.bmp
1 6.300000 -8.500000 63.840000 0.302081 -0.952781 0.030924 0.428800 0.430600
1 6.427279 -7.361216 63.087635 0.259981 -0.455082 -0.851651 0.429281 0.427234
1 11.064756 -4.763140 63.482140 0.807473 -0.320293 -0.495378 0.446800 0.428999
horse_atlas.bmp
1 6.300000 -8.500000 63.840000 0.302081 -0.952781 0.030924 0.428800 0.430600
1 11.064756 -4.763140 63.482140 0.807473 -0.320293 -0.495378 0.446800 0.428999
1 10.800000 -5.500000 64.599998 0.794167 -0.586875 0.157721 0.445800 0.434000
horse_atlas.bmp
1 6.427279 -7.361216 63.087635 0.259981 -0.455082 -0.851651 0.429281 0.319972
1 6.520454 -4.250000 62.536869 0.106152 -0.145927 -0.983584 0.429633 0.330550
1 11.258572 -2.750000 62.663807 0.781227 -0.116983 -0.613187 0.447532 0.335650
horse_atlas.bmp
1 6.427279 -7.361216 63.087635 0.259981 -0.455082 -0.851651 0.429281 0.319972
1 11.258572 -2.750000 62.663807 0.781227 -0.116983 -0.613187 0.447532 0.335650
1 11.064756 -4.763140 63.482140 0.807473 -0.320293 -0.495378 0.446800 0.328805
horse_atlas.bmp
1 6.520454 -4.250000 62.536869 0.106152 -0.145927 -0.983584 0.429633 0.330550
1 6.554558 -0.000000 62.335278 0.060713 0.000000 -0.998155 0.429762 0.345000
1 11.329514 -0.000000 62.364277 0.771867 0.000000 -0.635785 0.447800 0.345000
horse_atlas.bmp
1 6.520454 -4.250000 62.536869 0.106152 -0.145927 -0.983584 0.429633 0.330550
1 11.329514 -0.000000 62.364277 0.771867 0.000000 -0.635785 0.447800 0.345000
1 11.258572 -2.750000 62.663807 0.781227 -0.116983 -0.613187 0.447532 0.335650
horse_atlas.bmp
1 6.554558 -0.000000 62.335278 0.060713 0.000000 -0.998155 0.429762 0.345000
1 6.520454 4.250000 62.536869 0.106152 0.145927 -0.983584 0.429633 0.359450
1 11.258572 2.750000 62.663807 0.781227 0.116983 -0.613187 0.447532 0.354350
horse_atlas.bmp
1 6.554558 -0.000000 62.335278 0.060713 0.000000 -0.998155 0.429762 0.345000
1 11.258572 2.750000 62.663807 0.781227 0.116983 -0.613187 0.447532 0.354350
1 11.329514 -0.000000 62.364277 0.771867 0.000000 -0.635785 0.447800 0.345000
horse_atlas.bmp
1 6.520454 4.250000 62.536869 0.106152 0.145927 -0.983584 0.429633 0.359450
1 6.427279 7.361216 63.087635 0.259981 0.455082 -0.851652 0.429281 0.370028
1 11.064756 4.763140 63.482140 0.807473 0.320293 -0.495378 0.446800 0.361195
horse_atlas.bmp
1 6.520454 4.250000 62.536869 0.106152 0.145927 -0.983584 0.429633 0.359450
1 11.064756 4.763140 63.482140 0.807473 0.320293 -0.495378 0.446800 0.361195
1 11.258572 2.750000 62.663807 0.781227 0.116983 -0.613187 0.447532 0.354350
horse_atlas.bmp
1 6.427279 7.361216 63.087635 0.259981 0.455082 -0.851652 0.429281 0.427234
1 6.300000 8.500000 63.840000 0.302081 0.952781 0.030924 0.428800 0.430600
1 10.800000 5.500000 64.599998 0.794167 0.586875 0.157721 0.445800 0.434000
horse_atlas.bmp
1 6.427279 7.361216 63.087635 0.259981 0.455082 -0.851652 0.429281 0.427234
1 10.800000 5.500000 64.599998 0.794167 0.586875 0.157721 0.445800 0.434000
1 11.064756 4.763140 63.482140 0.807473 0.320293 -0.495378 0.446800 0.428999
horse_atlas.bmp
1 -13.500000 9.000000 63.840000 -0.663229 0.748415 0.001557 0.435600 0.430600
1 -13.500000 7.794229 62.700001 -0.647850 0.289861 -0.704465 0.431500 0.425500
1 -13.500000 4.500000 61.865463 -0.640494 0.091179 -0.762531 0.420300 0.421767
horse_atlas.bmp
1 -13.500000 4.500000 61.865463 -0.640494 0.091179 -0.762531 0.420300 0.421767
1 -13.500000 -0.000000 61.560001 -0.632934 0.000000 -0.774206 0.405000 0.420400
1 -13.500000 -4.500000 61.865463 -0.640494 -0.091179 -0.762531 0.389700 0.421767
horse_atlas.bmp
1 -13.500000 -4.500000 61.865463 -0.640494 -0.091179 -0.762531 0.389700 0.421767
1 -13.500000 -7.794229 62.700001 -0.647850 -0.289861 -0.704465 0.378500 0.425500
1 -13.500000 -9.000000 63.840000 -0.663229 -0.748415 0.001557 0.374400 0.430600
horse_atlas.bmp
1 -13.500000 -9.000000 63.840000 -0.663229 -0.748415 0.001557 0.374400 0.430600
1 -13.500000 -7.794229 64.980003 -0.648259 -0.289602 0.704196 0.378500 0.435700
1 -13.500000 -4.500000 65.814537 -0.642969 -0.091811 0.760369 0.389700 0.439433
horse_atlas.bmp
1 -13.500000 -4.500000 65.814537 -0.642969 -0.091811 0.760369 0.389700 0.439433
1 -13.500000 0.000000 66.120003 -0.636269 -0.000000 0.771467 0.405000 0.440800
1 -13.500000 4.500000 65.814537 -0.642970 0.091811 0.760369 0.420300 0.439433
horse_atlas.bmp
1 -13.500000 4.500000 65.814537 -0.642970 0.091811 0.760369 0.420300 0.439433
1 -13.500000 7.794229 64.980003 -0.648259 0.289602 0.704195 0.431500 0.435700
1 -13.500000 9.000000 63.840000 -0.663229 0.748415 0.001557 0.435600 0.430600
horse_atlas.bmp
1 -13.500000 9.000000 63.840000 -0.663229 0.748415 0.001557 0.435600 0.430600
1 -13.500000 4.500000 61.865463 -0.640494 0.091179 -0.762531 0.420300 0.421767
1 -13.500000 -4.500000 61.865463 -0.640494 -0.091179 -0.762531 0.389700 0.421767
horse_atlas.bmp
1 -13.500000 -4.500000 61.865463 -0.640494 -0.091179 -0.762531 0.389700 0.421767
1 -13.500000 -9.000000 63.840000 -0.663229 -0.748415 0.001557 0.374400 0.430600
1 -13.500000 -4.500000 65.814537 -0.642969 -0.091811 0.760369 0.389700 0.439433
horse_atlas.bmp
1 -13.500000 -4.500000 65.814537 -0.642969 -0.091811 0.760369 0.389700 0.439433
1 -13.500000 4.500000 65.814537 -0.642970 0.091811 0.760369 0.420300 0.439433
1 -13.500000 9.000000 63.840000 -0.663229 0.748415 0.001557 0.435600 0.430600
horse_atlas.bmp
1 -13.500000 -4.500000 61.865463 -0.640494 -0.091179 -0.762531 0.389700 0.421767
1 -13.500000 -4.500000 65.814537 -0.642969 -0.091811 0.760369 0.389700 0.439433
1 -13.500000 9.000000 63.840000 -0.663229 0.748415 0.001557 0.435600 0.430600
horse_atlas.bmp
1 11.064756 4.763140 63.482140 0.807473 0.320293 -0.495378 0.421195 0.428999
1 10.800000 5.500000 64.599998 0.794167 0.586875 0.157721 0.423700 0.434000
1 10.535243 4.763140 65.717865 0.556042 0.308155 0.771918 0.421195 0.439001
horse_atlas.bmp
1 10.535243 4.763140 65.717865 0.556042 0.308155 0.771918 0.421195 0.439001
1 10.341428 2.750000 66.536194 0.478609 0.111036 0.870979 0.414350 0.442662
1 10.270487 0.000000 66.835724 0.459116 0.000000 0.888376 0.405000 0.444002
horse_atlas.bmp
1 10.270487 0.000000 66.835724 0.459116 0.000000 0.888376 0.405000 0.444002
1 10.341428 -2.750000 66.536194 0.478609 -0.111036 0.870979 0.395650 0.442662
1 10.535243 -4.763140 65.717865 0.556042 -0.308155 0.771918 0.388805 0.439001
horse_atlas.bmp
1 10.535243 -4.763140 65.717865 0.556042 -0.308155 0.771918 0.388805 0.439001
1 10.800000 -5.500000 64.599998 0.794167 -0.586875 0.157721 0.386300 0.434000
1 11.064756 -4.763140 63.482140 0.807473 -0.320293 -0.495378 0.388805 0.428999
horse_atlas.bmp
1 11.064756 -4.763140 63.482140 0.807473 -0.320293 -0.495378 0.388805 0.428999
1 11.258572 -2.750000 62.663807 0.781227 -0.116983 -0.613187 0.395650 0.425338
1 11.329514 -0.000000 62.364277 0.771867 0.000000 -0.635785 0.405000 0.423998
horse_atlas.bmp
1 11.329514 -0.000000 62.364277 0.771867 0.000000 -0.635785 0.405000 0.423998
1 11.258572 2.750000 62.663807 0.781227 0.116983 -0.613187 0.414350 0.425338
1 11.064756 4.763140 63.482140 0.807473 0.320293 -0.495378 0.421195 0.428999
horse_atlas.bmp
1 11.064756 4.763140 63.482140 0.807473 0.320293 -0.495378 0.421195 0.428999
1 10.535243 4.763140 65.717865 0.556042 0.308155 0.771918 0.421195 0.439001
1 10.270487 0.000000 66.835724 0.459116 0.000000 0.888376 0.405000 0.444002
horse_atlas.bmp
1 10.270487 0.000000 66.835724 0.459116 0.000000 0.888376 0.405000 0.444002
1 10.535243 -4.763140 65.717865 0.556042 -0.308155 0.771918 0.388805 0.439001
1 11.064756 -4.763140 63.482140 0.807473 -0.320293 -0.495378 0.388805 0.428999
horse_atlas.bmp
1 11.064756 -4.763140 63.482140 0.807473 -0.320293 -0.495378 0.388805 0.428999
1 11.329514 -0.000000 62.364277 0.771867 0.000000 -0.635785 0.405000 0.423998
1 11.064756 4.763140 63.482140 0.807473 0.320293 -0.495378 0.421195 0.428999
horse_atlas.bmp
1 10.270487 0.000000 66.835724 0.459116 0.000000 0.888376 0.405000 0.444002
1 11.064756 -4.763140 63.482140 0.807473 -0.320293 -0.495378 0.388805 0.428999
1 11.064756 4.763140 63.482140 0.807473 0.320293 -0.495378 0.421195 0.428999
horse_atlas.bmp
1 -13.050000 -9.000000 65.360001 0.997161 -0.051102 0.055301 0.650400 0.451400
1 -13.558289 -8.061802 64.825226 0.645088 0.551187 -0.529203 0.653590 0.449008
1 -13.558289 -5.349477 67.658401 0.642485 0.378318 -0.666400 0.662812 0.461682
horse_atlas.bmp
1 -13.050000 -9.000000 65.360001 0.997161 -0.051102 0.055301 0.650400 0.451400
1 -13.558289 -5.349477 67.658401 0.642485 0.378318 -0.666400 0.662812 0.461682
1 -13.050000 -6.000000 68.400002 0.996325 -0.024482 0.082077 0.660600 0.465000
horse_atlas.bmp
1 -13.558289 -8.061802 64.825226 0.645088 0.551187 -0.529203 0.629780 0.449008
1 -14.700404 -7.830087 64.693153 -0.230471 0.703139 -0.672665 0.625465 0.448417
1 -14.700404 -5.188811 67.475243 -0.227770 0.478183 -0.848211 0.625465 0.460863
horse_atlas.bmp
1 -13.558289 -8.061802 64.825226 0.645088 0.551187 -0.529203 0.629780 0.449008
1 -14.700404 -5.188811 67.475243 -0.227770 0.478183 -0.848211 0.625465 0.460863
1 -13.558289 -5.349477 67.658401 0.642485 0.378318 -0.666400 0.629780 0.461682
horse_atlas.bmp
1 -14.700404 -7.830087 64.693153 -0.230471 0.703139 -0.672665 0.625465 0.448417
1 -15.616308 -8.479340 65.063225 -0.922741 0.277975 -0.266983 0.622005 0.450072
1 -15.616308 -5.638987 67.988449 -0.924170 0.197591 -0.326906 0.622005 0.463159
horse_atlas.bmp
1 -14.700404 -7.830087 64.693153 -0.230471 0.703139 -0.672665 0.625465 0.448417
1 -15.616308 -5.638987 67.988449 -0.924170 0.197591 -0.326906 0.622005 0.463159
1 -14.700404 -5.188811 67.475243 -0.227770 0.478183 -0.848211 0.625465 0.460863
horse_atlas.bmp
1 -15.616308 -8.479340 65.063225 -0.922741 0.277975 -0.266983 0.652170 0.450072
1 -15.616308 -9.520660 65.656776 -0.862973 -0.355452 0.359070 0.648630 0.452728
1 -15.616308 -6.361013 68.811554 -0.860488 -0.238700 0.450092 0.659373 0.466841
horse_atlas.bmp
1 -15.616308 -8.479340 65.063225 -0.922741 0.277975 -0.266983 0.652170 0.450072
1 -15.616308 -6.361013 68.811554 -0.860488 -0.238700 0.450092 0.659373 0.466841
1 -15.616308 -5.638987 67.988449 -0.924170 0.197591 -0.326906 0.661827 0.463159
horse_atlas.bmp
1 -15.616308 -9.520660 65.656776 -0.862973 -0.355452 0.359070 0.622005 0.452728
1 -14.700404 -10.169913 66.026848 -0.199647 -0.688303 0.697410 0.625465 0.454383
1 -14.700404 -6.811189 69.324753 -0.200046 -0.489746 0.848605 0.625465 0.469137
horse_atlas.bmp
1 -15.616308 -9.520660 65.656776 -0.862973 -0.355452 0.359070 0.622005 0.452728
1 -14.700404 -6.811189 69.324753 -0.200046 -0.489746 0.848605 0.625465 0.469137
1 -15.616308 -6.361013 68.811554 -0.860488 -0.238700 0.450092 0.622005 0.466841
horse_atlas.bmp
1 -14.700404 -10.169913 66.026848 -0.199647 -0.688303 0.697410 0.625465 0.454383
1 -13.558289 -9.938198 65.894775 0.573571 -0.575958 0.582485 0.629780 0.453792
1 -13.558289 -6.650523 69.141594 0.573196 -0.402599 0.713695 0.629780 0.468318
horse_atlas.bmp
1 -14.700404 -10.169913 66.026848 -0.199647 -0.688303 0.697410 0.625465 0.454383
1 -13.558289 -6.650523 69.141594 0.573196 -0.402599 0.713695 0.629780 0.468318
1 -14.700404 -6.811189 69.324753 -0.200046 -0.489746 0.848605 0.625465 0.469137
horse_atlas.bmp
1 -13.558289 -9.938198 65.894775 0.573571 -0.575958 0.582485 0.647210 0.453792
1 -13.050000 -9.000000 65.360001 0.997161 -0.051102 0.055301 0.650400 0.451400
1 -13.050000 -6.000000 68.400002 0.996325 -0.024482 0.082077 0.660600 0.465000
horse_atlas.bmp
1 -13.558289 -9.938198 65.894775 0.573571 -0.575958 0.582485 0.647210 0.453792
1 -13.050000 -6.000000 68.400002 0.996325 -0.024482 0.082077 0.660600 0.465000
1 -13.558289 -6.650523 69.141594 0.573196 -0.402599 0.713695 0.658388 0.468318
horse_atlas.bmp
1 -13.050000 -6.000000 68.400002 0.996325 -0.024482 0.082077 0.660600 0.465000
1 -13.558289 -5.349477 67.658401 0.642485 0.378318 -0.666400 0.662812 0.461682
1 -13.558289 0.000000 69.028717 0.618073 -0.000000 -0.786120 0.681000 0.467813
horse_atlas.bmp
1 -13.050000 -6.000000 68.400002 0.996325 -0.024482 0.082077 0.660600 0.465000
1 -13.558289 0.000000 69.028717 0.618073 -0.000000 -0.786120 0.681000 0.467813
1 -13.050000 0.000000 69.919998 0.997000 -0.000000 0.077396 0.681000 0.471800
horse_atlas.bmp
1 -13.558289 -5.349477 67.658401 0.642485 0.378318 -0.666400 0.629780 0.340812
1 -14.700404 -5.188811 67.475243 -0.227770 0.478183 -0.848211 0.625465 0.341358
1 -14.700404 0.000000 68.808578 -0.214127 0.000000 -0.976806 0.625465 0.359000
horse_atlas.bmp
1 -13.558289 -5.349477 67.658401 0.642485 0.378318 -0.666400 0.629780 0.340812
1 -14.700404 0.000000 68.808578 -0.214127 0.000000 -0.976806 0.625465 0.359000
1 -13.558289 0.000000 69.028717 0.618073 -0.000000 -0.786120 0.629780 0.359000
horse_atlas.bmp
1 -14.700404 -5.188811 67.475243 -0.227770 0.478183 -0.848211 0.625465 0.341358
1 -15.616308 -5.638987 67.988449 -0.924170 0.197591 -0.326906 0.622005 0.339827
1 -15.616308 0.000000 69.425369 -0.913834 0.000000 -0.406088 0.622005 0.359000
horse_atlas.bmp
1 -14.700404 -5.188811 67.475243 -0.227770 0.478183 -0.848211 0.625465 0.341358
1 -15.616308 0.000000 69.425369 -0.913834 0.000000 -0.406088 0.622005 0.359000
1 -14.700404 0.000000 68.808578 -0.214127 0.000000 -0.976806 0.625465 0.359000
horse_atlas.bmp
1 -15.616308 -5.638987 67.988449 -0.924170 0.197591 -0.326906 0.661827 0.463159
1 -15.616308 -6.361013 68.811554 -0.860488 -0.238700 0.450092 0.659373 0.466841
1 -15.616308 0.000000 70.414627 -0.853170 0.000000 0.521634 0.681000 0.474013
horse_atlas.bmp
1 -15.616308 -5.638987 67.988449 -0.924170 0.197591 -0.326906 0.661827 0.463159
1 -15.616308 0.000000 70.414627 -0.853170 0.000000 0.521634 0.681000 0.474013
1 -15.616308 0.000000 69.425369 -0.913834 0.000000 -0.406088 0.681000 0.469587
horse_atlas.bmp
1 -15.616308 -6.361013 68.811554 -0.860488 -0.238700 0.450092 0.622005 0.337373
1 -14.700404 -6.811189 69.324753 -0.200046 -0.489746 0.848605 0.625465 0.335842
1 -14.700404 0.000000 71.031418 -0.190098 0.000000 0.981765 0.625465 0.359000
horse_atlas.bmp
1 -15.616308 -6.361013 68.811554 -0.860488 -0.238700 0.450092 0.622005 0.337373
1 -14.700404 0.000000 71.031418 -0.190098 0.000000 0.981765 0.625465 0.359000
1 -15.616308 0.000000 70.414627 -0.853170 0.000000 0.521634 0.622005 0.359000
horse_atlas.bmp
1 -14.700404 -6.811189 69.324753 -0.200046 -0.489746 0.848605 0.625465 0.335842
1 -13.558289 -6.650523 69.141594 0.573196 -0.402599 0.713695 0.629780 0.336388
1 -13.558289 0.000000 70.811287 0.555278 -0.000000 0.831665 0.629780 0.359000
horse_atlas.bmp
1 -14.700404 -6.811189 69.324753 -0.200046 -0.489746 0.848605 0.625465 0.335842
1 -13.558289 0.000000 70.811287 0.555278 -0.000000 0.831665 0.629780 0.359000
1 -14.700404 0.000000 71.031418 -0.190098 0.000000 0.981765 0.625465 0.359000
horse_atlas.bmp
1 -13.558289 -6.650523 69.141594 0.573196 -0.402599 0.713695 0.658388 0.468318
1 -13.050000 -6.000000 68.400002 0.996325 -0.024482 0.082077 0.660600 0.465000
1 -13.050000 0.000000 69.919998 0.997000 -0.000000 0.077396 0.681000 0.471800
horse_atlas.bmp
1 -13.558289 -6.650523 69.141594 0.573196 -0.402599 0.713695 0.658388 0.468318
1 -13.050000 0.000000 69.919998 0.997000 -0.000000 0.077396 0.681000 0.471800
1 -13.558289 0.000000 70.811287 0.555278 -0.000000 0.831665 0.681000 0.275787
horse_atlas.bmp
1 -13.050000 0.000000 69.919998 0.997000 -0.000000 0.077396 0.681000 0.471800
1 -13.558289 0.000000 69.028717 0.618073 -0.000000 -0.786120 0.681000 0.467813
1 -13.558289 5.349477 67.658401 0.642485 -0.378318 -0.666400 0.699188 0.461682
horse_atlas.bmp
1 -13.050000 0.000000 69.919998 0.997000 -0.000000 0.077396 0.681000 0.471800
1 -13.558289 5.349477 67.658401 0.642485 -0.378318 -0.666400 0.699188 0.461682
1 -13.050000 6.000000 68.400002 0.996325 0.024482 0.082078 0.701400 0.465000
horse_atlas.bmp
1 -13.558289 0.000000 69.028717 0.618073 -0.000000 -0.786120 0.629780 0.359000
1 -14.700404 0.000000 68.808578 -0.214127 0.000000 -0.976806 0.625465 0.359000
1 -14.700404 5.188811 67.475243 -0.227770 -0.478183 -0.848211 0.625465 0.376642
horse_atlas.bmp
1 -13.558289 0.000000 69.028717 0.618073 -0.000000 -0.786120 0.629780 0.359000
1 -14.700404 5.188811 67.475243 -0.227770 -0.478183 -0.848211 0.625465 0.376642
1 -13.558289 5.349477 67.658401 0.642485 -0.378318 -0.666400 0.629780 0.377188
horse_atlas.bmp
1 -14.700404 0.000000 68.808578 -0.214127 0.000000 -0.976806 0.625465 0.359000
1 -15.616308 0.000000 69.425369 -0.913834 0.000000 -0.406088 0.622005 0.359000
1 -15.616308 5.638987 67.988449 -0.924170 -0.197591 -0.326906 0.622005 0.378173
horse_atlas.bmp
1 -14.700404 0.000000 68.808578 -0.214127 0.000000 -0.976806 0.625465 0.359000
1 -15.616308 5.638987 67.988449 -0.924170 -0.197591 -0.326906 0.622005 0.378173
1 -14.700404 5.188811 67.475243 -0.227770 -0.478183 -0.848211 0.625465 0.376642
horse_atlas.bmp
1 -15.616308 0.000000 69.425369 -0.913834 0.000000 -0.406088 0.681000 0.469587
1 -15.616308 0.000000 70.414627 -0.853170 0.000000 0.521634 0.681000 0.474013
1 -15.616308 6.361013 68.811554 -0.860487 0.238700 0.450093 0.702627 0.466841
horse_atlas.bmp
1 -15.616308 0.000000 69.425369 -0.913834 0.000000 -0.406088 0.681000 0.469587
1 -15.616308 6.361013 68.811554 -0.860487 0.238700 0.450093 0.702627 0.466841
1 -15.616308 5.638987 67.988449 -0.924170 -0.197591 -0.326906 0.700173 0.463159
horse_atlas.bmp
1 -15.616308 0.000000 70.414627 -0.853170 0.000000 0.521634 0.622005 0.359000
1 -14.700404 0.000000 71.031418 -0.190098 0.000000 0.981765 0.625465 0.359000
1 -14.700404 6.811189 69.324753 -0.200046 0.489746 0.848605 0.625465 0.382158
horse_atlas.bmp
1 -15.616308 0.000000 70.414627 -0.853170 0.000000 0.521634 0.622005 0.359000
1 -14.700404 6.811189 69.324753 -0.200046 0.489746 0.848605 0.625465 0.382158
1 -15.616308 6.361013 68.811554 -0.860487 0.238700 0.450093 0.622005 0.380627
horse_atlas.bmp
1 -14.700404 0.000000 71.031418 -0.190098 0.000000 0.981765 0.625465 0.359000
1 -13.558289 0.000000 70.811287 0.555278 -0.000000 0.831665 0.629780 0.359000
1 -13.558289 6.650523 69.141594 0.573195 0.402600 0.713695 0.629780 0.381612
horse_atlas.bmp
1 -14.700404 0.000000 71.031418 -0.190098 0.000000 0.981765 0.625465 0.359000
1 -13.558289 6.650523 69.141594 0.573195 0.402600 0.713695 0.629780 0.381612
1 -14.700404 6.811189 69.324753 -0.200046 0.489746 0.848605 0.625465 0.382158
horse_atlas.bmp
1 -13.558289 0.000000 70.811287 0.555278 -0.000000 0.831665 0.681000 0.275787
1 -13.050000 0.000000 69.919998 0.997000 -0.000000 0.077396 0.681000 0.471800
1 -13.050000 6.000000 68.400002 0.996325 0.024482 0.082078 0.701400 0.465000
horse_atlas.bmp
1 -13.558289 0.000000 70.811287 0.555278 -0.000000 0.831665 0.681000 0.275787
1 -13.050000 6.000000 68.400002 0.996325 0.024482 0.082078 0.701400 0.465000
1 -13.558289 6.650523 69.141594 0.573195 0.402600 0.713695 0.703612 0.468318
horse_atlas.bmp
1 -13.050000 6.000000 68.400002 0.996325 0.024482 0.082078 0.701400 0.465000
1 -13.558289 5.349477 67.658401 0.642485 -0.378318 -0.666400 0.699188 0.461682
1 -13.558289 8.061802 64.825226 0.645088 -0.551186 -0.529202 0.708410 0.449008
horse_atlas.bmp
1 -13.050000 6.000000 68.400002 0.996325 0.024482 0.082078 0.701400 0.465000
1 -13.558289 8.061802 64.825226 0.645088 -0.551186 -0.529202 0.708410 0.449008
1 -13.050000 9.000000 65.360001 0.997161 0.051103 0.055302 0.711600 0.451400
horse_atlas.bmp
1 -13.558289 5.349477 67.658401 0.642485 -0.378318 -0.666400 0.629780 0.461682
1 -14.700404 5.188811 67.475243 -0.227770 -0.478183 -0.848211 0.625465 0.460863
1 -14.700404 7.830087 64.693153 -0.230470 -0.703140 -0.672665 0.625465 0.448417
horse_atlas.bmp
1 -13.558289 5.349477 67.658401 0.642485 -0.378318 -0.666400 0.629780 0.461682
1 -14.700404 7.830087 64.693153 -0.230470 -0.703140 -0.672665 0.625465 0.448417
1 -13.558289 8.061802 64.825226 0.645088 -0.551186 -0.529202 0.629780 0.449008
horse_atlas.bmp
1 -14.700404 5.188811 67.475243 -0.227770 -0.478183 -0.848211 0.625465 0.460863
1 -15.616308 5.638987 67.988449 -0.924170 -0.197591 -0.326906 0.622005 0.463159
1 -15.616308 8.479340 65.063225 -0.922741 -0.277975 -0.266983 0.622005 0.450072
horse_atlas.bmp
1 -14.700404 5.188811 67.475243 -0.227770 -0.478183 -0.848211 0.625465 0.460863
1 -15.616308 8.479340 65.063225 -0.922741 -0.277975 -0.266983 0.622005 0.450072
1 -14.700404 7.830087 64.693153 -0.230470 -0.703140 -0.672665 0.625465 0.448417
horse_atlas.bmp
1 -15.616308 5.638987 67.988449 -0.924170 -0.197591 -0.326906 0.700173 0.463159
1 -15.616308 6.361013 68.811554 -0.860487 0.238700 0.450093 0.702627 0.466841
1 -15.616308 9.520660 65.656776 -0.862973 0.355452 0.359071 0.713370 0.452728
horse_atlas.bmp
1 -15.616308 5.638987 67.988449 -0.924170 -0.197591 -0.326906 0.700173 0.463159
1 -15.616308 9.520660 65.656776 -0.862973 0.355452 0.359071 0.713370 0.452728
1 -15.616308 8.479340 65.063225 -0.922741 -0.277975 -0.266983 0.709830 0.450072
horse_atlas.bmp
1 -15.616308 6.361013 68.811554 -0.860487 0.238700 0.450093 0.622005 0.466841
1 -14.700404 6.811189 69.324753 -0.200046 0.489746 0.848605 0.625465 0.469137
1 -14.700404 10.169913 66.026848 -0.199647 0.688303 0.697410 0.625465 0.454383
horse_atlas.bmp
1 -15.616308 6.361013 68.811554 -0.860487 0.238700 0.450093 0.622005 0.466841
1 -14.700404 10.169913 66.026848 -0.199647 0.688303 0.697410 0.625465 0.454383
1 -15.616308 9.520660 65.656776 -0.862973 0.355452 0.359071 0.622005 0.452728
horse_atlas.bmp
1 -14.700404 6.811189 69.324753 -0.200046 0.489746 0.848605 0.625465 0.469137
1 -13.558289 6.650523 69.141594 0.573195 0.402600 0.713695 0.629780 0.468318
1 -13.558289 9.938198 65.894775 0.573570 0.575958 0.582486 0.629780 0.453792
horse_atlas.bmp
1 -14.700404 6.811189 69.324753 -0.200046 0.489746 0.848605 0.625465 0.469137
1 -13.558289 9.938198 65.894775 0.573570 0.575958 0.582486 0.629780 0.453792
1 -14.700404 10.169913 66.026848 -0.199647 0.688303 0.697410 0.625465 0.454383
horse_atlas.bmp
1 -13.558289 6.650523 69.141594 0.573195 0.402600 0.713695 0.703612 0.468318
1 -13.050000 6.000000 68.400002 0.996325 0.024482 0.082078 0.701400 0.465000
1 -13.050000 9.000000 65.360001 0.997161 0.051103 0.055302 0.711600 0.451400
horse_atlas.bmp
1 -13.558289 6.650523 69.141594 0.573195 0.402600 0.713695 0.703612 0.468318
1 -13.050000 9.000000 65.360001 0.997161 0.051103 0.055302 0.711600 0.451400
1 -13.558289 9.938198 65.894775 0.573570 0.575958 0.582486 0.714790 0.453792
horse_atlas.bmp
1 11.009959 -7.411096 65.360001 0.950046 -0.309492 0.040340 0.655802 0.451400
1 10.791136 -6.592690 64.799606 0.731178 0.262728 -0.629566 0.658585 0.448893
1 11.585846 -3.619226 66.967674 0.692401 0.210118 -0.690240 0.668695 0.458592
horse_atlas.bmp
1 11.009959 -7.411096 65.360001 0.950046 -0.309492 0.040340 0.655802 0.451400
1 11.585846 -3.619226 66.967674 0.692401 0.210118 -0.690240 0.668695 0.458592
1 11.958241 -4.183848 67.639999 0.986266 -0.149280 0.070679 0.666775 0.461600
horse_atlas.bmp
1 10.791136 -6.592690 64.799606 0.731178 0.262728 -0.629566 0.721767 0.336585
1 9.901269 -6.080997 64.661201 -0.056465 0.622358 -0.780693 0.718405 0.338325
1 10.621693 -3.341334 66.801620 -0.108842 0.399183 -0.910388 0.721126 0.347639
horse_atlas.bmp
1 10.791136 -6.592690 64.799606 0.731178 0.262728 -0.629566 0.721767 0.336585
1 10.621693 -3.341334 66.801620 -0.108842 0.399183 -0.910388 0.721126 0.347639
1 11.585846 -3.619226 66.967674 0.692401 0.210118 -0.690240 0.724769 0.346695
horse_atlas.bmp
1 9.901269 -6.080997 64.661201 -0.056465 0.622358 -0.780693 0.718405 0.448274
1 9.010447 -6.261332 65.049004 -0.825949 0.481057 -0.293926 0.715039 0.450009
1 9.791809 -3.559432 67.266884 -0.874810 0.289348 -0.388569 0.717991 0.459931
horse_atlas.bmp
1 9.901269 -6.080997 64.661201 -0.056465 0.622358 -0.780693 0.718405 0.448274
1 9.791809 -3.559432 67.266884 -0.874810 0.289348 -0.388569 0.717991 0.459931
1 10.621693 -3.341334 66.801620 -0.108842 0.399183 -0.910388 0.721126 0.457849
horse_atlas.bmp
1 9.010447 -6.261332 65.049004 -0.825949 0.481057 -0.293926 0.659711 0.450009
1 8.789476 -6.997899 65.670998 -0.896887 -0.060924 0.438043 0.657207 0.452791
1 9.721113 -4.109286 68.013115 -0.872646 -0.069067 0.483444 0.667028 0.463269
horse_atlas.bmp
1 9.010447 -6.261332 65.049004 -0.825949 0.481057 -0.293926 0.659711 0.450009
1 9.721113 -4.109286 68.013115 -0.872646 -0.069067 0.483444 0.667028 0.463269
1 9.791809 -3.559432 67.266884 -0.874810 0.289348 -0.388569 0.668898 0.459931
horse_atlas.bmp
1 8.789476 -6.997899 65.670998 -0.896887 -0.060924 0.438043 0.657207 0.452791
1 9.404753 -7.736048 66.058800 -0.324054 -0.503938 0.800647 0.654697 0.454526
1 10.462842 -4.576846 68.478378 -0.244021 -0.362122 0.899623 0.665439 0.465351
horse_atlas.bmp
1 8.789476 -6.997899 65.670998 -0.896887 -0.060924 0.438043 0.657207 0.452791
1 10.462842 -4.576846 68.478378 -0.244021 -0.362122 0.899623 0.665439 0.465351
1 9.721113 -4.109286 68.013115 -0.872646 -0.069067 0.483444 0.667028 0.463269
horse_atlas.bmp
1 9.404753 -7.736048 66.058800 -0.324054 -0.503938 0.800647 0.716529 0.454526
1 10.392961 -7.919939 65.920395 0.434764 -0.617237 0.655743 0.720262 0.453907
1 11.458457 -4.610029 68.312332 0.526611 -0.408968 0.745270 0.724288 0.464608
horse_atlas.bmp
1 9.404753 -7.736048 66.058800 -0.324054 -0.503938 0.800647 0.716529 0.454526
1 11.458457 -4.610029 68.312332 0.526611 -0.408968 0.745270 0.724288 0.464608
1 10.462842 -4.576846 68.478378 -0.244021 -0.362122 0.899623 0.720526 0.465351
horse_atlas.bmp
1 10.392961 -7.919939 65.920395 0.434764 -0.617237 0.655743 0.654072 0.453907
1 11.009959 -7.411096 65.360001 0.950046 -0.309492 0.040340 0.655802 0.451400
1 11.958241 -4.183848 67.639999 0.986266 -0.149280 0.070679 0.666775 0.461600
horse_atlas.bmp
1 10.392961 -7.919939 65.920395 0.434764 -0.617237 0.655743 0.654072 0.453907
1 11.958241 -4.183848 67.639999 0.986266 -0.149280 0.070679 0.666775 0.461600
1 11.458457 -4.610029 68.312332 0.526611 -0.408968 0.745270 0.665326 0.464608
horse_atlas.bmp
1 11.958241 -4.183848 67.639999 0.986266 -0.149280 0.070679 0.666775 0.461600
1 11.585846 -3.619226 66.967674 0.692401 0.210118 -0.690240 0.668695 0.458592
1 11.529483 0.000000 67.627548 0.624866 -0.000000 -0.780732 0.681000 0.461544
horse_atlas.bmp
1 11.958241 -4.183848 67.639999 0.986266 -0.149280 0.070679 0.666775 0.461600
1 11.529483 0.000000 67.627548 0.624866 -0.000000 -0.780732 0.681000 0.461544
1 11.970000 0.000000 68.400002 0.995909 -0.000000 0.090365 0.681000 0.465000
horse_atlas.bmp
1 11.585846 -3.619226 66.967674 0.692401 0.210118 -0.690240 0.724769 0.346695
1 10.621693 -3.341334 66.801620 -0.108842 0.399183 -0.910388 0.721126 0.347639
1 10.539651 0.000000 67.436775 -0.195332 -0.000000 -0.980737 0.720816 0.359000
horse_atlas.bmp
1 11.585846 -3.619226 66.967674 0.692401 0.210118 -0.690240 0.724769 0.346695
1 10.539651 0.000000 67.436775 -0.195332 -0.000000 -0.980737 0.720816 0.359000
1 11.529483 0.000000 67.627548 0.624866 -0.000000 -0.780732 0.724556 0.359000
horse_atlas.bmp
1 10.621693 -3.341334 66.801620 -0.108842 0.399183 -0.910388 0.721126 0.347639
1 9.791809 -3.559432 67.266884 -0.874810 0.289348 -0.388569 0.717991 0.346898
1 9.745867 0.000000 67.971321 -0.892496 0.000000 -0.451055 0.717818 0.359000
horse_atlas.bmp
1 10.621693 -3.341334 66.801620 -0.108842 0.399183 -0.910388 0.721126 0.347639
1 9.745867 0.000000 67.971321 -0.892496 0.000000 -0.451055 0.717818 0.359000
1 10.539651 0.000000 67.436775 -0.195332 -0.000000 -0.980737 0.720816 0.359000
horse_atlas.bmp
1 9.791809 -3.559432 67.266884 -0.874810 0.289348 -0.388569 0.668898 0.459931
1 9.721113 -4.109286 68.013115 -0.872646 -0.069067 0.483444 0.667028 0.463269
1 9.745867 0.000000 68.828674 -0.873646 0.000000 0.486562 0.681000 0.466918
horse_atlas.bmp
1 9.791809 -3.559432 67.266884 -0.874810 0.289348 -0.388569 0.668898 0.459931
1 9.745867 0.000000 68.828674 -0.873646 0.000000 0.486562 0.681000 0.466918
1 9.745867 0.000000 67.971321 -0.892496 0.000000 -0.451055 0.681000 0.463082
horse_atlas.bmp
1 9.721113 -4.109286 68.013115 -0.872646 -0.069067 0.483444 0.717724 0.345028
1 10.462842 -4.576846 68.478378 -0.244021 -0.362122 0.899623 0.720526 0.343439
1 10.539651 0.000000 69.363228 -0.206603 0.000000 0.978425 0.720816 0.359000
horse_atlas.bmp
1 9.721113 -4.109286 68.013115 -0.872646 -0.069067 0.483444 0.717724 0.345028
1 10.539651 0.000000 69.363228 -0.206603 0.000000 0.978425 0.720816 0.359000
1 9.745867 0.000000 68.828674 -0.873646 0.000000 0.486562 0.717818 0.359000
horse_atlas.bmp
1 10.462842 -4.576846 68.478378 -0.244021 -0.362122 0.899623 0.720526 0.343439
1 11.458457 -4.610029 68.312332 0.526611 -0.408968 0.745270 0.724288 0.343326
1 11.529483 0.000000 69.172447 0.543180 -0.000000 0.839616 0.724556 0.359000
horse_atlas.bmp
1 10.462842 -4.576846 68.478378 -0.244021 -0.362122 0.899623 0.720526 0.343439
1 11.529483 0.000000 69.172447 0.543180 -0.000000 0.839616 0.724556 0.359000
1 10.539651 0.000000 69.363228 -0.206603 0.000000 0.978425 0.720816 0.359000
horse_atlas.bmp
1 11.458457 -4.610029 68.312332 0.526611 -0.408968 0.745270 0.665326 0.464608
1 11.958241 -4.183848 67.639999 0.986266 -0.149280 0.070679 0.666775 0.461600
1 11.970000 0.000000 68.400002 0.995909 -0.000000 0.090365 0.681000 0.465000
horse_atlas.bmp
1 11.458457 -4.610029 68.312332 0.526611 -0.408968 0.745270 0.665326 0.464608
1 11.970000 0.000000 68.400002 0.995909 -0.000000 0.090365 0.681000 0.465000
1 11.529483 0.000000 69.172447 0.543180 -0.000000 0.839616 0.681000 0.468456
horse_atlas.bmp
1 11.970000 0.000000 68.400002 0.995909 -0.000000 0.090365 0.681000 0.465000
1 11.529483 0.000000 67.627548 0.624866 -0.000000 -0.780732 0.681000 0.461544
1 11.585846 3.619226 66.967674 0.692401 -0.210118 -0.690240 0.693305 0.458592
horse_atlas.bmp
1 11.970000 0.000000 68.400002 0.995909 -0.000000 0.090365 0.681000 0.465000
1 11.585846 3.619226 66.967674 0.692401 -0.210118 -0.690240 0.693305 0.458592
1 11.958241 4.183848 67.639999 0.986266 0.149280 0.070679 0.695225 0.461600
horse_atlas.bmp
1 11.529483 0.000000 67.627548 0.624866 -0.000000 -0.780732 0.724556 0.359000
1 10.539651 0.000000 67.436775 -0.195332 -0.000000 -0.980737 0.720816 0.359000
1 10.621693 3.341334 66.801620 -0.108841 -0.399183 -0.910388 0.721126 0.370361
horse_atlas.bmp
1 11.529483 0.000000 67.627548 0.624866 -0.000000 -0.780732 0.724556 0.359000
1 10.621693 3.341334 66.801620 -0.108841 -0.399183 -0.910388 0.721126 0.370361
1 11.585846 3.619226 66.967674 0.692401 -0.210118 -0.690240 0.724769 0.371305
horse_atlas.bmp
1 10.539651 0.000000 67.436775 -0.195332 -0.000000 -0.980737 0.720816 0.359000
1 9.745867 0.000000 67.971321 -0.892496 0.000000 -0.451055 0.717818 0.359000
1 9.791809 3.559432 67.266884 -0.874809 -0.289348 -0.388570 0.717991 0.371102
horse_atlas.bmp
1 10.539651 0.000000 67.436775 -0.195332 -0.000000 -0.980737 0.720816 0.359000
1 9.791809 3.559432 67.266884 -0.874809 -0.289348 -0.388570 0.717991 0.371102
1 10.621693 3.341334 66.801620 -0.108841 -0.399183 -0.910388 0.721126 0.370361
horse_atlas.bmp
1 9.745867 0.000000 67.971321 -0.892496 0.000000 -0.451055 0.681000 0.463082
1 9.745867 0.000000 68.828674 -0.873646 0.000000 0.486562 0.681000 0.466918
1 9.721113 4.109286 68.013115 -0.872646 0.069067 0.483444 0.694972 0.463269
horse_atlas.bmp
1 9.745867 0.000000 67.971321 -0.892496 0.000000 -0.451055 0.681000 0.463082
1 9.721113 4.109286 68.013115 -0.872646 0.069067 0.483444 0.694972 0.463269
1 9.791809 3.559432 67.266884 -0.874809 -0.289348 -0.388570 0.693102 0.459931
horse_atlas.bmp
1 9.745867 0.000000 68.828674 -0.873646 0.000000 0.486562 0.717818 0.359000
1 10.539651 0.000000 69.363228 -0.206603 0.000000 0.978425 0.720816 0.359000
1 10.462842 4.576846 68.478378 -0.244021 0.362123 0.899623 0.720526 0.374561
horse_atlas.bmp
1 9.745867 0.000000 68.828674 -0.873646 0.000000 0.486562 0.717818 0.359000
1 10.462842 4.576846 68.478378 -0.244021 0.362123 0.899623 0.720526 0.374561
1 9.721113 4.109286 68.013115 -0.872646 0.069067 0.483444 0.717724 0.372972
horse_atlas.bmp
1 10.539651 0.000000 69.363228 -0.206603 0.000000 0.978425 0.720816 0.359000
1 11.529483 0.000000 69.172447 0.543180 -0.000000 0.839616 0.724556 0.359000
1 11.458457 4.610029 68.312332 0.526611 0.408968 0.745269 0.724288 0.374674
horse_atlas.bmp
1 10.539651 0.000000 69.363228 -0.206603 0.000000 0.978425 0.720816 0.359000
1 11.458457 4.610029 68.312332 0.526611 0.408968 0.745269 0.724288 0.374674
1 10.462842 4.576846 68.478378 -0.244021 0.362123 0.899623 0.720526 0.374561
horse_atlas.bmp
1 11.529483 0.000000 69.172447 0.543180 -0.000000 0.839616 0.681000 0.468456
1 11.970000 0.000000 68.400002 0.995909 -0.000000 0.090365 0.681000 0.465000
1 11.958241 4.183848 67.639999 0.986266 0.149280 0.070679 0.695225 0.461600
horse_atlas.bmp
1 11.529483 0.000000 69.172447 0.543180 -0.000000 0.839616 0.681000 0.468456
1 11.958241 4.183848 67.639999 0.986266 0.149280 0.070679 0.695225 0.461600
1 11.458457 4.610029 68.312332 0.526611 0.408968 0.745269 0.696674 0.464608
horse_atlas.bmp
1 11.958241 4.183848 67.639999 0.986266 0.149280 0.070679 0.695225 0.461600
1 11.585846 3.619226 66.967674 0.692401 -0.210118 -0.690240 0.693305 0.458592
1 10.791136 6.592690 64.799606 0.731178 -0.262728 -0.629565 0.703415 0.448893
horse_atlas.bmp
1 11.958241 4.183848 67.639999 0.986266 0.149280 0.070679 0.695225 0.461600
1 10.791136 6.592690 64.799606 0.731178 -0.262728 -0.629565 0.703415 0.448893
1 11.009959 7.411096 65.360001 0.950046 0.309492 0.040341 0.706198 0.451400
horse_atlas.bmp
1 11.585846 3.619226 66.967674 0.692401 -0.210118 -0.690240 0.724769 0.371305
1 10.621693 3.341334 66.801620 -0.108841 -0.399183 -0.910388 0.721126 0.370361
1 9.901269 6.080997 64.661201 -0.056464 -0.622358 -0.780693 0.718405 0.379675
horse_atlas.bmp
1 11.585846 3.619226 66.967674 0.692401 -0.210118 -0.690240 0.724769 0.371305
1 9.901269 6.080997 64.661201 -0.056464 -0.622358 -0.780693 0.718405 0.379675
1 10.791136 6.592690 64.799606 0.731178 -0.262728 -0.629565 0.721767 0.381415
horse_atlas.bmp
1 10.621693 3.341334 66.801620 -0.108841 -0.399183 -0.910388 0.721126 0.457849
1 9.791809 3.559432 67.266884 -0.874809 -0.289348 -0.388570 0.717991 0.459931
1 9.010447 6.261332 65.049004 -0.825949 -0.481057 -0.293926 0.715039 0.450009
horse_atlas.bmp
1 10.621693 3.341334 66.801620 -0.108841 -0.399183 -0.910388 0.721126 0.457849
1 9.010447 6.261332 65.049004 -0.825949 -0.481057 -0.293926 0.715039 0.450009
1 9.901269 6.080997 64.661201 -0.056464 -0.622358 -0.780693 0.718405 0.448274
horse_atlas.bmp
1 9.791809 3.559432 67.266884 -0.874809 -0.289348 -0.388570 0.693102 0.459931
1 9.721113 4.109286 68.013115 -0.872646 0.069067 0.483444 0.694972 0.463269
1 8.789476 6.997899 65.670998 -0.896887 0.060924 0.438043 0.704793 0.452791
horse_atlas.bmp
1 9.791809 3.559432 67.266884 -0.874809 -0.289348 -0.388570 0.693102 0.459931
1 8.789476 6.997899 65.670998 -0.896887 0.060924 0.438043 0.704793 0.452791
1 9.010447 6.261332 65.049004 -0.825949 -0.481057 -0.293926 0.702289 0.450009
horse_atlas.bmp
1 9.721113 4.109286 68.013115 -0.872646 0.069067 0.483444 0.694972 0.463269
1 10.462842 4.576846 68.478378 -0.244021 0.362123 0.899623 0.696561 0.465351
1 9.404753 7.736048 66.058800 -0.324054 0.503938 0.800647 0.707303 0.454526
horse_atlas.bmp
1 9.721113 4.109286 68.013115 -0.872646 0.069067 0.483444 0.694972 0.463269
1 9.404753 7.736048 66.058800 -0.324054 0.503938 0.800647 0.707303 0.454526
1 8.789476 6.997899 65.670998 -0.896887 0.060924 0.438043 0.704793 0.452791
horse_atlas.bmp
1 10.462842 4.576846 68.478378 -0.244021 0.362123 0.899623 0.720526 0.465351
1 11.458457 4.610029 68.312332 0.526611 0.408968 0.745269 0.724288 0.464608
1 10.392961 7.919939 65.920395 0.434763 0.617237 0.655744 0.720262 0.453907
horse_atlas.bmp
1 10.462842 4.576846 68.478378 -0.244021 0.362123 0.899623 0.720526 0.465351
1 10.392961 7.919939 65.920395 0.434763 0.617237 0.655744 0.720262 0.453907
1 9.404753 7.736048 66.058800 -0.324054 0.503938 0.800647 0.716529 0.454526
horse_atlas.bmp
1 11.458457 4.610029 68.312332 0.526611 0.408968 0.745269 0.696674 0.464608
1 11.958241 4.183848 67.639999 0.986266 0.149280 0.070679 0.695225 0.461600
1 11.009959 7.411096 65.360001 0.950046 0.309492 0.040341 0.706198 0.451400
horse_atlas.bmp
1 11.458457 4.610029 68.312332 0.526611 0.408968 0.745269 0.696674 0.464608
1 11.009959 7.411096 65.360001 0.950046 0.309492 0.040341 0.706198 0.451400
1 10.392961 7.919939 65.920395 0.434763 0.617237 0.655744 0.707928 0.453907
horse_atlas.bmp
1 -12.600000 -9.000000 63.080002 0.000000 0.763495 -0.645813 0.357400 0.427200
1 9.900000 -9.000000 63.080002 0.000000 0.763495 -0.645813 0.442400 0.427200
1 8.100000 -18.000000 52.439999 0.000000 0.763495 -0.645813 0.435600 0.379600
horse_atlas.bmp
1 -12.600000 -9.000000 63.080002 0.000000 0.763495 -0.645813 0.357400 0.427200
1 8.100000 -18.000000 52.439999 0.000000 0.763495 -0.645813 0.435600 0.379600
1 -12.600000 -18.000000 52.439999 0.000000 0.763495 -0.645813 0.357400 0.379600
horse_atlas.bmp
1 -1.350000 -12.000000 62.320000 -0.996955 0.065676 -0.042036 0.364200 0.423800
1 -0.417173 -10.704719 61.865654 -0.284914 0.817465 -0.500575 0.368604 0.421767
1 -0.417173 -16.585930 52.296707 -0.381287 0.464972 -0.799012 0.348608 0.378959
horse_atlas.bmp
1 -1.350000 -12.000000 62.320000 -0.996955 0.065676 -0.042036 0.364200 0.423800
1 -0.417173 -16.585930 52.296707 -0.381287 0.464972 -0.799012 0.348608 0.378959
1 -1.350000 -18.000000 52.439999 -0.747605 -0.660194 -0.072324 0.343800 0.379600
horse_atlas.bmp
1 -0.417173 -10.704719 61.865654 -0.284914 0.817465 -0.500575 0.403424 0.421767
1 1.092173 -11.199472 62.039200 0.769551 0.544392 -0.333809 0.409126 0.422544
1 1.092173 -17.126057 52.351440 0.958501 -0.150691 -0.242007 0.409126 0.379204
horse_atlas.bmp
1 -0.417173 -10.704719 61.865654 -0.284914 0.817465 -0.500575 0.403424 0.421767
1 1.092173 -17.126057 52.351440 0.958501 -0.150691 -0.242007 0.409126 0.379204
1 -0.417173 -16.585930 52.296707 -0.381287 0.464972 -0.799012 0.403424 0.378959
horse_atlas.bmp
1 1.092173 -11.199472 62.039200 0.769551 0.544392 -0.333809 0.366922 0.422544
1 1.092173 -12.800528 62.600803 0.844573 -0.458793 0.276051 0.361478 0.425056
1 1.092173 -18.873943 52.528557 0.217158 -0.966250 0.138579 0.340829 0.379996
horse_atlas.bmp
1 1.092173 -11.199472 62.039200 0.769551 0.544392 -0.333809 0.366922 0.422544
1 1.092173 -18.873943 52.528557 0.217158 -0.966250 0.138579 0.340829 0.379996
1 1.092173 -17.126057 52.351440 0.958501 -0.150691 -0.242007 0.346771 0.379204
horse_atlas.bmp
1 1.092173 -12.800528 62.600803 0.844573 -0.458793 0.276051 0.409126 0.425056
1 -0.417173 -13.295281 62.774345 -0.331986 -0.807961 0.486810 0.403424 0.425833
1 -0.417173 -19.414070 52.583294 -0.366073 -0.913661 0.176672 0.403424 0.380241
horse_atlas.bmp
1 1.092173 -12.800528 62.600803 0.844573 -0.458793 0.276051 0.409126 0.425056
1 -0.417173 -19.414070 52.583294 -0.366073 -0.913661 0.176672 0.403424 0.380241
1 1.092173 -18.873943 52.528557 0.217158 -0.966250 0.138579 0.409126 0.379996
horse_atlas.bmp
1 -0.417173 -13.295281 62.774345 -0.331986 -0.807961 0.486810 0.359796 0.425833
1 -1.350000 -12.000000 62.320000 -0.996955 0.065676 -0.042036 0.364200 0.423800
1 -1.350000 -18.000000 52.439999 -0.747605 -0.660194 -0.072324 0.343800 0.379600
horse_atlas.bmp
1 -0.417173 -13.295281 62.774345 -0.331986 -0.807961 0.486810 0.359796 0.425833
1 -1.350000 -18.000000 52.439999 -0.747605 -0.660194 -0.072324 0.343800 0.379600
1 -0.417173 -19.414070 52.583294 -0.366073 -0.913661 0.176672 0.338992 0.380241
horse_atlas.bmp
1 -1.350000 -18.000000 52.439999 -0.747605 -0.660194 -0.072324 0.343800 0.379600
1 -0.417173 -16.585930 52.296707 -0.381287 0.464972 -0.799012 0.348608 0.378959
1 1.350000 -16.000000 39.520000 0.454792 -0.799134 -0.393128 0.350600 0.321800
horse_atlas.bmp
1 -0.417173 -16.585930 52.296707 -0.381287 0.464972 -0.799012 0.348608 0.378959
1 0.417173 -17.275976 39.035130 0.256877 -0.656869 -0.708899 0.346262 0.319631
1 1.350000 -16.000000 39.520000 0.454792 -0.799134 -0.393128 0.350600 0.321800
horse_atlas.bmp
1 -0.417173 -16.585930 52.296707 -0.381287 0.464972 -0.799012 0.348608 0.378959
1 1.092173 -17.126057 52.351440 0.958501 -0.150691 -0.242007 0.346771 0.379204
1 0.417173 -17.275976 39.035130 0.256877 -0.656869 -0.708899 0.346262 0.319631
horse_atlas.bmp
1 1.092173 -17.126057 52.351440 0.958501 -0.150691 -0.242007 0.346771 0.379204
1 -1.092173 -16.788597 39.220333 0.229435 -0.728110 -0.645922 0.347919 0.320459
1 0.417173 -17.275976 39.035130 0.256877 -0.656869 -0.708899 0.346262 0.319631
horse_atlas.bmp
1 1.092173 -17.126057 52.351440 0.958501 -0.150691 -0.242007 0.409126 0.379204
1 1.092173 -18.873943 52.528557 0.217158 -0.966250 0.138579 0.409126 0.379996
1 -1.092173 -16.788597 39.220333 0.229435 -0.728110 -0.645922 0.400874 0.320459
horse_atlas.bmp
1 1.092173 -18.873943 52.528557 0.217158 -0.966250 0.138579 0.409126 0.379996
1 -1.092173 -15.211403 39.819668 -0.884596 -0.425820 0.190178 0.400874 0.323141
1 -1.092173 -16.788597 39.220333 0.229435 -0.728110 -0.645922 0.400874 0.320459
horse_atlas.bmp
1 1.092173 -18.873943 52.528557 0.217158 -0.966250 0.138579 0.340829 0.379996
1 -0.417173 -19.414070 52.583294 -0.366073 -0.913661 0.176672 0.338992 0.380241
1 -1.092173 -15.211403 39.819668 -0.884596 -0.425820 0.190178 0.353281 0.323141
horse_atlas.bmp
1 -0.417173 -19.414070 52.583294 -0.366073 -0.913661 0.176672 0.338992 0.380241
1 0.417173 -14.724024 40.004871 0.110846 -0.347205 0.931215 0.354938 0.323969
1 -1.092173 -15.211403 39.819668 -0.884596 -0.425820 0.190178 0.353281 0.323141
horse_atlas.bmp
1 -0.417173 -19.414070 52.583294 -0.366073 -0.913661 0.176672 0.403424 0.380241
1 -1.350000 -18.000000 52.439999 -0.747605 -0.660194 -0.072324 0.399900 0.379600
1 0.417173 -14.724024 40.004871 0.110846 -0.347205 0.931215 0.406576 0.323969
horse_atlas.bmp
1 -1.350000 -18.000000 52.439999 -0.747605 -0.660194 -0.072324 0.399900 0.379600
1 1.350000 -16.000000 39.520000 0.454792 -0.799134 -0.393128 0.410100 0.321800
1 0.417173 -14.724024 40.004871 0.110846 -0.347205 0.931215 0.406576 0.323969
horse_atlas.bmp
1 1.350000 -16.000000 39.520000 0.454792 -0.799134 -0.393128 0.350600 0.321800
1 0.417173 -17.275976 39.035130 0.256877 -0.656869 -0.708899 0.346262 0.319631
1 0.417173 -7.692811 34.772236 0.306182 -0.381810 -0.872051 0.378844 0.300560
horse_atlas.bmp
1 1.350000 -16.000000 39.520000 0.454792 -0.799134 -0.393128 0.350600 0.321800
1 0.417173 -7.692811 34.772236 0.306182 -0.381810 -0.872051 0.378844 0.300560
1 1.350000 -7.000000 35.720001 0.994381 0.032596 0.100719 0.381200 0.304800
horse_atlas.bmp
1 0.417173 -17.275976 39.035130 0.256877 -0.656869 -0.708899 0.406576 0.286262
1 -1.092173 -16.788597 39.220333 0.229435 -0.728110 -0.645922 0.400874 0.287919
1 -1.092173 -7.428181 35.134251 -0.831094 -0.224286 -0.508899 0.400874 0.319744
horse_atlas.bmp
1 0.417173 -17.275976 39.035130 0.256877 -0.656869 -0.708899 0.406576 0.286262
1 -1.092173 -7.428181 35.134251 -0.831094 -0.224286 -0.508899 0.400874 0.319744
1 0.417173 -7.692811 34.772236 0.306182 -0.381810 -0.872051 0.406576 0.318844
horse_atlas.bmp
1 -1.092173 -16.788597 39.220333 0.229435 -0.728110 -0.645922 0.347919 0.320459
1 -1.092173 -15.211403 39.819668 -0.884596 -0.425820 0.190178 0.353281 0.323141
1 -1.092173 -6.571819 36.305752 -0.738923 0.251138 0.625238 0.382656 0.307420
horse_atlas.bmp
1 -1.092173 -16.788597 39.220333 0.229435 -0.728110 -0.645922 0.347919 0.320459
1 -1.092173 -6.571819 36.305752 -0.738923 0.251138 0.625238 0.382656 0.307420
1 -1.092173 -7.428181 35.134251 -0.831094 -0.224286 -0.508899 0.379744 0.302180
horse_atlas.bmp
1 -1.092173 -15.211403 39.819668 -0.884596 -0.425820 0.190178 0.400874 0.293281
1 0.417173 -14.724024 40.004871 0.110846 -0.347205 0.931215 0.406576 0.294938
1 0.417173 -6.307189 36.667767 0.261393 0.362184 0.894705 0.406576 0.323556
horse_atlas.bmp
1 -1.092173 -15.211403 39.819668 -0.884596 -0.425820 0.190178 0.400874 0.293281
1 0.417173 -6.307189 36.667767 0.261393 0.362184 0.894705 0.406576 0.323556
1 -1.092173 -6.571819 36.305752 -0.738923 0.251138 0.625238 0.400874 0.322656
horse_atlas.bmp
1 0.417173 -14.724024 40.004871 0.110846 -0.347205 0.931215 0.354938 0.323969
1 1.350000 -16.000000 39.520000 0.454792 -0.799134 -0.393128 0.350600 0.321800
1 1.350000 -7.000000 35.720001 0.994381 0.032596 0.100719 0.381200 0.304800
horse_atlas.bmp
1 0.417173 -14.724024 40.004871 0.110846 -0.347205 0.931215 0.354938 0.323969
1 1.350000 -7.000000 35.720001 0.994381 0.032596 0.100719 0.381200 0.304800
1 0.417173 -6.307189 36.667767 0.261393 0.362184 0.894705 0.383556 0.309040
horse_atlas.bmp
1 3.694954 -10.099388 63.840000 -0.997734 -0.027376 -0.061456 0.646662 0.444600
1 4.179796 -9.316397 63.486694 -0.348702 0.700621 -0.622525 0.649324 0.443019
1 5.087853 -18.256760 52.918385 -0.396450 0.797959 -0.453970 0.618927 0.395740
horse_atlas.bmp
1 3.694954 -10.099388 63.840000 -0.997734 -0.027376 -0.061456 0.646662 0.444600
1 5.087853 -18.256760 52.918385 -0.396450 0.797959 -0.453970 0.618927 0.395740
1 4.593326 -19.081482 53.200001 -0.990059 -0.130768 0.051799 0.616123 0.397000
horse_atlas.bmp
1 4.179796 -9.316397 63.486694 -0.348702 0.700621 -0.622525 0.696790 0.443019
1 5.107149 -9.478122 63.621647 0.708430 0.567139 -0.420096 0.700294 0.443623
1 6.013756 -18.459169 53.025951 0.817607 0.519246 -0.248801 0.703719 0.396221
horse_atlas.bmp
1 4.179796 -9.316397 63.486694 -0.348702 0.700621 -0.622525 0.696790 0.443019
1 6.013756 -18.459169 53.025951 0.817607 0.519246 -0.248801 0.703719 0.396221
1 5.087853 -18.256760 52.918385 -0.396450 0.797959 -0.453970 0.700221 0.395740
horse_atlas.bmp
1 5.107149 -9.478122 63.621647 0.708430 0.567139 -0.420096 0.648774 0.443623
1 5.195443 -10.361064 64.058357 0.885532 -0.315218 0.341278 0.645772 0.445577
1 6.091469 -19.408989 53.374050 0.818903 -0.491293 0.296697 0.615009 0.397779
horse_atlas.bmp
1 5.107149 -9.478122 63.621647 0.708430 0.567139 -0.420096 0.648774 0.443623
1 6.091469 -19.408989 53.374050 0.818903 -0.491293 0.296697 0.615009 0.397779
1 6.013756 -18.459169 53.025951 0.817607 0.519246 -0.248801 0.618239 0.396221
horse_atlas.bmp
1 5.195443 -10.361064 64.058357 0.885532 -0.315218 0.341278 0.700627 0.445577
1 4.322659 -10.745028 64.193306 -0.254277 -0.749077 0.611741 0.697330 0.446181
1 5.213595 -19.793600 53.481613 -0.224843 -0.864462 0.449612 0.700696 0.398260
horse_atlas.bmp
1 5.195443 -10.361064 64.058357 0.885532 -0.315218 0.341278 0.700627 0.445577
1 5.213595 -19.793600 53.481613 -0.224843 -0.864462 0.449612 0.700696 0.398260
1 6.091469 -19.408989 53.374050 0.818903 -0.491293 0.296697 0.704012 0.397779
horse_atlas.bmp
1 4.322659 -10.745028 64.193306 -0.254277 -0.749077 0.611741 0.644467 0.446181
1 3.694954 -10.099388 63.840000 -0.997734 -0.027376 -0.061456 0.646662 0.444600
1 4.593326 -19.081482 53.200001 -0.990059 -0.130768 0.051799 0.616123 0.397000
horse_atlas.bmp
1 4.322659 -10.745028 64.193306 -0.254277 -0.749077 0.611741 0.644467 0.446181
1 4.593326 -19.081482 53.200001 -0.990059 -0.130768 0.051799 0.616123 0.397000
1 5.213595 -19.793600 53.481613 -0.224843 -0.864462 0.449612 0.613702 0.398260
horse_atlas.bmp
1 4.593326 -19.081482 53.200001 -0.990059 -0.130768 0.051799 0.616123 0.397000
1 5.087853 -18.256760 52.918385 -0.396450 0.797959 -0.453970 0.618927 0.395740
1 5.149696 -20.164433 46.218884 -0.365678 0.893934 -0.259156 0.612441 0.365769
horse_atlas.bmp
1 4.593326 -19.081482 53.200001 -0.990059 -0.130768 0.051799 0.616123 0.397000
1 5.149696 -20.164433 46.218884 -0.365678 0.893934 -0.259156 0.612441 0.365769
1 4.590000 -21.000000 46.360001 -0.996870 -0.075576 0.023196 0.609600 0.366400
horse_atlas.bmp
1 5.087853 -18.256760 52.918385 -0.396450 0.797959 -0.453970 0.700221 0.395740
1 6.013756 -18.459169 53.025951 0.817607 0.519246 -0.248801 0.703719 0.396221
1 6.055304 -20.483591 46.272785 0.813031 0.559187 -0.162143 0.703876 0.366010
horse_atlas.bmp
1 5.087853 -18.256760 52.918385 -0.396450 0.797959 -0.453970 0.700221 0.395740
1 6.055304 -20.483591 46.272785 0.813031 0.559187 -0.162143 0.703876 0.366010
1 5.149696 -20.164433 46.218884 -0.365678 0.893934 -0.259156 0.700454 0.365769
horse_atlas.bmp
1 6.013756 -18.459169 53.025951 0.817607 0.519246 -0.248801 0.618239 0.396221
1 6.091469 -19.408989 53.374050 0.818903 -0.491293 0.296697 0.615009 0.397779
1 6.055304 -21.516409 46.447216 0.816936 -0.553089 0.163428 0.607844 0.366790
horse_atlas.bmp
1 6.013756 -18.459169 53.025951 0.817607 0.519246 -0.248801 0.618239 0.396221
1 6.055304 -21.516409 46.447216 0.816936 -0.553089 0.163428 0.607844 0.366790
1 6.055304 -20.483591 46.272785 0.813031 0.559187 -0.162143 0.611356 0.366010
horse_atlas.bmp
1 6.091469 -19.408989 53.374050 0.818903 -0.491293 0.296697 0.704012 0.397779
1 5.213595 -19.793600 53.481613 -0.224843 -0.864462 0.449612 0.700696 0.398260
1 5.149696 -21.835567 46.501118 -0.261493 -0.925861 0.272769 0.700454 0.367031
horse_atlas.bmp
1 6.091469 -19.408989 53.374050 0.818903 -0.491293 0.296697 0.704012 0.397779
1 5.149696 -21.835567 46.501118 -0.261493 -0.925861 0.272769 0.700454 0.367031
1 6.055304 -21.516409 46.447216 0.816936 -0.553089 0.163428 0.703876 0.366790
horse_atlas.bmp
1 5.213595 -19.793600 53.481613 -0.224843 -0.864462 0.449612 0.613702 0.398260
1 4.593326 -19.081482 53.200001 -0.990059 -0.130768 0.051799 0.616123 0.397000
1 4.590000 -21.000000 46.360001 -0.996870 -0.075576 0.023196 0.609600 0.366400
horse_atlas.bmp
1 5.213595 -19.793600 53.481613 -0.224843 -0.864462 0.449612 0.613702 0.398260
1 4.590000 -21.000000 46.360001 -0.996870 -0.075576 0.023196 0.609600 0.366400
1 5.149696 -21.835567 46.501118 -0.261493 -0.925861 0.272769 0.606759 0.367031
horse_atlas.bmp
1 5.200777 -20.335922 47.119999 -0.292414 0.952779 -0.081896 0.432647 0.967800
1 5.729649 -20.649895 46.752937 0.467565 0.444518 -0.764060 0.434645 0.966158
1 3.167055 -21.599005 44.654003 0.114317 0.841454 -0.528097 0.424964 0.956768
horse_atlas.bmp
1 5.200777 -20.335922 47.119999 -0.292414 0.952779 -0.081896 0.432647 0.967800
1 3.167055 -21.599005 44.654003 0.114317 0.841454 -0.528097 0.424964 0.956768
1 2.500777 -21.335922 44.840000 -0.795870 0.604985 0.024181 0.422447 0.957600
horse_atlas.bmp
1 5.729649 -20.649895 46.752937 0.467565 0.444518 -0.764060 0.342790 0.966158
1 5.802958 -21.447702 46.893143 0.637538 -0.571345 -0.516827 0.340078 0.966785
1 3.187879 -22.416248 44.725048 0.566738 -0.710066 -0.417869 0.336785 0.957086
horse_atlas.bmp
1 5.729649 -20.649895 46.752937 0.467565 0.444518 -0.764060 0.342790 0.966158
1 3.187879 -22.416248 44.725048 0.566738 -0.710066 -0.417869 0.336785 0.957086
1 3.167055 -21.599005 44.654003 0.114317 0.841454 -0.528097 0.339563 0.956768
horse_atlas.bmp
1 5.802958 -21.447702 46.893143 0.637538 -0.571345 -0.516827 0.434922 0.966785
1 5.319393 -21.626801 47.346859 -0.071611 -0.883869 0.462220 0.433095 0.968815
1 2.534471 -22.658253 44.954952 0.016614 -0.977089 0.212180 0.422575 0.958114
horse_atlas.bmp
1 5.802958 -21.447702 46.893143 0.637538 -0.571345 -0.516827 0.434922 0.966785
1 2.534471 -22.658253 44.954952 0.016614 -0.977089 0.212180 0.422575 0.958114
1 3.187879 -22.416248 44.725048 0.566738 -0.710066 -0.417869 0.425043 0.957086
horse_atlas.bmp
1 5.319393 -21.626801 47.346859 -0.071611 -0.883869 0.462220 0.433095 0.883469
1 4.947224 -20.939682 47.487064 -0.671445 0.111361 0.732640 0.431690 0.885805
1 2.109818 -21.990574 45.025997 -0.749653 -0.461682 0.474205 0.420970 0.882232
horse_atlas.bmp
1 5.319393 -21.626801 47.346859 -0.071611 -0.883869 0.462220 0.433095 0.883469
1 2.109818 -21.990574 45.025997 -0.749653 -0.461682 0.474205 0.420970 0.882232
1 2.534471 -22.658253 44.954952 0.016614 -0.977089 0.212180 0.422575 0.879962
horse_atlas.bmp
1 4.947224 -20.939682 47.487064 -0.671445 0.111361 0.732640 0.341805 0.969442
1 5.200777 -20.335922 47.119999 -0.292414 0.952779 -0.081896 0.343858 0.967800
1 2.500777 -21.335922 44.840000 -0.795870 0.604985 0.024181 0.340458 0.957600
horse_atlas.bmp
1 4.947224 -20.939682 47.487064 -0.671445 0.111361 0.732640 0.341805 0.969442
1 2.500777 -21.335922 44.840000 -0.795870 0.604985 0.024181 0.340458 0.957600
1 2.109818 -21.990574 45.025997 -0.749653 -0.461682 0.474205 0.338232 0.958432
horse_atlas.bmp
1 2.500777 -21.335922 44.840000 -0.795870 0.604985 0.024181 0.422447 0.957600
1 3.167055 -21.599005 44.654003 0.114317 0.841454 -0.528097 0.424964 0.956768
1 2.700000 -22.700001 41.040001 -0.829530 -0.349825 -0.435318 0.423200 0.940600
horse_atlas.bmp
1 3.167055 -21.599005 44.654003 0.114317 0.841454 -0.528097 0.424964 0.956768
1 2.351742 -22.216312 40.628284 -0.162236 0.523699 -0.836313 0.421884 0.938758
1 2.700000 -22.700001 41.040001 -0.829530 -0.349825 -0.435318 0.423200 0.940600
horse_atlas.bmp
1 3.167055 -21.599005 44.654003 0.114317 0.841454 -0.528097 0.424964 0.956768
1 3.187879 -22.416248 44.725048 0.566738 -0.710066 -0.417869 0.425043 0.957086
1 2.351742 -22.216312 40.628284 -0.162236 0.523699 -0.836313 0.421884 0.938758
horse_atlas.bmp
1 3.187879 -22.416248 44.725048 0.566738 -0.710066 -0.417869 0.425043 0.957086
1 2.484765 -21.433687 40.785542 0.135330 0.754523 -0.642168 0.422387 0.939462
1 2.351742 -22.216312 40.628284 -0.162236 0.523699 -0.836313 0.421884 0.938758
horse_atlas.bmp
1 3.187879 -22.416248 44.725048 0.566738 -0.710066 -0.417869 0.425043 0.957086
1 2.534471 -22.658253 44.954952 0.016614 -0.977089 0.212180 0.422575 0.958114
1 2.484765 -21.433687 40.785542 0.135330 0.754523 -0.642168 0.422387 0.939462
horse_atlas.bmp
1 2.534471 -22.658253 44.954952 0.016614 -0.977089 0.212180 0.422575 0.958114
1 2.915235 -21.433687 41.294456 0.528465 -0.599265 0.601337 0.424013 0.941738
1 2.484765 -21.433687 40.785542 0.135330 0.754523 -0.642168 0.422387 0.939462
horse_atlas.bmp
1 2.534471 -22.658253 44.954952 0.016614 -0.977089 0.212180 0.422575 0.958114
1 2.109818 -21.990574 45.025997 -0.749653 -0.461682 0.474205 0.420970 0.958432
1 2.915235 -21.433687 41.294456 0.528465 -0.599265 0.601337 0.424013 0.941738
horse_atlas.bmp
1 2.109818 -21.990574 45.025997 -0.749653 -0.461682 0.474205 0.420970 0.958432
1 3.048258 -22.216312 41.451717 -0.340866 -0.662816 0.666698 0.424516 0.942442
1 2.915235 -21.433687 41.294456 0.528465 -0.599265 0.601337 0.424013 0.941738
horse_atlas.bmp
1 2.109818 -21.990574 45.025997 -0.749653 -0.461682 0.474205 0.338232 0.958432
1 2.500777 -21.335922 44.840000 -0.795870 0.604985 0.024181 0.340458 0.957600
1 3.048258 -22.216312 41.451717 -0.340866 -0.662816 0.666698 0.337465 0.942442
horse_atlas.bmp
1 2.500777 -21.335922 44.840000 -0.795870 0.604985 0.024181 0.340458 0.957600
1 2.700000 -22.700001 41.040001 -0.829530 -0.349825 -0.435318 0.335820 0.940600
1 3.048258 -22.216312 41.451717 -0.340866 -0.662816 0.666698 0.337465 0.942442
horse_atlas.bmp
1 2.700000 -22.700001 41.040001 -0.829530 -0.349825 -0.435318 0.423200 0.940600
1 2.351742 -22.216312 40.628284 -0.162236 0.523699 -0.836313 0.421884 0.938758
1 9.348258 -22.216312 40.628284 0.127451 0.527132 -0.840172 0.448316 0.938758
horse_atlas.bmp
1 2.700000 -22.700001 41.040001 -0.829530 -0.349825 -0.435318 0.423200 0.940600
1 9.348258 -22.216312 40.628284 0.127451 0.527132 -0.840172 0.448316 0.938758
1 9.000000 -22.700001 41.040001 0.834084 -0.326258 -0.444814 0.447000 0.940600
horse_atlas.bmp
1 2.351742 -22.216312 40.628284 -0.162236 0.523699 -0.836313 0.421884 0.881465
1 2.484765 -21.433687 40.785542 0.135330 0.754523 -0.642168 0.422387 0.884125
1 9.215235 -21.433687 40.785542 -0.101609 0.752599 -0.650592 0.447813 0.884125
horse_atlas.bmp
1 2.351742 -22.216312 40.628284 -0.162236 0.523699 -0.836313 0.421884 0.881465
1 9.215235 -21.433687 40.785542 -0.101609 0.752599 -0.650592 0.447813 0.884125
1 9.348258 -22.216312 40.628284 0.127451 0.527132 -0.840172 0.448316 0.881465
horse_atlas.bmp
1 2.484765 -21.433687 40.785542 0.135330 0.754523 -0.642168 0.422387 0.939462
1 2.915235 -21.433687 41.294456 0.528465 -0.599265 0.601337 0.424013 0.941738
1 8.784765 -21.433687 41.294456 0.260651 -0.661957 0.702761 0.446187 0.941738
horse_atlas.bmp
1 2.484765 -21.433687 40.785542 0.135330 0.754523 -0.642168 0.422387 0.939462
1 8.784765 -21.433687 41.294456 0.260651 -0.661957 0.702761 0.446187 0.941738
1 9.215235 -21.433687 40.785542 -0.101609 0.752599 -0.650592 0.447813 0.939462
horse_atlas.bmp
1 2.915235 -21.433687 41.294456 0.528465 -0.599265 0.601337 0.424013 0.884125
1 3.048258 -22.216312 41.451717 -0.340866 -0.662816 0.666698 0.424516 0.881465
1 8.651742 -22.216312 41.451717 0.378451 -0.644024 0.664837 0.445684 0.881465
horse_atlas.bmp
1 2.915235 -21.433687 41.294456 0.528465 -0.599265 0.601337 0.424013 0.884125
1 8.651742 -22.216312 41.451717 0.378451 -0.644024 0.664837 0.445684 0.881465
1 8.784765 -21.433687 41.294456 0.260651 -0.661957 0.702761 0.446187 0.884125
horse_atlas.bmp
1 3.048258 -22.216312 41.451717 -0.340866 -0.662816 0.666698 0.424516 0.942442
1 2.700000 -22.700001 41.040001 -0.829530 -0.349825 -0.435318 0.423200 0.940600
1 9.000000 -22.700001 41.040001 0.834084 -0.326258 -0.444814 0.447000 0.940600
horse_atlas.bmp
1 3.048258 -22.216312 41.451717 -0.340866 -0.662816 0.666698 0.424516 0.942442
1 9.000000 -22.700001 41.040001 0.834084 -0.326258 -0.444814 0.447000 0.940600
1 8.651742 -22.216312 41.451717 0.378451 -0.644024 0.664837 0.445684 0.942442
horse_atlas.bmp
1 9.000000 -22.700001 41.040001 0.834084 -0.326258 -0.444814 0.447000 0.940600
1 9.348258 -22.216312 40.628284 0.127451 0.527132 -0.840172 0.448316 0.938758
1 9.152798 -21.320900 44.840000 0.765042 0.642413 0.044910 0.447577 0.957600
horse_atlas.bmp
1 9.348258 -22.216312 40.628284 0.127451 0.527132 -0.840172 0.448316 0.938758
1 8.530527 -21.646622 44.608208 -0.094649 0.814637 -0.572196 0.445226 0.956563
1 9.152798 -21.320900 44.840000 0.765042 0.642413 0.044910 0.447577 0.957600
horse_atlas.bmp
1 9.348258 -22.216312 40.628284 0.127451 0.527132 -0.840172 0.448316 0.938758
1 9.215235 -21.433687 40.785542 -0.101609 0.752599 -0.650592 0.447813 0.939462
1 8.530527 -21.646622 44.608208 -0.094649 0.814637 -0.572196 0.445226 0.956563
horse_atlas.bmp
1 9.215235 -21.433687 40.785542 -0.101609 0.752599 -0.650592 0.447813 0.939462
1 8.557053 -22.460699 44.696743 -0.353578 -0.812851 -0.462879 0.445327 0.956959
1 8.530527 -21.646622 44.608208 -0.094649 0.814637 -0.572196 0.445226 0.956563
horse_atlas.bmp
1 9.215235 -21.433687 40.785542 -0.101609 0.752599 -0.650592 0.447813 0.939462
1 8.784765 -21.433687 41.294456 0.260651 -0.661957 0.702761 0.446187 0.941738
1 8.557053 -22.460699 44.696743 -0.353578 -0.812851 -0.462879 0.445327 0.956959
horse_atlas.bmp
1 8.784765 -21.433687 41.294456 0.260651 -0.661957 0.702761 0.446187 0.941738
1 9.195716 -22.638107 44.983257 0.090088 -0.962930 0.254262 0.447739 0.958241
1 8.557053 -22.460699 44.696743 -0.353578 -0.812851 -0.462879 0.445327 0.956959
horse_atlas.bmp
1 8.784765 -21.433687 41.294456 0.260651 -0.661957 0.702761 0.446187 0.941738
1 8.651742 -22.216312 41.451717 0.378451 -0.644024 0.664837 0.445684 0.942442
1 9.195716 -22.638107 44.983257 0.090088 -0.962930 0.254262 0.447739 0.958241
horse_atlas.bmp
1 8.651742 -22.216312 41.451717 0.378451 -0.644024 0.664837 0.445684 0.942442
1 9.563907 -21.933672 45.071793 0.726959 -0.413110 0.548517 0.449130 0.958637
1 9.195716 -22.638107 44.983257 0.090088 -0.962930 0.254262 0.447739 0.958241
horse_atlas.bmp
1 8.651742 -22.216312 41.451717 0.378451 -0.644024 0.664837 0.337465 0.942442
1 9.000000 -22.700001 41.040001 0.834084 -0.326258 -0.444814 0.335820 0.940600
1 9.563907 -21.933672 45.071793 0.726959 -0.413110 0.548517 0.338426 0.958637
horse_atlas.bmp
1 9.000000 -22.700001 41.040001 0.834084 -0.326258 -0.444814 0.335820 0.940600
1 9.152798 -21.320900 44.840000 0.765042 0.642413 0.044910 0.340509 0.957600
1 9.563907 -21.933672 45.071793 0.726959 -0.413110 0.548517 0.338426 0.958637
horse_atlas.bmp
1 9.152798 -21.320900 44.840000 0.765042 0.642413 0.044910 0.447577 0.957600
1 8.530527 -21.646622 44.608208 -0.094649 0.814637 -0.572196 0.445226 0.956563
1 5.105224 -20.695148 46.710876 -0.408364 0.381567 -0.829244 0.432286 0.965970
horse_atlas.bmp
1 9.152798 -21.320900 44.840000 0.765042 0.642413 0.044910 0.447577 0.957600
1 5.105224 -20.695148 46.710876 -0.408364 0.381567 -0.829244 0.432286 0.965970
1 5.552797 -20.320900 47.119999 0.226655 0.970704 -0.079755 0.433977 0.967800
horse_atlas.bmp
1 8.530527 -21.646622 44.608208 -0.094649 0.814637 -0.572196 0.445226 0.883402
1 8.557053 -22.460699 44.696743 -0.353578 -0.812851 -0.462879 0.445327 0.880634
1 5.065021 -21.490692 46.867146 -0.525638 -0.636092 -0.564882 0.432135 0.883932
horse_atlas.bmp
1 8.530527 -21.646622 44.608208 -0.094649 0.814637 -0.572196 0.445226 0.883402
1 5.065021 -21.490692 46.867146 -0.525638 -0.636092 -0.564882 0.432135 0.883932
1 5.105224 -20.695148 46.710876 -0.408364 0.381567 -0.829244 0.432286 0.886636
horse_atlas.bmp
1 8.557053 -22.460699 44.696743 -0.353578 -0.812851 -0.462879 0.445327 0.956959
1 9.195716 -22.638107 44.983257 0.090088 -0.962930 0.254262 0.447739 0.958241
1 5.487747 -21.608116 47.372852 0.088295 -0.858825 0.504603 0.433731 0.968931
horse_atlas.bmp
1 8.557053 -22.460699 44.696743 -0.353578 -0.812851 -0.462879 0.445327 0.956959
1 5.487747 -21.608116 47.372852 0.088295 -0.858825 0.504603 0.433731 0.968931
1 5.065021 -21.490692 46.867146 -0.525638 -0.636092 -0.564882 0.432135 0.966669
horse_atlas.bmp
1 9.195716 -22.638107 44.983257 0.090088 -0.962930 0.254262 0.447739 0.880030
1 9.563907 -21.933672 45.071793 0.726959 -0.413110 0.548517 0.449130 0.882425
1 5.789210 -20.885145 47.529125 0.567870 0.176005 0.804081 0.434870 0.885991
horse_atlas.bmp
1 9.195716 -22.638107 44.983257 0.090088 -0.962930 0.254262 0.447739 0.880030
1 5.789210 -20.885145 47.529125 0.567870 0.176005 0.804081 0.434870 0.885991
1 5.487747 -21.608116 47.372852 0.088295 -0.858825 0.504603 0.433731 0.883532
horse_atlas.bmp
1 9.563907 -21.933672 45.071793 0.726959 -0.413110 0.548517 0.449130 0.958637
1 9.152798 -21.320900 44.840000 0.765042 0.642413 0.044910 0.447577 0.957600
1 5.552797 -20.320900 47.119999 0.226655 0.970704 -0.079755 0.433977 0.967800
horse_atlas.bmp
1 9.563907 -21.933672 45.071793 0.726959 -0.413110 0.548517 0.449130 0.958637
1 5.552797 -20.320900 47.119999 0.226655 0.970704 -0.079755 0.433977 0.967800
1 5.789210 -20.885145 47.529125 0.567870 0.176005 0.804081 0.434870 0.969630
horse_atlas.bmp
1 9.749463 -15.087209 60.799999 -0.161487 -0.986804 0.011783 0.441831 0.417000
1 9.416279 -14.261230 60.098129 -0.435422 -0.258466 -0.862324 0.440573 0.413860
1 21.183098 -16.403219 54.786427 -0.296369 -0.452938 -0.840841 0.285025 0.390097
horse_atlas.bmp
1 9.749463 -15.087209 60.799999 -0.161487 -0.986804 0.011783 0.441831 0.417000
1 21.183098 -16.403219 54.786427 -0.296369 -0.452938 -0.840841 0.285025 0.390097
1 21.728046 -17.090761 55.480000 0.186201 -0.981751 0.038663 0.287084 0.393200
horse_atlas.bmp
1 9.416279 -14.261230 60.098129 -0.435422 -0.258466 -0.862324 0.440573 0.296512
1 9.751580 -13.074241 60.366219 -0.157757 0.756383 -0.634820 0.441839 0.300548
1 21.214296 -15.158442 55.051346 -0.382960 0.657008 -0.649370 0.285143 0.293461
horse_atlas.bmp
1 9.416279 -14.261230 60.098129 -0.435422 -0.258466 -0.862324 0.440573 0.296512
1 21.214296 -15.158442 55.051346 -0.382960 0.657008 -0.649370 0.285143 0.293461
1 21.183098 -16.403219 54.786427 -0.296369 -0.452938 -0.840841 0.285025 0.289229
horse_atlas.bmp
1 9.751580 -13.074241 60.366219 -0.157757 0.756383 -0.634820 0.441839 0.415059
1 10.291993 -13.166618 61.233780 0.351626 0.813030 0.464048 0.443881 0.418941
1 21.778522 -15.076670 55.908653 0.111085 0.793453 0.598409 0.287274 0.395118
horse_atlas.bmp
1 9.751580 -13.074241 60.366219 -0.157757 0.756383 -0.634820 0.441839 0.415059
1 21.778522 -15.076670 55.908653 0.111085 0.793453 0.598409 0.287274 0.395118
1 21.214296 -15.158442 55.051346 -0.382960 0.657008 -0.649370 0.285143 0.391282
horse_atlas.bmp
1 10.291993 -13.166618 61.233780 0.351626 0.813030 0.464048 0.443881 0.300233
1 10.290685 -14.410702 61.501873 0.356038 -0.287730 0.889072 0.443876 0.296004
1 22.096039 -16.270908 56.173573 0.440586 -0.267636 0.856887 0.288474 0.289679
horse_atlas.bmp
1 10.291993 -13.166618 61.233780 0.351626 0.813030 0.464048 0.443881 0.300233
1 22.096039 -16.270908 56.173573 0.440586 -0.267636 0.856887 0.288474 0.289679
1 21.778522 -15.076670 55.908653 0.111085 0.793453 0.598409 0.287274 0.293739
horse_atlas.bmp
1 10.290685 -14.410702 61.501873 0.356038 -0.287730 0.889072 0.443876 0.420140
1 9.749463 -15.087209 60.799999 -0.161487 -0.986804 0.011783 0.441831 0.417000
1 21.728046 -17.090761 55.480000 0.186201 -0.981751 0.038663 0.287084 0.393200
horse_atlas.bmp
1 10.290685 -14.410702 61.501873 0.356038 -0.287730 0.889072 0.443876 0.420140
1 21.728046 -17.090761 55.480000 0.186201 -0.981751 0.038663 0.287084 0.393200
1 22.096039 -16.270908 56.173573 0.440586 -0.267636 0.856887 0.288474 0.396303
horse_atlas.bmp
1 21.728046 -17.090761 55.480000 0.186201 -0.981751 0.038663 0.287084 0.393200
1 21.183098 -16.403219 54.786427 -0.296369 -0.452938 -0.840841 0.285025 0.390097
1 30.648893 -11.520986 50.184868 0.130563 -0.389929 -0.911542 0.320785 0.369511
horse_atlas.bmp
1 21.728046 -17.090761 55.480000 0.186201 -0.981751 0.038663 0.287084 0.393200
1 30.648893 -11.520986 50.184868 0.130563 -0.389929 -0.911542 0.320785 0.369511
1 31.415800 -11.623181 50.919998 0.815696 -0.567736 -0.110975 0.323682 0.372800
horse_atlas.bmp
1 21.183098 -16.403219 54.786427 -0.296369 -0.452938 -0.840841 0.285025 0.289229
1 21.214296 -15.158442 55.051346 -0.382960 0.657008 -0.649370 0.285143 0.293461
1 29.814415 -10.698805 50.465664 -0.687384 0.250013 -0.681907 0.317632 0.308624
horse_atlas.bmp
1 21.183098 -16.403219 54.786427 -0.296369 -0.452938 -0.840841 0.285025 0.289229
1 29.814415 -10.698805 50.465664 -0.687384 0.250013 -0.681907 0.317632 0.308624
1 30.648893 -11.520986 50.184868 0.130563 -0.389929 -0.911542 0.320785 0.305829
horse_atlas.bmp
1 21.214296 -15.158442 55.051346 -0.382960 0.657008 -0.649370 0.285143 0.391282
1 21.778522 -15.076670 55.908653 0.111085 0.793453 0.598409 0.287274 0.395118
1 30.065590 -10.292866 51.374336 -0.494936 0.494695 0.714364 0.318581 0.374833
horse_atlas.bmp
1 21.214296 -15.158442 55.051346 -0.382960 0.657008 -0.649370 0.285143 0.391282
1 30.065590 -10.292866 51.374336 -0.494936 0.494695 0.714364 0.318581 0.374833
1 29.814415 -10.698805 50.465664 -0.687384 0.250013 -0.681907 0.317632 0.370767
horse_atlas.bmp
1 21.778522 -15.076670 55.908653 0.111085 0.793453 0.598409 0.287274 0.293739
1 22.096039 -16.270908 56.173573 0.440586 -0.267636 0.856887 0.288474 0.289679
1 31.055302 -10.864161 51.655132 0.546914 -0.047269 0.835853 0.322320 0.308062
horse_atlas.bmp
1 21.778522 -15.076670 55.908653 0.111085 0.793453 0.598409 0.287274 0.293739
1 31.055302 -10.864161 51.655132 0.546914 -0.047269 0.835853 0.322320 0.308062
1 30.065590 -10.292866 51.374336 -0.494936 0.494695 0.714364 0.318581 0.310004
horse_atlas.bmp
1 22.096039 -16.270908 56.173573 0.440586 -0.267636 0.856887 0.349679 0.396303
1 21.728046 -17.090761 55.480000 0.186201 -0.981751 0.038663 0.346891 0.393200
1 31.415800 -11.623181 50.919998 0.815696 -0.567736 -0.110975 0.365481 0.372800
horse_atlas.bmp
1 22.096039 -16.270908 56.173573 0.440586 -0.267636 0.856887 0.349679 0.396303
1 31.415800 -11.623181 50.919998 0.815696 -0.567736 -0.110975 0.365481 0.372800
1 31.055302 -10.864161 51.655132 0.546914 -0.047269 0.835853 0.368062 0.376089
horse_atlas.bmp
1 31.415800 -11.623181 50.919998 0.815696 -0.567736 -0.110975 0.365481 0.372800
1 30.648893 -11.520986 50.184868 0.130563 -0.389929 -0.911542 0.365829 0.369511
1 31.789482 -0.216408 48.617638 0.232731 -0.156927 -0.959797 0.404264 0.362500
horse_atlas.bmp
1 31.415800 -11.623181 50.919998 0.815696 -0.567736 -0.110975 0.365481 0.372800
1 31.789482 -0.216408 48.617638 0.232731 -0.156927 -0.959797 0.404264 0.362500
1 32.485935 -0.099589 49.400002 0.994667 -0.094259 -0.041855 0.404661 0.366000
horse_atlas.bmp
1 30.648893 -11.520986 50.184868 0.130563 -0.389929 -0.911542 0.320785 0.305829
1 29.814415 -10.698805 50.465664 -0.687384 0.250013 -0.681907 0.317632 0.308624
1 30.692976 -0.034158 48.916477 -0.865803 -0.004357 -0.500366 0.320951 0.344884
horse_atlas.bmp
1 30.648893 -11.520986 50.184868 0.130563 -0.389929 -0.911542 0.320785 0.305829
1 30.692976 -0.034158 48.916477 -0.865803 -0.004357 -0.500366 0.320951 0.344884
1 31.789482 -0.216408 48.617638 0.232731 -0.156927 -0.959797 0.325094 0.344264
horse_atlas.bmp
1 29.814415 -10.698805 50.465664 -0.687384 0.250013 -0.681907 0.368624 0.370767
1 30.065590 -10.292866 51.374336 -0.494936 0.494695 0.714364 0.370004 0.374833
1 30.711748 0.195297 49.883522 -0.727791 0.144332 0.670438 0.405664 0.368163
horse_atlas.bmp
1 29.814415 -10.698805 50.465664 -0.687384 0.250013 -0.681907 0.368624 0.370767
1 30.711748 0.195297 49.883522 -0.727791 0.144332 0.670438 0.405664 0.368163
1 30.692976 -0.034158 48.916477 -0.865803 -0.004357 -0.500366 0.404884 0.363837
horse_atlas.bmp
1 30.065590 -10.292866 51.374336 -0.494936 0.494695 0.714364 0.318581 0.310004
1 31.055302 -10.864161 51.655132 0.546914 -0.047269 0.835853 0.322320 0.308062
1 31.819860 0.154859 50.182358 0.347951 0.096319 0.932552 0.325208 0.345527
horse_atlas.bmp
1 30.065590 -10.292866 51.374336 -0.494936 0.494695 0.714364 0.318581 0.310004
1 31.819860 0.154859 50.182358 0.347951 0.096319 0.932552 0.325208 0.345527
1 30.711748 0.195297 49.883522 -0.727791 0.144332 0.670438 0.321022 0.345664
horse_atlas.bmp
1 31.055302 -10.864161 51.655132 0.546914 -0.047269 0.835853 0.368062 0.376089
1 31.415800 -11.623181 50.919998 0.815696 -0.567736 -0.110975 0.365481 0.372800
1 32.485935 -0.099589 49.400002 0.994667 -0.094259 -0.041855 0.404661 0.366000
horse_atlas.bmp
1 31.055302 -10.864161 51.655132 0.546914 -0.047269 0.835853 0.368062 0.376089
1 32.485935 -0.099589 49.400002 0.994667 -0.094259 -0.041855 0.404661 0.366000
1 31.819860 0.154859 50.182358 0.347951 0.096319 0.932552 0.405527 0.369500
horse_atlas.bmp
1 -9.900000 -18.299999 57.000000 0.330172 0.000003 -0.943921 0.195600 0.574780
1 -9.450000 -18.100000 57.222599 0.380893 0.707332 -0.595485 0.197300 0.575460
1 -9.263604 -18.299999 57.222599 0.740945 0.000001 -0.671566 0.198004 0.574780
horse_atlas.bmp
1 -9.900000 -18.299999 57.000000 0.218725 0.463558 -0.858646 0.195600 0.692000
1 -9.900000 -18.017157 57.222599 0.000001 0.857908 -0.513802 0.195600 0.692996
1 -9.450000 -18.100000 57.222599 0.380893 0.707332 -0.595485 0.197300 0.692996
horse_atlas.bmp
1 -9.900000 -18.299999 57.000000 0.000000 0.618449 -0.785825 0.195600 0.692000
1 -10.350000 -18.100000 57.222599 -0.380893 0.707333 -0.595484 0.193900 0.692996
1 -9.900000 -18.017157 57.222599 0.000001 0.857908 -0.513802 0.195600 0.692996
horse_atlas.bmp
1 -9.900000 -18.299999 57.000000 -0.218725 0.463560 -0.858645 0.195600 0.574780
1 -10.536396 -18.299999 57.222599 -0.740945 0.000002 -0.671566 0.193196 0.574780
1 -10.350000 -18.100000 57.222599 -0.380893 0.707333 -0.595484 0.193900 0.575460
horse_atlas.bmp
1 -9.900000 -18.299999 57.000000 -0.330170 0.000005 -0.943921 0.195600 0.574780
1 -10.350000 -18.500000 57.222599 -0.380894 -0.707330 -0.595486 0.193900 0.574100
1 -10.536396 -18.299999 57.222599 -0.740945 0.000002 -0.671566 0.193196 0.574780
horse_atlas.bmp
1 -9.900000 -18.299999 57.000000 -0.218728 -0.463559 -0.858645 0.195600 0.692000
1 -9.900000 -18.582842 57.222599 0.000000 -0.857907 -0.513804 0.195600 0.692996
1 -10.350000 -18.500000 57.222599 -0.380894 -0.707330 -0.595486 0.193900 0.692996
horse_atlas.bmp
1 -9.900000 -18.299999 57.000000 -0.000001 -0.618452 -0.785822 0.195600 0.692000
1 -9.450000 -18.500000 57.222599 0.380896 -0.707330 -0.595485 0.197300 0.692996
1 -9.900000 -18.582842 57.222599 0.000000 -0.857907 -0.513804 0.195600 0.692996
horse_atlas.bmp
1 -9.900000 -18.299999 57.000000 0.218729 -0.463556 -0.858646 0.195600 0.574780
1 -9.263604 -18.299999 57.222599 0.740945 0.000001 -0.671566 0.198004 0.574780
1 -9.450000 -18.500000 57.222599 0.380896 -0.707330 -0.595485 0.197300 0.574100
horse_atlas.bmp
1 -9.263604 -18.299999 57.222599 0.740945 0.000001 -0.671566 0.198004 0.692996
1 -9.450000 -18.100000 57.222599 0.380893 0.707332 -0.595485 0.197300 0.692996
1 -9.263604 -18.017157 57.759998 0.515201 0.857069 -0.000001 0.198004 0.695400
horse_atlas.bmp
1 -9.263604 -18.299999 57.222599 0.740945 0.000001 -0.671566 0.198004 0.692996
1 -9.263604 -18.017157 57.759998 0.515201 0.857069 -0.000001 0.198004 0.695400
1 -9.000000 -18.299999 57.759998 1.000000 -0.000000 -0.000001 0.199000 0.695400
horse_atlas.bmp
1 -9.450000 -18.100000 57.222599 0.380893 0.707332 -0.595485 0.197300 0.692996
1 -9.900000 -18.017157 57.222599 0.000001 0.857908 -0.513802 0.195600 0.692996
1 -9.900000 -17.900000 57.759998 0.000001 1.000000 -0.000001 0.195600 0.695400
horse_atlas.bmp
1 -9.450000 -18.100000 57.222599 0.380893 0.707332 -0.595485 0.197300 0.692996
1 -9.900000 -17.900000 57.759998 0.000001 1.000000 -0.000001 0.195600 0.695400
1 -9.263604 -18.017157 57.759998 0.515201 0.857069 -0.000001 0.198004 0.695400
horse_atlas.bmp
1 -9.900000 -18.017157 57.222599 0.000001 0.857908 -0.513802 0.195600 0.692996
1 -10.350000 -18.100000 57.222599 -0.380893 0.707333 -0.595484 0.193900 0.692996
1 -10.536396 -18.017157 57.759998 -0.515202 0.857069 -0.000001 0.193196 0.695400
horse_atlas.bmp
1 -9.900000 -18.017157 57.222599 0.000001 0.857908 -0.513802 0.195600 0.692996
1 -10.536396 -18.017157 57.759998 -0.515202 0.857069 -0.000001 0.193196 0.695400
1 -9.900000 -17.900000 57.759998 0.000001 1.000000 -0.000001 0.195600 0.695400
horse_atlas.bmp
1 -10.350000 -18.100000 57.222599 -0.380893 0.707333 -0.595484 0.193900 0.692996
1 -10.536396 -18.299999 57.222599 -0.740945 0.000002 -0.671566 0.193196 0.692996
1 -10.800000 -18.299999 57.759998 -1.000000 -0.000000 -0.000002 0.192200 0.695400
horse_atlas.bmp
1 -10.350000 -18.100000 57.222599 -0.380893 0.707333 -0.595484 0.193900 0.692996
1 -10.800000 -18.299999 57.759998 -1.000000 -0.000000 -0.000002 0.192200 0.695400
1 -10.536396 -18.017157 57.759998 -0.515202 0.857069 -0.000001 0.193196 0.695400
horse_atlas.bmp
1 -10.536396 -18.299999 57.222599 -0.740945 0.000002 -0.671566 0.193196 0.692996
1 -10.350000 -18.500000 57.222599 -0.380894 -0.707330 -0.595486 0.193900 0.692996
1 -10.536396 -18.582842 57.759998 -0.515203 -0.857068 -0.000002 0.193196 0.695400
horse_atlas.bmp
1 -10.536396 -18.299999 57.222599 -0.740945 0.000002 -0.671566 0.193196 0.692996
1 -10.536396 -18.582842 57.759998 -0.515203 -0.857068 -0.000002 0.193196 0.695400
1 -10.800000 -18.299999 57.759998 -1.000000 -0.000000 -0.000002 0.192200 0.695400
horse_atlas.bmp
1 -10.350000 -18.500000 57.222599 -0.380894 -0.707330 -0.595486 0.193900 0.692996
1 -9.900000 -18.582842 57.222599 0.000000 -0.857907 -0.513804 0.195600 0.692996
1 -9.900000 -18.700001 57.759998 0.000001 -1.000000 -0.000002 0.195600 0.695400
horse_atlas.bmp
1 -10.350000 -18.500000 57.222599 -0.380894 -0.707330 -0.595486 0.193900 0.692996
1 -9.900000 -18.700001 57.759998 0.000001 -1.000000 -0.000002 0.195600 0.695400
1 -10.536396 -18.582842 57.759998 -0.515203 -0.857068 -0.000002 0.193196 0.695400
horse_atlas.bmp
1 -9.900000 -18.582842 57.222599 0.000000 -0.857907 -0.513804 0.195600 0.692996
1 -9.450000 -18.500000 57.222599 0.380896 -0.707330 -0.595485 0.197300 0.692996
1 -9.263604 -18.582842 57.759998 0.515202 -0.857069 -0.000001 0.198004 0.695400
horse_atlas.bmp
1 -9.900000 -18.582842 57.222599 0.000000 -0.857907 -0.513804 0.195600 0.692996
1 -9.263604 -18.582842 57.759998 0.515202 -0.857069 -0.000001 0.198004 0.695400
1 -9.900000 -18.700001 57.759998 0.000001 -1.000000 -0.000002 0.195600 0.695400
horse_atlas.bmp
1 -9.450000 -18.500000 57.222599 0.380896 -0.707330 -0.595485 0.197300 0.692996
1 -9.263604 -18.299999 57.222599 0.740945 0.000001 -0.671566 0.198004 0.692996
1 -9.000000 -18.299999 57.759998 1.000000 -0.000000 -0.000001 0.199000 0.695400
horse_atlas.bmp
1 -9.450000 -18.500000 57.222599 0.380896 -0.707330 -0.595485 0.197300 0.692996
1 -9.000000 -18.299999 57.759998 1.000000 -0.000000 -0.000001 0.199000 0.695400
1 -9.263604 -18.582842 57.759998 0.515202 -0.857069 -0.000001 0.198004 0.695400
horse_atlas.bmp
1 -9.000000 -18.299999 57.759998 1.000000 -0.000000 -0.000001 0.199000 0.695400
1 -9.263604 -18.017157 57.759998 0.515201 0.857069 -0.000001 0.198004 0.695400
1 -9.450000 -18.100000 58.297401 0.380891 0.707333 0.595485 0.197300 0.697804
horse_atlas.bmp
1 -9.000000 -18.299999 57.759998 1.000000 -0.000000 -0.000001 0.199000 0.695400
1 -9.450000 -18.100000 58.297401 0.380891 0.707333 0.595485 0.197300 0.697804
1 -9.263604 -18.299999 58.297401 0.740945 0.000001 0.671566 0.198004 0.697804
horse_atlas.bmp
1 -9.263604 -18.017157 57.759998 0.515201 0.857069 -0.000001 0.198004 0.695400
1 -9.900000 -17.900000 57.759998 0.000001 1.000000 -0.000001 0.195600 0.695400
1 -9.900000 -18.017157 58.297401 0.000000 0.857909 0.513802 0.195600 0.697804
horse_atlas.bmp
1 -9.263604 -18.017157 57.759998 0.515201 0.857069 -0.000001 0.198004 0.695400
1 -9.900000 -18.017157 58.297401 0.000000 0.857909 0.513802 0.195600 0.697804
1 -9.450000 -18.100000 58.297401 0.380891 0.707333 0.595485 0.197300 0.697804
horse_atlas.bmp
1 -9.900000 -17.900000 57.759998 0.000001 1.000000 -0.000001 0.195600 0.695400
1 -10.536396 -18.017157 57.759998 -0.515202 0.857069 -0.000001 0.193196 0.695400
1 -10.350000 -18.100000 58.297401 -0.380891 0.707334 0.595485 0.193900 0.697804
horse_atlas.bmp
1 -9.900000 -17.900000 57.759998 0.000001 1.000000 -0.000001 0.195600 0.695400
1 -10.350000 -18.100000 58.297401 -0.380891 0.707334 0.595485 0.193900 0.697804
1 -9.900000 -18.017157 58.297401 0.000000 0.857909 0.513802 0.195600 0.697804
horse_atlas.bmp
1 -10.536396 -18.017157 57.759998 -0.515202 0.857069 -0.000001 0.193196 0.695400
1 -10.800000 -18.299999 57.759998 -1.000000 -0.000000 -0.000002 0.192200 0.695400
1 -10.536396 -18.299999 58.297401 -0.740945 0.000001 0.671566 0.193196 0.697804
horse_atlas.bmp
1 -10.536396 -18.017157 57.759998 -0.515202 0.857069 -0.000001 0.193196 0.695400
1 -10.536396 -18.299999 58.297401 -0.740945 0.000001 0.671566 0.193196 0.697804
1 -10.350000 -18.100000 58.297401 -0.380891 0.707334 0.595485 0.193900 0.697804
horse_atlas.bmp
1 -10.800000 -18.299999 57.759998 -1.000000 -0.000000 -0.000002 0.192200 0.695400
1 -10.536396 -18.582842 57.759998 -0.515203 -0.857068 -0.000002 0.193196 0.695400
1 -10.350000 -18.500000 58.297401 -0.380889 -0.707333 0.595486 0.193900 0.697804
horse_atlas.bmp
1 -10.800000 -18.299999 57.759998 -1.000000 -0.000000 -0.000002 0.192200 0.695400
1 -10.350000 -18.500000 58.297401 -0.380889 -0.707333 0.595486 0.193900 0.697804
1 -10.536396 -18.299999 58.297401 -0.740945 0.000001 0.671566 0.193196 0.697804
horse_atlas.bmp
1 -10.536396 -18.582842 57.759998 -0.515203 -0.857068 -0.000002 0.193196 0.695400
1 -9.900000 -18.700001 57.759998 0.000001 -1.000000 -0.000002 0.195600 0.695400
1 -9.900000 -18.582842 58.297401 -0.000003 -0.857908 0.513803 0.195600 0.697804
horse_atlas.bmp
1 -10.536396 -18.582842 57.759998 -0.515203 -0.857068 -0.000002 0.193196 0.695400
1 -9.900000 -18.582842 58.297401 -0.000003 -0.857908 0.513803 0.195600 0.697804
1 -10.350000 -18.500000 58.297401 -0.380889 -0.707333 0.595486 0.193900 0.697804
horse_atlas.bmp
1 -9.900000 -18.700001 57.759998 0.000001 -1.000000 -0.000002 0.195600 0.695400
1 -9.263604 -18.582842 57.759998 0.515202 -0.857069 -0.000001 0.198004 0.695400
1 -9.450000 -18.500000 58.297401 0.380888 -0.707333 0.595487 0.197300 0.697804
horse_atlas.bmp
1 -9.900000 -18.700001 57.759998 0.000001 -1.000000 -0.000002 0.195600 0.695400
1 -9.450000 -18.500000 58.297401 0.380888 -0.707333 0.595487 0.197300 0.697804
1 -9.900000 -18.582842 58.297401 -0.000003 -0.857908 0.513803 0.195600 0.697804
horse_atlas.bmp
1 -9.263604 -18.582842 57.759998 0.515202 -0.857069 -0.000001 0.198004 0.695400
1 -9.000000 -18.299999 57.759998 1.000000 -0.000000 -0.000001 0.199000 0.695400
1 -9.263604 -18.299999 58.297401 0.740945 0.000001 0.671566 0.198004 0.697804
horse_atlas.bmp
1 -9.263604 -18.582842 57.759998 0.515202 -0.857069 -0.000001 0.198004 0.695400
1 -9.263604 -18.299999 58.297401 0.740945 0.000001 0.671566 0.198004 0.697804
1 -9.450000 -18.500000 58.297401 0.380888 -0.707333 0.595487 0.197300 0.697804
horse_atlas.bmp
1 -9.263604 -18.299999 58.297401 0.740945 0.000001 0.671566 0.198004 0.574780
1 -9.450000 -18.100000 58.297401 0.380891 0.707333 0.595485 0.197300 0.575460
1 -9.900000 -18.299999 58.520000 0.218716 0.463559 0.858648 0.195600 0.574780
horse_atlas.bmp
1 -9.450000 -18.100000 58.297401 0.380891 0.707333 0.595485 0.197300 0.697804
1 -9.900000 -18.017157 58.297401 0.000000 0.857909 0.513802 0.195600 0.697804
1 -9.900000 -18.299999 58.520000 0.000000 0.618449 0.785825 0.195600 0.698800
horse_atlas.bmp
1 -9.900000 -18.017157 58.297401 0.000000 0.857909 0.513802 0.195600 0.697804
1 -10.350000 -18.100000 58.297401 -0.380891 0.707334 0.595485 0.193900 0.697804
1 -9.900000 -18.299999 58.520000 -0.218716 0.463560 0.858647 0.195600 0.698800
horse_atlas.bmp
1 -10.350000 -18.100000 58.297401 -0.380891 0.707334 0.595485 0.193900 0.575460
1 -10.536396 -18.299999 58.297401 -0.740945 0.000001 0.671566 0.193196 0.574780
1 -9.900000 -18.299999 58.520000 -0.330163 0.000004 0.943924 0.195600 0.574780
horse_atlas.bmp
1 -10.536396 -18.299999 58.297401 -0.740945 0.000001 0.671566 0.193196 0.574780
1 -10.350000 -18.500000 58.297401 -0.380889 -0.707333 0.595486 0.193900 0.574100
1 -9.900000 -18.299999 58.520000 -0.218713 -0.463560 0.858648 0.195600 0.574780
horse_atlas.bmp
1 -10.350000 -18.500000 58.297401 -0.380889 -0.707333 0.595486 0.193900 0.697804
1 -9.900000 -18.582842 58.297401 -0.000003 -0.857908 0.513803 0.195600 0.697804
1 -9.900000 -18.299999 58.520000 -0.000006 -0.618452 0.785822 0.195600 0.698800
horse_atlas.bmp
1 -9.900000 -18.582842 58.297401 -0.000003 -0.857908 0.513803 0.195600 0.697804
1 -9.450000 -18.500000 58.297401 0.380888 -0.707333 0.595487 0.197300 0.697804
1 -9.900000 -18.299999 58.520000 0.218708 -0.463558 0.858650 0.195600 0.698800
horse_atlas.bmp
1 -9.450000 -18.500000 58.297401 0.380888 -0.707333 0.595487 0.197300 0.574100
1 -9.263604 -18.299999 58.297401 0.740945 0.000001 0.671566 0.198004 0.574780
1 -9.900000 -18.299999 58.520000 0.330165 0.000002 0.943923 0.195600 0.574780
horse_atlas.bmp
1 -12.600000 9.000000 63.080002 0.000000 0.763495 0.645813 0.357400 0.427200
1 9.900000 9.000000 63.080002 0.000000 0.763495 0.645813 0.442400 0.427200
1 8.100000 18.000000 52.439999 0.000000 0.763495 0.645813 0.435600 0.379600
horse_atlas.bmp
1 -12.600000 9.000000 63.080002 0.000000 0.763495 0.645813 0.357400 0.427200
1 8.100000 18.000000 52.439999 0.000000 0.763495 0.645813 0.435600 0.379600
1 -12.600000 18.000000 52.439999 0.000000 0.763495 0.645813 0.357400 0.379600
horse_atlas.bmp
1 1.350000 12.000000 62.320000 0.996955 -0.065676 -0.042036 0.445800 0.423800
1 0.417173 10.704719 61.865654 0.284914 -0.817465 -0.500575 0.441396 0.421767
1 0.417173 16.585930 52.296707 0.381287 -0.464972 -0.799012 0.461392 0.378959
horse_atlas.bmp
1 1.350000 12.000000 62.320000 0.996955 -0.065676 -0.042036 0.445800 0.423800
1 0.417173 16.585930 52.296707 0.381287 -0.464972 -0.799012 0.461392 0.378959
1 1.350000 18.000000 52.439999 0.747605 0.660194 -0.072324 0.466200 0.379600
horse_atlas.bmp
1 0.417173 10.704719 61.865654 0.284914 -0.817465 -0.500575 0.406576 0.421767
1 -1.092173 11.199472 62.039200 -0.769551 -0.544392 -0.333809 0.400874 0.422544
1 -1.092173 17.126057 52.351440 -0.958501 0.150691 -0.242007 0.400874 0.379204
horse_atlas.bmp
1 0.417173 10.704719 61.865654 0.284914 -0.817465 -0.500575 0.406576 0.421767
1 -1.092173 17.126057 52.351440 -0.958501 0.150691 -0.242007 0.400874 0.379204
1 0.417173 16.585930 52.296707 0.381287 -0.464972 -0.799012 0.406576 0.378959
horse_atlas.bmp
1 -1.092173 11.199472 62.039200 -0.769551 -0.544392 -0.333809 0.443078 0.422544
1 -1.092173 12.800528 62.600803 -0.844573 0.458793 0.276051 0.448522 0.425056
1 -1.092173 18.873943 52.528557 -0.217158 0.966250 0.138579 0.469171 0.379996
horse_atlas.bmp
1 -1.092173 11.199472 62.039200 -0.769551 -0.544392 -0.333809 0.443078 0.422544
1 -1.092173 18.873943 52.528557 -0.217158 0.966250 0.138579 0.469171 0.379996
1 -1.092173 17.126057 52.351440 -0.958501 0.150691 -0.242007 0.463229 0.379204
horse_atlas.bmp
1 -1.092173 12.800528 62.600803 -0.844573 0.458793 0.276051 0.400874 0.425056
1 0.417173 13.295281 62.774345 0.331986 0.807961 0.486810 0.406576 0.425833
1 0.417173 19.414070 52.583294 0.366073 0.913661 0.176672 0.406576 0.380241
horse_atlas.bmp
1 -1.092173 12.800528 62.600803 -0.844573 0.458793 0.276051 0.400874 0.425056
1 0.417173 19.414070 52.583294 0.366073 0.913661 0.176672 0.406576 0.380241
1 -1.092173 18.873943 52.528557 -0.217158 0.966250 0.138579 0.400874 0.379996
horse_atlas.bmp
1 0.417173 13.295281 62.774345 0.331986 0.807961 0.486810 0.450204 0.425833
1 1.350000 12.000000 62.320000 0.996955 -0.065676 -0.042036 0.445800 0.423800
1 1.350000 18.000000 52.439999 0.747605 0.660194 -0.072324 0.466200 0.379600
horse_atlas.bmp
1 0.417173 13.295281 62.774345 0.331986 0.807961 0.486810 0.450204 0.425833
1 1.350000 18.000000 52.439999 0.747605 0.660194 -0.072324 0.466200 0.379600
1 0.417173 19.414070 52.583294 0.366073 0.913661 0.176672 0.471008 0.380241
horse_atlas.bmp
1 1.350000 18.000000 52.439999 0.747605 0.660194 -0.072324 0.466200 0.379600
1 0.417173 16.585930 52.296707 0.381287 -0.464972 -0.799012 0.461392 0.378959
1 -1.350000 16.000000 39.520000 -0.454792 0.799134 -0.393128 0.459400 0.321800
horse_atlas.bmp
1 0.417173 16.585930 52.296707 0.381287 -0.464972 -0.799012 0.461392 0.378959
1 -0.417173 17.275976 39.035130 -0.256877 0.656869 -0.708899 0.463738 0.319631
1 -1.350000 16.000000 39.520000 -0.454792 0.799134 -0.393128 0.459400 0.321800
horse_atlas.bmp
1 0.417173 16.585930 52.296707 0.381287 -0.464972 -0.799012 0.461392 0.378959
1 -1.092173 17.126057 52.351440 -0.958501 0.150691 -0.242007 0.463229 0.379204
1 -0.417173 17.275976 39.035130 -0.256877 0.656869 -0.708899 0.463738 0.319631
horse_atlas.bmp
1 -1.092173 17.126057 52.351440 -0.958501 0.150691 -0.242007 0.463229 0.379204
1 1.092173 16.788597 39.220333 -0.229435 0.728110 -0.645922 0.462081 0.320459
1 -0.417173 17.275976 39.035130 -0.256877 0.656869 -0.708899 0.463738 0.319631
horse_atlas.bmp
1 -1.092173 17.126057 52.351440 -0.958501 0.150691 -0.242007 0.400874 0.379204
1 -1.092173 18.873943 52.528557 -0.217158 0.966250 0.138579 0.400874 0.379996
1 1.092173 16.788597 39.220333 -0.229435 0.728110 -0.645922 0.409126 0.320459
horse_atlas.bmp
1 -1.092173 18.873943 52.528557 -0.217158 0.966250 0.138579 0.400874 0.379996
1 1.092173 15.211403 39.819668 0.884596 0.425820 0.190178 0.409126 0.323141
1 1.092173 16.788597 39.220333 -0.229435 0.728110 -0.645922 0.409126 0.320459
horse_atlas.bmp
1 -1.092173 18.873943 52.528557 -0.217158 0.966250 0.138579 0.469171 0.379996
1 0.417173 19.414070 52.583294 0.366073 0.913661 0.176672 0.471008 0.380241
1 1.092173 15.211403 39.819668 0.884596 0.425820 0.190178 0.456719 0.323141
horse_atlas.bmp
1 0.417173 19.414070 52.583294 0.366073 0.913661 0.176672 0.471008 0.380241
1 -0.417173 14.724024 40.004871 -0.110846 0.347205 0.931215 0.455062 0.323969
1 1.092173 15.211403 39.819668 0.884596 0.425820 0.190178 0.456719 0.323141
horse_atlas.bmp
1 0.417173 19.414070 52.583294 0.366073 0.913661 0.176672 0.406576 0.380241
1 1.350000 18.000000 52.439999 0.747605 0.660194 -0.072324 0.410100 0.379600
1 -0.417173 14.724024 40.004871 -0.110846 0.347205 0.931215 0.403424 0.323969
horse_atlas.bmp
1 1.350000 18.000000 52.439999 0.747605 0.660194 -0.072324 0.410100 0.379600
1 -1.350000 16.000000 39.520000 -0.454792 0.799134 -0.393128 0.399900 0.321800
1 -0.417173 14.724024 40.004871 -0.110846 0.347205 0.931215 0.403424 0.323969
horse_atlas.bmp
1 -1.350000 16.000000 39.520000 -0.454792 0.799134 -0.393128 0.459400 0.321800
1 -0.417173 17.275976 39.035130 -0.256877 0.656869 -0.708899 0.463738 0.319631
1 -0.417173 7.692811 34.772236 -0.306182 0.381810 -0.872051 0.431156 0.300560
horse_atlas.bmp
1 -1.350000 16.000000 39.520000 -0.454792 0.799134 -0.393128 0.459400 0.321800
1 -0.417173 7.692811 34.772236 -0.306182 0.381810 -0.872051 0.431156 0.300560
1 -1.350000 7.000000 35.720001 -0.994381 -0.032596 0.100719 0.428800 0.304800
horse_atlas.bmp
1 -0.417173 17.275976 39.035130 -0.256877 0.656869 -0.708899 0.403424 0.403738
1 1.092173 16.788597 39.220333 -0.229435 0.728110 -0.645922 0.409126 0.402081
1 1.092173 7.428181 35.134251 0.831094 0.224286 -0.508899 0.409126 0.370256
horse_atlas.bmp
1 -0.417173 17.275976 39.035130 -0.256877 0.656869 -0.708899 0.403424 0.403738
1 1.092173 7.428181 35.134251 0.831094 0.224286 -0.508899 0.409126 0.370256
1 -0.417173 7.692811 34.772236 -0.306182 0.381810 -0.872051 0.403424 0.371156
horse_atlas.bmp
1 1.092173 16.788597 39.220333 -0.229435 0.728110 -0.645922 0.462081 0.320459
1 1.092173 15.211403 39.819668 0.884596 0.425820 0.190178 0.456719 0.323141
1 1.092173 6.571819 36.305752 0.738923 -0.251138 0.625238 0.427344 0.307420
horse_atlas.bmp
1 1.092173 16.788597 39.220333 -0.229435 0.728110 -0.645922 0.462081 0.320459
1 1.092173 6.571819 36.305752 0.738923 -0.251138 0.625238 0.427344 0.307420
1 1.092173 7.428181 35.134251 0.831094 0.224286 -0.508899 0.430256 0.302180
horse_atlas.bmp
1 1.092173 15.211403 39.819668 0.884596 0.425820 0.190178 0.409126 0.396719
1 -0.417173 14.724024 40.004871 -0.110846 0.347205 0.931215 0.403424 0.395062
1 -0.417173 6.307189 36.667767 -0.261393 -0.362184 0.894705 0.403424 0.366444
horse_atlas.bmp
1 1.092173 15.211403 39.819668 0.884596 0.425820 0.190178 0.409126 0.396719
1 -0.417173 6.307189 36.667767 -0.261393 -0.362184 0.894705 0.403424 0.366444
1 1.092173 6.571819 36.305752 0.738923 -0.251138 0.625238 0.409126 0.367344
horse_atlas.bmp
1 -0.417173 14.724024 40.004871 -0.110846 0.347205 0.931215 0.455062 0.323969
1 -1.350000 16.000000 39.520000 -0.454792 0.799134 -0.393128 0.459400 0.321800
1 -1.350000 7.000000 35.720001 -0.994381 -0.032596 0.100719 0.428800 0.304800
horse_atlas.bmp
1 -0.417173 14.724024 40.004871 -0.110846 0.347205 0.931215 0.455062 0.323969
1 -1.350000 7.000000 35.720001 -0.994381 -0.032596 0.100719 0.428800 0.304800
1 -0.417173 6.307189 36.667767 -0.261393 -0.362184 0.894705 0.426444 0.309040
horse_atlas.bmp
1 5.305046 9.900612 63.840000 0.984055 -0.167819 -0.058921 0.714662 0.444600
1 4.677341 9.254972 63.486694 0.207001 -0.755336 -0.621787 0.712467 0.443019
1 5.586405 18.206400 52.918385 0.283082 -0.843460 -0.456552 0.542902 0.395740
horse_atlas.bmp
1 5.305046 9.900612 63.840000 0.984055 -0.167819 -0.058921 0.714662 0.444600
1 5.586405 18.206400 52.918385 0.283082 -0.843460 -0.456552 0.542902 0.395740
1 6.206674 18.918518 53.200001 0.999107 -0.007974 0.041486 0.545323 0.397000
horse_atlas.bmp
1 4.677341 9.254972 63.486694 0.207001 -0.755336 -0.621787 0.698670 0.443019
1 3.804557 9.638936 63.621647 -0.804370 -0.418154 -0.422062 0.695373 0.443623
1 4.708531 18.591011 53.025951 -0.882170 -0.403978 -0.242029 0.698788 0.396221
horse_atlas.bmp
1 4.677341 9.254972 63.486694 0.207001 -0.755336 -0.621787 0.698670 0.443019
1 4.708531 18.591011 53.025951 -0.882170 -0.403978 -0.242029 0.698788 0.396221
1 5.586405 18.206400 52.918385 0.283082 -0.843460 -0.456552 0.702104 0.395740
horse_atlas.bmp
1 3.804557 9.638936 63.621647 -0.804370 -0.418154 -0.422062 0.713772 0.443623
1 3.892851 10.521878 64.058357 -0.803615 0.486286 0.343116 0.716774 0.445577
1 4.786243 19.540831 53.374050 -0.734584 0.604927 0.307327 0.547439 0.397779
horse_atlas.bmp
1 3.804557 9.638936 63.621647 -0.804370 -0.418154 -0.422062 0.713772 0.443623
1 4.786243 19.540831 53.374050 -0.734584 0.604927 0.307327 0.547439 0.397779
1 4.708531 18.591011 53.025951 -0.882170 -0.403978 -0.242029 0.544209 0.396221
horse_atlas.bmp
1 3.892851 10.521878 64.058357 -0.803615 0.486286 0.343116 0.695706 0.445577
1 4.820204 10.683603 64.193306 0.410124 0.679127 0.608757 0.699210 0.446181
1 5.712146 19.743240 53.481613 0.358895 0.820305 0.445303 0.702579 0.398260
horse_atlas.bmp
1 3.892851 10.521878 64.058357 -0.803615 0.486286 0.343116 0.695706 0.445577
1 5.712146 19.743240 53.481613 0.358895 0.820305 0.445303 0.702579 0.398260
1 4.786243 19.540831 53.374050 -0.734584 0.604927 0.307327 0.699081 0.397779
horse_atlas.bmp
1 4.820204 10.683603 64.193306 0.410124 0.679127 0.608757 0.717324 0.446181
1 5.305046 9.900612 63.840000 0.984055 -0.167819 -0.058921 0.714662 0.444600
1 6.206674 18.918518 53.200001 0.999107 -0.007974 0.041486 0.545323 0.397000
horse_atlas.bmp
1 4.820204 10.683603 64.193306 0.410124 0.679127 0.608757 0.717324 0.446181
1 6.206674 18.918518 53.200001 0.999107 -0.007974 0.041486 0.545323 0.397000
1 5.712146 19.743240 53.481613 0.358895 0.820305 0.445303 0.548127 0.398260
horse_atlas.bmp
1 6.206674 18.918518 53.200001 0.999107 -0.007974 0.041486 0.545323 0.397000
1 5.586405 18.206400 52.918385 0.283082 -0.843460 -0.456552 0.542902 0.395740
1 5.650304 20.164433 46.218884 0.289106 -0.919380 -0.266755 0.549559 0.365769
horse_atlas.bmp
1 6.206674 18.918518 53.200001 0.999107 -0.007974 0.041486 0.545323 0.397000
1 5.650304 20.164433 46.218884 0.289106 -0.919380 -0.266755 0.549559 0.365769
1 6.210000 21.000000 46.360001 0.999989 0.004154 0.002347 0.552400 0.366400
horse_atlas.bmp
1 5.586405 18.206400 52.918385 0.283082 -0.843460 -0.456552 0.702104 0.395740
1 4.708531 18.591011 53.025951 -0.882170 -0.403978 -0.242029 0.698788 0.396221
1 4.744697 20.483591 46.272785 -0.855352 -0.497658 -0.143907 0.698924 0.366010
horse_atlas.bmp
1 5.586405 18.206400 52.918385 0.283082 -0.843460 -0.456552 0.702104 0.395740
1 4.744697 20.483591 46.272785 -0.855352 -0.497658 -0.143907 0.698924 0.366010
1 5.650304 20.164433 46.218884 0.289106 -0.919380 -0.266755 0.702346 0.365769
horse_atlas.bmp
1 4.708531 18.591011 53.025951 -0.882170 -0.403978 -0.242029 0.544209 0.396221
1 4.786243 19.540831 53.374050 -0.734584 0.604927 0.307327 0.547439 0.397779
1 4.744697 21.516409 46.447216 -0.769504 0.612583 0.180570 0.554156 0.366790
horse_atlas.bmp
1 4.708531 18.591011 53.025951 -0.882170 -0.403978 -0.242029 0.544209 0.396221
1 4.744697 21.516409 46.447216 -0.769504 0.612583 0.180570 0.554156 0.366790
1 4.744697 20.483591 46.272785 -0.855352 -0.497658 -0.143907 0.550644 0.366010
horse_atlas.bmp
1 4.786243 19.540831 53.374050 -0.734584 0.604927 0.307327 0.699081 0.397779
1 5.712146 19.743240 53.481613 0.358895 0.820305 0.445303 0.702579 0.398260
1 5.650304 21.835567 46.501118 0.338733 0.902479 0.266067 0.702346 0.367031
horse_atlas.bmp
1 4.786243 19.540831 53.374050 -0.734584 0.604927 0.307327 0.699081 0.397779
1 5.650304 21.835567 46.501118 0.338733 0.902479 0.266067 0.702346 0.367031
1 4.744697 21.516409 46.447216 -0.769504 0.612583 0.180570 0.698924 0.366790
horse_atlas.bmp
1 5.712146 19.743240 53.481613 0.358895 0.820305 0.445303 0.548127 0.398260
1 6.206674 18.918518 53.200001 0.999107 -0.007974 0.041486 0.545323 0.397000
1 6.210000 21.000000 46.360001 0.999989 0.004154 0.002347 0.552400 0.366400
horse_atlas.bmp
1 5.712146 19.743240 53.481613 0.358895 0.820305 0.445303 0.548127 0.398260
1 6.210000 21.000000 46.360001 0.999989 0.004154 0.002347 0.552400 0.366400
1 5.650304 21.835567 46.501118 0.338733 0.902479 0.266067 0.555241 0.367031
horse_atlas.bmp
1 5.599223 21.664078 47.119999 0.377321 0.924648 -0.051527 0.286658 0.967800
1 5.852776 21.060318 46.752937 0.648521 0.055642 -0.759161 0.284605 0.966158
1 3.290182 22.009426 44.654003 0.589930 0.184400 -0.786116 0.287832 0.956768
horse_atlas.bmp
1 5.599223 21.664078 47.119999 0.377321 0.924648 -0.051527 0.286658 0.967800
1 3.290182 22.009426 44.654003 0.589930 0.184400 -0.786116 0.287832 0.956768
1 2.899224 22.664078 44.840000 0.228764 0.972998 -0.030699 0.290058 0.957600
horse_atlas.bmp
1 5.852776 21.060318 46.752937 0.648521 0.055642 -0.759161 0.435110 0.828605
1 5.480608 20.373199 46.893143 0.123638 -0.840382 -0.527704 0.433705 0.826269
1 2.865529 21.341747 44.725048 -0.408842 -0.867866 -0.282235 0.423825 0.829562
horse_atlas.bmp
1 5.852776 21.060318 46.752937 0.648521 0.055642 -0.759161 0.435110 0.828605
1 2.865529 21.341747 44.725048 -0.408842 -0.867866 -0.282235 0.423825 0.829562
1 3.290182 22.009426 44.654003 0.589930 0.184400 -0.786116 0.425430 0.831832
horse_atlas.bmp
1 5.480608 20.373199 46.893143 0.123638 -0.840382 -0.527704 0.433705 0.966785
1 4.997042 20.552298 47.346859 -0.613769 -0.664811 0.425810 0.431878 0.968815
1 2.212121 21.583752 44.954952 -0.930044 -0.042613 0.364969 0.421357 0.958114
horse_atlas.bmp
1 5.480608 20.373199 46.893143 0.123638 -0.840382 -0.527704 0.433705 0.966785
1 2.212121 21.583752 44.954952 -0.930044 -0.042613 0.364969 0.421357 0.958114
1 2.865529 21.341747 44.725048 -0.408842 -0.867866 -0.282235 0.423825 0.957086
horse_atlas.bmp
1 4.997042 20.552298 47.346859 -0.613769 -0.664811 0.425810 0.282878 0.968815
1 5.070351 21.350105 47.487064 -0.478803 0.453377 0.751796 0.285590 0.969442
1 2.232945 22.400995 45.025997 -0.303257 0.879881 0.365848 0.289163 0.958432
horse_atlas.bmp
1 4.997042 20.552298 47.346859 -0.613769 -0.664811 0.425810 0.282878 0.968815
1 2.232945 22.400995 45.025997 -0.303257 0.879881 0.365848 0.289163 0.958432
1 2.212121 21.583752 44.954952 -0.930044 -0.042613 0.364969 0.286385 0.958114
horse_atlas.bmp
1 5.070351 21.350105 47.487064 -0.478803 0.453377 0.751796 0.432155 0.969442
1 5.599223 21.664078 47.119999 0.377321 0.924648 -0.051527 0.434153 0.967800
1 2.899224 22.664078 44.840000 0.228764 0.972998 -0.030699 0.423953 0.957600
horse_atlas.bmp
1 5.070351 21.350105 47.487064 -0.478803 0.453377 0.751796 0.432155 0.969442
1 2.899224 22.664078 44.840000 0.228764 0.972998 -0.030699 0.423953 0.957600
1 2.232945 22.400995 45.025997 -0.303257 0.879881 0.365848 0.421436 0.958432
horse_atlas.bmp
1 2.899224 22.664078 44.840000 0.228764 0.972998 -0.030699 0.423953 0.957600
1 3.290182 22.009426 44.654003 0.589930 0.184400 -0.786116 0.425430 0.956768
1 2.700000 21.299999 41.040001 0.495493 0.205448 -0.843965 0.423200 0.940600
horse_atlas.bmp
1 3.290182 22.009426 44.654003 0.589930 0.184400 -0.786116 0.425430 0.956768
1 2.351742 21.783688 40.628284 -0.078342 -0.301620 -0.950204 0.421884 0.938758
1 2.700000 21.299999 41.040001 0.495493 0.205448 -0.843965 0.423200 0.940600
horse_atlas.bmp
1 3.290182 22.009426 44.654003 0.589930 0.184400 -0.786116 0.425430 0.956768
1 2.865529 21.341747 44.725048 -0.408842 -0.867866 -0.282235 0.423825 0.957086
1 2.351742 21.783688 40.628284 -0.078342 -0.301620 -0.950204 0.421884 0.938758
horse_atlas.bmp
1 2.865529 21.341747 44.725048 -0.408842 -0.867866 -0.282235 0.423825 0.957086
1 2.484765 22.566313 40.785542 -0.530885 -0.178658 -0.828398 0.422387 0.939462
1 2.351742 21.783688 40.628284 -0.078342 -0.301620 -0.950204 0.421884 0.938758
horse_atlas.bmp
1 2.865529 21.341747 44.725048 -0.408842 -0.867866 -0.282235 0.285562 0.957086
1 2.212121 21.583752 44.954952 -0.930044 -0.042613 0.364969 0.286385 0.958114
1 2.484765 22.566313 40.785542 -0.530885 -0.178658 -0.828398 0.289725 0.939462
horse_atlas.bmp
1 2.212121 21.583752 44.954952 -0.930044 -0.042613 0.364969 0.286385 0.958114
1 2.915235 22.566313 41.294456 -0.603922 0.747383 0.276943 0.289725 0.941738
1 2.484765 22.566313 40.785542 -0.530885 -0.178658 -0.828398 0.289725 0.939462
horse_atlas.bmp
1 2.212121 21.583752 44.954952 -0.930044 -0.042613 0.364969 0.421357 0.958114
1 2.232945 22.400995 45.025997 -0.303257 0.879881 0.365848 0.421436 0.958432
1 2.915235 22.566313 41.294456 -0.603922 0.747383 0.276943 0.424013 0.941738
horse_atlas.bmp
1 2.232945 22.400995 45.025997 -0.303257 0.879881 0.365848 0.421436 0.958432
1 3.048258 21.783688 41.451717 0.028948 0.678606 0.733931 0.424516 0.942442
1 2.915235 22.566313 41.294456 -0.603922 0.747383 0.276943 0.424013 0.941738
horse_atlas.bmp
1 2.232945 22.400995 45.025997 -0.303257 0.879881 0.365848 0.421436 0.958432
1 2.899224 22.664078 44.840000 0.228764 0.972998 -0.030699 0.423953 0.957600
1 3.048258 21.783688 41.451717 0.028948 0.678606 0.733931 0.424516 0.942442
horse_atlas.bmp
1 2.899224 22.664078 44.840000 0.228764 0.972998 -0.030699 0.423953 0.957600
1 2.700000 21.299999 41.040001 0.495493 0.205448 -0.843965 0.423200 0.940600
1 3.048258 21.783688 41.451717 0.028948 0.678606 0.733931 0.424516 0.942442
horse_atlas.bmp
1 2.700000 21.299999 41.040001 0.495493 0.205448 -0.843965 0.423200 0.940600
1 2.351742 21.783688 40.628284 -0.078342 -0.301620 -0.950204 0.421884 0.938758
1 9.348258 21.783688 40.628284 0.196303 -0.275289 -0.941106 0.448316 0.938758
horse_atlas.bmp
1 2.700000 21.299999 41.040001 0.495493 0.205448 -0.843965 0.423200 0.940600
1 9.348258 21.783688 40.628284 0.196303 -0.275289 -0.941106 0.448316 0.938758
1 9.000000 21.299999 41.040001 0.096657 0.337354 -0.936403 0.447000 0.940600
horse_atlas.bmp
1 2.351742 21.783688 40.628284 -0.078342 -0.301620 -0.950204 0.421884 0.831065
1 2.484765 22.566313 40.785542 -0.530885 -0.178658 -0.828398 0.422387 0.833725
1 9.215235 22.566313 40.785542 0.507586 -0.197481 -0.838664 0.447813 0.833725
horse_atlas.bmp
1 2.351742 21.783688 40.628284 -0.078342 -0.301620 -0.950204 0.421884 0.831065
1 9.215235 22.566313 40.785542 0.507586 -0.197481 -0.838664 0.447813 0.833725
1 9.348258 21.783688 40.628284 0.196303 -0.275289 -0.941106 0.448316 0.831065
horse_atlas.bmp
1 2.484765 22.566313 40.785542 -0.530885 -0.178658 -0.828398 0.422387 0.939462
1 2.915235 22.566313 41.294456 -0.603922 0.747383 0.276943 0.424013 0.941738
1 8.784765 22.566313 41.294456 0.623484 0.730310 0.279133 0.446187 0.941738
horse_atlas.bmp
1 2.484765 22.566313 40.785542 -0.530885 -0.178658 -0.828398 0.422387 0.939462
1 8.784765 22.566313 41.294456 0.623484 0.730310 0.279133 0.446187 0.941738
1 9.215235 22.566313 40.785542 0.507586 -0.197481 -0.838664 0.447813 0.939462
horse_atlas.bmp
1 2.915235 22.566313 41.294456 -0.603922 0.747383 0.276943 0.424013 0.833725
1 3.048258 21.783688 41.451717 0.028948 0.678606 0.733931 0.424516 0.831065
1 8.651742 21.783688 41.451717 0.147079 0.679365 0.718910 0.445684 0.831065
horse_atlas.bmp
1 2.915235 22.566313 41.294456 -0.603922 0.747383 0.276943 0.424013 0.833725
1 8.651742 21.783688 41.451717 0.147079 0.679365 0.718910 0.445684 0.831065
1 8.784765 22.566313 41.294456 0.623484 0.730310 0.279133 0.446187 0.833725
horse_atlas.bmp
1 3.048258 21.783688 41.451717 0.028948 0.678606 0.733931 0.424516 0.942442
1 2.700000 21.299999 41.040001 0.495493 0.205448 -0.843965 0.423200 0.940600
1 9.000000 21.299999 41.040001 0.096657 0.337354 -0.936403 0.447000 0.940600
horse_atlas.bmp
1 3.048258 21.783688 41.451717 0.028948 0.678606 0.733931 0.424516 0.942442
1 9.000000 21.299999 41.040001 0.096657 0.337354 -0.936403 0.447000 0.940600
1 8.651742 21.783688 41.451717 0.147079 0.679365 0.718910 0.445684 0.942442
horse_atlas.bmp
1 9.000000 21.299999 41.040001 0.096657 0.337354 -0.936403 0.447000 0.940600
1 9.348258 21.783688 40.628284 0.196303 -0.275289 -0.941106 0.448316 0.938758
1 8.847202 22.679100 44.840000 -0.024582 0.999559 -0.016678 0.446423 0.957600
horse_atlas.bmp
1 9.348258 21.783688 40.628284 0.196303 -0.275289 -0.941106 0.448316 0.938758
1 8.436093 22.066328 44.608208 -0.341657 0.299890 -0.890694 0.444870 0.956563
1 8.847202 22.679100 44.840000 -0.024582 0.999559 -0.016678 0.446423 0.957600
horse_atlas.bmp
1 9.348258 21.783688 40.628284 0.196303 -0.275289 -0.941106 0.448316 0.938758
1 9.215235 22.566313 40.785542 0.507586 -0.197481 -0.838664 0.447813 0.939462
1 8.436093 22.066328 44.608208 -0.341657 0.299890 -0.890694 0.444870 0.956563
horse_atlas.bmp
1 9.215235 22.566313 40.785542 0.507586 -0.197481 -0.838664 0.447813 0.939462
1 8.804284 21.361893 44.696743 0.395108 -0.868987 -0.297910 0.446261 0.956959
1 8.436093 22.066328 44.608208 -0.341657 0.299890 -0.890694 0.444870 0.956563
horse_atlas.bmp
1 9.215235 22.566313 40.785542 0.507586 -0.197481 -0.838664 0.289725 0.939462
1 8.784765 22.566313 41.294456 0.623484 0.730310 0.279133 0.289725 0.941738
1 8.804284 21.361893 44.696743 0.395108 -0.868987 -0.297910 0.285630 0.956959
horse_atlas.bmp
1 8.784765 22.566313 41.294456 0.623484 0.730310 0.279133 0.289725 0.941738
1 9.442947 21.539301 44.983257 0.896657 -0.075080 0.436314 0.286234 0.958241
1 8.804284 21.361893 44.696743 0.395108 -0.868987 -0.297910 0.285630 0.956959
horse_atlas.bmp
1 8.784765 22.566313 41.294456 0.623484 0.730310 0.279133 0.446187 0.941738
1 8.651742 21.783688 41.451717 0.147079 0.679365 0.718910 0.445684 0.942442
1 9.442947 21.539301 44.983257 0.896657 -0.075080 0.436314 0.448673 0.958241
horse_atlas.bmp
1 8.651742 21.783688 41.451717 0.147079 0.679365 0.718910 0.445684 0.942442
1 9.469473 22.353378 45.071793 0.375223 0.832718 0.407171 0.448774 0.958637
1 9.442947 21.539301 44.983257 0.896657 -0.075080 0.436314 0.448673 0.958241
horse_atlas.bmp
1 8.651742 21.783688 41.451717 0.147079 0.679365 0.718910 0.445684 0.942442
1 9.000000 21.299999 41.040001 0.096657 0.337354 -0.936403 0.447000 0.940600
1 9.469473 22.353378 45.071793 0.375223 0.832718 0.407171 0.448774 0.958637
horse_atlas.bmp
1 9.000000 21.299999 41.040001 0.096657 0.337354 -0.936403 0.447000 0.940600
1 8.847202 22.679100 44.840000 -0.024582 0.999559 -0.016678 0.446423 0.957600
1 9.469473 22.353378 45.071793 0.375223 0.832718 0.407171 0.448774 0.958637
horse_atlas.bmp
1 8.847202 22.679100 44.840000 -0.024582 0.999559 -0.016678 0.446423 0.957600
1 8.436093 22.066328 44.608208 -0.341657 0.299890 -0.890694 0.444870 0.956563
1 5.010790 21.114855 46.710876 -0.547877 0.126305 -0.826969 0.431930 0.965970
horse_atlas.bmp
1 8.847202 22.679100 44.840000 -0.024582 0.999559 -0.016678 0.446423 0.957600
1 5.010790 21.114855 46.710876 -0.547877 0.126305 -0.826969 0.431930 0.965970
1 5.247202 21.679100 47.119999 -0.293509 0.954270 -0.056752 0.432823 0.967800
horse_atlas.bmp
1 8.436093 22.066328 44.608208 -0.341657 0.299890 -0.890694 0.444870 0.832026
1 8.804284 21.361893 44.696743 0.395108 -0.868987 -0.297910 0.446261 0.829630
1 5.312253 20.391884 46.867146 -0.126153 -0.812271 -0.569474 0.433069 0.826332
horse_atlas.bmp
1 8.436093 22.066328 44.608208 -0.341657 0.299890 -0.890694 0.444870 0.832026
1 5.312253 20.391884 46.867146 -0.126153 -0.812271 -0.569474 0.433069 0.826332
1 5.010790 21.114855 46.710876 -0.547877 0.126305 -0.826969 0.431930 0.828790
horse_atlas.bmp
1 8.804284 21.361893 44.696743 0.395108 -0.868987 -0.297910 0.446261 0.956959
1 9.442947 21.539301 44.983257 0.896657 -0.075080 0.436314 0.448673 0.958241
1 5.734979 20.509308 47.372852 0.507373 -0.719034 0.474934 0.434665 0.968931
horse_atlas.bmp
1 8.804284 21.361893 44.696743 0.395108 -0.868987 -0.297910 0.446261 0.956959
1 5.734979 20.509308 47.372852 0.507373 -0.719034 0.474934 0.434665 0.968931
1 5.312253 20.391884 46.867146 -0.126153 -0.812271 -0.569474 0.433069 0.966669
horse_atlas.bmp
1 9.442947 21.539301 44.983257 0.896657 -0.075080 0.436314 0.448673 0.830234
1 9.469473 22.353378 45.071793 0.375223 0.832718 0.407171 0.448774 0.833001
1 5.694776 21.304852 47.529125 0.420231 0.390521 0.819084 0.434514 0.829436
horse_atlas.bmp
1 9.442947 21.539301 44.983257 0.896657 -0.075080 0.436314 0.448673 0.830234
1 5.694776 21.304852 47.529125 0.420231 0.390521 0.819084 0.434514 0.829436
1 5.734979 20.509308 47.372852 0.507373 -0.719034 0.474934 0.434665 0.826732
horse_atlas.bmp
1 9.469473 22.353378 45.071793 0.375223 0.832718 0.407171 0.448774 0.958637
1 8.847202 22.679100 44.840000 -0.024582 0.999559 -0.016678 0.446423 0.957600
1 5.247202 21.679100 47.119999 -0.293509 0.954270 -0.056752 0.432823 0.967800
horse_atlas.bmp
1 9.469473 22.353378 45.071793 0.375223 0.832718 0.407171 0.448774 0.958637
1 5.247202 21.679100 47.119999 -0.293509 0.954270 -0.056752 0.432823 0.967800
1 5.694776 21.304852 47.529125 0.420231 0.390521 0.819084 0.434514 0.969630
horse_atlas.bmp
1 10.050537 12.912791 60.799999 0.114384 -0.985763 -0.123238 0.442969 0.417000
1 9.509315 13.589298 60.098129 -0.356557 -0.279665 -0.891434 0.440924 0.413860
1 21.103962 15.729092 54.786427 -0.404172 -0.093983 -0.909842 0.284726 0.390097
horse_atlas.bmp
1 10.050537 12.912791 60.799999 0.114384 -0.985763 -0.123238 0.442969 0.417000
1 21.103962 15.729092 54.786427 -0.404172 -0.093983 -0.909842 0.284726 0.390097
1 21.471954 14.909240 55.480000 -0.190447 -0.981042 -0.035859 0.286116 0.393200
horse_atlas.bmp
1 9.509315 13.589298 60.098129 -0.356557 -0.279665 -0.891434 0.440924 0.391204
1 9.508007 14.833382 60.366219 -0.374287 0.751045 -0.543913 0.440919 0.395433
1 21.421478 16.923330 55.051346 -0.080793 0.873459 -0.480148 0.285926 0.402539
horse_atlas.bmp
1 9.509315 13.589298 60.098129 -0.356557 -0.279665 -0.891434 0.440924 0.391204
1 21.421478 16.923330 55.051346 -0.080793 0.873459 -0.480148 0.285926 0.402539
1 21.103962 15.729092 54.786427 -0.404172 -0.093983 -0.909842 0.284726 0.398479
horse_atlas.bmp
1 9.508007 14.833382 60.366219 -0.374287 0.751045 -0.543913 0.440919 0.415059
1 10.048420 14.925759 61.233780 0.130657 0.800682 0.584669 0.442961 0.418941
1 21.985704 16.841558 55.908653 0.388115 0.748164 0.538161 0.288057 0.395118
horse_atlas.bmp
1 9.508007 14.833382 60.366219 -0.374287 0.751045 -0.543913 0.440919 0.415059
1 21.985704 16.841558 55.908653 0.388115 0.748164 0.538161 0.288057 0.395118
1 21.421478 16.923330 55.051346 -0.080793 0.873459 -0.480148 0.285926 0.391282
horse_atlas.bmp
1 10.048420 14.925759 61.233780 0.130657 0.800682 0.584669 0.442961 0.395748
1 10.383721 13.738770 61.501873 0.437631 -0.301567 0.847075 0.444227 0.391712
1 22.016903 15.596782 56.173573 0.343652 -0.283348 0.895331 0.288175 0.398029
horse_atlas.bmp
1 10.048420 14.925759 61.233780 0.130657 0.800682 0.584669 0.442961 0.395748
1 22.016903 15.596782 56.173573 0.343652 -0.283348 0.895331 0.288175 0.398029
1 21.985704 16.841558 55.908653 0.388115 0.748164 0.538161 0.288057 0.402261
horse_atlas.bmp
1 10.383721 13.738770 61.501873 0.437631 -0.301567 0.847075 0.444227 0.420140
1 10.050537 12.912791 60.799999 0.114384 -0.985763 -0.123238 0.442969 0.417000
1 21.471954 14.909240 55.480000 -0.190447 -0.981042 -0.035859 0.286116 0.393200
horse_atlas.bmp
1 10.383721 13.738770 61.501873 0.437631 -0.301567 0.847075 0.444227 0.420140
1 21.471954 14.909240 55.480000 -0.190447 -0.981042 -0.035859 0.286116 0.393200
1 22.016903 15.596782 56.173573 0.343652 -0.283348 0.895331 0.288175 0.396303
horse_atlas.bmp
1 21.471954 14.909240 55.480000 -0.190447 -0.981042 -0.035859 0.286116 0.393200
1 21.103962 15.729092 54.786427 -0.404172 -0.093983 -0.909842 0.284726 0.390097
1 30.144699 11.135839 50.184868 -0.298650 0.085939 -0.950486 0.318880 0.369511
horse_atlas.bmp
1 21.471954 14.909240 55.480000 -0.190447 -0.981042 -0.035859 0.286116 0.393200
1 30.144699 11.135839 50.184868 -0.298650 0.085939 -0.950486 0.318880 0.369511
1 29.784201 10.376819 50.919998 -0.855141 -0.518265 -0.011660 0.317518 0.372800
horse_atlas.bmp
1 21.103962 15.729092 54.786427 -0.404172 -0.093983 -0.909842 0.284726 0.398479
1 21.421478 16.923330 55.051346 -0.080793 0.873459 -0.480148 0.285926 0.402539
1 31.134409 11.707134 50.465664 0.546412 0.586751 -0.597626 0.322619 0.384804
horse_atlas.bmp
1 21.103962 15.729092 54.786427 -0.404172 -0.093983 -0.909842 0.284726 0.398479
1 31.134409 11.707134 50.465664 0.546412 0.586751 -0.597626 0.322619 0.384804
1 30.144699 11.135839 50.184868 -0.298650 0.085939 -0.950486 0.318880 0.382862
horse_atlas.bmp
1 21.421478 16.923330 55.051346 -0.080793 0.873459 -0.480148 0.285926 0.391282
1 21.985704 16.841558 55.908653 0.388115 0.748164 0.538161 0.288057 0.395118
1 31.385584 11.301195 51.374336 0.832954 0.353326 0.425851 0.323568 0.374833
horse_atlas.bmp
1 21.421478 16.923330 55.051346 -0.080793 0.873459 -0.480148 0.285926 0.391282
1 31.385584 11.301195 51.374336 0.832954 0.353326 0.425851 0.323568 0.374833
1 31.134409 11.707134 50.465664 0.546412 0.586751 -0.597626 0.322619 0.370767
horse_atlas.bmp
1 21.985704 16.841558 55.908653 0.388115 0.748164 0.538161 0.288057 0.402261
1 22.016903 15.596782 56.173573 0.343652 -0.283348 0.895331 0.288175 0.398029
1 30.551107 10.479014 51.655132 0.074291 -0.248160 0.965866 0.320415 0.380629
horse_atlas.bmp
1 21.985704 16.841558 55.908653 0.388115 0.748164 0.538161 0.288057 0.402261
1 30.551107 10.479014 51.655132 0.074291 -0.248160 0.965866 0.320415 0.380629
1 31.385584 11.301195 51.374336 0.832954 0.353326 0.425851 0.323568 0.383424
horse_atlas.bmp
1 22.016903 15.596782 56.173573 0.343652 -0.283348 0.895331 0.288175 0.396303
1 21.471954 14.909240 55.480000 -0.190447 -0.981042 -0.035859 0.286116 0.393200
1 29.784201 10.376819 50.919998 -0.855141 -0.518265 -0.011660 0.317518 0.372800
horse_atlas.bmp
1 22.016903 15.596782 56.173573 0.343652 -0.283348 0.895331 0.288175 0.396303
1 29.784201 10.376819 50.919998 -0.855141 -0.518265 -0.011660 0.317518 0.372800
1 30.551107 10.479014 51.655132 0.074291 -0.248160 0.965866 0.320415 0.376089
horse_atlas.bmp
1 29.784201 10.376819 50.919998 -0.855141 -0.518265 -0.011660 0.440281 0.372800
1 30.144699 11.135839 50.184868 -0.298650 0.085939 -0.950486 0.442862 0.369511
1 31.180140 0.154859 48.617638 -0.382499 0.099617 -0.918570 0.405527 0.362500
horse_atlas.bmp
1 29.784201 10.376819 50.919998 -0.855141 -0.518265 -0.011660 0.440281 0.372800
1 31.180140 0.154859 48.617638 -0.382499 0.099617 -0.918570 0.405527 0.362500
1 30.514067 -0.099589 49.400002 -0.988811 -0.089408 0.119408 0.404661 0.366000
horse_atlas.bmp
1 30.144699 11.135839 50.184868 -0.298650 0.085939 -0.950486 0.318880 0.382862
1 31.134409 11.707134 50.465664 0.546412 0.586751 -0.597626 0.322619 0.384804
1 32.288254 0.195297 48.916477 0.757780 0.157050 -0.633328 0.326978 0.345664
horse_atlas.bmp
1 30.144699 11.135839 50.184868 -0.298650 0.085939 -0.950486 0.318880 0.382862
1 32.288254 0.195297 48.916477 0.757780 0.157050 -0.633328 0.326978 0.345664
1 31.180140 0.154859 48.617638 -0.382499 0.099617 -0.918570 0.322792 0.345527
horse_atlas.bmp
1 31.134409 11.707134 50.465664 0.546412 0.586751 -0.597626 0.444804 0.370767
1 31.385584 11.301195 51.374336 0.832954 0.353326 0.425851 0.443424 0.374833
1 32.307026 -0.034158 49.883522 0.826223 -0.005103 0.563320 0.404884 0.368163
horse_atlas.bmp
1 31.134409 11.707134 50.465664 0.546412 0.586751 -0.597626 0.444804 0.370767
1 32.307026 -0.034158 49.883522 0.826223 -0.005103 0.563320 0.404884 0.368163
1 32.288254 0.195297 48.916477 0.757780 0.157050 -0.633328 0.405664 0.363837
horse_atlas.bmp
1 31.385584 11.301195 51.374336 0.832954 0.353326 0.425851 0.323568 0.383424
1 30.551107 10.479014 51.655132 0.074291 -0.248160 0.965866 0.320415 0.380629
1 31.210518 -0.216408 50.182358 -0.227734 -0.146033 0.962711 0.322906 0.344264
horse_atlas.bmp
1 31.385584 11.301195 51.374336 0.832954 0.353326 0.425851 0.323568 0.383424
1 31.210518 -0.216408 50.182358 -0.227734 -0.146033 0.962711 0.322906 0.344264
1 32.307026 -0.034158 49.883522 0.826223 -0.005103 0.563320 0.327049 0.344884
horse_atlas.bmp
1 30.551107 10.479014 51.655132 0.074291 -0.248160 0.965866 0.440629 0.376089
1 29.784201 10.376819 50.919998 -0.855141 -0.518265 -0.011660 0.440281 0.372800
1 30.514067 -0.099589 49.400002 -0.988811 -0.089408 0.119408 0.404661 0.366000
horse_atlas.bmp
1 30.551107 10.479014 51.655132 0.074291 -0.248160 0.965866 0.440629 0.376089
1 30.514067 -0.099589 49.400002 -0.988811 -0.089408 0.119408 0.404661 0.366000
1 31.210518 -0.216408 50.182358 -0.227734 -0.146033 0.962711 0.404264 0.369500
horse_atlas.bmp
1 -9.900000 18.299999 57.000000 0.330172 -0.000003 -0.943921 0.195600 0.699220
1 -9.450000 18.500000 57.222599 0.380895 0.707330 -0.595485 0.197300 0.699900
1 -9.263604 18.299999 57.222599 0.740945 -0.000001 -0.671566 0.198004 0.699220
horse_atlas.bmp
1 -9.900000 18.299999 57.000000 0.218729 0.463556 -0.858646 0.195600 0.692000
1 -9.900000 18.582842 57.222599 -0.000001 0.857908 -0.513804 0.195600 0.692996
1 -9.450000 18.500000 57.222599 0.380895 0.707330 -0.595485 0.197300 0.692996
horse_atlas.bmp
1 -9.900000 18.299999 57.000000 -0.000001 0.618452 -0.785822 0.195600 0.692000
1 -10.350000 18.500000 57.222599 -0.380895 0.707330 -0.595485 0.193900 0.692996
1 -9.900000 18.582842 57.222599 -0.000001 0.857908 -0.513804 0.195600 0.692996
horse_atlas.bmp
1 -9.900000 18.299999 57.000000 -0.218728 0.463559 -0.858645 0.195600 0.699220
1 -10.536396 18.299999 57.222599 -0.740945 -0.000001 -0.671566 0.193196 0.699220
1 -10.350000 18.500000 57.222599 -0.380895 0.707330 -0.595485 0.193900 0.699900
horse_atlas.bmp
1 -9.900000 18.299999 57.000000 -0.330170 -0.000005 -0.943921 0.195600 0.699220
1 -10.350000 18.100000 57.222599 -0.380893 -0.707332 -0.595484 0.193900 0.698540
1 -10.536396 18.299999 57.222599 -0.740945 -0.000001 -0.671566 0.193196 0.699220
horse_atlas.bmp
1 -9.900000 18.299999 57.000000 -0.218725 -0.463560 -0.858645 0.195600 0.692000
1 -9.900000 18.017157 57.222599 -0.000000 -0.857909 -0.513802 0.195600 0.692996
1 -10.350000 18.100000 57.222599 -0.380893 -0.707332 -0.595484 0.193900 0.692996
horse_atlas.bmp
1 -9.900000 18.299999 57.000000 0.000000 -0.618449 -0.785825 0.195600 0.692000
1 -9.450000 18.100000 57.222599 0.380893 -0.707332 -0.595484 0.197300 0.692996
1 -9.900000 18.017157 57.222599 -0.000000 -0.857909 -0.513802 0.195600 0.692996
horse_atlas.bmp
1 -9.900000 18.299999 57.000000 0.218725 -0.463558 -0.858646 0.195600 0.699220
1 -9.263604 18.299999 57.222599 0.740945 -0.000001 -0.671566 0.198004 0.699220
1 -9.450000 18.100000 57.222599 0.380893 -0.707332 -0.595484 0.197300 0.698540
horse_atlas.bmp
1 -9.263604 18.299999 57.222599 0.740945 -0.000001 -0.671566 0.198004 0.692996
1 -9.450000 18.500000 57.222599 0.380895 0.707330 -0.595485 0.197300 0.692996
1 -9.263604 18.582842 57.759998 0.515202 0.857069 -0.000002 0.198004 0.695400
horse_atlas.bmp
1 -9.263604 18.299999 57.222599 0.740945 -0.000001 -0.671566 0.198004 0.692996
1 -9.263604 18.582842 57.759998 0.515202 0.857069 -0.000002 0.198004 0.695400
1 -9.000000 18.299999 57.759998 1.000000 0.000000 -0.000001 0.199000 0.695400
horse_atlas.bmp
1 -9.450000 18.500000 57.222599 0.380895 0.707330 -0.595485 0.197300 0.692996
1 -9.900000 18.582842 57.222599 -0.000001 0.857908 -0.513804 0.195600 0.692996
1 -9.900000 18.700001 57.759998 -0.000000 1.000000 -0.000002 0.195600 0.695400
horse_atlas.bmp
1 -9.450000 18.500000 57.222599 0.380895 0.707330 -0.595485 0.197300 0.692996
1 -9.900000 18.700001 57.759998 -0.000000 1.000000 -0.000002 0.195600 0.695400
1 -9.263604 18.582842 57.759998 0.515202 0.857069 -0.000002 0.198004 0.695400
horse_atlas.bmp
1 -9.900000 18.582842 57.222599 -0.000001 0.857908 -0.513804 0.195600 0.692996
1 -10.350000 18.500000 57.222599 -0.380895 0.707330 -0.595485 0.193900 0.692996
1 -10.536396 18.582842 57.759998 -0.515203 0.857068 -0.000001 0.193196 0.695400
horse_atlas.bmp
1 -9.900000 18.582842 57.222599 -0.000001 0.857908 -0.513804 0.195600 0.692996
1 -10.536396 18.582842 57.759998 -0.515203 0.857068 -0.000001 0.193196 0.695400
1 -9.900000 18.700001 57.759998 -0.000000 1.000000 -0.000002 0.195600 0.695400
horse_atlas.bmp
1 -10.350000 18.500000 57.222599 -0.380895 0.707330 -0.595485 0.193900 0.692996
1 -10.536396 18.299999 57.222599 -0.740945 -0.000001 -0.671566 0.193196 0.692996
1 -10.800000 18.299999 57.759998 -1.000000 0.000000 -0.000001 0.192200 0.695400
horse_atlas.bmp
1 -10.350000 18.500000 57.222599 -0.380895 0.707330 -0.595485 0.193900 0.692996
1 -10.800000 18.299999 57.759998 -1.000000 0.000000 -0.000001 0.192200 0.695400
1 -10.536396 18.582842 57.759998 -0.515203 0.857068 -0.000001 0.193196 0.695400
horse_atlas.bmp
1 -10.536396 18.299999 57.222599 -0.740945 -0.000001 -0.671566 0.193196 0.692996
1 -10.350000 18.100000 57.222599 -0.380893 -0.707332 -0.595484 0.193900 0.692996
1 -10.536396 18.017157 57.759998 -0.515203 -0.857068 -0.000002 0.193196 0.695400
horse_atlas.bmp
1 -10.536396 18.299999 57.222599 -0.740945 -0.000001 -0.671566 0.193196 0.692996
1 -10.536396 18.017157 57.759998 -0.515203 -0.857068 -0.000002 0.193196 0.695400
1 -10.800000 18.299999 57.759998 -1.000000 0.000000 -0.000001 0.192200 0.695400
horse_atlas.bmp
1 -10.350000 18.100000 57.222599 -0.380893 -0.707332 -0.595484 0.193900 0.692996
1 -9.900000 18.017157 57.222599 -0.000000 -0.857909 -0.513802 0.195600 0.692996
1 -9.900000 17.900000 57.759998 -0.000000 -1.000000 -0.000001 0.195600 0.695400
horse_atlas.bmp
1 -10.350000 18.100000 57.222599 -0.380893 -0.707332 -0.595484 0.193900 0.692996
1 -9.900000 17.900000 57.759998 -0.000000 -1.000000 -0.000001 0.195600 0.695400
1 -10.536396 18.017157 57.759998 -0.515203 -0.857068 -0.000002 0.193196 0.695400
horse_atlas.bmp
1 -9.900000 18.017157 57.222599 -0.000000 -0.857909 -0.513802 0.195600 0.692996
1 -9.450000 18.100000 57.222599 0.380893 -0.707332 -0.595484 0.197300 0.692996
1 -9.263604 18.017157 57.759998 0.515201 -0.857069 -0.000000 0.198004 0.695400
horse_atlas.bmp
1 -9.900000 18.017157 57.222599 -0.000000 -0.857909 -0.513802 0.195600 0.692996
1 -9.263604 18.017157 57.759998 0.515201 -0.857069 -0.000000 0.198004 0.695400
1 -9.900000 17.900000 57.759998 -0.000000 -1.000000 -0.000001 0.195600 0.695400
horse_atlas.bmp
1 -9.450000 18.100000 57.222599 0.380893 -0.707332 -0.595484 0.197300 0.692996
1 -9.263604 18.299999 57.222599 0.740945 -0.000001 -0.671566 0.198004 0.692996
1 -9.000000 18.299999 57.759998 1.000000 0.000000 -0.000001 0.199000 0.695400
horse_atlas.bmp
1 -9.450000 18.100000 57.222599 0.380893 -0.707332 -0.595484 0.197300 0.692996
1 -9.000000 18.299999 57.759998 1.000000 0.000000 -0.000001 0.199000 0.695400
1 -9.263604 18.017157 57.759998 0.515201 -0.857069 -0.000000 0.198004 0.695400
horse_atlas.bmp
1 -9.000000 18.299999 57.759998 1.000000 0.000000 -0.000001 0.199000 0.695400
1 -9.263604 18.582842 57.759998 0.515202 0.857069 -0.000002 0.198004 0.695400
1 -9.450000 18.500000 58.297401 0.380890 0.707333 0.595486 0.197300 0.697804
horse_atlas.bmp
1 -9.000000 18.299999 57.759998 1.000000 0.000000 -0.000001 0.199000 0.695400
1 -9.450000 18.500000 58.297401 0.380890 0.707333 0.595486 0.197300 0.697804
1 -9.263604 18.299999 58.297401 0.740945 -0.000000 0.671566 0.198004 0.697804
horse_atlas.bmp
1 -9.263604 18.582842 57.759998 0.515202 0.857069 -0.000002 0.198004 0.695400
1 -9.900000 18.700001 57.759998 -0.000000 1.000000 -0.000002 0.195600 0.695400
1 -9.900000 18.582842 58.297401 0.000003 0.857908 0.513803 0.195600 0.697804
horse_atlas.bmp
1 -9.263604 18.582842 57.759998 0.515202 0.857069 -0.000002 0.198004 0.695400
1 -9.900000 18.582842 58.297401 0.000003 0.857908 0.513803 0.195600 0.697804
1 -9.450000 18.500000 58.297401 0.380890 0.707333 0.595486 0.197300 0.697804
horse_atlas.bmp
1 -9.900000 18.700001 57.759998 -0.000000 1.000000 -0.000002 0.195600 0.695400
1 -10.536396 18.582842 57.759998 -0.515203 0.857068 -0.000001 0.193196 0.695400
1 -10.350000 18.500000 58.297401 -0.380887 0.707333 0.595487 0.193900 0.697804
horse_atlas.bmp
1 -9.900000 18.700001 57.759998 -0.000000 1.000000 -0.000002 0.195600 0.695400
1 -10.350000 18.500000 58.297401 -0.380887 0.707333 0.595487 0.193900 0.697804
1 -9.900000 18.582842 58.297401 0.000003 0.857908 0.513803 0.195600 0.697804
horse_atlas.bmp
1 -10.536396 18.582842 57.759998 -0.515203 0.857068 -0.000001 0.193196 0.695400
1 -10.800000 18.299999 57.759998 -1.000000 0.000000 -0.000001 0.192200 0.695400
1 -10.536396 18.299999 58.297401 -0.740944 -0.000001 0.671567 0.193196 0.697804
horse_atlas.bmp
1 -10.536396 18.582842 57.759998 -0.515203 0.857068 -0.000001 0.193196 0.695400
1 -10.536396 18.299999 58.297401 -0.740944 -0.000001 0.671567 0.193196 0.697804
1 -10.350000 18.500000 58.297401 -0.380887 0.707333 0.595487 0.193900 0.697804
horse_atlas.bmp
1 -10.800000 18.299999 57.759998 -1.000000 0.000000 -0.000001 0.192200 0.695400
1 -10.536396 18.017157 57.759998 -0.515203 -0.857068 -0.000002 0.193196 0.695400
1 -10.350000 18.100000 58.297401 -0.380891 -0.707334 0.595484 0.193900 0.697804
horse_atlas.bmp
1 -10.800000 18.299999 57.759998 -1.000000 0.000000 -0.000001 0.192200 0.695400
1 -10.350000 18.100000 58.297401 -0.380891 -0.707334 0.595484 0.193900 0.697804
1 -10.536396 18.299999 58.297401 -0.740944 -0.000001 0.671567 0.193196 0.697804
horse_atlas.bmp
1 -10.536396 18.017157 57.759998 -0.515203 -0.857068 -0.000002 0.193196 0.695400
1 -9.900000 17.900000 57.759998 -0.000000 -1.000000 -0.000001 0.195600 0.695400
1 -9.900000 18.017157 58.297401 0.000000 -0.857909 0.513802 0.195600 0.697804
horse_atlas.bmp
1 -10.536396 18.017157 57.759998 -0.515203 -0.857068 -0.000002 0.193196 0.695400
1 -9.900000 18.017157 58.297401 0.000000 -0.857909 0.513802 0.195600 0.697804
1 -10.350000 18.100000 58.297401 -0.380891 -0.707334 0.595484 0.193900 0.697804
horse_atlas.bmp
1 -9.900000 17.900000 57.759998 -0.000000 -1.000000 -0.000001 0.195600 0.695400
1 -9.263604 18.017157 57.759998 0.515201 -0.857069 -0.000000 0.198004 0.695400
1 -9.450000 18.100000 58.297401 0.380891 -0.707333 0.595485 0.197300 0.697804
horse_atlas.bmp
1 -9.900000 17.900000 57.759998 -0.000000 -1.000000 -0.000001 0.195600 0.695400
1 -9.450000 18.100000 58.297401 0.380891 -0.707333 0.595485 0.197300 0.697804
1 -9.900000 18.017157 58.297401 0.000000 -0.857909 0.513802 0.195600 0.697804
horse_atlas.bmp
1 -9.263604 18.017157 57.759998 0.515201 -0.857069 -0.000000 0.198004 0.695400
1 -9.000000 18.299999 57.759998 1.000000 0.000000 -0.000001 0.199000 0.695400
1 -9.263604 18.299999 58.297401 0.740945 -0.000000 0.671566 0.198004 0.697804
horse_atlas.bmp
1 -9.263604 18.017157 57.759998 0.515201 -0.857069 -0.000000 0.198004 0.695400
1 -9.263604 18.299999 58.297401 0.740945 -0.000000 0.671566 0.198004 0.697804
1 -9.450000 18.100000 58.297401 0.380891 -0.707333 0.595485 0.197300 0.697804
horse_atlas.bmp
1 -9.263604 18.299999 58.297401 0.740945 -0.000000 0.671566 0.198004 0.699220
1 -9.450000 18.500000 58.297401 0.380890 0.707333 0.595486 0.197300 0.699900
1 -9.900000 18.299999 58.520000 0.218714 0.463557 0.858649 0.195600 0.699220
horse_atlas.bmp
1 -9.450000 18.500000 58.297401 0.380890 0.707333 0.595486 0.197300 0.697804
1 -9.900000 18.582842 58.297401 0.000003 0.857908 0.513803 0.195600 0.697804
1 -9.900000 18.299999 58.520000 0.000005 0.618452 0.785822 0.195600 0.698800
horse_atlas.bmp
1 -9.900000 18.582842 58.297401 0.000003 0.857908 0.513803 0.195600 0.697804
1 -10.350000 18.500000 58.297401 -0.380887 0.707333 0.595487 0.193900 0.697804
1 -9.900000 18.299999 58.520000 -0.218707 0.463561 0.858649 0.195600 0.698800
horse_atlas.bmp
1 -10.350000 18.500000 58.297401 -0.380887 0.707333 0.595487 0.193900 0.699900
1 -10.536396 18.299999 58.297401 -0.740944 -0.000001 0.671567 0.193196 0.699220
1 -9.900000 18.299999 58.520000 -0.330163 -0.000004 0.943924 0.195600 0.699220
horse_atlas.bmp
1 -10.536396 18.299999 58.297401 -0.740944 -0.000001 0.671567 0.193196 0.699220
1 -10.350000 18.100000 58.297401 -0.380891 -0.707334 0.595484 0.193900 0.698540
1 -9.900000 18.299999 58.520000 -0.218716 -0.463560 0.858647 0.195600 0.699220
horse_atlas.bmp
1 -10.350000 18.100000 58.297401 -0.380891 -0.707334 0.595484 0.193900 0.697804
1 -9.900000 18.017157 58.297401 0.000000 -0.857909 0.513802 0.195600 0.697804
1 -9.900000 18.299999 58.520000 0.000000 -0.618449 0.785825 0.195600 0.698800
horse_atlas.bmp
1 -9.900000 18.017157 58.297401 0.000000 -0.857909 0.513802 0.195600 0.697804
1 -9.450000 18.100000 58.297401 0.380891 -0.707333 0.595485 0.197300 0.697804
1 -9.900000 18.299999 58.520000 0.218716 -0.463559 0.858648 0.195600 0.698800
horse_atlas.bmp
1 -9.450000 18.100000 58.297401 0.380891 -0.707333 0.595485 0.197300 0.698540
1 -9.263604 18.299999 58.297401 0.740945 -0.000000 0.671566 0.198004 0.699220
1 -9.900000 18.299999 58.520000 0.330165 -0.000002 0.943923 0.195600 0.699220
end
